-5.060739086910299722e-01,6.171713897372471669e-01,4.504503488148617861e-03,-7.218464517915081438e-03,-6.024253296885073716e-01
1.866020580490640457e-01,-6.298919425134231753e-01,6.630771601194395126e-01,2.443108977956982841e-01,2.627863726198889083e-01
-4.451576736226633968e-01,4.064657022339522863e-01,6.785677454321527025e-01,1.412394021456168658e-01,-3.952436269732785834e-01
2.736033058427246312e-01,-1.238484215107099606e-01,7.420628613470278134e-01,3.735447477796623866e-02,5.981221886410519328e-01
-3.552258096620156125e-01,8.761756374944135173e-01,-2.405457060995795995e-02,-1.681384809840442141e-01,-2.779958727326218293e-01
4.845386336334958077e-01,-2.504130796163147044e-01,3.058220678623178590e-01,-7.005270353160893138e-02,7.772265330069390021e-01
-3.352955734308684654e-01,-1.754841504412893438e-01,7.758997747286467961e-01,3.180650445543966032e-01,-3.919137129397348152e-01
3.467189084526978160e-01,4.831624211912500244e-01,-3.236090925419336517e-01,-3.672919945205362358e-01,6.377411851647122321e-01
5.168595774220418049e-01,-2.147427369872803860e-01,-5.007341581863057334e-01,-2.143964172945593827e-01,6.245327959483225611e-01
5.215745177195671989e-01,-2.357292669945467156e-01,-4.830656095181482534e-01,-2.062684835852136300e-01,6.296766350501905585e-01
-5.496081468069636822e-01,2.906296082691266491e-01,6.582418990485021382e-02,1.374128686040072267e-01,-7.682774208097858937e-01
-4.667318989302720600e-01,-1.494737310638476757e-01,4.356251516250835287e-01,3.145150540149010965e-01,-6.863890633688898291e-01
-4.606443602724057951e-01,1.866756803075416693e-01,6.745487130928013997e-01,2.261327535113142051e-01,-4.967967141449097790e-01
-4.990154719095866720e-01,1.080572914536606227e-01,5.375997388705701097e-01,2.505629713824643612e-01,-6.225045370893583785e-01
-4.259021546432820715e-01,6.545510154425453475e-01,5.377937202002990302e-01,2.342991810017543489e-02,-3.168584483713259292e-01
3.817825051513716872e-01,-7.258002940392053182e-01,-5.258897137199298744e-01,2.253705304636650225e-02,2.244730321809311757e-01
1.501990540410904074e-01,7.540347796837288952e-01,-2.982570874487904256e-01,-3.778550383611251062e-01,4.208801194688928105e-01
1.101533602853930482e-01,7.600320302722678445e-01,-3.969679125661793595e-01,-3.775189783249195408e-01,3.318334636160284457e-01
3.283875595306781636e-01,1.885001247027070781e-01,-7.786094387753509372e-01,-3.202176281427726035e-01,3.845222050923711166e-01
-3.270929932480586833e-01,5.692954181840350625e-01,-5.605274268491357015e-01,-1.482113628241652770e-01,-4.824471953306185834e-01
-1.277070902969918986e-01,8.873263489967686546e-01,-3.154657615563291606e-01,-3.108451838029687719e-01,1.412354261947590221e-02
-6.313971702002228736e-02,-8.618263013494856239e-02,-9.164525558359575275e-01,-7.631520833088334399e-02,-3.779902542087681949e-01
-4.240202447266510077e-01,1.655205710356981164e-01,-4.716930556944514130e-01,5.073495530636085854e-02,-7.534861632078322380e-01
5.367719559110634142e-01,-2.511335071800485652e-01,-4.004524320718064745e-01,-1.950819003894574688e-01,6.711100734656519906e-01
-3.452892448956261795e-01,2.003206594425591680e-01,8.572673184507448862e-01,1.992066030473621241e-01,-2.570144835967548280e-01
2.757403879916628386e-01,-4.014856878152023301e-01,-8.646351341250901879e-01,-9.865419411894379986e-02,7.382354454366410468e-02
2.647615881930609483e-01,3.960866908782568196e-01,5.029677522557902680e-01,-1.805916277909911660e-01,6.981595368460982165e-01
2.936927233635417966e-01,-9.208833046228221964e-01,-1.199792699423449932e-01,1.891384657969333860e-01,1.247001966732234624e-01
4.346884330091809745e-01,2.486866107596474515e-02,-6.677604558880698704e-01,-2.901531039154364167e-01,5.294663971818294179e-01
-5.514782257328888493e-01,2.829163251620102071e-01,1.018652099230443475e-01,1.462405504165843473e-01,-7.642429586986831946e-01
4.383049112785997736e-01,-6.429701199435845504e-01,2.731348874561380091e-01,8.568947322374081965e-02,5.590463997216612579e-01
2.821516160347160018e-01,-1.239407378177381919e-01,7.303801492042063526e-01,3.206908640198248561e-02,6.087245439638326872e-01
2.620592495854764392e-01,-4.606577841827610431e-01,-8.444190958619990361e-01,-6.866827279592163658e-02,3.688379635225694231e-02
5.388270609792827903e-01,-4.029961429397349582e-01,-3.562416766585581596e-01,-1.349464177097014494e-01,6.341457555569878224e-01
-5.288472686359217967e-01,1.913620591278328842e-01,-8.666084042572537449e-02,1.420093105106071674e-01,-8.099533216474205100e-01
4.265006957136108778e-01,-2.188756068375574404e-01,-7.460118355572967763e-01,-2.105889387828450976e-01,4.114720711762159255e-01
-4.224481360706748567e-02,-3.727056592759322995e-01,-8.265369678187798330e-01,3.090541364726384979e-02,-4.185538955776493264e-01
-5.506180631503279077e-01,3.705276563616796137e-01,1.076326623319981968e-01,1.152540845694108862e-01,-7.312049715319881571e-01
4.216462900670638059e-02,-7.965228308931718848e-01,-4.630746934318982766e-01,2.005842644903514937e-01,-3.303048668555655376e-01
4.847558312518714385e-01,1.559679661421761176e-01,-8.809097960823897289e-02,-2.736689351721376950e-01,8.111911432197650429e-01
4.759946454965498508e-01,5.585361814694675409e-02,-5.118486038043539299e-01,-2.959439940505514399e-01,6.486429140655508574e-01
-5.287318337752096031e-01,3.747756256055884139e-02,1.084324492245814370e-01,2.257419813033140765e-01,-8.101364342440328103e-01
4.699499820151996077e-01,4.817719531201038186e-02,-5.437284546508777128e-01,-2.952927687929609024e-01,6.276842522776379107e-01
-4.304708471348437371e-01,2.596407375994369549e-01,-4.635562662343004625e-01,2.084541296296939239e-02,-7.293576584496441750e-01
2.554882971332768649e-01,-5.322228816412873931e-01,-8.063020267185266876e-01,-3.461868168905705978e-02,1.196339722197800257e-02
-3.586980697465540491e-01,7.401717243029726223e-02,8.350269881109463332e-01,2.469830015447122273e-01,-3.280037789718986407e-01
-4.052294820837193945e-01,1.175091585704642061e-01,7.744900634553186780e-01,2.421715997795620134e-01,-4.043497525304128870e-01
-2.390318459316438104e-01,8.632933401074693869e-01,4.184919397768518956e-01,-1.479174685680453571e-01,2.394377561766710891e-02
-2.472283911010104973e-01,4.830220493789246783e-01,8.382484565151891998e-01,5.346912583372567113e-02,-6.957023779593193499e-03
3.303883607238226050e-01,-1.135596617121805152e-01,6.552064574780971373e-01,-3.022918943345206944e-03,6.698082519423785852e-01
2.647073382788402984e-01,-6.825253135877791255e-01,-6.803374101423425024e-01,3.387856472294491217e-02,9.081441865620839757e-03
-2.865239556751563721e-01,-4.574684031174595655e-01,6.001437144771877286e-01,3.730512558926996070e-01,-4.574789234749793154e-01
5.105340601397573112e-03,5.475360483982747439e-01,7.327413744831517972e-01,-9.171589347729292019e-02,3.935180862501108101e-01
-4.306669950904070676e-01,-2.675069662710401475e-01,-1.047859874928240148e-01,2.626905139338633344e-01,-8.142355636120178763e-01
2.716230178041735832e-01,6.243874222362890691e-01,-2.129494065322091179e-01,-3.701174736128509113e-01,5.950015875072067750e-01
4.304077781480304954e-01,-7.562485301819258376e-01,-3.566977287086489645e-01,3.765926383082096596e-02,3.379139169805886467e-01
-3.763697431622801681e-01,2.222556610984097181e-01,8.207110876831149593e-01,1.991152946259590883e-01,-3.094101606956113359e-01
-4.179441588382349360e-01,-2.523065486306629301e-01,5.056187439935054817e-01,3.410679458936936026e-01,-6.242486905211495074e-01
3.564419116818907662e-01,-4.559060170464948603e-01,-7.822155407744419975e-01,-1.011542939417069270e-01,2.073777321832370457e-01
-4.114597088696445026e-01,-2.942962557573422511e-01,4.629730305353614850e-01,3.471767735966653223e-01,-6.396990563507418681e-01
9.078381739356704283e-02,3.382007734525477871e-01,-8.903842415033348390e-01,-2.899472479732296826e-01,2.291355954084188518e-02
-1.531886871098520619e-01,4.214120319833470907e-01,-8.091093285729464846e-01,-2.048920816239132858e-01,-3.198538021429191414e-01
-1.662801911066990046e-01,4.852726159886636137e-02,9.655641718642069549e-01,1.939319708310172641e-01,8.498448624348136152e-03
3.169326785514447464e-01,5.405591115461217955e-01,4.451682103925981571e-02,-3.215215529470898392e-01,7.085137033436433862e-01
3.516272615017682068e-01,-8.818506040614597641e-01,4.272749374022864061e-03,1.688056895625505427e-01,2.649229394924190739e-01
1.074012851973005500e-01,-4.844925566589948218e-01,8.023297392431768538e-01,2.458990954553204045e-01,2.225590952089568364e-01
3.155420348321461010e-01,4.740400542899649294e-01,-4.946284651677656519e-01,-3.758401217837994968e-01,5.383364519388179614e-01
4.333538073362314669e-01,2.558209516239111636e-01,-4.266323169820905870e-01,-3.372957810259210598e-01,6.715478691694553026e-01
-7.231809420434273661e-02,9.020322546078841652e-01,2.213376766233691451e-01,-2.610707220527395123e-01,2.529023841158860031e-01
-4.481280269069929378e-01,4.086751303380021794e-01,6.719498113923638716e-01,1.407334379994481521e-01,-4.010529388276372065e-01
-1.173959032708023348e-01,-5.836077233271786957e-01,-5.662383618643492822e-01,1.764412354332173527e-01,-5.420911686792898587e-01
-1.276938833000346996e-01,8.254369154617832161e-01,-4.528839064494901145e-01,-3.087066894072408307e-01,-4.409668870748302549e-02
5.322021268352168377e-01,-2.734732434822578218e-01,-4.319796200942115361e-01,-1.897357562537345943e-01,6.475856946485535337e-01
2.476111101670305792e-01,4.656976407605032953e-01,-6.640997815123520498e-01,-3.689159340823623401e-01,3.803773906100840763e-01
4.865334104817728086e-03,8.870918602117788820e-01,-1.462536289934724676e-01,-3.420336331754789128e-01,2.732530509492545612e-01
7.171915519147734064e-02,8.466751489165817990e-01,7.444755286102834081e-03,-3.332959761872544280e-01,4.084800152538920481e-01
-6.893034477663340098e-02,-5.844476509344139759e-01,-6.323042389289744714e-01,1.466137643774713117e-01,-4.820428449979707319e-01
-6.448520359177294103e-02,-8.500625731700567345e-01,-3.731541491660882864e-02,3.270910842171744770e-01,-4.060224903234602167e-01
1.846638838087123757e-01,-5.664512827186469757e-01,-7.953771808300674762e-01,9.189981986387716142e-03,-1.110084626007677433e-01
2.742379562568123541e-01,-4.010856472704480424e-01,-8.655511847799501890e-01,-9.829707295270087575e-02,7.129290902108306738e-02
1.532702686276634363e-01,1.321754417473749721e-01,8.320639628572313873e-01,9.388912302303495730e-03,5.163519026727700911e-01
-3.577737177141774860e-01,-1.768182348552996275e-01,-4.813818467457390837e-01,1.442866881385204969e-01,-7.669329488197201838e-01
2.379511363076420583e-01,2.516439470050407801e-01,-8.500312751738587913e-01,-3.151309181095188761e-01,2.412341525227751360e-01
1.217047030592855322e-01,-8.803543548054911794e-01,3.340037353017002442e-01,3.135861208666488320e-01,-1.641416560711617817e-02
1.123795084531322708e-01,7.426515171622453115e-01,-4.374668617146155736e-01,-3.781360520560544392e-01,3.185521011914283496e-01
1.653320763957100148e-01,6.903358240516421773e-01,-4.501814878484235449e-01,-3.835738858816197805e-01,3.825041916291598842e-01
3.706985668459337191e-01,-6.521022726323590923e-01,-6.288343926597357303e-01,-1.429517241671393948e-02,2.042257408357745774e-01
4.120502938399154269e-01,-7.736069931608382522e-01,-3.754416900785276234e-01,4.890902722976604722e-02,2.973183813448184720e-01
4.721695227560405717e-01,-1.285113572133842440e-02,-5.818099062500330376e-01,-2.798774119186005493e-01,6.000472126242053506e-01
4.023239210791356157e-01,-2.661861587736759072e-01,-7.820429699040812865e-01,-1.886500096700733375e-01,3.465549862286075311e-01
-2.296017334913345309e-01,-4.692458710475402861e-01,-4.974840056203883032e-01,1.928158027567813959e-01,-6.651489208002678843e-01
9.104771122222385382e-02,2.926312266866645806e-01,-9.107822441967975413e-01,-2.766733982001080006e-01,2.194044963565717696e-03
4.509122480104613695e-01,-1.811026193261152661e-01,-6.960771007564381385e-01,-2.271695588987861780e-01,4.772322780152394861e-01
-1.842491197402522651e-01,8.106696975405345285e-01,5.245340887354268400e-01,-1.366613941399899002e-01,1.226970108465975512e-01
3.737707375659408693e-01,-5.341835996914251483e-01,5.053729981496513091e-01,1.078216073478314718e-01,5.549017492225863935e-01
-5.296969298475507903e-01,8.871163082938689215e-02,3.457526965655822737e-01,2.424333213283074995e-01,-7.302277498103064701e-01
4.784634109623621123e-01,-3.463471202142081040e-01,-6.227386134166015275e-01,-1.687412883742924752e-01,4.846023458954145657e-01
-1.046156595242072745e-01,-3.335119211188237731e-01,8.885605754179758398e-01,2.938397447573412036e-01,-4.408707824026010524e-02
4.657453312209500762e-01,-1.730726273018120542e-01,-6.603172486960015020e-01,-2.310932378857301905e-01,5.135213711256503277e-01
1.946616628729592458e-01,4.141454627319021697e-01,-7.817003456012360241e-01,-3.452204868981719188e-01,2.456781590186850606e-01
4.174223084305433984e-01,2.959920484040734490e-01,-4.298611234361031652e-01,-3.454652943435609358e-01,6.588022986211000687e-01
-8.476493883709983190e-02,-6.029714424887136492e-02,9.689455316023817266e-01,1.990760822772164040e-01,1.034042058733894848e-01
-4.602811146274248810e-01,1.804773325341351708e-01,6.746637490616592681e-01,2.282222843738407614e-01,-4.983097857517457818e-01
-4.424454878015661174e-01,-1.774092188599769512e-02,6.518870749258917074e-01,2.885500808430607744e-01,-5.437916350999684179e-01
4.074072921918591716e-01,-1.762023439172306916e-01,5.127681908691086310e-01,-3.387748279430470577e-02,7.340934074484757321e-01
2.739705449041416885e-01,1.269720707346027322e-01,-8.733373639081375428e-01,-2.889764860777461197e-01,2.501852774933772117e-01
-1.544705067748463057e-01,-9.820284087393492400e-02,9.530457635903976099e-01,2.398123788934471423e-01,-2.624614281894651485e-02
3.921896200069884819e-01,-8.396119234117304098e-01,-2.244488029314335997e-01,1.030726194427391829e-01,2.832629344045689002e-01
-4.581457090582196634e-01,-2.477623910575073307e-01,1.840366467929241412e-01,3.094188564314953038e-01,-7.740198904232695742e-01
-4.330820831484149536e-01,2.961813684286943027e-01,7.287410566097363152e-01,1.830802741918489962e-01,-4.001682044649450543e-01
7.958169248538182750e-02,-6.953620559897187858e-01,6.406086578888627869e-01,3.097501248215706604e-01,6.175575213504053140e-02
-4.243400708740557858e-01,1.741955031591812253e-01,7.481807239438081902e-01,2.260402709417379807e-01,-4.227562313688892348e-01
5.476887842165777398e-01,-2.471056874510750845e-01,-2.998014070078558468e-01,-1.864299040421769638e-01,7.171741644172865415e-01
5.378550838914030602e-02,-6.628148896604361129e-01,6.763124953503063530e-01,3.141760154003200856e-01,4.096804989214459375e-02
-8.087311953727999159e-02,9.297594348117658170e-01,-6.257464537191766152e-02,-3.089092178099302477e-01,1.722394868299679804e-01
-4.652901710389291678e-01,7.660706123588599537e-02,6.353085380227619927e-01,2.618919754653979970e-01,-5.526590898606278390e-01
4.837915782246220431e-01,-1.880582552605023772e-01,-6.138363270498516933e-01,-2.265412048036837267e-01,5.499671331882914904e-01
5.470519633868061726e-01,-3.905503275155974285e-01,-2.825110498667397496e-01,-1.321150660125354204e-01,6.715189551068501128e-01
-1.533184791179390861e-02,2.377357070044959775e-01,9.205044788848958381e-01,5.562551613362962111e-02,3.046702715435091191e-01
6.657336795711121802e-02,1.421395122186495663e-01,-9.576180011476435050e-01,-2.191298719572430664e-01,-1.015588934514632807e-01
-3.103992983012080487e-01,2.219896119943985113e-01,-6.923717981677767197e-01,-4.979603779950407538e-02,-6.103396886178089620e-01
1.165522877498320897e-01,-7.648235721668228404e-02,8.977964443792183502e-01,1.094471681217605158e-01,4.031735049640788326e-01
4.941820052818484688e-01,4.876898667400244441e-02,-4.270703008858464655e-01,-2.886920489644497212e-01,6.983363019064542376e-01
1.742384761705158547e-01,-8.158048708929643844e-01,4.552029469545256224e-01,2.859241714076761198e-01,1.230488168892305695e-01
1.132805018641047656e-01,4.694923665548180608e-02,-9.687923880408945143e-01,-2.063057013421069619e-01,-6.198841458406774418e-02
4.528241689043382423e-01,-7.664953903199438479e-01,-1.360968825063915422e-01,6.411105797998715994e-02,4.298866123655171734e-01
-2.610226147720718370e-01,1.097752557265384843e-01,-7.575251658993098491e-01,-3.987438447704463873e-02,-5.868409020335269011e-01
-5.465422345825853290e-01,2.995821519960740753e-01,3.248102324477218361e-01,1.707534584989867932e-01,-6.905676573158977538e-01
5.418986153652143728e-02,-9.086222770978709118e-01,-1.482984396936174176e-01,2.817703176572702306e-01,-2.647301972573061213e-01
1.586381445837629356e-01,-7.343841328663526236e-01,5.757975273567220720e-01,2.808966783322285887e-01,1.583292394630940181e-01
7.250941977880812073e-02,-7.239339140793016325e-01,-6.034545385532172901e-01,1.411782544200823886e-01,-2.942335678803236765e-01
4.813917246185948073e-01,-3.499092155823544381e-01,-6.142550497825809419e-01,-1.674590846505648878e-01,4.903812161001586123e-01
2.604658773983850040e-01,-8.754934451578529064e-02,-9.268156351272053284e-01,-2.140411738842535327e-01,1.403274504576767501e-01
-2.716897167167927063e-01,4.500506976129794445e-01,-6.934528603986855888e-01,-1.482155230381462241e-01,-4.698875999043061191e-01
-6.921858295414226592e-02,8.246572684736830361e-01,-4.493693128816771409e-01,-3.326150135285508291e-01,5.082962465920652650e-02
-2.254778102457581923e-01,-5.542689578620472179e-01,5.834168287906116301e-01,3.795849653260677248e-01,-3.968447270905990365e-01
-2.799405755687220942e-01,9.276845033316201139e-01,2.551855334017984894e-02,-2.111960680419359970e-01,-1.256175175191272253e-01
2.813818416734344408e-01,2.396174355861932226e-01,-8.111236320247675602e-01,-3.234717860400310729e-01,3.175723554508241286e-01
2.628473677275561804e-01,6.326535028632880309e-01,-2.450140792614537710e-01,-3.740654218656403462e-01,5.750686634843261702e-01
3.985515876951372660e-01,1.146810416197248661e-01,-6.977964783818233485e-01,-3.115339807771502212e-01,4.939954900783689595e-01
-4.643016839753935643e-01,1.552789989516354385e-01,6.608360608047678664e-01,2.369498815453472129e-01,-5.171680898101456147e-01
-3.376632482632644927e-01,-4.192276160459905143e-01,5.233278471214307670e-01,3.696931910038157576e-01,-5.474364307107825178e-01
4.380689367647353505e-01,3.040035770909258472e-01,-1.461981006705655728e-01,-3.156068731397431715e-01,7.711652538496591713e-01
-7.909829693702449815e-02,4.378780887306996518e-04,9.721002556006798079e-01,1.753300924588379883e-01,1.342524466216916956e-01
1.864726618188463914e-01,-3.994473941165834208e-01,-8.918951798353341731e-01,-6.566055094159792271e-02,-7.669032510172202333e-02
4.662133720562552930e-01,-1.976429347943787773e-01,-6.622926594831020086e-01,-2.227551212397795855e-01,5.053028311795330074e-01
2.222165218269642195e-01,-7.933240583073536412e-01,-5.523694122893439973e-01,1.103247133689001097e-01,-6.303368881060107676e-02
-2.770752101165467329e-01,-4.800568364543658650e-01,-3.650817036080799549e-01,2.361037962805216661e-01,-7.097500326064420939e-01
5.315403494184602756e-02,-9.180532775518379651e-01,9.784261580710769401e-02,3.215688526222338917e-01,-2.034038438697061690e-01
3.010781795819422735e-01,-5.312034351352190598e-01,-7.849729818840529560e-01,-5.112630923715510284e-02,9.153337367327764318e-02
-4.271305466065470902e-01,6.338737908255635822e-02,-4.359921824932317391e-01,9.394819293029667284e-02,-7.839809246267134268e-01
3.227313655110207180e-01,3.814511258660565063e-01,-6.189500013117277266e-01,-3.637931198650437570e-01,4.846596394439917077e-01
3.442358915632703353e-01,-8.581584240567928790e-01,-3.179747158657747486e-01,1.163220926244227932e-01,1.744334286126280886e-01
1.863575746564188340e-01,-4.760435812007913214e-01,-8.537901749483208791e-01,-3.253296540354647798e-02,-9.293711039983004740e-02
-4.275261940002737515e-01,1.961682828773226583e-01,7.437421683111058446e-01,2.188458730604211366e-01,-4.215369843286824181e-01
-3.242823195919682933e-01,-5.411642109277278179e-01,4.141922818765193803e-02,3.374032662716344722e-01,-6.974422968651918797e-01
-2.695830297046702961e-01,-2.052023073426665345e-01,8.433750664431403088e-01,3.108407836789576772e-01,-2.780530662668135866e-01
4.115224999627110081e-01,-6.441114541760751822e-01,-5.769139153596636316e-01,-2.682232793788011035e-02,2.867412834106699004e-01
-1.019715210829717361e-01,8.446651575957985214e-01,4.234191706478231398e-01,-1.984059947268362323e-01,2.397787472151237387e-01
5.254801700618073612e-01,-2.652402495116359948e-01,1.294468675811739911e-01,-1.078000072393859310e-01,7.906585026567598540e-01
1.045730805215752818e-01,-7.636658775823881307e-01,5.533048567208446178e-01,3.109649896866658603e-01,5.507639208269385356e-02
1.259335367178525678e-01,2.342442144670371929e-01,8.212770222264925701e-01,-1.729810557400032409e-02,5.044553703002774281e-01
5.534280184508314632e-02,1.388439251080073877e-01,-9.579026194072164380e-01,-2.132436620465006927e-01,-1.208687348917371618e-01
4.721168938622219979e-01,-2.294974270823407492e-01,-6.497741129142752259e-01,-2.119786840889455182e-01,5.072427517184042722e-01
2.300347134718835063e-01,5.733629079129843875e-01,3.440690443467460113e-01,-2.528145931928437173e-01,6.603334616832081672e-01
-4.618194790673862959e-01,1.781052344716412827e-01,6.706802091378455399e-01,2.291418945868485268e-01,-5.026761814764002523e-01
2.011893912012390484e-01,-3.204305911967971765e-01,8.057416024497413565e-01,1.478547583666679488e-01,4.310063869635844536e-01
-7.522026925845540224e-02,-8.436134001284748551e-01,1.246509247870857956e-01,3.529812513621785053e-01,-3.775244698729795512e-01
-4.569225796082091451e-01,-1.639746869708080465e-02,6.118731248802112832e-01,2.883351186992261228e-01,-5.774313964780029007e-01
4.009879579852851372e-01,-5.388031218159338165e-01,-6.827844739457082923e-01,-7.566725012094714653e-02,2.774521271679343815e-01
4.798922005825703163e-01,-2.546574880128233409e-01,-6.298891404855699871e-01,-2.033206795435272274e-01,5.164817630733200549e-01
1.533239690837883973e-01,5.038993676046494841e-01,-7.405758268600065586e-01,-3.539831538313770176e-01,2.209537492468437447e-01
-4.444275455412452502e-01,1.493724163346814848e-01,7.058368566438946168e-01,2.372526458498279978e-01,-4.750553145085795181e-01
-3.841454128103398147e-01,-2.858035329660092994e-01,5.769119843952347226e-01,3.492403635202878109e-01,-5.620964090885927078e-01
-7.577323084186775304e-02,1.864510718609753981e-01,-9.155965169495390299e-01,-1.687709411490760369e-01,-3.044565697488003653e-01
-4.270785891468958928e-01,7.094850109099670732e-01,-2.208939076437658466e-01,-1.066859237125591109e-01,-5.040425510151359534e-01
-3.842856297431042623e-01,4.143924462872772968e-02,7.922693017666041504e-01,2.632435112897129059e-01,-3.919433007715104611e-01
-9.148925996845765074e-02,9.267541033570732001e-01,-1.273853175113094094e-01,-3.128173608822943375e-01,1.366558701060101855e-01
1.138775431502739577e-01,4.359217524047597214e-01,-8.239354409446074667e-01,-3.250882277520161234e-01,1.115892659662627573e-01
-4.622615651479061727e-01,-1.920614348703513496e-01,-5.235815894208638993e-02,2.566029233947937915e-01,-8.251304221273088046e-01
2.550554726173023812e-01,-8.501981546652738475e-02,-9.300380807656600801e-01,-2.131350869716762686e-01,1.316090418371995141e-01
-4.513411767708569444e-01,-1.369398079325682416e-01,5.258958434791624059e-01,3.167050181824608845e-01,-6.329850902066153084e-01
-2.504692517811146768e-01,1.331395372094700165e-02,9.266863530483866462e-01,2.364613475409763910e-01,-1.497542211141696666e-01
4.405837384175472216e-01,-2.017921208866459981e-01,-7.192210919509426370e-01,-2.187582243645699309e-01,4.472491135327623657e-01
-3.491118367284711810e-01,8.846449335996463270e-02,8.488029931327399913e-01,2.397579978761185393e-01,-3.038824446623644704e-01
5.114494306514899558e-01,-2.655322680453537920e-01,-5.288400399191419687e-01,-1.979773882990882861e-01,5.908005250620121940e-01
-4.449075701532287375e-01,-6.976913702282988572e-02,6.109723043704450296e-01,3.022965914222868200e-01,-5.766447222043870058e-01
-3.247781952503561720e-01,4.452686507010663042e-01,8.149269233370383114e-01,9.637970309724393225e-02,-1.511952877707812837e-01
1.026269780864897674e-01,-1.099660662185695248e-01,-9.687699156254915289e-01,-1.454451274884966394e-01,-1.330628915892083652e-01
3.978695884699623431e-01,1.047807153566186582e-02,4.812715750082902089e-01,-1.014988403489616581e-01,7.743808217437283536e-01
2.030096637248055003e-01,5.741195681860051803e-01,-5.939416269834751905e-01,-3.787612899301133207e-01,3.646190160248851675e-01
3.771163574528588747e-01,1.798215357315412211e-01,-6.979398274442391026e-01,-3.258954605232871615e-01,4.817879349942857936e-01
4.590152945198197609e-01,-1.405458823705122429e-01,-6.709093788882792841e-01,-2.414804213128577681e-01,5.109986553679816135e-01
-3.988581041643295411e-01,1.087688689732021763e-01,7.834641660526293627e-01,2.439307991281322308e-01,-3.946684832019096145e-01
4.509103520333849757e-01,-2.233816036158139950e-01,-6.987467897160456465e-01,-2.123742393543240348e-01,4.619855191619633428e-01
-4.186202783557291807e-01,-3.529840173218192212e-01,1.814180882147396756e-01,3.301300784486513873e-01,-7.471686253026942337e-01
-5.222524253174772868e-01,2.410039526235117635e-01,4.806476918156260547e-01,2.043070458639896503e-01,-6.296077560136130735e-01
4.312292318386826695e-01,-6.561401019594265138e-01,-5.244865962972046214e-01,-2.316468243849735889e-02,3.284794118367082016e-01
2.678822204089016945e-01,-1.175686828724445965e-01,7.492027157598035725e-01,3.855935974041003328e-02,5.929799214737205837e-01
3.591924325944299001e-01,-8.796239398059587655e-01,-4.155628448395336932e-02,1.581122192151470096e-01,2.655487191494038668e-01
-5.754295516766523566e-02,8.589401678768135984e-01,3.425629770888312109e-01,-2.341183214890233677e-01,2.945332147475441809e-01
-2.345797644911110091e-01,-5.315011873171850976e-01,-4.020220353778867772e-01,2.312298550684509790e-01,-6.688720798234606413e-01
-1.265944012162434629e-01,-6.686619924602991150e-01,5.619955957874224195e-01,3.757672375063863535e-01,-2.825330616973571463e-01
-4.506025767646299474e-01,1.736226568987370433e-01,6.958974048187995809e-01,2.296989440120028314e-01,-4.793513199217560583e-01
-1.243733357772013881e-01,-6.849128714940700968e-01,5.370820937646242355e-01,3.770244271974558248e-01,-2.912405151472519105e-01
-5.238792502865924350e-01,4.064625304984786913e-01,4.456710297445780067e-01,1.404571686638068917e-01,-5.847972806343113561e-01
-9.203726117271063267e-02,4.172010131820255013e-02,-9.130252683115677170e-01,-1.095438483237880928e-01,-3.797019626244114154e-01
4.420196269172411152e-01,1.338895610621599064e-01,2.534726905923430085e-01,-1.977662192410110653e-01,8.266391912494349681e-01
4.064925908884819417e-01,-1.983276450205224695e-01,-7.791500882324884358e-01,-2.143599080601763518e-01,3.773657226049035862e-01
5.710422792222339533e-02,-2.462394874066450856e-01,-9.335309032836387466e-01,-7.212127454680963834e-02,-2.437699660895428777e-01
-2.963380331217970176e-01,3.742762225368214679e-01,-6.887982060497056525e-01,-1.099081747493306505e-01,-5.343952692858069398e-01
-4.382527700251576119e-01,2.796660577003216852e-02,6.846735364446316918e-01,2.751546333760890861e-01,-5.125080045726617683e-01
1.607454719866120985e-01,2.558842769543816509e-01,-9.015401502408996182e-01,-2.915675731124798831e-01,1.043927097849723373e-01
-1.148909934778150621e-01,-6.434322826482645752e-01,-4.899037227650495097e-01,2.080257357853788902e-01,-5.380656028177438488e-01
-3.556375977915404163e-01,-1.261960373777841482e-01,7.715611367182155789e-01,3.083220680704895078e-01,-4.089344370850159782e-01
-1.085977970804603565e-01,1.905478920589340763e-01,9.571958366695146880e-01,1.173345024191548985e-01,1.480093379005699705e-01
3.203683924326317101e-01,-6.137150993279065769e-01,-7.123196074236809450e-01,-1.902234448528774755e-02,1.138279283705242867e-01
5.099608472536457660e-01,6.412591755302997354e-02,-1.967130257208317412e-01,-2.672061332188113703e-01,7.910326597861380149e-01
5.505425299092917557e-01,-3.418202156163012706e-01,-2.636471771494189320e-01,-1.483342769487275281e-01,6.989627824286088753e-01
2.454258888990035470e-01,-8.235338335640132734e-02,7.745986988483770652e-01,3.910960397425321949e-02,5.757181149896761774e-01
-3.280342940048165956e-01,-3.742578414679567089e-01,-3.650508794884749775e-01,2.196369819834909920e-01,-7.555276444885270504e-01
-6.486621896599106818e-02,8.861827749739467075e-01,-2.907495572365087488e-01,-3.333683327534922580e-01,1.216663990609666707e-01
-1.950081728609305565e-01,9.294737097512345558e-02,9.576119099702489201e-01,1.889517457562635006e-01,-2.468332240697247021e-02
-1.214235552463321793e-01,9.367898556100733298e-01,1.050951177242687856e-01,-2.697991983713197151e-01,1.544166294351556057e-01
-1.178496362480011828e-01,-7.740746053774215651e-01,-1.965349040958671301e-01,2.990725408203562807e-01,-5.087726558545453415e-01
-5.327320940868778276e-01,9.435795792588165531e-02,3.379036391975057813e-02,1.960939478957645643e-01,-8.171281824846647890e-01
-3.134816627650598153e-02,5.632178186294356514e-01,7.464488219882798870e-01,-7.994548860233280374e-02,3.438398700759472404e-01
5.466010793410007729e-01,-2.170512737802547387e-01,-6.067383238768443710e-02,-1.618158542025523450e-01,7.900951335160287803e-01
2.612923713035150142e-01,-3.155545358181782167e-01,-9.003566897291193083e-01,-1.286341713418563126e-01,7.044652472887794059e-02
-5.460908911860503645e-01,1.758165165257125351e-01,2.530388430769566210e-01,2.045243417171407063e-01,-7.516744166325169951e-01
-2.029312791988832909e-01,9.076507080763357438e-01,3.036465900021201314e-01,-1.958835309390618840e-01,6.646411616926317656e-02
3.354627929813318032e-01,-7.500762136265129998e-01,-5.518623378696778659e-01,4.702699390893448628e-02,1.344872118893847557e-01
2.198469073559687070e-01,-2.468978139398756710e-01,-9.330651468251373037e-01,-1.405649277831776955e-01,1.843202797365731116e-02
4.478731983445043974e-01,-5.476769835150585575e-01,3.299362760700086383e-01,5.572410047587950804e-02,6.224920869310059945e-01
5.070911974879305228e-01,-6.151956877111316446e-01,-8.905696133626867655e-03,5.435904676119923153e-03,6.035593779974028905e-01
-2.783342211047773462e-01,-3.266731225289745133e-01,7.540576103358788140e-01,3.451105656252971277e-01,-3.579253416112052055e-01
-2.122724208678158642e-01,4.935372616131011858e-01,8.409678581603379222e-01,3.532336426143355829e-02,5.372813245243260316e-02
-4.564143730927295861e-01,1.813651907890238002e-01,6.837811044153024875e-01,2.276024710547910612e-01,-4.893190206999661340e-01
-2.092723163099030337e-01,8.755006858925147573e-02,9.526087637423052978e-01,1.961846672464106212e-01,-5.087438152034067657e-02
9.975059312271194675e-03,-2.526525191173908252e-02,-9.582548509228404621e-01,-1.351896450102058889e-01,-2.504666959945221483e-01
4.761925743975436442e-01,1.176174202770477045e-01,-4.327051664952977217e-01,-3.066434690852793410e-01,6.914787027028629351e-01
5.377373254775838496e-02,3.850458445111825112e-01,8.100149255044962748e-01,-4.262237956653644466e-02,4.369293267023675043e-01
-2.710983125380782011e-01,3.859155292521975755e-01,8.729483178807818655e-01,1.035002965847575812e-01,-6.945381297656325059e-02
-4.715195597370101521e-01,2.183393929995239569e-01,6.507235462324495456e-01,2.158725706188177884e-01,-5.098579350006275934e-01
2.080874214132574507e-01,-9.042301674439686687e-01,2.392475628072557869e-01,2.718214528438733790e-01,8.911302260875174353e-02
-4.888535047375254239e-01,2.309712757933169991e-01,6.038344800363474318e-01,2.118053443195979657e-01,-5.460741135607292129e-01
-3.721030303199315131e-02,-6.467959330179561261e-01,6.709472923337527206e-01,3.460783954495407766e-01,-1.016360639378366404e-01
4.458931683307721938e-01,-9.133443699941229399e-02,-6.894715884425499652e-01,-2.563245883391240820e-01,5.017608366515182716e-01
1.281164722214946095e-01,-8.679852653644982707e-01,3.652679188796441601e-01,3.110044436486369412e-01,6.582714012938028179e-03
4.472452599990830446e-01,-1.516376230469933251e-01,-7.001163208751495226e-01,-2.367933243206965244e-01,4.803579576590866207e-01
-2.425771349966952262e-01,1.540161328212504011e-01,9.360380832805363926e-01,1.839603575292919901e-01,-8.617805935257939753e-02
4.786845851900793369e-01,-2.925031210143080873e-01,-6.310393749834529720e-01,-1.893862113289540017e-01,5.012236649214086848e-01
-1.044097037154209512e-01,8.941673190526862047e-01,2.952563798022887487e-01,-2.338860847027903200e-01,2.183675545419597741e-01
1.087552876683419156e-01,7.807435087944142316e-01,2.050929776451426712e-01,-2.963751683692069649e-01,4.987088238384559946e-01
2.597244331943704965e-01,2.236080958423515841e-01,6.510051991704458585e-01,-9.488142736641991259e-02,6.706208941492798337e-01
-4.301011900805928323e-01,6.259702492293724163e-02,7.154718414548981720e-01,2.637746494522157925e-01,-4.791842622139764196e-01
3.192947058495317902e-01,5.393975526735546033e-01,-2.859966188165762868e-01,-3.704070674529013618e-01,6.229813074183435662e-01
-2.897092851011747738e-01,7.677595007200941346e-01,5.647815033775269722e-01,-7.081775224960050463e-02,-5.119158709331551177e-02
-2.638198869598905039e-01,-2.902686848408840281e-01,-5.990951964167569033e-01,1.281396563853639259e-01,-6.861547434340322660e-01
-1.646379376271834560e-01,2.701463966125476346e-01,9.388592753151494552e-01,1.097397197699378074e-01,8.009824561531914133e-02
4.689779063439381002e-01,-5.221601049916021475e-01,-5.642986649332909499e-01,-9.304915850703417146e-02,4.246379857856025786e-01
2.768082226273786972e-01,-5.183007008194342458e-01,6.556693654685369355e-01,1.650435005372846708e-01,4.445221226580745033e-01
2.863940334815550104e-01,-9.257697253943109050e-01,-6.086694768827612817e-02,2.026159960607542831e-01,1.271646411111554964e-01
4.199136816301820563e-01,-1.946298900246132835e-01,-7.571065604596012300e-01,-2.181358244037670258e-01,4.061996111636670403e-01
4.336362950198821009e-01,1.383751576897720159e-01,-5.873785278145308153e-01,-3.187271331260251306e-01,5.883972799456674840e-01
5.025892698962551863e-01,2.302923750192036392e-02,-4.087312078585232933e-01,-2.803187395590258091e-01,7.079787313046775887e-01
-5.507511074812058149e-01,3.159380879327386982e-01,2.683931458139803272e-01,1.584117039048145714e-01,-7.069138515743478290e-01
6.950713524580079405e-02,4.170326683099484510e-01,7.756326644701730944e-01,-6.578193843065972823e-02,4.640250188248595808e-01
3.655956004519894664e-01,-1.564296393002908570e-01,-8.346868569019820772e-01,-2.202482217953015686e-01,3.108990134909210279e-01
-5.884498220699152515e-02,2.777338658403255001e-01,-9.042163253105572895e-01,-2.070434404547062124e-01,-2.427488797934975184e-01
4.593788711127989588e-01,-3.896552376268208051e-01,-6.554631603179861266e-01,-1.499077282004039335e-01,4.301576072288716968e-01
3.989451266521081840e-01,3.444811632619990682e-01,1.241158218616173065e-01,-2.741106637812089075e-01,7.947541260309590738e-01
4.554017811721199349e-01,-5.236107284239983617e-01,-5.958460522753373789e-01,-9.140381732721061803e-02,3.937687734578001475e-01
4.093485354413051724e-01,-8.297178262842394014e-01,-1.378707814045780078e-01,1.049240555543285019e-01,3.376161955225762124e-01
-3.241038761485011688e-01,-2.454649502226287083e-01,7.472803320583308873e-01,3.342884546504639731e-01,-4.056192427436288162e-01
4.900195129382236559e-01,-5.585317975192138906e-01,1.762862926363006899e-01,1.936248090357125737e-02,6.453459114781382455e-01
-4.580815037988389959e-01,6.251949047014259131e-01,4.952614894941598789e-01,4.135084852963195889e-02,-3.902548287499780222e-01
-4.400464762125748663e-01,-1.229317185746781199e-01,-2.730241355936137704e-01,1.901396664892941180e-01,-8.249555260448115934e-01
3.014378230033631922e-01,-8.198390827840011941e-01,-4.704299294501358419e-01,9.835742058549687417e-02,7.759263171325384012e-02
2.629666783306128242e-01,6.191207572453840680e-01,-3.146511376500159551e-01,-3.794330037165351555e-01,5.518725136314228674e-01
-2.462549510041570078e-01,6.553724658030093408e-01,7.132341278577957189e-01,-2.711353093390525895e-02,2.018329686768749812e-02
5.302523418239458719e-01,-3.843665548764918505e-02,-1.662110314369027175e-01,-2.344842353694761850e-01,7.967095542900298755e-01
-1.077512737495597284e-01,8.928166957963360462e-01,-2.951138067124697284e-01,-3.182726384718499446e-01,5.365053029096984033e-02
-1.650058651904372509e-01,2.584586336945516871e-01,-8.484769055412300087e-01,-1.471282269995752012e-01,-4.054780200018748282e-01
-3.966799952000175655e-01,6.436579481433832850e-01,6.017206662656453542e-01,2.434074987209736488e-02,-2.562990341075351286e-01
4.988376130103026052e-01,-5.339861935378713287e-02,-5.059098014764610296e-01,-2.654872392204064568e-01,6.495239963838652653e-01
-4.014979176672646421e-02,8.951660636816014538e-01,1.854693063829792321e-01,-2.774359069418373402e-01,2.927390759414474353e-01
-2.180247481220445871e-01,-5.267104674966059941e-01,6.360219894372374227e-01,3.742270713591229203e-01,-3.612082787673873141e-01
4.558884760867887298e-01,-2.051682308773488950e-01,-6.871344854507255295e-01,-2.193214400381280627e-01,4.793912799101510136e-01
-5.468364597369570479e-01,2.503415342154483580e-01,4.164620970785063575e-02,1.471780257746531928e-01,-7.841576528320386430e-01
4.931946005577594327e-01,-2.892088745142215589e-01,-5.905398997815924922e-01,-1.907798489275532028e-01,5.366404652018109678e-01
-1.061045437948302250e-01,6.383729171781178380e-01,-6.931516097644445651e-01,-2.857572409922620182e-01,-1.382226085017937978e-01
-8.444733597175452244e-02,9.324314509934705786e-01,-5.276165577679022868e-03,-2.999847778711364210e-01,1.828155676300203258e-01
-5.275322300732936398e-01,3.228275194051964392e-01,-1.194893148890793649e-01,8.943943621950020684e-02,-7.715018015692907127e-01
-5.432066888105658853e-01,3.388467999286893795e-01,3.505896155934132841e-01,1.590100089368348957e-01,-6.647646785934990810e-01
7.996601562468516958e-03,-2.081212398612448389e-01,9.359223280661516098e-01,2.081557273736688307e-01,1.932412814872719875e-01
-3.441141602262833832e-01,-4.466698168052303242e-01,4.455725163242267861e-01,3.709102517795212495e-01,-5.881855466672832877e-01
1.795875035545194814e-02,-1.717401938193923172e-01,9.401155379628871600e-01,1.914937873295842474e-01,2.229253099301897190e-01
1.996218978060541605e-01,2.030970301991108506e-01,7.511493106927191743e-01,-4.748921259278923723e-02,5.936515661343618744e-01
4.351502908306926348e-02,-3.790062349131464448e-01,-8.757276298076912546e-01,-1.024891134608192124e-02,-2.957309492570642240e-01
5.295591795185021766e-01,-7.054585795658550873e-02,-3.572628724941800948e-02,-2.035887636917946830e-01,8.196740846279566561e-01
3.772443320113533227e-01,-8.139199144943230768e-02,-8.113940091934781496e-01,-2.487149013726234481e-01,3.617218784831015554e-01
-4.097205464023477295e-01,-6.297571151368720754e-02,7.046277132600962112e-01,2.986803164129915866e-01,-4.923951542291915007e-01
3.969571275345112338e-01,-1.113180300387340699e-01,-7.868750151996199982e-01,-2.427107165414194023e-01,3.898109203426629032e-01
4.777395296796990709e-01,-2.615363410068327621e-01,-6.354772779644278780e-01,-2.007574562904909099e-01,5.091451237602796498e-01
-2.688593327448111636e-01,-7.010116645712662076e-02,-7.082633616858311498e-01,3.523924772946098599e-02,-6.480136507592354489e-01
3.128840656106246509e-01,1.961885971512546956e-01,-7.963023837335303501e-01,-3.190156072527681741e-01,3.574145377908317656e-01
-5.494440107397504658e-01,3.046311992045664385e-01,6.176881441977163240e-02,1.317220969894513649e-01,-7.642938010106337110e-01
4.811289037334750551e-01,-3.762789673199496421e-01,-6.077435029118850585e-01,-1.569255698196471427e-01,4.826503050346361290e-01
-4.283382598114782724e-01,6.860444960642406720e-01,-2.506494275489588031e-01,-1.020838245728516586e-01,-5.221331648455159735e-01
2.023595465050355979e-01,-9.168339686879364292e-01,1.994089542321300923e-01,2.729453658559146678e-01,6.483042517239549773e-02
-3.834044011837378085e-01,1.543128803329891705e-02,7.863120085905281886e-01,2.713414651757674600e-01,-4.010613106810103634e-01
3.210400349070002268e-01,-3.596284899548825020e-01,-8.504522635697053801e-01,-1.307507079753360280e-01,1.650328602212172424e-01
5.479185697414368228e-01,-1.791972879462521151e-01,-1.920032251375465848e-01,-1.951617760836338589e-01,7.698832480434083525e-01
-5.188232131868213415e-01,4.389100564173475938e-01,-1.307509178356855428e-01,4.242295910789860292e-02,-7.206142698142177228e-01
-1.472036219763906417e-01,3.332775589218843759e-01,9.196675037250598983e-01,7.689610637966545759e-02,1.247230283943825957e-01
4.126855413665291850e-01,-6.272587634779157595e-01,-5.921992845520067661e-01,-3.560033335666760307e-02,2.902924580972716107e-01
4.883234797306503783e-01,2.658816087290313476e-03,-5.081036053322115498e-01,-2.814996227821683905e-01,6.512463423794933037e-01
-5.282692722965318666e-01,3.146586255683907485e-01,4.520724235981974926e-01,1.762190423054915411e-01,-6.216903556061419422e-01
2.606976198502875541e-01,-7.925841603418930514e-01,4.235311900825067255e-01,2.364321349237550052e-01,2.618554494033338842e-01
5.392976853857260888e-01,-4.789483453326920381e-01,-6.936555172045541506e-02,-6.593938296578825964e-02,6.860079496983124692e-01
-4.692958673244876366e-01,2.402968920773619899e-01,6.570637996082463461e-01,2.079737011316675488e-01,-4.970240391088622256e-01
-5.482948353570900046e-01,2.521570803005841466e-01,2.939934065827705667e-01,1.840228441075860699e-01,-7.179784468265318909e-01
-4.229112012985676294e-01,1.175272273912020410e-01,7.433663009527021748e-01,2.450857120791883892e-01,-4.412176367513800934e-01
-2.966252796624376242e-01,8.020415430428775583e-01,5.064367843677817227e-01,-8.873589568252517046e-02,-6.626108175408695899e-02
-2.810266715729459186e-01,-4.060641834091384128e-01,-4.540369227934463181e-01,1.981973207621464950e-01,-7.146356999198028026e-01
3.466300326562590239e-01,-2.527852019388096561e-01,6.339275052666805133e-01,3.700960175294495946e-02,6.424277932856945483e-01
4.308612167079835520e-01,-1.447703869681531696e-01,-7.327312396543231854e-01,-2.371052402268917503e-01,4.475334428683448440e-01
-3.392058081033914041e-01,2.841106473851512937e-01,8.535320120152026790e-01,1.659972597138368866e-01,-2.194278332939836873e-01
2.150802163339614881e-01,3.404854441385142261e-01,-8.171886847370600782e-01,-3.325773093574204142e-01,2.437317166677894775e-01
3.036921131811893826e-01,-7.506632517029425689e-01,-5.790715173067395583e-01,5.668222040634587205e-02,7.575675988441656072e-02
-2.141542567176989709e-01,4.005572043247279668e-01,8.870776178631052389e-01,7.625153352190808254e-02,3.115901017561467645e-02
-5.481444204422493138e-01,4.090993129395970040e-01,2.406158537628701743e-01,1.197915747456772956e-01,-6.781809758672799893e-01
-5.106890064974011212e-01,4.307323603940626522e-01,-1.752490712833692232e-01,3.542039297205620135e-02,-7.222877066156381254e-01
8.546582034848186626e-02,5.436505198359259383e-01,6.543070260699187513e-01,-1.357307113410337329e-01,5.005988368630956975e-01
-4.580232940423181742e-01,1.732444735619300680e-01,6.790215327165267656e-01,2.305031125904023759e-01,-4.959829510056863455e-01
4.813020212508217766e-02,-2.811543136008369248e-01,-9.191345833708751689e-01,-5.368647218596621362e-02,-2.663552438810141143e-01
4.183901867284476328e-01,3.540537668296415696e-01,-1.565801952038136380e-01,-3.267870007958246781e-01,7.538491098514887856e-01
-2.151916606514971964e-01,-5.553527983516695077e-01,6.007609604541774839e-01,3.781638679107202639e-01,-3.759709775368285101e-01
1.313738257676030363e-01,4.546339926727388514e-01,-8.000300212052160465e-01,-3.357060524737635610e-01,1.526507848407331336e-01
-4.945455913433009498e-01,-1.159365191921110511e-01,2.740119871056542755e-01,2.905995406281207116e-01,-7.631859010160356727e-01
3.243621762533340780e-01,-7.615717662713593628e-01,-5.464135065279167591e-01,5.664131472588162380e-02,1.141125093252842726e-01
4.784589658119928757e-01,-1.892835766305013823e-01,-6.292630168950735792e-01,-2.261030711588724040e-01,5.367999650081206608e-01
5.025723355655971059e-01,-4.527203530431454098e-02,1.436316961069065146e-01,-1.750524348408218356e-01,8.331254835097164912e-01
9.901749102791970736e-02,5.127555327874435687e-01,6.672543032324597112e-01,-1.284670695388711315e-01,5.153107867377320073e-01
3.079843339508045452e-01,4.153276783910399977e-02,-8.675794154693756699e-01,-2.718176342899131237e-01,2.772035547740216432e-01
2.167997653116791879e-01,-2.341133617975986181e-01,-9.365130401746702971e-01,-1.443732185953786329e-01,1.698513832251460562e-02
4.577725621426270708e-01,-2.450997348231686856e-01,-6.838973442114093526e-01,-2.053026439692216543e-01,4.695802895126829357e-01
-7.616089710458712192e-02,4.645047718279990412e-02,-9.228588709165445048e-01,-1.193867046952663408e-01,-3.551340451637387541e-01
1.334908428516228818e-01,-6.163322089078633326e-01,7.025887595303222932e-01,2.676515414799010006e-01,1.924746488828930069e-01
-4.816605645638899480e-01,-1.523116912355148844e-01,3.139577409113204487e-01,3.040588863907409123e-01,-7.441659625282890378e-01
-5.239643048542124149e-01,3.065036431456706900e-01,4.741923048275315522e-01,1.805622189965650215e-01,-6.116010685818519255e-01
3.546367386506181496e-02,-5.632839587903359924e-01,-7.491228076706366590e-01,7.783990382591096657e-02,-3.379489281023320135e-01
-4.990103346049075683e-01,5.833280299623481158e-01,4.016146340407544257e-01,5.999070715327441822e-02,-4.958063091543963852e-01
3.518048586392809596e-01,-7.580616344328852674e-02,6.100856507370647774e-01,-3.222379300174778305e-02,7.051552261389810727e-01
1.917480084951987684e-01,1.082181023983974366e-01,-9.363402046066613416e-01,-2.567151846159785311e-01,9.426493927306571485e-02
3.683610509967035762e-01,-4.534060800180242379e-01,-7.710403173408154620e-01,-1.054539460816235064e-01,2.304546745069009084e-01
4.391000036963403907e-01,-6.394939401205674834e-01,2.745700067171135128e-01,8.431485638675823013e-02,5.619083588155546760e-01
4.080042944454058684e-01,-2.984952298418658834e-01,5.135528586883313373e-01,9.907069187169567290e-03,6.932520499709479145e-01
-5.395163313330006982e-01,4.033387665506588116e-01,3.504830242442552035e-01,1.342729013964397422e-01,-6.366886250668812863e-01
-2.299218022015918628e-01,4.018160432685029537e-01,8.825889260695872762e-01,8.180414782269389284e-02,4.970032469942929285e-03
3.186288720400647922e-01,-8.304818772575687236e-01,2.753142788315687262e-01,2.039090443339782455e-01,3.023220848027433072e-01
2.740346856591056035e-01,-5.533974765786159322e-01,-7.848709025957991692e-01,-3.171618370749824944e-02,4.034815883808368780e-02
3.757583366463148611e-01,-7.914637704571191312e-01,-4.244795033058617606e-01,6.348642862842537871e-02,2.194935013794534484e-01
-5.503883611306011892e-01,2.197196142736099478e-01,1.408848829849689843e-01,1.741803171319107890e-01,-7.736980095008423319e-01
-1.008881032951321616e-01,3.586963197898347944e-01,9.041365606087827800e-01,4.593168957982513012e-02,2.039262132380307846e-01
-3.269024924680814514e-01,-2.526069637598378770e-01,7.372854774141379686e-01,3.365750166424662515e-01,-4.152732416668840076e-01
4.952727925121183095e-01,7.035121247339931605e-02,-3.855865730249774526e-01,-2.908413025104644722e-01,7.186723170942660444e-01
4.273206679797795782e-01,-4.201690043135943298e-01,-7.053509410567375681e-01,-1.326972179471989088e-01,3.545794027166354057e-01
-5.530948620362237111e-01,3.292663961667448014e-01,1.556417031350807723e-01,1.381361190850463050e-01,-7.364535197782872133e-01
-1.184079479214016767e-01,-4.677967911830745451e-01,7.977682602023579150e-01,3.346257372984014489e-01,-1.368836695119839131e-01
-5.281157140681875806e-01,6.759475084357749464e-02,3.306431068514439353e-01,2.471413051681538298e-01,-7.390000361191121359e-01
-1.384986858421094480e-01,7.642761394496203620e-01,-5.456128605300567536e-01,-2.957286196511594301e-01,-1.074769120854413562e-01
-2.138054599433728553e-01,5.774013596209122134e-01,-6.820360562917994196e-01,-2.167378577794428773e-01,-3.297672120290796038e-01
-5.513900241840909988e-01,2.302197996281995229e-01,1.813260594576584228e-01,1.767427843927589226e-01,-7.608224059634887126e-01
4.889419780602808352e-01,-2.339222120034002150e-01,-6.037570501678278800e-01,-2.107715594187974939e-01,5.452237292476800334e-01
-5.342135923212346649e-01,3.705290471717188061e-01,-6.862659415733241008e-02,8.256328816964678130e-02,-7.521952917974430441e-01
4.189820653902056602e-01,-1.648119562727607401e-01,-7.568955163581898571e-01,-2.284206844623962451e-01,4.149990556344708148e-01
-3.351830714568397596e-02,4.688968205442152759e-01,-8.303669188517445177e-01,-2.756062152660500586e-01,-1.163799336354749692e-01
-4.663675571562733713e-01,2.491755368175028740e-01,6.641109440588996993e-01,2.045778216811171279e-01,-4.873575918575655530e-01
1.022002925391696238e-01,7.664227417805775655e-01,2.710053065848923581e-01,-2.788295824738730166e-01,5.009605461777649760e-01
4.861923780578077947e-01,-3.247103087016373155e-03,-5.222789683692418139e-01,-2.805499770546432958e-01,6.419679255335390966e-01
-5.375968044317084304e-01,1.997676396576419100e-01,3.763048689596680263e-01,2.103494464503384842e-01,-6.965847557804528689e-01
-2.003380126581436049e-01,4.182358850366144631e-01,8.817959226209877155e-01,6.329376484593401964e-02,5.807990472146268984e-02
2.482292376504649598e-03,8.222594354839618536e-01,-4.073469067218568607e-01,-3.559011433037229111e-01,1.768788646542928111e-01
4.696753337091040814e-01,-5.987685610478563625e-01,-4.923712547379759941e-01,-5.531722031633897613e-02,4.187980943726296590e-01
-3.500408758230050266e-01,-4.949174032242077415e-01,5.164524702656739241e-02,3.331693604153447286e-01,-7.203187454029401637e-01
2.034276382540265715e-01,-5.022950825933437669e-01,7.353815490801771659e-01,2.019435375982960579e-01,3.531991377277970412e-01
-3.301164556107873960e-01,3.551932586817163617e-01,8.444761722039614282e-01,1.353044256965180159e-01,-1.827938228954012201e-01
3.192209673334579501e-01,4.821060917677674751e-01,-4.650860817627037735e-01,-3.759735353297655736e-01,5.549869616282471219e-01
3.601913335810976724e-01,4.734470916437973909e-01,-3.803060094010324993e-02,-3.277563079823435088e-01,7.329662547464366185e-01
-2.913917711988058268e-01,-4.371229506170961621e-01,6.172699962648457994e-01,3.703034495480811428e-01,-4.537262045390539900e-01
7.838930266596930152e-02,-9.096546686226489875e-01,-1.975492214977780658e-01,2.647203665372150350e-01,-2.393343554665440243e-01
-1.965512402234317890e-01,-6.559433154115226206e-01,4.545127087386011122e-01,3.850427268844450746e-01,-4.198407710097494805e-01
-5.263999333053177576e-01,1.687757407902515383e-01,4.366767178535512217e-01,2.255737954700119674e-01,-6.729396454502900582e-01
-3.829344635689650445e-01,-4.056083096840961133e-01,-5.771109791136810885e-02,2.990064270691625281e-01,-7.720801004271239387e-01
-3.328056868732204854e-01,1.913881381378580160e-01,8.700955170177206988e-01,1.990161262029840894e-01,-2.365107357854849823e-01
3.950442008424708273e-01,1.824459717290695115e-01,-6.552489849327419735e-01,-3.281720712235458026e-01,5.230730409742300191e-01
2.914395446307377346e-01,4.208784597599347227e-02,-8.837955825496062179e-01,-2.673979091719042023e-01,2.463642252495796825e-01
4.072190956453815569e-01,8.128028295001826775e-02,4.166903685828106108e-01,-1.403159573035566432e-01,7.963960651595601847e-01
-1.764234088829232105e-01,6.104084548192542092e-01,7.604293694218411392e-01,-3.356613049611548161e-02,1.299876459034401965e-01
4.448597293731778590e-01,-4.226487562564711781e-02,-6.747824498342842592e-01,-2.713647588125497889e-01,5.209062435224020016e-01
3.233826161075418343e-02,7.542050139786710128e-01,4.432736044555005694e-01,-2.197521822139788805e-01,4.305189005498482047e-01
3.335082463086080917e-01,-6.384320815636346236e-01,-6.802898594798036935e-01,-1.101467306241620155e-02,1.351336780405179572e-01
3.780995000397917583e-01,-6.754275235102389363e-01,3.868040691718102608e-01,1.393924333313829866e-01,4.814465600215355190e-01
-5.181557204535568451e-01,2.188199148593513166e-01,4.957792966329249151e-01,2.127554572205600514e-01,-6.265544658489270446e-01
2.574568425299878296e-02,7.640321692347721294e-01,-5.082761946899984062e-01,-3.595667345566888051e-01,1.672096810248979715e-01
2.795893802929677596e-01,-5.252133721286808901e-03,-9.043704430559367236e-01,-2.483966487406671642e-01,2.054638657768863563e-01
-4.830856073971263043e-01,2.286883238925329076e-01,6.204302818207139136e-01,2.126142110280287156e-01,-5.330960599270753164e-01
-1.198667784329013192e-01,-7.840469802714873371e-01,-1.482755260015393983e-01,3.105594367820340151e-01,-5.024634243105386977e-01
-3.768653193714103233e-01,-4.410085504284730340e-01,5.150904897893179846e-02,3.251194137628724556e-01,-7.450692411929471515e-01
4.328389564349374719e-01,-9.282504465886282086e-02,-7.183837104448963506e-01,-2.545002141090261238e-01,4.724282320758125264e-01
-3.065986839980910927e-01,9.160255123968039648e-01,8.950126514833048330e-02,-1.863962332822350632e-01,-1.553720546425703952e-01
1.653263599867440536e-01,6.463955114253301382e-01,-5.403336857588003639e-01,-3.809659404497687807e-01,3.431391813160553084e-01
1.229654972226013609e-01,6.100130285113720685e-01,5.233965513741796194e-01,-1.945389916108324624e-01,5.486111758721644582e-01
2.308586559877137123e-01,-5.861033135220971024e-01,-7.757202231805069292e-01,-3.932908172489158632e-04,-3.801535880512731114e-02
2.688538661616274306e-01,6.133832972088469893e-01,-3.035606996051938844e-01,-3.782384413539279788e-01,5.623745304443520387e-01
1.174054949639681544e-02,8.397782239505144908e-01,2.787527346843292619e-01,-2.658299147513627503e-01,3.824474648959427237e-01
-4.911396719684616996e-01,5.987413089361512952e-01,4.156087364969423548e-01,5.317536683871130349e-02,-4.740595174670788614e-01
4.547874900557975497e-01,2.288048496136537661e-03,-6.267519359927107292e-01,-2.845402719748297837e-01,5.651388750357793089e-01
3.275495781450277200e-01,-7.944556103128832536e-01,-4.906859305869411547e-01,7.524987756544772310e-02,1.229484873831769021e-01
4.852181824328100079e-01,9.893196457589474579e-02,6.965456025961638820e-02,-2.303248208266725772e-01,8.347900939565315870e-01
-3.068890050685787463e-01,-4.973977703268822603e-01,4.763087112786232313e-01,3.778963634795503568e-01,-5.373443464584817253e-01
-4.532676361159473921e-01,2.785807412789492732e-01,6.917694887085366062e-01,1.925252676272608265e-01,-4.486983579815215784e-01
-1.717213916137837471e-01,-4.373000078406122926e-01,7.836714110060305494e-01,3.441338561914558114e-01,-2.161283771267471787e-01
8.467701502580571304e-02,8.320045543271599175e-01,5.444808794867259105e-02,-3.266312262732864458e-01,4.369733086209342532e-01
2.622151227918214644e-01,2.869665268745523468e-02,-9.114316183976352015e-01,-2.542820233694668142e-01,1.872239009314866087e-01
-3.357103922240962657e-01,6.389178897261081902e-01,6.779298385700879281e-01,1.142553618674285731e-02,-1.391511905801026405e-01
-2.585802021406719553e-01,-6.415612674055307663e-01,2.234455305635734967e-01,3.723098220356656496e-01,-5.770553790693165874e-01
5.358356701160971181e-01,-5.153339343112541826e-01,-1.076319315152238498e-01,-5.700152375187508835e-02,6.576300361044828957e-01
-3.078624396718715461e-01,-1.702159013452006209e-01,8.171175864969445479e-01,3.106082458259877832e-01,-3.347964047459817127e-01
4.634313361705264533e-01,-1.675613668354430930e-01,-6.651864854712083996e-01,-2.328067652551863154e-01,5.103748961276572960e-01
3.623632272511579377e-01,1.000806040040532613e-01,-7.740651708219820071e-01,-3.021496940054676505e-01,4.101285627349646745e-01
4.366700843188051073e-01,2.041952269516217888e-01,1.871252424620901411e-01,-2.304537480383329062e-01,8.243171479471793628e-01
-2.140223876002707026e-01,7.424314462649160840e-01,6.242318510745830107e-01,-8.500510699863929320e-02,7.809412968344187078e-02
-4.179642300623531703e-01,3.955142561170456594e-01,-4.742476607953604040e-01,-3.479999021689603178e-02,-6.653964927076163605e-01
4.460781738945764352e-01,9.715895138575732226e-02,2.745179563108223753e-01,-1.832129309522747274e-01,8.262247360950326636e-01
-3.498032134456292019e-01,4.625056564609342225e-01,7.854725826852587689e-01,9.645560557015901704e-02,-1.935338926611951949e-01
-4.702184201749244341e-01,3.770333700558541334e-01,6.348974374525470088e-01,1.560142314580307832e-01,-4.574989384591758856e-01
-2.388908936917401304e-01,-6.665211115644609219e-01,2.340442796670536563e-01,3.745058378606920813e-01,-5.510439195866591033e-01
-3.929764558086040749e-01,-3.216009897544556684e-01,-2.028751185968452053e-01,2.518610124240458492e-01,-7.984672975420556984e-01
-4.774419404398121403e-01,4.733125441165336733e-01,5.745069707842004325e-01,1.156604472643968651e-01,-4.523149683019153655e-01
2.908748766029321531e-01,-4.019381113272835204e-01,-8.561697885501996508e-01,-1.036478189063434613e-01,1.003393424024178887e-01
2.670221695461382216e-01,4.046485783385773138e-01,-6.998931843092320859e-01,-3.604210257526292427e-01,3.810576121432920349e-01
1.963708847959765580e-01,7.155302010922192091e-01,6.455547594498685371e-02,-3.305050810785890580e-01,5.797016377725057179e-01
1.935097387285580062e-01,-3.821035422475229648e-01,7.946666530851586030e-01,1.716304259699377999e-01,3.944601011191251616e-01
-4.791866568943018989e-01,4.238165701023336451e-01,5.951916648907596974e-01,1.371972786125196797e-01,-4.665655919021895470e-01
4.337713218305182528e-01,-9.922623721958288845e-02,-7.180544104190688115e-01,-2.525469316313395662e-01,4.718204162665782242e-01
-4.329826524730746584e-01,-2.185685464757729790e-01,4.937246239632264722e-01,3.335652275534869982e-01,-6.400969050139281302e-01
-3.233867865565956401e-01,-5.227937636036188440e-01,-7.136511144151826136e-02,3.139435778219447082e-01,-7.200375808463463922e-01
3.090786728847009779e-01,-5.477599825944945433e-01,-7.692103143572280866e-01,-4.625590300481156880e-02,1.029818389793792366e-01
-1.598493612084906645e-01,-7.652382003199982297e-01,1.683318019015217493e-01,3.669667059857837366e-01,-4.752457465972504957e-01
3.182002008639985280e-01,-4.574654896821945260e-01,6.311615458900412534e-01,1.221269932534752578e-01,5.255416809621284990e-01
3.493940705671170210e-01,2.619390352500173269e-01,-6.878630815721972214e-01,-3.422047627442127427e-01,4.680299206567979375e-01
4.529988934535653655e-01,3.430551729261958199e-02,3.013293412688724526e-01,-1.596438638590494397e-01,8.230003638126485166e-01
2.015778099083917474e-01,-9.568140139265139676e-02,8.252518039493184077e-01,6.982238259095134569e-02,5.140970248384961749e-01
-1.491690910993538621e-01,2.840117376910256675e-01,-8.550538046959393901e-01,-1.639569694726454585e-01,-3.729437200847615097e-01
-5.175464921836210319e-01,5.748993753000541940e-02,4.070676980335170003e-01,2.574752252014029241e-01,-7.048708627375694924e-01
4.191257848782394269e-01,-1.562315039676548944e-01,-7.558179715164135004e-01,-2.314056221356259047e-01,4.184685479161394661e-01
2.798117633898629664e-01,-4.297809396781386293e-01,6.917748542669127643e-01,1.372592666869180689e-01,4.894907207195989263e-01
4.855839105172454762e-01,-1.863796043812524783e-01,2.915640953374883937e-01,-9.557600717467319706e-02,7.970737193510059049e-01
-6.653760298813596319e-02,-8.525578665670925371e-01,5.241338174180096288e-02,3.419682446956091582e-01,-3.860419518360060920e-01
-2.810148887018274477e-01,-5.820815571611324124e-01,-1.239616106594355616e-01,3.096506713447416126e-01,-6.862664744537942951e-01
4.311112270164041416e-01,3.175361533321462426e-01,-8.018337806057872219e-02,-3.078798611721556555e-01,7.823646964394819214e-01
4.803965914160074901e-01,6.588694122761505623e-02,-4.807542083664095856e-01,-2.968625652834144257e-01,6.675522709143365541e-01
3.915384181951001574e-01,-4.718933813917420839e-01,-7.346927044268498630e-01,-1.032928278951259493e-01,2.712407149440068110e-01
-2.557766058039044332e-01,-5.042521566319281279e-01,5.986047651583270568e-01,3.766401929788353864e-01,-4.244085185503387869e-01
-2.275101909960793589e-01,-1.266917758188042531e-01,9.107403785451591016e-01,2.747158387175035466e-01,-1.651407816923618210e-01
-3.269559843463327731e-01,-4.799486417174052000e-01,4.397265781682193064e-01,3.747598985763225254e-01,-5.735369565121952729e-01
-5.552344472838686984e-02,2.892421517353266913e-01,9.188238851932907236e-01,5.385944080787983396e-02,2.571341155490285968e-01
8.719276277199414227e-02,-7.644646925506060064e-02,-9.706163899679891571e-01,-1.512337638575481924e-01,-1.469201540075751877e-01
3.903300024863843309e-01,-1.152385683829115492e-01,5.405353908880513591e-01,-4.450066346209805013e-02,7.349855397658997536e-01
-1.003424215053597690e-01,9.039053045571727729e-01,2.560162251720063398e-01,-2.448366799051105158e-01,2.177091901173770494e-01
-3.904929030722468219e-01,-3.955891068285868339e-01,-3.112109500190702108e-02,3.024870879881865759e-01,-7.736650375033624627e-01
1.481002202886198271e-01,3.013409960318799152e-01,-8.867308206077617605e-01,-3.003873748426287849e-01,1.036137330686254659e-01
-5.013038990278894103e-01,5.878757457935337438e-01,3.834778837707141230e-01,5.667554953996681300e-02,-5.028211442155247068e-01
4.314985231358756113e-01,2.388543443750664741e-01,-4.679227768424262801e-01,-3.364530522195007256e-01,6.516174071255080857e-01
-5.053544398562949125e-01,6.456671560597327941e-01,1.361544277145247117e-01,1.483994740492101212e-03,-5.560490835138633958e-01
-1.223163617956421478e-01,7.468689559089070062e-01,6.014154678793587339e-01,-1.286733114408847023e-01,2.212873341493043211e-01
5.260655707001395953e-01,-5.199821449771395709e-01,-3.301292878516537965e-01,-8.372309306320853406e-02,5.804125095304187854e-01
3.396176723913904016e-01,4.828301082543383083e-01,-3.707781378602208466e-01,-3.710666400282902067e-01,6.134884223076917387e-01
-4.576707410833725231e-01,1.553308381111311864e-01,6.770299842097523557e-01,2.364968816427592546e-01,-5.021050178419682597e-01
3.208006466638848586e-01,-6.598367333041915694e-01,5.005373237726269409e-01,1.746201913944025186e-01,4.250560042516811077e-01
-4.550216460830661114e-01,3.023439497991643418e-04,6.275682594565009653e-01,2.838281425069787978e-01,-5.644066578520925415e-01
-3.890756965639027842e-01,-5.104569734165843170e-02,7.514747794049613239e-01,2.925212419853903123e-01,-4.424154360234361927e-01
-2.898666738144488608e-01,5.239383590399260271e-02,9.028830423915487069e-01,2.355895850381253265e-01,-2.062327727456485515e-01
-2.623668235564806661e-01,-5.786477194499461962e-01,4.438454281544590430e-01,3.835254051187453883e-01,-5.022349711112780168e-01
5.082445484529507507e-02,7.350514844062717712e-01,-5.371932117818196684e-01,-3.639785823465476744e-01,1.898926930409529923e-01
4.926064481444033527e-01,-5.380722742724670660e-01,-4.797949063639153078e-01,-8.496543098647318937e-02,4.799946231681504472e-01
-2.805327990907194313e-01,-5.794073382297448838e-01,-1.358697656567231793e-01,3.067461720579241491e-01,-6.877751651143312328e-01
-1.623439631134956235e-02,-8.860303517277811070e-01,3.361170329717073652e-03,3.255711894002542572e-01,-3.296646225485364567e-01
1.990864862701512972e-01,6.269370155631633912e-01,3.295196489722452826e-01,-2.611087891277738549e-01,6.249428379322342630e-01
-4.516587182452915794e-01,2.968597127425055548e-01,6.930656515863790057e-01,1.854700616093279131e-01,-4.394764749349360788e-01
5.154804360045180944e-01,-2.078685351613206445e-01,-5.052919334209079461e-01,-2.169488457142439986e-01,6.234451479877733959e-01
-1.457686746392455046e-01,-2.595818138038993306e-01,-7.887388300951931885e-01,3.953276703860562208e-02,-5.363739308230154323e-01
-4.398481127997289075e-01,-1.941675726975380656e-01,4.997937172274758977e-01,3.285887163479778161e-01,-6.411460731284200909e-01
3.956349551819266126e-03,-5.166119721379882623e-01,8.003907619593285672e-01,3.008502881437129517e-01,4.427357943437881804e-02
-4.318562398441597727e-01,1.156022857525381420e-01,7.256470303315003534e-01,2.469660688932604209e-01,-4.610644725230257923e-01
-1.325898783431502248e-01,7.268137090034358927e-01,6.316876654741694352e-01,-1.127061705212873965e-01,2.059848756094434796e-01
3.727735942061812247e-01,-1.503244602426617171e-01,-8.253726883606316012e-01,-2.241118840617109254e-01,3.270721523548156262e-01
-3.896306993464641044e-01,1.550716985100718759e+00,-6.340880887255792020e-01,-4.850264129439852967e-01,-2.658627003268487776e-01
-4.378579092003553885e-01,1.364772924703711254e+00,-4.062279519957597840e-01,-3.645688754300650536e-01,-3.461596101653426349e-01
-5.415986242264456685e-01,4.941416379274573556e-01,-3.796519463602998634e-01,-4.169748926041330454e-03,-8.053262569696443274e-01
-4.058417805450504900e-01,1.242890928434224440e+00,-4.002724532997567475e-01,-3.334487051586553785e-01,-3.348281201624429548e-01
-1.334204645465729144e-01,1.219504828237600202e+00,-8.373340899348493682e-01,-5.040067348279605453e-01,-2.139589419571094261e-02
-4.004757517378737530e-01,1.803019644970878799e-01,-1.067697198473739562e+00,-5.162650466644444491e-02,-8.708429877174846956e-01
-9.650769340283493758e-01,2.100235732527490295e+00,-1.180986209421686306e+00,-5.192299110918479066e-01,-1.151723599423963185e+00
-3.125617223467795358e-01,1.751750180393399470e+00,-1.069842362642517086e+00,-6.534709991036645738e-01,-1.898394708845908552e-01
-9.154417632299599594e-01,1.048011903564726621e+00,-1.842921939507832674e+00,-2.590289967595125753e-01,-1.611348937433496831e+00
-8.071151381389295443e-01,2.085698655483398056e+00,-1.203747945293207611e+00,-5.840640570098410977e-01,-9.082458843388786507e-01
-6.139923593511753541e-01,3.331205562765058303e-01,-1.651982438670447806e+00,-1.017090952969212508e-01,-1.319709066654703777e+00
-6.020804006119384599e-01,2.417827491375914573e-01,-1.371427346262181990e+00,-3.293329107304321379e-02,-1.256392965577390441e+00
-2.928597869374642837e-01,6.028002089592365831e-01,-5.888688992239908826e-01,-1.788481991273121463e-01,-4.233871092803291325e-01
-2.535027350664552093e-01,1.269324251605669307e+00,-6.631209244129168123e-01,-4.457112503854814278e-01,-1.509439892873678801e-01
-4.698313376241485817e-01,1.159531995186802611e+00,-2.723899679179226374e-01,-2.577883765000689165e-01,-4.321899886216330477e-01
-6.179388382081175690e-01,1.976638058747536508e+00,-1.644635354814561801e+00,-6.892452395928003739e-01,-7.594486907672155507e-01
-3.660915017186575637e-01,3.122699236741427464e-01,-7.785250423535414743e-01,-7.128570302603934317e-02,-6.922694693601846305e-01
-3.539871167652469119e-01,1.232552560693785382e-01,-1.558821053394625844e+00,-1.225546006022906059e-01,-9.476733744828634842e-01
-4.106207854923349942e-01,2.258894979187033580e-01,-9.204163925413020308e-01,-4.218862054314864024e-02,-8.318995076457392779e-01
-6.133743375519520313e-01,1.964087604634201956e+00,-8.690607631793576537e-01,-5.733148356148561886e-01,-5.476983656422744762e-01
-3.914487433890381229e-01,1.985160641450282315e-01,-1.005132007053462395e+00,-5.283753714850032007e-02,-8.331998320716355044e-01
-9.515351423357075733e-01,1.772516195756213220e+00,-1.686100848673366182e+00,-4.810714609454675439e-01,-1.378413314682522595e+00
-3.825356581196636130e-01,1.397009702007860898e+00,-5.205651600242777732e-01,-4.162274127318741912e-01,-2.766858357086503517e-01
-4.989792328586992731e-01,4.568453603287924158e-01,-4.638523896409019742e-01,-2.108451198765721665e-02,-7.721054260230437727e-01
-8.134478904905430019e-01,1.454890390865955618e+00,-2.020369376634737257e+00,-4.741812128419399253e-01,-1.354923049984283701e+00
-5.723595382565995759e-01,4.411027228377810694e-01,-1.947682768755989668e+00,-2.012954686366605073e-01,-1.295080844252812557e+00
-1.959525185468969921e-01,3.833173793771270654e-01,-8.599394230940753392e-01,-1.805741510722274346e-01,-4.155450063617101009e-01
-5.647790135879796614e-01,2.570299029491742715e-01,-7.834611466227503485e-01,3.176510577695693810e-02,-1.032813360702443228e+00
-9.646785707189420300e-01,1.678569128670039268e+00,-1.732771763253893926e+00,-4.485986917997933365e-01,-1.444432747619812218e+00
-9.665410636770108699e-01,1.308697860333831731e+00,-1.819106635183679099e+00,-3.275888340190143411e-01,-1.597739497476207804e+00
-7.551481514916166260e-01,1.779759902469586264e+00,-1.897107133195735873e+00,-5.974725574885950685e-01,-1.116176425510417403e+00
-8.824806570587487853e-01,5.590602353953876280e-01,-1.487983369421183921e+00,-4.546896713178442961e-02,-1.630693703776181724e+00
-4.539758075334690002e-01,1.959233044433792426e+00,-1.590329590224349277e+00,-7.443209852010216343e-01,-4.865450264391682489e-01
-6.049750082940883456e-01,1.959546499378442830e+00,-8.771538793792974520e-01,-5.764148624716166625e-01,-5.378985993038787328e-01
-6.273439970240020092e-01,6.842645463591607857e-01,-2.115531969347122399e+00,-2.899321765217862668e-01,-1.345330377866970073e+00
-3.680175343634713991e-01,1.719039475456807908e+00,-8.906482576105090310e-01,-5.921069230717717069e-01,-2.422385024016200095e-01
-1.194410315288980950e-01,6.647236809173090455e-01,-7.910524148073398987e-01,-3.038957529495632803e-01,-1.770097278669185148e-01
-8.640311894448412522e-01,2.085197498587596954e+00,-1.240009105877399209e+00,-5.651403527960175976e-01,-1.009911108295223237e+00
-5.425869180190925345e-01,1.976194966971709155e+00,-1.624194364565945570e+00,-7.179298990877491793e-01,-6.326507661974697383e-01
-2.754107281367340065e-01,1.774246302304315792e+00,-1.204327429001105010e+00,-6.968995944899741835e-01,-1.584217015382799187e-01
-8.375958567271108990e-01,2.107667396876001575e+00,-1.070209871693653891e+00,-5.595613871773303938e-01,-9.138913022509611572e-01
-2.204160872777183033e-01,7.692995016879974335e-01,-6.283763334210669127e-01,-2.750239956183559431e-01,-2.600540834054806960e-01
-3.065252878220448562e-01,7.926727647276560207e-01,-5.044912122115478015e-01,-2.289371510764151574e-01,-3.574745511310062351e-01
-7.800284032743832752e-01,1.479147327511026511e+00,-2.058174425711264188e+00,-5.025360073278137829e-01,-1.302898289877712390e+00
-7.590546780784214187e-01,6.900480378667491754e-01,-1.882529528127917073e+00,-2.023166194468450363e-01,-1.492929588214598979e+00
-6.057912925122175274e-01,1.821120482905745241e+00,-5.569932507260989540e-01,-4.795618622865763792e-01,-5.006172170362840346e-01
-6.537596375269516535e-01,4.011618855869824585e-01,-1.706677568867967620e+00,-1.173411303058259775e-01,-1.375146707124406342e+00
-7.052877470619536293e-01,2.058729357227186085e+00,-1.211725869437673353e+00,-6.185593182807399559e-01,-7.555365014930178758e-01
-6.626407256710971083e-01,4.114966337378060390e-01,-1.706661523026088201e+00,-1.172988783437333427e-01,-1.385906021099720276e+00
-1.002191477101350259e+00,2.060695797162343190e+00,-1.265579702388312855e+00,-5.017139128712070351e-01,-1.247891669994514841e+00
-8.360163232303905456e-01,1.489775566206150037e+00,-1.979937629803746102e+00,-4.712675546056053766e-01,-1.368432866622510069e+00
-5.362588880558455395e-01,1.987471103934294270e+00,-1.265153125418005287e+00,-6.721786969917461496e-01,-5.219603377914020514e-01
-9.580141654168318199e-01,2.000232158101735269e+00,-1.412982273461757643e+00,-5.202031868766563427e-01,-1.237126717278271837e+00
-2.096260738989681738e-01,1.354068103197215933e+00,-7.907430713282158630e-01,-5.133345438460333865e-01,-8.545351090079117418e-02
-5.439436141625307863e-01,1.890840324222816005e+00,-1.912078242951145590e+00,-7.287757967610016818e-01,-7.416305893643728719e-01
-1.392550016598164131e-01,1.356759262903688645e+00,-9.162725756608751659e-01,-5.623745445353199868e-01,-4.887046448708624001e-03
-3.152960439434712714e-01,1.796074715642074660e+00,-1.160637358740083558e+00,-6.815050778081965799e-01,-2.034512034319678475e-01
-6.088621121051287499e-01,1.909390131257474144e+00,-7.259035511012629227e-01,-5.346535220162217383e-01,-5.206942351163714733e-01
-3.911207301352134236e-01,1.925536539251500701e+00,-1.432275441098175506e+00,-7.356711139027898305e-01,-3.542821859207714308e-01
-2.166493823421915543e-01,1.415544430948940391e-01,-1.225634400501365961e+00,-1.384474887458885528e-01,-6.303707663957081042e-01
-2.165044783214847279e-01,1.294952589553769906e+00,-7.400282193133579378e-01,-4.817852216615723382e-01,-1.032022594439721414e-01
-1.048029971174835095e+00,1.281819219292144041e+00,-1.695120980675492106e+00,-2.653908605934400811e-01,-1.704950547727638765e+00
-8.228058755390863510e-01,1.881082117251825503e+00,-1.710656462920782772e+00,-5.780319698314401178e-01,-1.140241215931448115e+00
-5.778016819827390682e-01,1.991953654717455224e+00,-1.561361296111066777e+00,-6.995306457223017249e-01,-6.670864098897292260e-01
-3.388760251581352523e-01,6.980763907636187149e-01,-4.876032596817161946e-01,-1.788281491586195260e-01,-4.375711761028822644e-01
-7.959626078793304027e-02,1.086842998029700746e+00,-8.668690919044532706e-01,-4.834143998963467692e-01,1.183116275465558552e-02
-6.127980729935156301e-01,5.052404926365620108e-01,-1.955967951892426893e+00,-2.084590965257021034e-01,-1.340452688311389640e+00
-4.622296894790242638e-01,1.697389732134554130e+00,-6.653785052318573756e-01,-5.116094120002118162e-01,-3.409046924168515069e-01
-9.516619900386126263e-01,5.936127089407200463e-01,-1.397827358259050357e+00,-1.547765382535485484e-02,-1.706066150607487453e+00
-6.049103369612823800e-01,3.352149282158744525e-01,-1.678850790321728015e+00,-1.102246990448482455e-01,-1.311581656889371006e+00
-7.957278278642502256e-01,1.197538753449902904e+00,-2.065687024382087955e+00,-3.958609521009642807e-01,-1.426972647647061665e+00
-4.794649248913162021e-01,1.740594949327813612e-01,-1.396442616819669524e+00,-6.406321288657050583e-02,-1.088764159504295170e+00
-4.819764477214632525e-01,1.141003268730153897e+00,-2.494920279001573982e-01,-2.426566220213843272e-01,-4.519689607727663816e-01
-1.021545332219577329e+00,1.765346446029222083e+00,-1.609396207046891014e+00,-4.377112085002676789e-01,-1.473075430615146564e+00
-7.326452498058539931e-01,1.910530794003347133e+00,-1.744097902115745002e+00,-6.315830853827731906e-01,-9.938052146531530795e-01
-2.996162145237043495e-01,1.760752762160259444e+00,-1.117666978592799509e+00,-6.691625698832837088e-01,-1.787509403594299273e-01
-6.547301119085854326e-01,2.013532694488984198e+00,-1.497072143729458960e+00,-6.653876884367013744e-01,-7.663631904541258200e-01
-2.438477214761146372e-01,5.727957100316385386e-01,-6.661170491754762057e-01,-2.000662415546621831e-01,-3.754867983598470516e-01
-1.024862570048907129e+00,7.696468747881610728e-01,-1.469813027783030357e+00,-5.829946696732833666e-02,-1.782941398230416530e+00
-9.692407786314923002e-02,9.447564973225495155e-01,-8.047398796042923852e-01,-4.159832405269768274e-01,-4.819337063357734263e-02
-5.875221513331092549e-01,3.471643623469213846e-01,-1.746699612028227211e+00,-1.317779462928490575e-01,-1.297708626606514981e+00
-6.942622057326877094e-01,1.982687496335541200e+00,-1.609430199855283350e+00,-6.540310090840713020e-01,-8.709120102463661084e-01
-6.141258728868370653e-01,7.249760222451825387e-01,-2.170614082144072476e+00,-3.181879996000533395e-01,-1.324861574975141121e+00
-8.023709788675844612e-01,1.984538364033861191e+00,-1.552234793799244228e+00,-6.006676835124689084e-01,-1.029130840753515796e+00
-3.646911176042755276e-01,1.877380066790241164e+00,-1.273101316240066838e+00,-7.062768089517306169e-01,-2.853950667894865068e-01
-6.309477582099960458e-01,2.298157934773743527e-01,-1.069344036745795368e+00,2.770907037763045005e-02,-1.225741802849093842e+00
-6.675776433095022000e-01,1.425721762397499814e+00,-2.225484679347134342e+00,-5.553036456882222138e-01,-1.185031753842301638e+00
-2.845765480894501542e-01,7.931429992865046685e-01,-5.348366336476223504e-01,-2.428129643655651815e-01,-3.301026831763212432e-01
-5.414247510825174192e-01,3.210563459866550007e-01,-6.285357726257080335e-01,2.154656310623226725e-02,-9.314849370807519735e-01
-4.427479149487572596e-01,3.584022331850173493e-01,-6.426076874953426943e-01,-3.560753950110660815e-02,-7.633973680961008146e-01
-4.434889896250441277e-01,1.941450325229628904e+00,-1.320447642009787925e+00,-7.029206999040297221e-01,-4.031275722733486111e-01
-1.011664082220946614e+00,1.135692276242763921e+00,-1.719627758681401053e+00,-2.318525875561699423e-01,-1.703135147039741337e+00
-6.667865876596996699e-01,2.006870254586128333e+00,-8.741236090288372340e-01,-5.668571751483578725e-01,-6.204503860420542694e-01
-6.696046063812215454e-01,8.826023788510898305e-01,-2.172199259982307229e+00,-3.515957784291513510e-01,-1.360552938245761290e+00
-9.370824925458282051e-01,1.986445489833236877e+00,-1.453073897380489976e+00,-5.299533397904216958e-01,-1.218914878120187284e+00
-2.000412327044843730e-01,2.143536876045903372e-01,-1.075056662435982080e+00,-1.496024434565925987e-01,-5.380714558304625639e-01
-1.132654412987978698e-01,1.288515540786214553e+00,-9.126018314855730562e-01,-5.483069006300498316e-01,1.454408883637825674e-02
-1.413382051430716602e-01,3.247090871241885557e-01,-9.772295174796938877e-01,-1.997377634168346072e-01,-3.792174531895706191e-01
-8.075046956578618707e-01,1.928425889839060270e+00,-1.654156052182026881e+00,-5.932418639815320027e-01,-1.084109851569199812e+00
-7.402463563695321769e-01,5.369904794921580571e-01,-1.744971366427344517e+00,-1.351862928738919722e-01,-1.478182635646781540e+00
-8.573963808747446791e-01,2.119479893050832953e+00,-9.644707014649446242e-01,-5.399855787491556480e-01,-9.132926442817074220e-01
-6.447450546348272304e-01,9.753616874024787498e-01,-2.250926782962677120e+00,-4.069183715536073831e-01,-1.309802355732853307e+00
-8.513257737136110670e-01,1.957500212421503960e+00,-1.570194369842389470e+00,-5.729014079542954496e-01,-1.122156489083403264e+00
-5.421968541089323690e-01,1.984623599995514853e+00,-1.567098869215332702e+00,-7.127772914416993233e-01,-6.137620891333599449e-01
-4.654013409555462499e-01,2.815900505161018641e-01,-1.885911573075077063e+00,-1.801606750491489273e-01,-1.160868869497793554e+00
-6.348160308148925735e-01,2.004409883091102351e+00,-1.532504881507265271e+00,-6.757021202158400852e-01,-7.469354676451515074e-01
-3.981904639740593277e-01,1.213053554978392290e+00,-4.013563214658607547e-01,-3.261230624184288662e-01,-3.330385453345414137e-01
-5.001905222482158075e-01,7.997672533380939530e-01,-2.388130728402657887e-01,-1.108450996562861945e-01,-5.956865411649822084e-01
-8.237994795697165529e-01,1.013751237491954615e+00,-1.977605146347164888e+00,-3.051210975525677771e-01,-1.511656640460457890e+00
-9.889919107932688691e-01,8.183850292931605930e-01,-1.579873238583919814e+00,-1.070424354028683966e-01,-1.737998889461229490e+00
-7.581716223735198712e-01,2.042092988623317229e+00,-7.372119697765563417e-01,-5.208935887256781472e-01,-7.187978661695394456e-01
-3.174567800692065234e-01,3.662307692458640629e-01,-7.510542673758752175e-01,-1.071961091253692822e-01,-5.879507479390556623e-01
-2.856727205408242654e-01,4.462196925620375842e-01,-7.037478536321407629e-01,-1.424373168482955809e-01,-4.965114369381156134e-01
-4.451170644546196820e-01,1.065361334779562519e+00,-2.935570563351063700e-01,-2.375003005499935205e-01,-4.304055310386513677e-01
-7.623367804207237253e-01,1.550332876042612051e+00,-2.053309120664923437e+00,-5.348651196198175306e-01,-1.248617936377656168e+00
-7.620314102964675929e-01,2.063119228526852922e+00,-1.300426422471299359e+00,-6.091291456955143513e-01,-8.693548363032287396e-01
-4.695704429187551598e-01,1.286182382948354963e+00,-3.145765945444989886e-01,-3.095512916999277886e-01,-3.996100141021064478e-01
-4.563862085554017956e-01,1.075652689009592100e+00,-2.777940134980451670e-01,-2.341322252162040540e-01,-4.407912579442869183e-01
-4.953436626149262945e-01,6.386486110665143823e-01,-3.172502143397339935e-01,-6.648973360270810096e-02,-6.643354379262433884e-01
-6.006244200154123858e-01,1.810491108437425334e+00,-5.503289784504893367e-01,-4.769529484024731536e-01,-4.941479070196128087e-01
-6.702969075634730434e-01,1.906079002806183365e+00,-1.798919076586546595e+00,-6.643344837926369317e-01,-9.095960799247742035e-01
-2.961153564059360033e-01,1.839872048238644586e+00,-1.335387259538479032e+00,-7.308775696506372155e-01,-2.045142933722262912e-01
-3.521361441834637285e-01,1.688366613871330468e+00,-8.755557800537338009e-01,-5.855936898569490401e-01,-2.231180126456051294e-01
-3.795874873223603063e-01,7.639649080500900968e-01,-4.116446574489894261e-01,-1.741929532309630380e-01,-4.601116329665789206e-01
-2.464296299841593207e-01,8.691442036887080391e-01,-5.800043154103915466e-01,-2.928250442871384029e-01,-2.546625125991268668e-01
-7.716631766333833520e-01,2.055692590459013758e+00,-1.344866448954110005e+00,-6.088879979246254459e-01,-8.993891593831377929e-01
-4.800561145875337221e-01,2.573999184411375762e-01,-8.080538996751326364e-01,-7.751941802254370614e-03,-9.027507486261018288e-01
-5.404019343975531298e-01,1.988957531844173898e+00,-1.257501330929384986e+00,-6.698440698676483285e-01,-5.260681978322264696e-01
-5.704364002172542802e-01,2.195819148570113399e-01,-9.603661101092365593e-01,2.174975508780233394e-02,-1.102401997561335056e+00
-4.538800460033450834e-01,1.882508764978794824e+00,-1.042892866938703644e+00,-6.367970911447825566e-01,-3.654360522153023982e-01
-6.500128497929869020e-01,2.027297054792362996e+00,-1.407796636789000910e+00,-6.592762483576667387e-01,-7.300073936152097209e-01
-8.605474405868573928e-01,6.348435209139733360e-01,-1.633704711946183608e+00,-1.032495739264065737e-01,-1.608519811677517897e+00
-1.005954467833453769e+00,1.114655000292900766e+00,-1.721848580639421700e+00,-2.270334658250948989e-01,-1.701757743310368109e+00
-3.144382325921126764e-01,1.696925927288366887e-01,-1.113075604174414979e+00,-9.079344008727877058e-02,-7.480269461975573853e-01
-7.855977200915188474e-01,2.066685553195384273e+00,-7.629884656192736925e-01,-5.219076494776944131e-01,-7.614896827896791009e-01
-5.010301162260523133e-01,1.473242666845493209e+00,-3.678916016227459784e-01,-3.712372599088973879e-01,-4.003964159357998320e-01
-6.114137560956224293e-01,1.806250503749734726e+00,-5.209011595926898996e-01,-4.665712175334593148e-01,-5.050757136411733184e-01
-2.935289077766588539e-01,6.036692386793908183e-01,-5.875808465078012910e-01,-1.786894050681167301e-01,-4.238204000971538821e-01
-4.719163896729053898e-01,9.720197811316696468e-01,-2.497898352731528215e-01,-1.862586489857774030e-01,-4.938903385702300142e-01
-6.138513160096000787e-01,6.042913297840614151e-01,-2.067223127645996694e+00,-2.598488076167296823e-01,-1.338059027634137532e+00
-8.060127943278605489e-01,2.055890824401424677e+00,-1.350529466565462133e+00,-5.952763780487211331e-01,-9.562084447666983067e-01
-6.974111952193554620e-01,1.527013325579782199e+00,-2.147182193036963671e+00,-5.676362668564273184e-01,-1.177245839830850960e+00
-5.773035120791231156e-01,3.424432914220765234e-01,-1.760132182590969707e+00,-1.363622443616676894e-01,-1.286475224345829727e+00
-7.031907564951964673e-01,9.647021835888315300e-01,-2.153335411237267127e+00,-3.641373813687920347e-01,-1.381403608886363932e+00
-6.662754818356927400e-01,7.838318635361344322e-01,-2.121037832503163134e+00,-3.100509230613214817e-01,-1.375353189231078632e+00
-1.068235078316130737e+00,1.737521120079430270e+00,-1.570920347092555680e+00,-4.023709517932818058e-01,-1.547534155858851568e+00
-3.523902656445046522e-01,7.921252276259433955e-01,-4.413933893446684853e-01,-2.001437254918642106e-01,-4.146067230391662362e-01
-8.409277211727108625e-01,1.735142394257997989e+00,-1.842922424906502599e+00,-5.372925441064575480e-01,-1.255180611930036161e+00
-4.570628193144414264e-01,7.731552760936915014e-01,-3.049027627417528752e-01,-1.291650021257418901e-01,-5.531021919416165833e-01
-9.288204540415118116e-01,1.868623634069475736e+00,-1.621390052585405472e+00,-5.157268226027080793e-01,-1.291370565359313938e+00
-4.605300153069548097e-01,1.454012857600727182e+00,-4.247387733010421496e-01,-3.897477084944702685e-01,-3.570237973905812656e-01
-9.767457059233927708e-02,5.130619611905802291e-01,-8.809776966054123637e-01,-2.717633169082926958e-01,-2.182306423909050885e-01
-1.748158639063987774e-01,1.584620559555071750e+00,-1.086146229448404332e+00,-6.540170744436253347e-01,-2.963171997437844332e-02
-1.696300976127944893e-01,1.299430469962428170e+00,-8.228309163702074436e-01,-5.152965437993878295e-01,-4.839539974432837538e-02
-8.008732307457144817e-01,1.472775705200131569e+00,-2.032278181303703413e+00,-4.876572656865997279e-01,-1.331715645011607885e+00
-3.266455094655211222e-01,7.393212282322521034e-01,-4.901508593275693548e-01,-1.991803563502538843e-01,-4.043740145091986871e-01
-8.721567877738257701e-01,1.724785296577410865e+00,-1.814675840094264636e+00,-5.162522318554558787e-01,-1.301471684789238248e+00
-4.996327528871686297e-01,1.968012678055690579e+00,-1.271511383231796799e+00,-6.815915304751403170e-01,-4.713237378246264986e-01
-3.059133139253833455e-01,1.793833792985441766e+00,-1.177897814420532763e+00,-6.871864651878318853e-01,-1.937430888523865025e-01
-5.431390842878575098e-01,1.995077857708389857e+00,-1.443706798266823910e+00,-6.981000739490278439e-01,-5.784845884072347122e-01
-7.499677398605980594e-01,1.714784735226400736e+00,-1.963256165223091543e+00,-5.859925573623551154e-01,-1.147950125374605612e+00
-1.409663246274487636e-01,8.980121598405504946e-01,-7.342206782765996476e-01,-3.702833589132315528e-01,-1.162619492799362719e-01
-4.193827499331589381e-01,9.922987839349703965e-01,-3.265757160929598779e-01,-2.269563223554358633e-01,-4.229143699884008734e-01
-4.651387132966524618e-01,1.953959503487488203e-01,-1.017281797376991426e+00,-2.236343344453205206e-02,-9.563121116862548510e-01
-1.827364304323867150e-01,1.397803296250229366e+00,-8.718402413223832470e-01,-5.522538025469521106e-01,-4.891120738626544839e-02
-5.022218782360794442e-01,2.951166492688129250e-01,-7.077513430045744292e-01,2.724831164085512580e-03,-8.985276637017470813e-01
-2.684359800775901750e-01,8.879328606992812345e-01,-5.474006175320436096e-01,-2.855117665610363287e-01,-2.749029860290364558e-01
-6.701261099646805830e-01,1.933961967933141901e+00,-6.374037567090443668e-01,-5.046642313569125182e-01,-5.871804187895954819e-01
-9.779452404293885737e-01,2.021327544050228298e+00,-1.360186406720199193e+00,-5.116439430629299290e-01,-1.247796177029967257e+00
-2.611792046713483084e-01,5.456250332216353582e-01,-6.600748533045941446e-01,-1.821032705500662818e-01,-4.111298349131779495e-01
-3.491725529082206902e-01,2.205974498680728924e-01,-9.633527039180744822e-01,-7.252101372866613660e-02,-7.462316269193056684e-01
-1.056847436557815934e-01,6.735241211442084541e-01,-8.072960263975276218e-01,-3.152416278820116546e-01,-1.561854868742497404e-01
-7.009382565956504552e-01,1.977728879160860487e+00,-6.756279362165044100e-01,-5.129537065581901700e-01,-6.320918834260098595e-01
-1.047233144251111359e+00,1.202726032012316315e+00,-1.682142021979200486e+00,-2.354238882985318082e-01,-1.727346765653820615e+00
-6.198748084949392556e-01,2.023941554591758063e+00,-1.359280314220394414e+00,-6.637117487184316378e-01,-6.695291612933379488e-01
-2.630339726478337914e-01,6.960287654346848374e-01,-5.887981142569785886e-01,-2.249207901238761409e-01,-3.432664350119054575e-01
-6.530866325335122902e-01,4.555393839453573124e-01,-1.802891890072863212e+00,-1.512171914366621517e-01,-1.381271180724100045e+00
-5.335867906315965303e-01,1.361504788538931532e+00,-2.442420292122467751e-01,-2.992814864229783045e-01,-4.579847764860403014e-01
-3.327501868398713425e-01,4.126578032616657343e-01,-6.841921802413261089e-01,-1.076381653075585421e-01,-5.786572959756777212e-01
-7.414334534268219867e-01,2.039205760985027815e+00,-7.779891397748458504e-01,-5.328870385761567130e-01,-7.037848521840857074e-01
-3.985466951849864214e-01,8.274237708236132915e-01,-3.702555663143262676e-01,-1.829264146913892608e-01,-4.577298833120890253e-01
-1.580159631446459989e-01,1.584808805035245738e-01,-1.213288135300917281e+00,-1.674910732218301279e-01,-5.267299489904505583e-01
-4.841524933185839541e-01,2.296856933752620400e-01,-1.691417958949554379e+00,-1.251723929753510989e-01,-1.156585720423796149e+00
-3.209261529461602258e-01,1.120882096242195314e-01,-1.409571757133686987e+00,-1.106970599475645411e-01,-8.580608031473684338e-01
-3.710067882676735262e-01,1.532739729438422627e+00,-6.509032860032293311e-01,-4.888947432816455052e-01,-2.465465103641658051e-01
-6.428035850754784120e-01,1.972123091439104137e+00,-1.655850880002500025e+00,-6.787590953232366386e-01,-8.040940261109040810e-01
-5.274471223771763917e-01,1.929288757726708159e-01,-1.325916941253831416e+00,-4.026348913690980941e-02,-1.140639129856297673e+00
-7.206916164433978533e-01,2.066069772985332786e+00,-1.137568891213702749e+00,-6.038504119152475758e-01,-7.578865840515526253e-01
-6.168924837069640343e-01,3.223868309280077948e-01,-1.617906811759878494e+00,-9.164872471594634473e-02,-1.318901375477544047e+00
-6.639515503010839925e-01,1.696554392302365821e+00,-2.075550009989433509e+00,-6.321931374303202400e-01,-1.045793492175840944e+00
-3.294471801192491167e-01,6.235320203819840756e-01,-5.321790642361826640e-01,-1.625530603924188466e-01,-4.599796789485765536e-01
-7.998993002477507164e-02,1.137987337897058637e+00,-8.863764534413999252e-01,-5.044678527498107634e-01,2.351833984463909746e-02
-2.346922831042204116e-01,1.235149985814362639e+00,-6.769222361584790182e-01,-4.434006669570667580e-01,-1.360807274624326602e-01
-8.824956194275512811e-01,4.286399800426276552e-01,-1.233868496190915875e+00,3.851756247476475353e-02,-1.607143086244687380e+00
-2.115265709052767951e-01,1.876798185154708309e-01,-1.117903232311827200e+00,-1.414326633651951659e-01,-5.772770505456952250e-01
-3.851836623384805591e-01,1.898248453338273078e+00,-1.295869686388549935e+00,-7.084426466429564195e-01,-3.173816235120555662e-01
-9.407939663769473992e-02,1.037821809107817073e+00,-8.284569119481827171e-01,-4.540760477355079150e-01,-1.801725016185623182e-02
-2.920248099985350843e-01,2.468048103980274577e-01,-9.473303854899515208e-01,-1.037330250865543396e-01,-6.408076142418240861e-01
-2.231506532882706062e-01,2.594148596346097513e-01,-9.822276538142231672e-01,-1.424570946860589105e-01,-5.348571932833071640e-01
-8.842281377229195272e-01,1.938643361679031063e+00,-1.573494421750103234e+00,-5.527120849024155236e-01,-1.182553806967688859e+00
-1.963886462869821881e-01,9.647058981827557611e-01,-6.568787914283054086e-01,-3.595208149675150899e-01,-1.618639647458794129e-01
-8.734998210435735988e-01,1.294684000710470073e+00,-1.955687144269363964e+00,-3.818209324349302047e-01,-1.489347009359459628e+00
-5.851327188876561669e-01,2.012605783934662718e+00,-1.343804112546995055e+00,-6.720548562549412130e-01,-6.132629929458615070e-01
-7.107704171676360039e-01,1.982639749826444087e+00,-1.603491801389273830e+00,-6.461723150619113065e-01,-8.959377504779580947e-01
-3.620753092988447941e-01,7.867339435906968159e-01,-4.293894861624554249e-01,-1.923617380614344730e-01,-4.288387294345650247e-01
-1.872511362173619465e-01,6.516254179908171906e-01,-7.044946395823897811e-01,-2.578955935351464057e-01,-2.675111607459305096e-01
-4.504399958555981853e-01,6.962659953528045342e-01,-3.433426854359692970e-01,-1.099656010191743527e-01,-5.791878025947133635e-01
-4.395810988468527580e-01,1.714671868810407451e+00,-7.355914086441426303e-01,-5.376456155029191164e-01,-3.173572037739487151e-01
-4.502136169176272351e-01,1.175653871128650829e+00,-3.071363346425022289e-01,-2.769440499461261473e-01,-4.043822061211793106e-01
-1.018497033514981220e+00,8.956947490268414303e-01,-1.587705656769772267e+00,-1.234893124282194360e-01,-1.761101480095944138e+00
-2.527592151386758301e-01,1.145669300284792191e+00,-6.104452274234486442e-01,-3.939154711501461348e-01,-1.780533937787107113e-01
-7.213828881417676531e-01,2.046572753595544469e+00,-1.363019668943798779e+00,-6.295058196918038584e-01,-8.263673706985030787e-01
-7.604585387776729988e-01,4.415794323718600367e-01,-1.547594939785147838e+00,-6.353386200946696538e-02,-1.490425649386434293e+00
-2.171930438059543611e-01,3.788576001376427471e-01,-8.413171646586197205e-01,-1.672780011818333079e-01,-4.463007154392366616e-01
-3.764631555750555525e-01,1.605199648432492077e-01,-1.146705250969355161e+00,-6.621257265433276584e-02,-8.601974888168142375e-01
-3.444034305368244286e-01,1.844469410298123613e+00,-1.218154303416952633e+00,-6.949964513305003644e-01,-2.492167195926859591e-01
-4.569455294661433076e-01,1.633342689794940794e+00,-5.955938005657407386e-01,-4.806397187707171503e-01,-3.356128709466886240e-01
-1.092810383468424407e+00,1.530618971453753474e+00,-1.620116409448671746e+00,-3.248696635521838294e-01,-1.671465246617781508e+00
-9.393668771048782062e-01,2.013759160946252180e+00,-1.402290806500488207e+00,-5.313761672310146622e-01,-1.199547322543502936e+00
-6.931067231829444175e-01,1.038841436680198793e+00,-2.193685423694035741e+00,-4.009218871282315133e-01,-1.350537458673178426e+00
-4.894925069598082268e-01,3.625007084686636682e-01,-5.956059046007856628e-01,-1.046362494747174986e-02,-8.246824998354024272e-01
-9.848145141533127811e-01,8.459199049054644259e-01,-1.609709525729815738e+00,-1.230569984890709095e-01,-1.729834948088279756e+00
-4.801644407437165030e-01,3.125595897352821395e-01,-6.876180684757716710e-01,-9.915211968413160590e-03,-8.515657920347142751e-01
-3.752851970661428282e-01,1.902344817011083045e+00,-1.348467302225544007e+00,-7.217825283903372968e-01,-3.141741819053918139e-01
-4.888003280477052903e-01,1.040606583452205802e+00,-2.260024691736227109e-01,-2.002830109489771582e-01,-4.911385789704693638e-01
-6.399363257153959372e-01,3.912796790073492792e-01,-1.718282611291001905e+00,-1.213274259858853898e-01,-1.359384790112599495e+00
-7.010328769017593054e-01,2.576269153253143429e-01,-9.411865036928377393e-01,6.605732534272074075e-02,-1.294660869306204942e+00
-1.030135026688567601e+00,1.916045942064136032e+00,-1.464870895113302707e+00,-4.670845289958390212e-01,-1.396254519331540322e+00
-1.895983625696240071e-01,1.372385141535406250e+00,-8.394331512483903524e-01,-5.354897030468160901e-01,-5.998297325128976870e-02
-8.813091885655743862e-01,1.867017363847449207e+00,-1.671431112068726410e+00,-5.425338873869580691e-01,-1.228811380935055597e+00
-4.024752742930586269e-01,1.462670062480656563e-01,-1.266668721811389897e+00,-6.763792128824031025e-02,-9.393014929201362051e-01
-9.486974272314936396e-01,1.935029617568170268e+00,-1.520740418074316702e+00,-5.164700688269600048e-01,-1.273508660966805817e+00
-7.015360954603035160e-02,9.674089511371722905e-01,-8.493311112831198884e-01,-4.419448085405718873e-01,-9.262640184650941175e-03
-9.775550582638219410e-01,6.234586553591112690e-01,-1.388333027925758634e+00,-1.387122755252567265e-02,-1.734990948469250283e+00
-6.845361641307572409e-01,1.995917284932624325e+00,-7.782381345424742580e-01,-5.414115620818735763e-01,-6.270189543549364863e-01
-1.043542980694007971e+00,9.368749669741526231e-01,-1.572411602961744093e+00,-1.254638608151177337e-01,-1.783206243921918288e+00
-6.066962684546647333e-01,2.021026196178496992e+00,-1.271496094689819500e+00,-6.554020002103938536e-01,-6.256675368395550052e-01
-7.554683046592908235e-01,1.649019873403063441e+00,-2.006274616301994662e+00,-5.663363599128697912e-01,-1.190985964248757245e+00
-9.589548197482247183e-01,6.689814928099582225e-01,-1.484291750740440730e+00,-5.210282613508131905e-02,-1.715194259249113617e+00
-1.042201190073322792e+00,9.174301408461791318e-01,-1.561712755414500720e+00,-1.174833308844428353e-01,-1.784844991372269485e+00
-1.845850736399831382e-01,3.393263968437180700e-01,-9.166041606379848883e-01,-1.778581979876954766e-01,-4.275851756038039908e-01
-7.199782862859764876e-01,1.980756627656552249e+00,-1.604657686447498399e+00,-6.417766541983256356e-01,-9.117393638970132663e-01
-6.539184693500817991e-01,7.407352557814858018e-01,-2.112502670723078957e+00,-2.985451818802568602e-01,-1.367946004390166559e+00
-8.594591594866987094e-01,1.756041379518422652e+00,-1.804741596833812523e+00,-5.313900207303456913e-01,-1.267594533774818233e+00
-8.160789654039266594e-01,1.747942990353786197e+00,-1.860561814648633572e+00,-5.549649323792525957e-01,-1.215479241410809097e+00
-7.911568399541283325e-01,3.700189933171585954e-01,-1.304893918188654078e+00,1.060644947822973749e-02,-1.499179001652926280e+00
-5.702776161214777595e-01,5.558286484771249869e-01,-2.098268428648987438e+00,-2.653875565601989117e-01,-1.292832467372124317e+00
-4.696432691314093022e-01,8.825093557025077695e-01,-2.614428405727771687e-01,-1.567739020323162813e-01,-5.241144495747196430e-01
-6.203208495433213399e-01,1.900523847890132734e+00,-6.781197427587555282e-01,-5.196449310188975268e-01,-5.293505970589676979e-01
-1.019671528156538498e+00,2.034376365583024704e+00,-1.305365475476038428e+00,-4.906917168700127285e-01,-1.295813905683500078e+00
-7.433596603471497311e-01,2.009477277766871239e+00,-6.597120211214231311e-01,-5.041098900103220259e-01,-6.852748255936392807e-01
-4.839290810650302976e-01,1.958784308981764255e+00,-1.271213800186651532e+00,-6.848674030168442339e-01,-4.491035248499375410e-01
-7.947605608372948494e-01,2.024744194908198125e+00,-1.455371165037776748e+00,-6.041659797716000257e-01,-9.769858266665785163e-01
-1.023654326369773049e+00,1.779085666674507182e+00,-1.597125849792853103e+00,-4.399614761295527199e-01,-1.468452485314915013e+00
-1.614205990382014955e-01,7.763147225387788675e-01,-7.098069686947561241e-01,-3.143664644246226270e-01,-1.844699129671008853e-01
-1.175429309702943625e-01,6.726158881304640236e-01,-7.914385964208534574e-01,-3.075885408855222325e-01,-1.713429244348660396e-01
-3.746157589349980999e-01,1.490568342855862760e-01,-1.685817582712629159e+00,-1.416677815693528630e-01,-1.006231993699279403e+00
-8.317618249675718944e-01,1.614699188333827307e+00,-1.933375420949057455e+00,-5.111265938872815440e-01,-1.306127293238482201e+00
-6.351237229363947412e-01,1.996484301706926923e+00,-1.568618610613601305e+00,-6.780036904430456479e-01,-7.598724109011589789e-01
-6.864512248409674333e-01,1.768326410170584229e+00,-1.981025945820878320e+00,-6.346509586040438577e-01,-1.031963594503678028e+00
-1.987103696786315932e-01,1.530712648155638123e+00,-9.720606145905080764e-01,-6.078881899089598750e-01,-5.596437909165440094e-02
-7.435304587368678497e-01,1.366014306009015744e+00,-2.135911401134574561e+00,-4.886830916827858973e-01,-1.303858827802559794e+00
-2.094012334579893053e-01,1.552589750547149983e+00,-9.771535835997535724e-01,-6.119736047051146377e-01,-6.704997657897847352e-02
-5.738250428630099487e-01,2.669940527995097734e-01,-7.490608693600585566e-01,3.703542879293330453e-02,-1.034713129859380354e+00
-4.801339734079433930e-01,2.182121269829643828e-01,-1.661161349731563153e+00,-1.183271343478117660e-01,-1.145908672636319015e+00
-9.461773222044231879e-01,6.114322635467575040e-01,-1.434670272722530227e+00,-2.957917642031441391e-02,-1.701018441858902941e+00
-5.038713427410613788e-01,2.926764701696504267e-01,-1.820035495934198666e+00,-1.582634899963773212e-01,-1.201337519415794031e+00
-4.406485860702329949e-01,8.533896308900325023e-01,-3.068896584928624272e-01,-1.652058785140331498e-01,-4.996158074064464549e-01
-8.662136245192074702e-01,5.400312910714148984e-01,-1.492186833115111577e+00,-4.612073280185743224e-02,-1.612143775897726616e+00
-8.562113988362842765e-01,2.111597805436181030e+00,-1.079654894375435825e+00,-5.544895599604293679e-01,-9.450864757945677264e-01
-5.971830270090874304e-01,2.017366937806160720e+00,-1.291829432131928579e+00,-6.610782231395309072e-01,-6.170632546387210260e-01
-6.107483134034479288e-01,1.871759388101565280e+00,-1.906035023656660332e+00,-6.928189384193031986e-01,-8.542332141843927973e-01
-5.450688990767499353e-01,1.793639255962985235e+00,-6.398171872389601944e-01,-5.074479065039531056e-01,-4.344761576333791564e-01
-7.801521978277273783e-01,1.999541955800220983e+00,-1.529254600064367642e+00,-6.120836999083052454e-01,-9.819808807842018705e-01
-3.607913497806417014e-01,1.215279737764053847e+00,-4.622920096108400489e-01,-3.516271081292601797e-01,-2.883928119543596180e-01
-6.762634861059274582e-01,2.792349194117422773e-01,-1.305320355511194519e+00,-5.385293338907662548e-03,-1.345302376418399781e+00
-6.501183919958379853e-01,3.094126473039285341e-01,-1.495767111037037411e+00,-5.510235943082015392e-02,-1.344043598564918174e+00
-1.058119902233178866e+00,1.752897894083775610e+00,-1.573803965045656561e+00,-4.125880385021195584e-01,-1.526724032779968487e+00
-2.084777423824612508e-01,8.047261472932839554e-01,-6.397331273738632307e-01,-2.944506218093954075e-01,-2.316972531849975370e-01
-7.194116353624684379e-01,2.065529574389791900e+00,-1.115522332862148636e+00,-6.009749775524850790e-01,-7.500764707056069014e-01
-6.086866945443188959e-01,1.813275104030269480e+00,-5.379046598312684502e-01,-4.727312211132412845e-01,-5.028425741593651743e-01
-1.185100902693994457e-01,4.653324074639415553e-01,-8.838085225671334921e-01,-2.462331031246577095e-01,-2.689722412239139437e-01
-1.280762703410806558e-01,2.835720238147375061e-01,-1.037574580016644044e+00,-1.993849906824337048e-01,-3.882140302010607114e-01
-5.504162053221922646e-01,2.154443839480408018e-01,-9.646649737023340609e-01,1.415025904924877009e-02,-1.072712459882820379e+00
-9.001532121216446747e-01,1.935259377770595091e+00,-1.564542936508994453e+00,-5.434611370043929135e-01,-1.206975045500197741e+00
-4.653503278538455024e-01,7.216932746606040672e-01,-3.130342705897745104e-01,-1.083696785633039700e-01,-5.863280689635873566e-01
-4.850547495593252600e-01,1.760295251496484248e+00,-7.117134193690024535e-01,-5.313320240468187849e-01,-3.685502076619289746e-01
-5.378309008655537404e-01,1.754315424038643823e+00,-5.933530921895411314e-01,-4.895913719558642185e-01,-4.238168647393702471e-01
-5.908331821788440630e-01,4.443492978135596405e-01,-1.914589859621866674e+00,-1.898210180306011685e-01,-1.314835393944063568e+00
-3.745695111729618332e-01,2.151707568457195130e-01,-9.640357208484323648e-01,-5.994325697138510461e-02,-7.892137201204738606e-01
-1.113835338313328149e-01,2.662998979389680221e-01,-1.075191811871818892e+00,-2.057310159554760487e-01,-3.773659621671564546e-01
-3.718832223858712926e-01,8.845302613584180573e-01,-3.991297316371901216e-01,-2.189200477825005708e-01,-4.029052095841383907e-01
-8.182523861286393752e-01,1.297579714394265560e+00,-2.036235100064263115e+00,-4.179715482615471434e-01,-1.420981581295167162e+00
-2.956378655424504176e-01,2.156303796078584689e-01,-1.005772951684297034e+00,-9.955174437899157180e-02,-6.730679952331651839e-01
-7.191284606316317163e-01,6.301152504297535817e-01,-1.897327699482449059e+00,-1.998204670169932973e-01,-1.453150496867907870e+00
-3.186780766959210753e-01,1.093597536111763580e+00,-4.918814329195920765e-01,-3.300390080697314099e-01,-2.702835165482455060e-01
-3.666626184963505120e-01,7.414699735279928206e-01,-4.358105858687967848e-01,-1.751055815395513582e-01,-4.535111055890309606e-01
-1.067318418740017982e+00,1.841100430827076195e+00,-1.498178235699288097e+00,-4.293278412849653169e-01,-1.490896458811429737e+00
-1.011360883406176692e+00,1.124093658664536477e+00,-1.716389808068671918e+00,-2.273417411660020593e-01,-1.705759938775123885e+00
-2.791322520781973626e-01,1.478735547347944879e+00,-7.684110690875288752e-01,-5.254837722883185513e-01,-1.486410611434910711e-01
-5.853980598817992709e-01,1.965745136878110477e+00,-9.559842521491666023e-01,-5.984322588769422913e-01,-5.254286420606437691e-01
-2.155891191869882262e-01,1.001812929432988941e+00,-6.327839952023434078e-01,-3.612155528079930011e-01,-1.735783207757148894e-01
-3.596449541540099326e-01,1.171505050306250517e+00,-4.488253688378639472e-01,-3.344213362479280804e-01,-2.979604095515002715e-01
-8.308961588603771542e-01,1.891245481149642638e+00,-1.689412044430231408e+00,-5.751596785721776461e-01,-1.144072315923691630e+00
-4.161670070958620737e-01,1.203604238067346177e+00,-3.693862609562655885e-01,-3.104629205762653998e-01,-3.566558206558357869e-01
-3.080123123138872598e-01,1.888845096989120176e-01,-1.061531266155195441e+00,-9.286757971651114774e-02,-7.172058789520100452e-01
-5.827142180951924710e-02,6.865058664087380080e-01,-8.691496444062892790e-01,-3.489730904151097102e-01,-9.195106142908338054e-02
-1.835854318875829450e-01,1.852228272848850110e-01,-1.141488138481645764e+00,-1.558004909719701014e-01,-5.394332821060706662e-01
-9.310005050196317189e-01,1.015789534613956491e+00,-1.804234536298669367e+00,-2.352294224669013445e-01,-1.637085537537303903e+00
-6.587387303147783646e-01,9.469686562450150280e-01,-2.218235370478968349e+00,-3.860315807440068969e-01,-1.333314343962519910e+00
-4.008026353678283416e-01,1.897845238432655401e+00,-1.244980697548073278e+00,-6.942623530053066983e-01,-3.290001504941372223e-01
-8.705063119258570348e-01,2.118855670471810448e+00,-1.042502392009972745e+00,-5.456277103778993665e-01,-9.556353578018084161e-01
-1.948904950511721468e-01,9.099044096245783031e-01,-6.549753604472485780e-01,-3.401932847217470912e-01,-1.777645959881759552e-01
-5.127257035980516825e-02,8.167639049143561314e-01,-8.645279949439661493e-01,-3.980369781154042830e-01,-3.467565728945958686e-02
-9.561745060054782641e-02,1.272047586465655744e+00,-9.321728587946996880e-01,-5.527078084606804609e-01,3.206427105513329212e-02
-1.704778267154354598e-01,1.982084965416914535e-01,-1.126342879156335020e+00,-1.637879675859895412e-01,-5.097700255891647325e-01
-2.012285732064151011e-01,4.482936828545905361e-01,-7.982480253948468496e-01,-1.926656443491852611e-01,-3.851246087202944701e-01
-5.071668028671264539e-01,7.580470400727837843e-01,-2.439458124861533794e-01,-9.366422032250132368e-02,-6.226451944247842762e-01
-4.729933802023366662e-01,1.903346040180989851e+00,-1.056109325543274968e+00,-6.381383594741442122e-01,-3.926399390602326456e-01
-2.559045671421232293e-01,9.395797479325837531e-02,-1.433107503480500089e+00,-1.350926532009837921e-01,-7.658235401841739787e-01
-3.989109946671604012e-01,1.859515882267007036e+00,-1.119319098795597212e+00,-6.629297022949304230e-01,-3.053044092428973677e-01
-1.984337976395260106e-01,4.102164315057901800e-01,-8.327204304762263476e-01,-1.852088091241141654e-01,-4.029782857607136504e-01
-9.184623405419085618e-01,2.005509529265975921e+00,-1.432884674582782347e+00,-5.417154024805743706e-01,-1.176921102785981166e+00
-2.100124498583929855e-01,1.632973223013234776e+00,-1.084211603847295535e+00,-6.562321524347984880e-01,-6.922775701449340735e-02
-7.551426526504705361e-01,3.579318859859981772e-01,-1.363729511843311037e+00,-8.864938307518610561e-03,-1.461117763293019900e+00
-5.315339334521977932e-01,1.982607743196067807e+00,-1.242250407187791339e+00,-6.690807264597098403e-01,-5.098526069709438113e-01
-1.017044629078348361e+00,1.668016231429628737e+00,-1.672610031622969062e+00,-4.138946244085539572e-01,-1.516270648352746164e+00
-8.426842194474466474e-01,2.114066450321475443e+00,-9.341496112986966693e-01,-5.398247840554437627e-01,-8.832806098494653257e-01
-1.257021343100008237e-01,3.701530787244245446e-01,-9.491998955416655059e-01,-2.185678479698149046e-01,-3.308604292119009527e-01
-7.938722447341370891e-01,1.617916749713815827e+00,-1.978756926387059689e+00,-5.349206274223248236e-01,-1.256164855089070054e+00
-2.550516559766482505e-01,4.982387496348751887e-01,-6.983553802366337937e-01,-1.732674928059699249e-01,-4.278348190274695595e-01
-5.477581474434018993e-01,1.842686467165362219e+00,-7.226378504086206078e-01,-5.360317397840337339e-01,-4.442468545924952439e-01
-5.437026510114555400e-01,2.377236887327028036e-01,-1.546305591490536369e+00,-8.169489305571116244e-02,-1.210755630361080248e+00
-4.028748318414835938e-01,7.985694275307568812e-01,-3.707773655149522729e-01,-1.708111474121572215e-01,-4.747593834360138709e-01
-2.128610306264371033e-01,3.629606080001016588e-01,-8.620295309646055504e-01,-1.664256488833820991e-01,-4.503537225745593009e-01
-5.248218373887951760e-01,3.309979108006390613e-01,-1.856436643816631538e+00,-1.684966653615379839e-01,-1.231734589142468472e+00
-1.096594052347529047e+00,1.317640461160738408e+00,-1.625992725339959533e+00,-2.476379041992510799e-01,-1.752315467159338169e+00
-4.215714512286475313e-01,1.772257506356597345e-01,-1.669428825929150317e+00,-1.295538296766790831e-01,-1.067825660372667906e+00
-7.564268280845390935e-01,1.773844007933697897e+00,-1.901779948660464070e+00,-5.954906155959973635e-01,-1.121527248728233950e+00
-6.774399640751962437e-01,1.376373694365672806e+00,-2.225333786098119049e+00,-5.333918140974183153e-01,-1.217840823526621374e+00
-3.646010746717733286e-01,2.564379611925444169e-01,-8.769955682668381103e-01,-6.625457099974507713e-02,-7.355469660559038614e-01
-8.370638446878394534e-01,2.044006515440294880e+00,-1.385873075148944533e+00,-5.830565354384237287e-01,-1.019849250122095263e+00
-5.628124292293065212e-01,1.552316902265888254e+00,-3.201890744809033906e-01,-3.665663724194004325e-01,-4.599716952387606916e-01
-5.865079111692973468e-01,1.893527128348903243e+00,-1.880639677876803306e+00,-7.071653566512190459e-01,-8.008510864997334666e-01
-8.808518928870586739e-01,4.475715292232626541e-01,-1.284048942358551049e+00,2.368991443909681041e-02,-1.611493131799500489e+00
-5.128864558199760504e-01,2.743005921454522711e-01,-7.500002597921706649e-01,8.531380294698001979e-03,-9.342370588485990890e-01
-4.895571010607281393e-01,1.744719348966051742e-01,-1.306461361976584579e+00,-4.679720032781683331e-02,-1.080674934019421052e+00
-4.733302052882615851e-01,8.491425971510044857e-01,-2.625206283973381405e-01,-1.433901032526704589e-01,-5.418103785772397929e-01
-3.243222103520740363e-01,1.439537646391089387e+00,-6.534798148216933722e-01,-4.755185268267415610e-01,-2.040156636620797381e-01
-7.061097093245020107e-01,6.345295653583232776e-01,-1.926190009928721691e+00,-2.111237195725892135e-01,-1.438417541935348654e+00
-6.659480931394914371e-01,1.912528514074947283e+00,-1.789506264812038561e+00,-6.671122540840616066e-01,-8.978380683346686153e-01
-7.229800298695222560e-01,2.035678930303303602e+00,-8.223656725429996373e-01,-5.459014058565391236e-01,-6.871955728432933563e-01
-6.016642505155543885e-01,1.931327347681486284e+00,-1.784930847004946974e+00,-7.003509713848447005e-01,-7.865379393137634789e-01
-9.476063590303506201e-01,2.071851819253097471e+00,-1.268083488424292860e+00,-5.291452331719800339e-01,-1.156754346467349093e+00
-1.023523322011773207e+00,1.767605446423086812e+00,-1.605471101949765389e+00,-4.371133092001206477e-01,-1.474431149267471097e+00
-8.102161385285975292e-01,2.091768571480612682e+00,-1.162246450005015808e+00,-5.788686378322445147e-01,-8.999906442940477369e-01
-3.796090479066136503e-01,1.622842075398080453e-01,-1.738452208025575318e+00,-1.520017227587852626e-01,-1.023899474283382904e+00
-9.878285284300641900e-01,9.878770799762346400e-01,-1.696747706089603680e+00,-1.854890854762330232e-01,-1.709344025081247054e+00
-4.137554097037720591e-01,1.782616155926344259e+00,-9.043343815135399533e-01,-5.976197606426860709e-01,-2.977977811675089348e-01
-9.585925956054200947e-01,1.590400129087347292e+00,-1.782359268225295557e+00,-4.267505741252214935e-01,-1.478258659645672601e+00
-6.877195091710679442e-01,1.437723796318257863e+00,-2.194758866090349425e+00,-5.466149980802308406e-01,-1.205104053145427789e+00
-5.653796823909645886e-01,1.882020486166766204e+00,-1.918168987382955937e+00,-7.174429387479391851e-01,-7.808496110738110119e-01
-5.255150260149756836e-01,2.611185966406188719e-01,-1.680328243309789027e+00,-1.173679229241530453e-01,-1.209469121668555136e+00
-6.900263183045352022e-01,1.487998798495449249e+00,-2.173652209111486489e+00,-5.606122653248066801e-01,-1.185869941003690142e+00
-4.263603656196963687e-01,1.457636081495300440e+00,-4.872293338256467043e-01,-4.146165162887578970e-01,-3.175216467740131776e-01
-3.797023822312890484e-01,1.679062175375644617e-01,-1.115168659173308985e+00,-6.288791168979601665e-02,-8.543943298500699113e-01
-1.799156178323933486e-01,1.215959386128601771e+00,-7.581761553515816709e-01,-4.715231870662520697e-01,-7.625197849771593595e-02
-4.055319702415652872e-01,2.284906298306778050e-01,-9.158766084363603177e-01,-4.460902750768244024e-02,-8.215822517714400641e-01
-7.005990707860377809e-01,1.958481525922890931e+00,-6.239743159629566049e-01,-4.986349811517504227e-01,-6.242579201601735628e-01
-6.323695226587366935e-01,2.004391522511170365e+00,-1.531431258809495377e+00,-6.765721049173647472e-01,-7.427096719158210458e-01
-7.806684787320670171e-01,2.077264772390816638e+00,-1.228226035053076703e+00,-5.957844753243937141e-01,-8.751046290883446321e-01
-5.378905945531674559e-01,3.030946098982984505e-01,-1.763107934682599298e+00,-1.393142756980827179e-01,-1.237270226622475988e+00
-1.864310834793670157e-01,2.446508325512991855e-01,-1.036371785163591852e+00,-1.605793700003968760e-01,-4.953162615150165093e-01
-3.168555853347824192e-01,9.970198325540651219e-01,-4.792001258363772220e-01,-2.942691677477614620e-01,-2.971136532937524444e-01
-5.731552466197135237e-02,6.615894374753263918e-01,-8.761959744671150574e-01,-3.414578703425771300e-01,-1.008667769644882306e-01
-8.798446694839726634e-01,9.222947628491583449e-01,-1.842049744726857563e+00,-2.287870707028779593e-01,-1.596931276355987084e+00
-3.025265321651436912e-01,1.430971551606303516e+00,-6.853585648273594622e-01,-4.863083389229238551e-01,-1.804076158203048175e-01
-6.677616504365939676e-01,2.042198921871007933e+00,-1.110764514450785834e+00,-6.137190526024001169e-01,-6.735639932160234489e-01
-5.600284526596406298e-01,4.981427956947901969e-01,-2.050610090463270918e+00,-2.420336966356428088e-01,-1.283306942788416061e+00
-5.048385062359090902e-01,1.977134332036970532e+00,-1.549987105844968793e+00,-7.233680479082486015e-01,-5.515175056014427479e-01
-5.830539113709988230e-01,4.173998519025807208e-01,-1.888249037147653464e+00,-1.795784926398152903e-01,-1.304467497918119445e+00
-9.015653980144404667e-01,2.112851860160134265e+00,-1.125436359543244169e+00,-5.424718636760627044e-01,-1.030075270713884716e+00
-1.089502472724421800e+00,1.121381871085201709e+00,-1.590294636132353334e+00,-1.749291224199989170e-01,-1.798705512006749219e+00
-2.233964212989139053e-01,1.634488633277911163e+00,-1.058999360690276337e+00,-6.474377681774680093e-01,-8.349437861060457489e-02
-1.023051786781883354e+00,1.472320657936457833e+00,-1.727891206326767071e+00,-3.491514070612879439e-01,-1.608061639746858562e+00
-1.483315490108907952e-01,4.415925543371446160e-01,-8.649064113575944956e-01,-2.223466384366530879e-01,-3.201069139727548696e-01
-7.124958489832803332e-01,2.062788959196971472e+00,-1.123987828177578141e+00,-6.041493824236390253e-01,-7.421494587534183118e-01
-8.364139178569354183e-01,7.177483057782784170e-01,-1.766849125787677721e+00,-1.626792551036266576e-01,-1.576968473395294446e+00
-4.682992073054469406e-01,7.680452256510054143e-01,-2.916362775816875863e-01,-1.206441515881379462e-01,-5.693982218080708702e-01
-9.713346071378329283e-01,1.115431385155071675e+00,-1.777207208488991386e+00,-2.500276631818891260e-01,-1.660588828114205606e+00
-6.331891921822572211e-01,4.876849659346562671e-01,-1.891573242630918417e+00,-1.841286733938694575e-01,-1.362021252500626112e+00
-7.864788649294653933e-01,5.224782370763448869e-01,-1.630196511389757630e+00,-9.366946647302482054e-02,-1.526798707103483643e+00
-5.373618214920263814e-01,4.305014851133796561e-01,-2.003601045735520447e+00,-2.204447520645901604e-01,-1.257362391100552035e+00
-4.446230980102095498e-01,1.704498862148228211e+00,-7.106458826726015365e-01,-5.282162012865937450e-01,-3.222659582787777977e-01
-2.051922764861983106e-01,4.707515617595154911e-01,-7.768403757545160326e-01,-1.959283405619143548e-01,-3.780368266611554007e-01
-6.639457653379490232e-01,2.714931273913956944e-01,-7.369805286938103661e-01,7.525524559058140162e-02,-1.175170004320882811e+00
-3.887600924431511840e-01,1.491491488557718514e-01,-1.218189119773608553e+00,-6.738148048287712077e-02,-9.031599258589563251e-01
-9.161453781896113924e-01,1.567754532348038854e+00,-1.846731794171513119e+00,-4.459565947701011335e-01,-1.434946325044981430e+00
-5.065006953237629617e-01,1.836295394051454144e+00,-8.028351085384455299e-01,-5.628858524604917202e-01,-4.015261615825440611e-01
-9.930283958402522648e-01,1.327457592944968123e+00,-1.780672298747428384e+00,-3.175200913245814216e-01,-1.623643184182597565e+00
-2.653339130920725486e-01,1.383029099821420305e+00,-7.143685824970178455e-01,-4.890408815658016661e-01,-1.447394345579882668e-01
-5.791221298356502567e-01,1.709364209252635325e+00,-4.502497733145899295e-01,-4.350893782383523645e-01,-4.673031993065568934e-01
-5.195637992575333763e-01,1.853380237353291715e+00,-8.089603209236971848e-01,-5.643988515780016257e-01,-4.183594455522579025e-01
-8.709718484231852020e-01,1.929689664675243499e+00,-1.598479311686396676e+00,-5.587478081242464034e-01,-1.170987283865330797e+00
-7.358312500444789128e-01,1.271604724686894228e+00,-2.156529636949682693e+00,-4.610412360478897131e-01,-1.329433031324135817e+00
-6.345802469371604193e-01,2.031749063063557070e+00,-1.217920667231910059e+00,-6.396439007637053642e-01,-6.525089893079816239e-01
-4.165862361708774775e-01,9.748108314899044391e-01,-3.303840982913028301e-01,-2.224133855423574557e-01,-4.254400067599380386e-01
-5.322417912411010477e-01,4.762046968914649403e-01,-4.083829552596550672e-01,-5.879331084628157574e-03,-8.041390777790217159e-01
-2.099819775769327379e-01,1.611736320548049939e+00,-1.053182809089386884e+00,-6.440827999418232697e-01,-6.812498378492241879e-02
-4.998701317588282733e-01,1.957587158880923217e-01,-1.037182116762361828e+00,-1.073041677533229619e-02,-1.017521467030877869e+00
-6.406651202606451490e-01,1.952504612233968873e+00,-1.712761878023237649e+00,-6.809339909159157767e-01,-8.227020277566048367e-01
-7.103175503914166411e-01,8.094436949443953866e-01,-2.062043832962297873e+00,-2.920225963829866100e-01,-1.421664321730769620e+00
-8.657867628421709316e-01,1.174993543921618366e+00,-1.956347704431630197e+00,-3.421883461579045549e-01,-1.518213783412072804e+00
-9.068886932487660868e-01,8.099525498769760690e-01,-1.719475507647099333e+00,-1.591001442410094058e-01,-1.646131537965140446e+00
-4.644669017038344228e-01,1.451938760182903909e+00,-4.163959426457528590e-01,-3.861203953704095970e-01,-3.618366680929426815e-01
-6.101042114753215673e-01,2.216112064301047069e-01,-1.095102782866989033e+00,1.808607958604272273e-02,-1.201897289283084813e+00
-3.993736613740025976e-01,1.469912177917634122e-01,-1.563237506647055852e+00,-1.125520983037783945e-01,-1.013859554870052859e+00
-7.595957326017980238e-01,7.020631918612939559e-01,-1.892556846905019130e+00,-2.078688617262304250e-01,-1.492372061746140899e+00
-8.267160751846533984e-01,9.667665467374467747e-01,-1.953104455075500567e+00,-2.834334508784838169e-01,-1.525906409216005732e+00
-9.546395469315951399e-01,1.349676869673439139e+00,-1.836882161448077699e+00,-3.499321648942025909e-01,-1.569261730154123846e+00
-7.214949388359701565e-01,5.335143114833805766e-01,-1.777723224256263723e+00,-1.466457802777205166e-01,-1.457967482892813527e+00
-2.802165873731479184e-01,1.648700937250305643e+00,-9.638779878393504141e-01,-6.146372807916419267e-01,-1.445954058648264151e-01
-2.175722956172736755e-01,2.786239397790892247e-01,-9.591179150894670880e-01,-1.483351056267500356e-01,-5.130479822088539477e-01
-1.519129130067381206e-01,1.416384023637442979e+00,-9.432866485747142260e-01,-5.823900521830887023e-01,-1.207345520406626765e-02
-9.432729547237348466e-01,5.838634469561447826e-01,-1.400414659898884251e+00,-1.589811745857381761e-02,-1.696590679849878658e+00
-6.136065850776322161e-01,2.680366070144762913e-01,-7.415049701557799855e-01,5.457039958480341263e-02,-1.096440145377284736e+00
-4.298369293704725758e-01,1.794071769511217385e+00,-8.907580424069060365e-01,-5.929565088958361763e-01,-3.161283686904085566e-01
-5.298337759218162413e-01,1.973555184596300194e+00,-1.181557326757865178e+00,-6.576773046329966732e-01,-4.938900749902813136e-01
-4.800973307550502334e-01,3.487469954742422606e-01,-6.250771714842637827e-01,-1.380002017818460214e-02,-8.221955393053420602e-01
-2.575324974829326652e-01,8.472212811739717742e-01,-5.655837903622269458e-01,-2.781535110297869706e-01,-2.762089914053886264e-01
-8.775066065943888383e-01,1.772938827234529890e+00,-1.770065693202950374e+00,-5.247670294346276076e-01,-1.281546304002567860e+00
-5.292294687779716122e-01,2.444786165048752069e-01,-8.305184090740110880e-01,1.437812690480426946e-02,-9.924909687758648458e-01
-9.673857954967065576e-01,2.087177826317879958e+00,-1.218788030498521691e+00,-5.190895356077320777e-01,-1.170103470169713056e+00
-4.777572927121347401e-01,1.969593505172073655e+00,-1.532051604483415819e+00,-7.294784777585658908e-01,-5.056332874681872536e-01
-1.307260118049077546e-01,6.299744050311422150e-01,-7.869199886655274812e-01,-2.860442602672610413e-01,-2.060248321864543986e-01
-6.510358440053505280e-01,2.028296530665113284e+00,-1.055591016691811435e+00,-6.077278398456958941e-01,-6.365351639690242092e-01
-1.032534084488440224e-01,6.757409157323877036e-01,-8.100311062307634646e-01,-3.174646154503532047e-01,-1.522411528420007654e-01
-3.830860378783897402e-01,1.689702253789444386e+00,-8.141979567607097179e-01,-5.640315689872043015e-01,-2.560318336325048127e-01
-7.435599458079183988e-01,2.064837245007030919e+00,-9.211805534904243808e-01,-5.621219802721670877e-01,-7.369388090367359201e-01
-8.577692635474354343e-01,7.420661810892167365e-01,-1.750236963808879054e+00,-1.599640090955299077e-01,-1.598563355801473351e+00
-5.061441709745713169e-01,1.920418440865476750e-01,-1.433035216262248390e+00,-6.459946477057791625e-02,-1.135433808966263669e+00
-5.109991063530373578e-01,1.598490806106018125e+00,-4.566263665074603573e-01,-4.249781519865155621e-01,-3.973123491997290202e-01
-5.087306623475481571e-01,2.858624662209960920e-01,-1.791538198632849577e+00,-1.495985524692070023e-01,-1.203842051224346399e+00
-1.073869084100491422e+00,1.794833525248111572e+00,-1.526622756844435713e+00,-4.141008323606531483e-01,-1.525004318295164918e+00
-1.641506841901950731e-01,1.143938137189010940e+00,-7.521334642690450378e-01,-4.514329262698197898e-01,-7.396004665124342181e-02
-6.293589797050136436e-01,2.382872764433235646e-01,-1.233600888031883613e+00,-1.097177056403395933e-05,-1.264471737843649857e+00
-5.052153614822139094e-01,2.870155784734609306e-01,-1.803000904595173148e+00,-1.531729701463819260e-01,-1.200864639982256232e+00
-4.969502500045520077e-01,1.910690070844354160e-01,-1.064779295838642614e+00,-1.431290243490180442e-02,-1.021852828253505541e+00
-6.140111645644521499e-01,2.336323588693068054e-01,-9.202762300402794748e-01,4.097014580172285425e-02,-1.157019009130322296e+00
-3.954609572736291212e-01,1.619710463969132652e+00,-6.978077850743169552e-01,-5.166555439987529086e-01,-2.687032345398868705e-01
-2.040805643981400408e-01,7.848622525344626233e-01,-6.486179862167493759e-01,-2.904724627956051797e-01,-2.338253388258232091e-01
-4.747002870496315197e-01,1.966754178863165281e+00,-1.571745186011436868e+00,-7.355513650266275461e-01,-5.123630355232486888e-01
-4.905931847299278559e-01,9.080323396799324653e-01,-2.282851904209937943e-01,-1.522446035207019321e-01,-5.401894984787615206e-01
-7.245588531124620424e-01,2.040496124943568024e+00,-1.397656261934653532e+00,-6.310439068317115208e-01,-8.428945768028019980e-01
-5.118967146948033564e-01,1.753501343068440299e+00,-6.453464047480458321e-01,-5.078533707420198606e-01,-3.962880288580816202e-01
-8.499135244308309023e-01,2.116357457481476523e+00,-9.817852585008223221e-01,-5.445557009397493653e-01,-9.069640876456718237e-01
-6.490973153634326254e-01,2.037898118414502413e+00,-1.237438502618171787e+00,-6.385724010661674166e-01,-6.790467243674060960e-01
-4.676691013953049869e-01,1.954745092312802690e+00,-1.680156383535505338e+00,-7.500528742588498110e-01,-5.343294331634903527e-01
-1.546455753635444519e-01,7.693010451756870927e-01,-7.203197746200388218e-01,-3.162459324422773332e-01,-1.787887496186439384e-01
-5.224455491673272167e-01,3.478409925765338917e-01,-1.895560051110663169e+00,-1.812676919906492656e-01,-1.232646005980482240e+00
-7.042829354214389381e-01,8.382007371494779591e-01,-2.090085567421831936e+00,-3.089983841587460311e-01,-1.409604186985435215e+00
-5.325660903644655608e-01,1.991329799880958706e+00,-1.447271109247941112e+00,-7.017412693361104736e-01,-5.636902385411368677e-01
-2.218920014801344931e-01,6.604363454388765264e-01,-6.555572257057374896e-01,-2.392743187924730175e-01,-3.071480626719227391e-01
-7.920681753066594055e-01,1.558868529870201192e+00,-2.011302314452798612e+00,-5.192318257058421427e-01,-1.282301511660654425e+00
-9.750116304610104701e-01,1.413006106871427914e+00,-1.803548864341749214e+00,-3.591995858025635591e-01,-1.571369531547645693e+00
-1.035025624110000431e+00,1.787074740779686532e+00,-1.577933808634355506e+00,-4.352222210295317861e-01,-1.478871092142284516e+00
-6.644192399415886907e-01,3.920916247903187268e-01,-1.664908156262000061e+00,-1.034758726125026701e-01,-1.384203589224613840e+00
-1.038655173397743159e+00,1.487676717003251881e+00,-1.703500929391718266e+00,-3.445105301807653286e-01,-1.621371554666763304e+00
-3.083783086766106463e-01,2.405132649528349265e-01,-9.470912260499499968e-01,-9.453014714733710966e-02,-6.692627543391123091e-01
-9.199645160260144783e-01,1.071744392256665401e+00,-1.844427884461358857e+00,-2.658621594012038902e-01,-1.610890301276131753e+00
-6.536254763377655763e-01,7.787242353184176125e-01,-2.139448815098777157e+00,-3.162510811010661449e-01,-1.361673481319030987e+00
-9.571941325283883639e-01,1.694253699210228836e+00,-1.732983074418705804e+00,-4.574244494643512349e-01,-1.427037896521300864e+00
-8.602939468286944225e-01,3.870700077443182119e-01,-1.172397854314620735e+00,5.305285550053638610e-02,-1.569099332706974437e+00
-1.098301860757836756e+00,1.678038724133946946e+00,-1.564251002291633830e+00,-3.673315829534793964e-01,-1.614635687727327573e+00
-2.723935443475669071e-01,1.962507427637375512e-01,-1.062106784658648495e+00,-1.106439154698393573e-01,-6.574209619789550541e-01
-4.267700928951957406e-01,1.292455872832237729e+00,-3.873903857665426664e-01,-3.405266140292297350e-01,-3.480646445936560474e-01
-6.940274646929225355e-01,1.025909675329846227e+00,-2.188613423026097404e+00,-3.951471525580001476e-01,-1.355099427874930207e+00
-9.845986470140214442e-01,1.508612042669648545e+00,-1.773631766938283061e+00,-3.851146035925013811e-01,-1.545924710674840608e+00
-2.760526494461582048e-01,4.179815987673988764e-01,-7.398908361659259914e-01,-1.416416602082270493e-01,-5.004335706535465444e-01
-1.491456628131268003e-01,1.850969464682635790e-01,-1.166149761739810664e+00,-1.739081584660089330e-01,-4.906041236375200398e-01
-6.545774876102012918e-01,1.049138293193222493e+00,-2.256440304045204126e+00,-4.300678327877937024e-01,-1.301787029268504314e+00
-2.475096517895657156e-01,1.555111937148154544e+00,-9.066930263256276490e-01,-5.864832537451432071e-01,-1.086444801306767627e-01
-9.475482948495955737e-01,1.819769940401719799e+00,-1.650576459976979882e+00,-4.945351217912816177e-01,-1.346193513289307919e+00
-4.531273287417156292e-01,1.662427121230267257e+00,-6.377853506593987865e-01,-4.988648101387168632e-01,-3.308202771898933192e-01
-8.649318317630392272e-01,4.172026813443485138e-01,-1.247764782682334150e+00,3.317481066941020684e-02,-1.586503236977470532e+00
-8.156777315675121098e-01,1.774819237883033862e+00,-1.836896306449862237e+00,-5.613284192502424608e-01,-1.199230658238404024e+00
-7.716919372540519406e-01,1.337807631542230924e+00,-2.100269988434603885e+00,-4.614471136570678644e-01,-1.349348111953172058e+00
-4.125753675720516545e-01,1.451784284117238755e-01,-1.324801407479125448e+00,-7.147647687552767526e-02,-9.715978167261223319e-01
-5.313356277154528406e-01,2.466594167916180969e-01,-8.229221167642996049e-01,1.559480316739320083e-02,-9.930922246093879524e-01
-7.772266280750192435e-02,6.754835582488012413e-01,-8.449275403305719356e-01,-3.332574097927257784e-01,-1.205705725406664847e-01
-2.636274768136366298e-01,1.560252858764605399e+00,-8.817299023121276669e-01,-5.778725232191820327e-01,-1.261388920370711542e-01
-3.346939642364892831e-01,1.238929301661657739e-01,-1.326493142782750878e+00,-9.697875087384828785e-02,-8.538394061574319238e-01
-9.733706748593848879e-01,7.872017665843252798e-01,-1.580878322115118140e+00,-1.025886667270839853e-01,-1.723804874155233424e+00
-7.964926215522835085e-01,2.069889918231481385e+00,-1.287171923275694407e+00,-5.950660980498482244e-01,-9.190053046152212302e-01
-4.074197831349751220e-01,1.482107591591004803e-01,-1.532053070105272807e+00,-1.050335021715364248e-01,-1.018017366629876852e+00
-5.728137311375821605e-01,2.115309798502706395e-01,-1.038285345706658092e+00,1.425757426017715442e-02,-1.129967537192407168e+00
-6.073912248452154605e-01,1.823974675042481008e+00,-5.584010789657749552e-01,-4.801168474090854454e-01,-5.025941925309298508e-01
-5.071057879680316294e-01,1.952625129463626985e+00,-1.147533723258910232e+00,-6.547886829571312184e-01,-4.552929415864917506e-01
-5.832671606295086741e-01,2.123159217010168742e-01,-1.077263117675454573e+00,1.269490779236303983e-02,-1.157035151677091811e+00
-7.226966354397876269e-02,3.994690707383813377e-01,-9.852691276517497876e-01,-2.569401144902950795e-01,-2.443742729425842641e-01
1.309103760205673650e+00,-1.032360747656618560e+00,2.176389281922322727e+00,1.358479056014433584e-01,2.340951609701822811e+00
5.165159848100797646e-01,-4.416308144911647582e-01,4.435025172918021785e-01,5.237846960151676910e-03,8.001215183426834132e-01
7.611953326216034377e-01,-3.980882814716624751e-01,2.535110975162354841e+00,1.919290836282074308e-01,1.772293100041811176e+00
1.483800064458143386e-01,-1.492557737831797571e+00,7.643142491997728660e-01,5.850836163794475020e-01,-6.795190740469911339e-02
4.329741430014761305e-01,-1.036381515486372473e+00,2.619794957172834615e-01,2.276065598519814159e-01,4.122928169978525292e-01
1.126556842728422936e+00,-1.116594615081108799e+00,2.540290022459370967e+00,2.963995408405507015e-01,2.115714573744402749e+00
2.616001730379012846e-01,-2.036418166148621811e+00,9.620432962435732094e-01,7.614838296213320978e-01,-1.910705028729434846e-02
3.800005412915626324e-01,-1.584878149273424075e+00,4.261630958208428299e-01,4.709752103512740429e-01,1.826526935660962303e-01
5.210381682145194260e-01,-1.748291005833020106e+00,2.723566548847271007e-01,4.476075364401302381e-01,3.124413157651835804e-01
3.419385734031860080e-01,-2.035149844238452577e+00,8.095214884973140901e-01,7.047993480397767296e-01,6.977200633912782057e-02
9.966528708076158871e-01,-1.184645442532860526e+00,2.785932085417615500e+00,4.116171190543904679e-01,1.949062250653775141e+00
2.987240280602709297e-01,-1.860014291124111763e+00,7.293196984747062350e-01,6.484323377017168211e-01,3.870751364229861602e-02
7.213960743034305567e-01,-2.693456521419864913e+00,1.259325762988397601e+00,8.466766290730396438e-01,5.762425547823784022e-01
1.391288060316036690e+00,-1.605818744425867806e+00,2.281993617732440693e+00,3.225247292445582170e-01,2.304814940082394070e+00
2.694991854625610195e-01,-8.643176988125662596e-01,5.196623329054180784e-01,2.725271550827957912e-01,2.772655024294697901e-01
5.912900945522080454e-01,1.307514601966148007e-02,1.704899082419421008e+00,-5.304673388665059539e-03,1.416296516625410673e+00
1.095287594350131954e-01,-1.223538284843694424e+00,7.445741738528516285e-01,5.019910959782198923e-01,-4.345909775645828005e-02
1.221115282870301133e+00,-7.047821523074783157e-01,2.031445729954775015e+00,3.418224588211871140e-02,2.272673316081447847e+00
7.959687041870254776e-01,-2.669785905354882694e+00,2.213427427432078876e+00,9.461161194393808982e-01,9.613147313897862922e-01
9.715130016255670853e-01,-2.835332852097035783e+00,1.298178110035369981e+00,7.976524091752971168e-01,9.410843586937344130e-01
1.043529021625913211e+00,-3.615734264760265826e-01,1.855650159244311315e+00,-3.975688573519089303e-02,2.057052174739493200e+00
5.559618481135902845e-01,-1.483567977586647824e-01,8.204280869944053922e-01,-6.166812884644600617e-02,1.065885430210880003e+00
5.185275747815580871e-01,-5.892049019549332467e-01,3.211633823149927514e-01,3.951001564755381168e-02,7.197422597587963544e-01
1.256654609705616377e+00,-1.138888228943512937e+00,2.334247744622873544e+00,2.193352796158383744e-01,2.262296871670243625e+00
1.138601176702109807e+00,-1.719472423044592135e+00,2.661474927168085980e+00,5.255493050292749935e-01,1.960614086557597835e+00
8.668093050485797812e-01,-2.788207641998671882e+00,1.319663973321408390e+00,8.280978308256019549e-01,7.942987339709888239e-01
3.937261891255248170e-01,-3.951064831121885446e-01,6.212783312083494103e-01,6.638121683165154607e-02,6.660361747796866849e-01
7.648077931408200358e-01,-2.596070555522224765e+00,8.110968328659726723e-01,7.278522454845701706e-01,5.590524524428654995e-01
1.162550684508918852e+00,-2.661777983692163563e+00,2.016343181605414259e+00,7.595789923452568315e-01,1.501874760387717611e+00
1.039649659956103145e+00,-6.613935676733858626e-01,2.329392906319642798e+00,1.388017157811149704e-01,2.075276881404666263e+00
1.082915961154748308e+00,-5.359019362712408308e-01,2.081414367569262680e+00,3.921128748042791018e-02,2.121395228849443537e+00
1.408250255645892568e-01,-3.409969464985395105e-01,9.500164329407454478e-01,2.018271884807966710e-01,3.654715243796862745e-01
9.264733251562196070e-01,-1.003987729717351618e+00,2.814208067059616347e+00,3.805118944432240857e-01,1.905624822994693490e+00
1.180746477463532562e+00,-2.623797542459106680e+00,2.061144001363450773e+00,7.447992899141879786e-01,1.556306376873788366e+00
2.464077175015690901e-01,-1.857711712855120600e+00,8.204739866850272456e-01,6.830278804326072040e-01,-2.029357829105192523e-02
9.650574764010947382e-01,-2.656507635298753112e+00,2.168239402210708100e+00,8.633139128089470926e-01,1.226247842697749446e+00
2.624670661238462932e-01,-2.737558143747642614e-01,8.844040154596141123e-01,1.167020676874225421e-01,5.669749245937329984e-01
2.830225138241486693e-01,-2.292616524451403237e-01,9.160011126102062251e-01,9.665639344358809004e-02,6.238945014124696042e-01
8.107245902853287278e-01,-2.683869260324635242e+00,9.461959866539171315e-01,7.597335981714894437e-01,6.392503848079594819e-01
9.973885430689268805e-01,-2.710269656042184838e+00,2.026364642941707483e+00,8.482298822786519255e-01,1.221709358483923147e+00
8.366715024199390394e-01,-4.035682961331918950e-01,2.387065597068713796e+00,1.403765091147022026e-01,1.852221536509037536e+00
3.929531380191587098e-01,-7.693733162224994926e-01,3.830285548001824969e-01,1.663070191505089113e-01,4.720952837593189733e-01
2.787916223200803123e-01,-1.618228911210236154e+00,6.083201162142076734e-01,5.523299019739700277e-01,5.708785607583777982e-02
7.721335352718272649e-01,-2.716878289343542363e+00,2.032450249028338263e+00,9.466483675899808325e-01,8.580185593360823981e-01
7.209180420440772785e-01,-3.590477671235629137e-02,1.454494532228921999e+00,-7.906954627953034775e-02,1.541015493520403234e+00
9.333609949422098095e-01,-8.998289302747762841e-01,2.736626264504387507e+00,3.288545163763650359e-01,1.931633668895675227e+00
6.368863337695812588e-02,-8.349329857555517487e-01,8.101239373142264943e-01,3.913663015229742470e-01,3.380528548157184232e-02
8.795745051568542028e-01,-2.797846755717849021e+00,1.383404375753316984e+00,8.354830274138201895e-01,8.287140171394662413e-01
5.084154866404573259e-01,-2.433680548212011185e+00,1.047448623395197176e+00,8.123811979809308914e-01,2.652006256401773787e-01
3.165285933256262174e-01,4.591960532695184977e-02,1.436447237476403904e+00,5.973337052690151638e-02,9.124899972668281123e-01
1.122220650898494571e-01,-8.269812001405048019e-01,7.442906767488338682e-01,3.583865703629324218e-01,9.704606741650534385e-02
7.385790150658417819e-01,-2.649715388957473827e+00,2.289509452914460397e+00,9.742705676460294839e-01,8.961849626418946224e-01
1.309062095686541527e+00,-1.073434751098423678e+00,2.204814417015547257e+00,1.547717918769813406e-01,2.334422276139462848e+00
2.371222771939954788e-01,-1.556817275311445981e+00,6.475528196889637211e-01,5.536101047803410058e-01,2.158259775800090707e-02
7.387701432447293382e-01,-2.472952130802881232e+00,6.120758620058649457e-01,6.655457643774238541e-01,5.058281964397107755e-01
3.900687324202367079e-01,-1.536680323448078145e+00,3.904727928252884062e-01,4.441954042700331784e-01,2.058348336372451126e-01
4.220397472943720474e-01,-2.352420295082210955e-01,7.771705431648099349e-01,1.978832641389544414e-02,8.085439320782105144e-01
3.284105625476685386e-01,-7.770014886758075390e-03,1.272566560521768864e+00,5.004555830768193242e-02,8.690955235201104356e-01
4.305123635373666602e-01,-3.437666794146057581e-01,6.345189056939301020e-01,3.433764954877771558e-02,7.465280381821178812e-01
1.213897276090079691e+00,-2.250182278544283321e+00,2.392256897399148929e+00,6.450020595458242356e-01,1.827197951978835722e+00
1.138508080331455563e+00,-1.556044819847528293e+00,2.657733094299433940e+00,4.663459652521489973e-01,2.015604029327135116e+00
6.140698309292678125e-01,-2.653339675838116474e+00,1.427083242841818089e+00,9.021247454283249922e-01,4.621835577862556388e-01
2.215839897025924654e-01,-6.415948477469433087e-01,6.589449560145520524e-01,2.331325413570918825e-01,3.140364033027774893e-01
3.848025555995306934e-01,-1.880005321252651018e-01,8.792108073558715375e-01,3.346489750497356336e-02,7.922153535110697531e-01
2.196680666972136708e-01,-1.325801408780510560e+00,5.957626952248199492e-01,4.704437507333362189e-01,5.888134793774024017e-02
3.593618681201184439e-01,-2.075629651467490788e+00,8.198974151544788924e-01,7.134941089945152637e-01,8.673921270262600902e-02
5.218755339910177149e-01,-2.481117263944498941e+00,1.119798954721383133e+00,8.343064041564367539e-01,2.900670696381333347e-01
1.215177884852028489e+00,-1.172621425074505286e+00,2.421708095110175485e+00,2.617543498433361204e-01,2.207392217295471859e+00
1.273897474391530338e+00,-1.533810911292038170e+00,2.449497945788501774e+00,3.707335768404575460e-01,2.185422886588250346e+00
2.073422157175517366e-01,-1.097257646972292999e+00,5.847807875919951437e-01,3.919630317891932836e-01,1.145778846051452027e-01
1.801514321295296928e-01,-7.881237509367239324e-01,6.605324056659376275e-01,3.034936477227326290e-01,1.973428452253501719e-01
1.182605403295725166e+00,-6.153296987175728150e-01,1.992860692166892767e+00,1.268364295195614083e-02,2.230953462032449153e+00
7.123345702209398222e-01,-2.724477794723403346e+00,1.510512533214703579e+00,8.983571740510861714e-01,6.185736801002952312e-01
6.256089225159713330e-01,-2.635148975131393900e+00,1.307083643954472629e+00,8.731788868672671899e-01,4.547398188527491669e-01
1.033658993668917558e+00,-2.830805439650092126e+00,1.591069582755233691e+00,8.125801410966726479e-01,1.121620861405428160e+00
2.900198462133785071e-01,4.739531401560734963e-02,1.445073692561541279e+00,7.166234468515804423e-02,8.725924962796026696e-01
9.174263264650107663e-01,-2.493137400328461872e+00,2.484846220744887368e+00,8.710322002096058114e-01,1.290802984603126591e+00
3.907334639367258111e-01,-4.401079775141788497e-01,5.840668379073621352e-01,7.836944743367700583e-02,6.357384476958526376e-01
4.701365110506949274e-01,-3.331681426616779906e-01,6.061215137088086236e-01,9.642208677467217076e-03,8.063923689384977500e-01
3.462474255298117476e-01,-4.980227161671625935e-01,5.895426511395125413e-01,1.187625438241156073e-01,5.456138796964316029e-01
3.896675510836775658e-01,-1.376516367228201254e+00,3.435333955927846183e-01,3.799809944279700646e-01,2.475826033978085483e-01
1.187082144048758003e+00,-1.579484616442233147e+00,2.587144959915287146e+00,4.439285745713389408e-01,2.066845936710291820e+00
9.974143877468979458e-01,-9.344609141031615662e-01,2.649478519108698471e+00,3.014976409995144269e-01,1.999523285637478054e+00
1.222458235680133676e+00,-1.850832530936971310e+00,2.528872328248096046e+00,5.179237590799378177e-01,2.014959003571803464e+00
9.928732715742660808e-01,-2.098645861421679359e-01,1.554425870439610113e+00,-1.168693319104896627e-01,1.946469154947157998e+00
4.353403962933601878e-01,-2.193904279033774163e+00,8.138622637267041160e-01,7.229949837052277450e-01,1.669404135194444139e-01
9.938897341857194645e-01,-1.914046259736885025e+00,2.827992677764902485e+00,6.808993061817896209e-01,1.705335420789129808e+00
6.880638502549404345e-01,-2.356747323338597919e-02,1.526112114951313936e+00,-5.915480825201403087e-02,1.511572982157812328e+00
1.046465794821661799e+00,-1.851910516121210382e+00,2.773100266993570262e+00,6.283504209581843858e-01,1.796651472386527670e+00
2.157808217037014420e-01,-6.675303115411208854e-02,1.216297835857411913e+00,1.105845703813478909e-01,6.521570508171542491e-01
1.613270316178652686e-01,-1.715968645344513543e+00,8.646010234401972916e-01,6.745104423480687839e-01,-9.685210029496729711e-02
3.540943704748963361e-01,-1.177179739552701054e+00,3.710026728248780326e-01,3.274303171925378453e-01,2.661226920805803697e-01
1.146660819457868463e+00,-2.446316364779220098e+00,2.312298054504602796e+00,7.321614876542978934e-01,1.629928409869550787e+00
1.197439210702053947e+00,-1.056411304322434130e+00,2.385469096006691991e+00,2.222140014460660951e-01,2.208974781791200215e+00
5.876909294896158764e-01,-1.910661138359455724e-01,7.133824886252844166e-01,-7.537717186720230278e-02,1.073546378702817883e+00
9.801535190707939549e-01,-1.852588847309222242e+00,2.863735700208774215e+00,6.698531223920065614e-01,1.713928445205869622e+00
1.023208310197839532e+00,-5.253255792025559590e-01,2.187626662188170812e+00,7.615836636049366781e-02,2.057375637025967041e+00
1.007663953247688093e+00,-1.052392444455067855e+00,2.704707327794561245e+00,3.475952825065623530e-01,1.990388750581123301e+00
5.997008049173758737e-01,-2.496981100262948949e+00,9.723646309769663487e-01,7.855801924060744623e-01,3.703786884134680490e-01
6.793445835621071405e-01,-2.686672347088952861e+00,1.372638443826749377e+00,8.785648414254961791e-01,5.412883917102847553e-01
1.395641932282311259e+00,-2.118893203359397237e+00,2.224999185636024723e+00,4.966288158703564548e-01,2.120224300709902643e+00
4.169300003738733440e-01,-2.484585967030766618e+00,1.386503402232283744e+00,9.188639859655414188e-01,1.914974269894212100e-01
5.645075598609874401e-01,9.257099702633470040e-03,1.370924204803195101e+00,-4.143031460471630761e-02,1.281945834604286460e+00
1.135827530296255494e+00,-2.329406135483705231e+00,2.429141164287490717e+00,7.118257306354009994e-01,1.684075378858286731e+00
1.081548067020718262e+00,-2.617505053726842057e+00,2.155225440487265942e+00,7.981942724441203341e-01,1.423900848165051913e+00
8.946073738698424593e-01,-1.394991077773324317e-01,1.551549529729088661e+00,-1.010508742689520123e-01,1.811488321581005589e+00
4.023433383827667575e-01,-9.795273125381389612e-01,3.131147239580581720e-01,2.276000896263788431e-01,3.962162802775869852e-01
1.126824700861456696e+00,-2.522725480120925567e+00,2.247604345054863728e+00,7.585285930856813241e-01,1.554297356714359424e+00
2.415680315980041071e-01,-3.619601390959495957e-01,8.191083965344001516e-01,1.476665210950428020e-01,4.854163870192223507e-01
1.214349553077399335e+00,-2.507400545874895581e+00,2.177170311811142511e+00,7.057570215544379799e-01,1.681678166208276926e+00
6.087312450033695033e-01,-2.637777966552284248e+00,1.371087168670400036e+00,8.906070025538719293e-01,4.438569627198741818e-01
3.332063210546039600e-01,-8.787656830573285782e-02,1.091115203400843336e+00,5.027100028539289306e-02,8.004757644846501874e-01
9.482026676049591929e-01,-1.912596969072802022e-01,1.615694324278670102e+00,-9.572649979370631557e-02,1.897349728486628528e+00
4.846788601437680422e-01,-2.038198076240888668e+00,5.482260764891393467e-01,6.074070729346692232e-01,2.284744922909869858e-01
1.401007253739209313e-01,-1.570949781291504310e+00,8.148265192217482022e-01,6.241183665342563414e-01,-9.463566508674983724e-02
1.010942715878094589e+00,-2.657637017493205356e+00,2.136105334442311321e+00,8.396395872678495964e-01,1.291168823356685591e+00
9.208257149278098463e-01,-2.809465260091714711e+00,1.567039906705943952e+00,8.490684515492401552e-01,9.406254842662133964e-01
7.884011513799805693e-01,-1.289400151156559204e-01,1.851777552589270126e+00,-1.609937636511975939e-02,1.724727224098902445e+00
6.903636445017560241e-01,-2.722752677356250928e+00,1.836476015517230387e+00,9.546587830676448450e-01,6.714703871204344976e-01
1.321884233628862537e+00,-2.546657995044391942e+00,2.023321538799782715e+00,6.519449701424075982e-01,1.800111166800090201e+00
1.295885200335492815e+00,-2.042611108039509737e+00,2.383450980591517165e+00,5.345303517804569360e-01,2.028286306357758750e+00
7.212981561084743642e-01,-2.735111240623710582e+00,1.787182210471196298e+00,9.388252641293519662e-01,7.038187969563872715e-01
5.330147873545320047e-01,-1.970915629687799653e+00,4.017308621431205928e-01,5.414130574975213328e-01,2.900745489753029371e-01
1.267182522739501271e+00,-2.652587232405939410e+00,1.942534608101180282e+00,7.012907633125551321e-01,1.653812468385606138e+00
1.138726135605939715e+00,-2.302851977606287459e+00,2.446171856685774859e+00,7.035532618573472341e-01,1.702453066714163965e+00
1.335840675261823263e+00,-1.113381251136746242e+00,2.184683669427168518e+00,1.548644325570207314e-01,2.358441946415632096e+00
2.179397050171095473e-01,-7.696901330863367141e-01,6.149306399822456193e-01,2.742453002552869279e-01,2.523103308850984661e-01
3.658551759150472371e-01,-8.072635345002461271e-01,4.052770043225110141e-01,1.946142254402067062e-01,4.213892615915973971e-01
3.227451301226911817e-01,-1.385350488769105493e+00,4.496988216750918421e-01,4.269403579643076263e-01,1.652532598291687194e-01
5.084018129054017621e-01,4.441351011547772093e-02,1.850502734152660977e+00,3.973502583160080232e-02,1.332648291280483344e+00
6.948529641953574698e-01,-2.484616774460825628e+00,7.301562084268355957e-01,7.055448876774537137e-01,4.628117062342878563e-01
4.736524833970461312e-01,-2.359300310843511994e+00,9.832720948961035656e-01,7.909728181058557350e-01,2.174550598874193108e-01
1.138653925621122109e+00,-2.067901093611892893e+00,2.581089513420855575e+00,6.389184076499152543e-01,1.819362022386972866e+00
3.379233958437271035e-01,-2.559216642510518391e-01,8.295020837196375174e-01,7.039749606348165434e-02,6.799458336454995422e-01
6.342638357406515937e-01,-6.247799933089222962e-02,2.053626221562152132e+00,5.464383572956625634e-02,1.553444772232566606e+00
5.089861751724501504e-01,-1.294815438799834795e-01,8.898986176394509950e-01,-3.844991593770861332e-02,1.015350820938953902e+00
5.045636894031134689e-01,-1.875808138925334934e+00,3.797474417111689204e-01,5.160605863512679470e-01,2.709773695002420935e-01
4.906330714673717286e-01,-2.378729396814513564e+00,9.811544288872602326e-01,7.904681760875935659e-01,2.375788821703013753e-01
4.599342547027034378e-01,-1.181523277251854687e+00,2.152379975819307678e-01,2.615146996270626967e-01,3.933034801372104483e-01
9.753656464379937274e-01,-2.830824983522135074e+00,1.159154061884642317e+00,7.740873830585929261e-01,9.114315958906483717e-01
4.741106452922471681e-01,-8.787139704999366030e-01,2.379503063484299241e-01,1.500901376498878226e-01,5.262969589961468131e-01
8.083537979921807670e-01,-2.685180653088811820e+00,2.162006515608554391e+00,9.388981004436666167e-01,9.621503469830413602e-01
1.286735927513701583e+00,-2.312702670816432882e+00,2.263995418275667415e+00,6.179414228932055275e-01,1.888602434329369029e+00
7.864289403077715512e-01,-4.828806594379833061e-01,2.603608633353804880e+00,2.217341185369167689e-01,1.802265154783581291e+00
1.353175329587459785e+00,-2.498170765759336831e+00,2.039245203076078816e+00,6.236393669989080957e-01,1.871488246482684747e+00
1.098961069183910233e-01,-8.244746607416427731e-01,7.480153402862679268e-01,3.590132640546604414e-01,9.516061151222862668e-02
1.173373555752782238e+00,-5.487623655858587801e-01,1.914636216208364550e+00,-1.875706571931854208e-02,2.217893643782641977e+00
5.320952893896022662e-01,-1.782176555986563771e-01,7.776560198214271802e-01,-4.711258012304442300e-02,1.005649358851274489e+00
1.354639493631895286e+00,-2.311160250895975654e+00,2.183039495613940950e+00,5.768708343310287034e-01,1.976791844085427519e+00
1.374489950106929648e+00,-1.896721361091945113e+00,2.308608847579709966e+00,4.379897251845418782e-01,2.184960430344204063e+00
6.455939618196765428e-01,-5.773859214267396817e-02,1.996976280418096605e+00,3.987596691819499106e-02,1.558090165596927479e+00
1.473242829977807478e-01,-3.259839628147084278e-01,9.558733742048635129e-01,1.945456905590432495e-01,3.826807190954275018e-01
3.445906721279260454e-01,-2.327229601253496316e+00,1.205632069772577308e+00,8.664728144184998815e-01,8.029253341708818270e-02
2.022877775064021721e-01,-1.558096099078853491e+00,7.054680694540395036e-01,5.772490794270709324e-01,-1.941690120413566006e-02
4.941086743343507948e-01,-2.097413273209529194e+00,5.894751891718515990e-01,6.307196105109883488e-01,2.344292930939744779e-01
6.966438833404028363e-01,-2.595282988461033113e+00,9.790508758797884514e-01,7.809108544499895332e-01,4.946548993048864862e-01
1.058690084712521129e+00,-2.016134582076224202e+00,2.706268656357348590e+00,6.724007922700636630e-01,1.741949380088429367e+00
9.299926069723616351e-01,-7.740650003853886130e-01,2.644585663728186820e+00,2.716569004211422667e-01,1.944643962003444804e+00
2.473887183180158988e-01,-1.922897564782447999e+00,8.748698122749604122e-01,7.139752854519157976e-01,-2.646979247632809396e-02
1.076480463885174155e+00,-1.158908852727495775e+00,2.644372462939249324e+00,3.479626615315713489e-01,2.048474180421146595e+00
5.105194375057607870e-01,-2.394963993296268523e+00,9.674450082949712648e-01,7.858945692016388040e-01,2.603643139084622637e-01
1.223145084704441166e+00,-1.651003000935868936e+00,2.538423406275903460e+00,4.472597927423815900e-01,2.087289308750149175e+00
8.188318749367740068e-01,-1.540896714910330034e-01,1.857291453701229056e+00,-1.911589167865953426e-02,1.766617780706534635e+00
1.405936385252354759e+00,-1.706803427966075315e+00,2.270370874242296999e+00,3.509072163540904454e-01,2.290602807899565718e+00
1.485623531857857005e-01,-1.252712845383591622e+00,6.900748534942046097e-01,4.880149962775259254e-01,-5.234943855564087173e-03
4.970344834600671780e-01,-2.520490420263809206e+00,1.281507348189572681e+00,8.825750361376483166e-01,2.800175133832503716e-01
7.442625841065584336e-01,-9.499020860193913007e-02,9.182461464030375886e-01,-1.460835539583977827e-01,1.414038963016350792e+00
1.051377291523494906e+00,-1.820274738744502852e+00,2.772779649486353026e+00,6.148666368548904027e-01,1.815350103868780707e+00
1.246408866248477132e+00,-1.130090497335729527e+00,2.346529713197295308e+00,2.222987138346747826e-01,2.252110730256694726e+00
1.010800379960278494e+00,-8.869157316223840182e-01,2.591963481623814403e+00,2.703609721383471998e-01,2.021955734823053685e+00
9.181036570570668687e-01,-8.713674361215725250e-01,2.742970981397046870e+00,3.260049536269246651e-01,1.918527967635014875e+00
6.874049583662323881e-01,-6.836797202342784208e-02,1.020474135418171446e+00,-1.166856885765542168e-01,1.359053468168795575e+00
2.605878409221130121e-01,-1.863836705639346780e-01,9.929476148709078798e-01,1.019795631425647470e-01,6.231723011628993447e-01
1.037590082591605789e+00,-2.201566039918446904e+00,2.636815017221711077e+00,7.377620254650738563e-01,1.625544827954313654e+00
1.090680928646983183e+00,-2.841861923507124743e+00,1.569077652851326166e+00,7.892489378504190523e-01,1.203810256252905164e+00
4.978789716257918108e-01,5.188197753985568372e-02,1.690330381041128538e+00,1.808854442943620688e-02,1.275151814650747228e+00
1.009463545238731497e+00,-2.274026238883708029e+00,2.618297478279409063e+00,7.729617165649443900e-01,1.550334152522864661e+00
4.210017041235215585e-01,-6.445196020837219431e-01,4.055989277215283906e-01,1.129152138718393650e-01,5.662711229539785229e-01
5.150302251854242952e-01,-1.809241034800114223e+00,3.178582884409822396e-01,4.786861028661793527e-01,2.940624183825724103e-01
7.333335864326542830e-02,-5.902668730975186850e-01,8.724861888280598388e-01,3.085333561273507774e-01,1.501889142435177404e-01
5.990013311844850641e-01,-7.276072522968539402e-02,9.983660458838322649e-01,-8.099436615565885900e-02,1.209109261712115746e+00
6.664842701733911801e-01,-1.446937452903982457e-01,2.239505972016547553e+00,9.772750047010080043e-02,1.627150403838571124e+00
9.612060116037947077e-01,-2.767507284990019301e+00,1.859974840386058093e+00,8.597537586678789534e-01,1.098952093063654045e+00
7.706403780118837865e-01,-2.677647042378398456e+00,1.038699923732083974e+00,7.879513729232694441e-01,6.016743636649560800e-01
7.352423538977475026e-01,-2.229970853156403587e-01,2.267987557760269279e+00,1.009673234938935904e-01,1.718734788302940908e+00
5.645675739305627827e-01,-2.659810251914729307e+00,1.664754246830093098e+00,9.600960279809270803e-01,4.441312591111016284e-01
4.542895555237682625e-01,-2.317089606805501134e+00,9.532284264752315384e-01,7.796013044590135443e-01,1.926637445669784898e-01
7.327567820974437707e-01,-2.673679121704891859e+00,2.208642732814958709e+00,9.735180115148061031e-01,8.568069182867925626e-01
1.162739242431906517e+00,-2.389639116618321069e+00,2.348317758195762828e+00,7.102778200962034383e-01,1.685007791390963128e+00
8.529340896710042585e-01,-1.185986318278489104e-01,1.586846386790205177e+00,-8.579446154961878346e-02,1.760999642259262643e+00
9.372892611471910218e-01,-2.597691466094337098e+00,2.302677317504467247e+00,8.735683123709656606e-01,1.237875725753734946e+00
1.192177492328784449e+00,-2.827321235185088266e+00,1.629574302432046595e+00,7.499925541329113265e-01,1.388673865423894371e+00
8.483323512865994509e-01,-8.571342398008507946e-02,1.241903921999728544e+00,-1.460751134814782526e-01,1.672057531611603531e+00
8.955635352741615485e-01,-2.518175258861846011e+00,2.468032718225888988e+00,8.868029568195027190e-01,1.242438882296097225e+00
8.001255133199008940e-01,-6.709248759549235608e-02,1.251329555547855632e+00,-1.310211000317889896e-01,1.603293265701708714e+00
4.280692652347696803e-01,-2.036197499897408836e+00,6.505053269806637672e-01,6.455506387265484980e-01,1.654435831593705220e-01
7.421743948694272675e-01,-2.742724220815418779e+00,1.770084049566132300e+00,9.302417384560257574e-01,7.302497962566569800e-01
4.748037979529583508e-01,-3.358529501649015758e-01,5.983161721506269348e-01,7.494086728827987175e-03,8.108921487714570997e-01
5.463870579962937235e-02,-7.045472191734007961e-01,8.539275885979923375e-01,3.547625931529367893e-01,7.580150479341300762e-02
6.745805633236554577e-01,-2.407479536257330910e+00,6.370869015439225569e-01,6.728022734395292526e-01,4.315937894820465748e-01
1.005677618862314660e+00,-5.459082663596406260e-01,2.251877267752933509e+00,1.003466033700240179e-01,2.039338624139085177e+00
1.066437955469018206e+00,-2.534005818258739495e+00,2.291197093021246189e+00,7.944605667077657696e-01,1.464823407688753854e+00
9.573702924774041279e-01,-2.829454375247865361e+00,1.399640954292384221e+00,8.163444012840079811e-01,9.476126500951508325e-01
1.243749193506900719e+00,-8.297308166701780063e-01,2.123479664151580515e+00,8.294765456274114102e-02,2.290992801068078677e+00
9.753678311047412341e-01,-2.160947657592490856e+00,2.738052073874203796e+00,7.642544877080086341e-01,1.566454655694768050e+00
1.014524719142373854e+00,-1.711212644648882453e+00,2.839884214936674312e+00,6.010716830596111171e-01,1.811479308693142221e+00
7.449704992804977444e-01,-1.696645739523464647e-01,2.108052016610602042e+00,5.432844409713585149e-02,1.709698826839390229e+00
1.067007272761074876e+00,-1.518335882363012646e+00,2.761259670305789893e+00,4.981375686521072321e-01,1.941175552182139663e+00
2.475553879054703255e-01,-4.941542683057889573e-01,7.093788440781357840e-01,1.765783072908423956e-01,4.201222469218051647e-01
6.805605421001856836e-01,-2.114497285291019046e-01,2.370509033133180399e+00,1.349031569115715368e-01,1.662156068916545104e+00
1.567302553843387403e-01,-9.144537898655857866e-01,6.674969641981389756e-01,3.597774735870624130e-01,1.180658414758105068e-01
1.057653832570600416e+00,-2.724338471285403074e+00,1.962003641316158120e+00,8.184181813738600209e-01,1.296689950466040298e+00
6.288439063457050837e-01,-1.923068201746622463e-01,6.824805463149503648e-01,-9.683236613273553395e-02,1.131133383251975877e+00
8.058863062159905555e-01,-2.692411505659789928e+00,2.137984125108472799e+00,9.390265515633884341e-01,9.492247455472340167e-01
1.023093833495124061e+00,-2.818706793926498921e+00,1.650340721977535230e+00,8.213604865346223471e-01,1.124698623694941224e+00
3.240706787118302623e-01,-2.374682326383393605e+00,1.345398714718356370e+00,9.126110869619045163e-01,6.852722837097081909e-02
5.856721758757248431e-01,-2.613233461291101012e+00,1.340872819348728484e+00,8.871168208303477076e-01,4.069930399200236137e-01
3.062458269796768939e-01,-1.954034666551474952e+00,7.961164085122254264e-01,6.887851397405437837e-01,3.650423191897563674e-02
2.508248023883729583e-01,-2.037259992143591436e+00,9.833977587480582372e-01,7.694590439846576979e-01,-3.101718986661302843e-02
1.347402121257938346e+00,-1.164142698133758591e+00,2.195606158016072396e+00,1.698080221806442802e-01,2.362575970294581662e+00
7.658590229991915077e-01,-7.886750228133870833e-02,1.014811558007181258e+00,-1.468840486651192268e-01,1.480371938658294528e+00
7.554764012981164401e-01,-1.538226072671826095e-01,2.032996460357549662e+00,3.323121934221991841e-02,1.711877235520468776e+00
6.097403215501591145e-01,-1.669977375135408282e-01,7.472014897345840012e-01,-8.839318932610001900e-02,1.126454302323828482e+00
9.336156932778347795e-01,-3.602189731782302617e-01,2.102318873809454924e+00,4.223876219086778599e-02,1.946741086470002990e+00
7.573637430650966840e-01,-2.711036130378123410e+00,1.224094935593945221e+00,8.326474119273878927e-01,6.186938069393556061e-01
3.758137814109694941e-01,-1.778335370253308900e-01,9.025421665620820821e-01,3.702044698621070884e-02,7.874989362617574873e-01
5.126783424653158505e-01,-3.909755688365137427e-01,4.984144426434130581e-01,-3.308633364385256403e-03,8.261158396480496879e-01
7.870655836386957205e-01,-2.713513819293896123e+00,2.054116791971185130e+00,9.422987743459254606e-01,8.890718068745413483e-01
3.584723158632960316e-01,-1.497736295472745116e+00,4.270630418251053495e-01,4.489036016469928336e-01,1.781347501712526871e-01
8.834443549290006414e-01,-2.643021219836047209e+00,2.246468438424218839e+00,9.043796796980984043e-01,1.120391344340099460e+00
7.159466531893831087e-01,-2.575167843196987771e+00,8.784058735272544105e-01,7.508228698793190103e-01,5.055938133195907458e-01
5.278547702949635267e-01,-1.953652269595683721e+00,3.970265947578413557e-01,5.367050772332796482e-01,2.864228817176231456e-01
4.270024806026251896e-01,-1.693344002160238171e+00,4.002660488558866803e-01,4.862910986332567576e-01,2.141755623397780806e-01
1.247641762519201114e+00,-2.632272102523341317e+00,1.989320672659833145e+00,7.090870182411157518e-01,1.641886817442919533e+00
1.183202027580852800e+00,-1.324120926055487368e+00,2.537756563807521459e+00,3.466344307875365849e-01,2.135034122813160629e+00
1.067711890461239710e+00,-4.746493537745431479e-01,2.016823538516043790e+00,1.419484324251475693e-02,2.100552449344863515e+00
1.033869389854654264e+00,-1.083960973447291698e+00,2.677844113394094006e+00,3.439370937083358615e-01,2.014551280570316294e+00
1.171982207670392961e+00,-2.015612472046066639e+00,2.557348886098263829e+00,6.025899598464522500e-01,1.884655001150782772e+00
5.046840598029382896e-01,-2.291229336535880012e+00,8.088890294708250828e-01,7.279297193783521580e-01,2.439309347351110158e-01
6.865525003308482477e-01,-1.575320940786518742e-01,2.223729486856509396e+00,9.155518580062287082e-02,1.650839524708933803e+00
6.792351019945385149e-01,-1.168561092304358229e-01,2.122277375515241982e+00,6.521000335615287358e-02,1.625719659270851158e+00
7.007126865847891350e-01,-2.540046382680352988e+00,8.320258723029700931e-01,7.378657022420700429e-01,4.806257742221237694e-01
7.498709799160936385e-01,-2.743873134663030733e+00,1.792227387489955026e+00,9.306393436369705396e-01,7.482188764888902943e-01
5.350617377485265003e-01,1.087650400303190323e-02,2.025265212451662133e+00,6.605964306819414600e-02,1.411124046689185896e+00
4.243059953512189342e-01,-2.522233682923375131e+00,1.479507172314513452e+00,9.428620640046568857e-01,2.154786952347701179e-01
8.633542734701643573e-01,-7.642841870387170333e-01,2.756075563750953528e+00,3.125887914664962630e-01,1.870600618925172043e+00
4.207673318449135502e-01,6.433486649861401563e-02,1.569321660981476851e+00,2.850511451082764561e-02,1.122581170673954354e+00
9.950337224582266327e-01,-1.131643914366417425e+00,2.765667830421785656e+00,3.903037124610279074e-01,1.959208618585645212e+00
6.893064373294062186e-01,-1.163062771290523517e-01,2.092658177177837864e+00,5.642916901860179496e-02,1.634170722628887296e+00
1.118124716897317850e+00,-1.777204494563982218e+00,2.685764727560989495e+00,5.584839992964163446e-01,1.914312854216400295e+00
6.706756128035766817e-01,-1.123698608311972380e-01,8.574368332445894136e-01,-1.176432211110816917e-01,1.273099550611662467e+00
7.090712562700035582e-01,-2.700668555077610389e+00,1.342385182559376666e+00,8.666125192083313777e-01,5.762511876218689988e-01
7.421766528432810484e-01,-4.439245215666396543e-02,1.428817245111090317e+00,-8.875429670822440609e-02,1.565453655559842616e+00
2.238309087231188377e-01,-7.016555965628727964e-01,6.307096872523748621e-01,2.496278510930823591e-01,2.894254957748775836e-01
3.649365160155842447e-01,-5.978044189657391039e-01,5.016374677156237860e-01,1.338572550166628738e-01,5.178003837104209195e-01
5.589146213046068956e-01,1.197660802737354410e-02,1.915165433430112030e+00,3.949704830529335298e-02,1.420319638567809850e+00
4.856768653952953652e-01,4.917222913541373364e-02,1.568968575057580583e+00,6.479199928072268931e-03,1.221895772187903129e+00
6.157051664315162931e-01,-2.085471653698915517e+00,3.525934615195903676e-01,5.404436194237189905e-01,3.707725177357588109e-01
5.374335547518942491e-01,1.220952371868471407e-02,2.007024049862597970e+00,6.191297945237531769e-02,1.410496174003579073e+00
7.397863149517809322e-01,-1.548096979387501015e-01,2.078013746449241861e+00,4.679309983740800871e-02,1.698363434319323906e+00
9.147894050050148218e-01,-9.354207824914878566e-01,2.792523219773485277e+00,3.576521826294511430e-01,1.904514502539323528e+00
4.669468698070905477e-01,-2.308273033904757909e+00,9.126624045352953463e-01,7.651591338588895619e-01,2.051771401733526179e-01
8.948509402356710218e-01,-2.201004995329051139e-01,1.863958436410731778e+00,-2.654650078250134562e-02,1.868258093624379779e+00
9.285602368580817556e-01,-1.172859197840729006e+00,2.891457972714336577e+00,4.515714502278527220e-01,1.871758999351103459e+00
2.548560556616492612e-01,-8.165847193246364988e-01,5.515775828380038437e-01,2.662338453367895097e-01,2.786516069712847155e-01
1.195349302709991512e+00,-1.925837997345165808e+00,2.551926596258749846e+00,5.596834873968485891e-01,1.951700891023138817e+00
3.842369041614696057e-01,-5.709368578569381514e-01,4.945354022391804105e-01,1.150165144778171056e-01,5.562274846341290768e-01
8.755050835235423934e-01,-1.806664175005149864e-01,1.789658337863225368e+00,-4.339611341933943128e-02,1.830631063586927176e+00
3.591371690555286711e-01,-1.235562676928023462e+00,3.676766754150622152e-01,3.457824728730148900e-01,2.532975337669200466e-01
9.314740919726134383e-01,-9.954100138257532260e-01,2.800831501237514676e+00,3.733636702568056687e-01,1.913032224360723399e+00
5.645162705410433635e-01,-2.225125195636827868e-01,6.745731859590492485e-01,-5.996528640798288318e-02,1.014947128829504885e+00
2.940342672434506643e-01,-1.758644215340424477e+00,6.642009821343916043e-01,6.044887453584961712e-01,4.845196777513226249e-02
4.294213444836268434e-01,-1.365125520586067287e+00,2.798154488669424844e-01,3.497840880850379142e-01,2.984234219100138641e-01
8.151002478781068650e-01,-5.525039380386207455e-01,2.634054499408567285e+00,2.390775860035919131e-01,1.832749796543422960e+00
1.025862852907553968e+00,-1.030248467572461912e+00,2.661477991660956999e+00,3.256363074340712926e-01,2.015695924358818392e+00
1.144270278045580680e+00,-2.054121443783982315e+00,2.579445346950950402e+00,6.313565422757758672e-01,1.832705930406994810e+00
8.538729329014744796e-01,-4.436553879603971073e-01,2.413236399809092436e+00,1.513323856168548864e-01,1.873216433456593055e+00
5.323668197850840444e-01,-1.616562953732895991e-01,8.089836268909417205e-01,-4.859681143965959710e-02,1.020206977653616010e+00
6.421210514029052074e-01,-2.674741287669464285e+00,1.442857177540087354e+00,9.002668019097564978e-01,5.042875383246383514e-01
5.432240007713681207e-01,-1.927087087808024402e+00,3.493981690405842944e-01,5.137106245773890301e-01,3.075044531883875942e-01
1.392413758434561721e+00,-2.277226818952872822e+00,2.156727200821451973e+00,5.448807497950205470e-01,2.042252591634425407e+00
5.178000149892226789e-01,4.095838217754575045e-02,1.583339667029745490e+00,-2.040342879385113450e-03,1.274716007109863547e+00
5.561984434125830656e-01,-1.559599769439203216e-04,2.011205993358446520e+00,5.903835542590824687e-02,1.437617837040745750e+00
1.081343151671316116e+00,-1.470339403641758746e+00,2.733059637548771015e+00,4.707219686350103127e-01,1.973182637935228634e+00
4.416793929998365509e-01,-2.378755576082591361e+00,1.088508929276465143e+00,8.268472886487852058e-01,1.875569342063073686e-01
2.125368873156111837e-01,-2.045686522828923604e+00,1.065923642881840161e+00,8.007208644083262383e-01,-7.341577244715459527e-02
4.465312104655981273e-01,-5.727321198377143263e-01,4.183375737346334278e-01,7.820961697148530456e-02,6.355097931629460906e-01
1.160825295028804272e+00,-5.750559771436833945e-01,1.979956931822526300e+00,5.533922541580208777e-03,2.206213062974057504e+00
7.501272412062153228e-01,-4.830853593733909490e-02,1.291642318531013522e+00,-1.107546833494439387e-01,1.540009287028232254e+00
1.302244866956949965e+00,-2.235600221756060879e+00,2.291942510938591582e+00,5.877826970875247303e-01,1.947608870026573902e+00
1.070180919039383838e+00,-2.833025895052686760e+00,1.602803430766132520e+00,7.996644116452820139e-01,1.182880289393410056e+00
3.875171869704616134e-01,-1.229899519714427125e+00,3.246644162704090397e-01,3.254735296349000606e-01,2.894105624604813576e-01
4.302210959263993439e-01,1.382303900976625255e-02,1.316388616232888165e+00,5.686642874595450314e-03,1.052400983877307628e+00
9.251174451390475895e-01,-2.508656643830619704e+00,2.455984568087736353e+00,8.691388524900003354e-01,1.290100889153930508e+00
3.431422700654604419e-01,-1.740617536220632200e+00,5.685815308264021706e-01,5.632945663794745039e-01,1.080647446369479292e-01
4.616170119222871571e-01,-2.397929259813754488e+00,1.081180749569004229e+00,8.242402429577154743e-01,2.111324021010858865e-01
3.512904039376111842e-01,-1.438281984510043854e+00,4.193685259844885382e-01,4.294596331756245777e-01,1.849146480001563064e-01
8.560624730268959204e-02,-7.263116495617106816e-01,8.057527299544051669e-01,3.424568179614196906e-01,1.052727930317964300e-01
4.511599457915839162e-01,6.877077968303305089e-02,1.898561908305433477e+00,6.219185169431072635e-02,1.261688645182848179e+00
1.175194313048695927e+00,-2.402004088181350028e+00,2.323479505832125813e+00,7.058271660739617870e-01,1.694150426968630496e+00
9.087531151344563352e-01,-1.524935146619325610e-01,1.569870163076596770e+00,-9.968194454762424606e-02,1.834753623264548272e+00
2.485584875044416497e-01,-2.144977204255668291e+00,1.119377209845903165e+00,8.289771003350687728e-01,-3.508535796139153340e-02
4.528825672441886829e-01,-1.504707471559123988e+00,2.789399999669187613e-01,3.898768198920425365e-01,2.880472625366650719e-01
1.075578300270152887e+00,-2.522614619868801977e+00,2.297399159989148565e+00,7.874146034214585255e-01,1.485137990694586296e+00
1.018171625833196758e+00,-2.410329139636824713e+00,2.485126056288944341e+00,7.987738047002505004e-01,1.481705425841229440e+00
7.333985329087828742e-01,-4.040487817306163965e-02,1.403180864217090207e+00,-9.022505407670625144e-02,1.545776671938457136e+00
5.985162476282168686e-01,9.773547916063921384e-03,1.703453662343922259e+00,-7.382716808375241850e-03,1.426420121384426087e+00
7.311736027150144146e-01,-5.170447501616674130e-02,1.167018201258687604e+00,-1.197422875801905512e-01,1.474757739643589138e+00
1.011955147349794970e+00,-4.463653812673670784e-01,2.087718695966508609e+00,3.795151052114805607e-02,2.039480632076040134e+00
5.765288582239007642e-01,-2.585202696665234168e+00,1.266875258738247467e+00,8.700970724716416971e-01,3.819738054900352342e-01
9.312025330642709209e-02,-1.154912439882442188e+00,7.592285507816897150e-01,4.864170764597537389e-01,-4.238530523574274983e-02
5.390829122511332505e-01,-1.240751574865120999e-01,8.836685069286679406e-01,-5.401609039100004755e-02,1.064040567276445248e+00
1.080207212831842289e+00,-1.101749708832962193e+00,2.609856708108074574e+00,3.208148629106710725e-01,2.064830213952892901e+00
3.851139935880847354e-01,6.973163405246539381e-02,1.563051376016227012e+00,4.071164065027225998e-02,1.065283180312761369e+00
5.855194550842637291e-01,-3.166907397440224536e-02,2.073704835035380167e+00,6.710449657339942475e-02,1.490868090082503317e+00
2.400715866404458665e-01,-5.494622100690202959e-01,6.836966350789068780e-01,1.958503508863067566e-01,3.821476007651944395e-01
1.028392942687832656e+00,-2.576471684144256979e-01,1.622410801743159547e+00,-1.047766659243365844e-01,2.005596968167562721e+00
6.479019366571505678e-01,-7.948413843690570191e-02,2.080093651133767096e+00,5.885870586758716605e-02,1.576705896503367121e+00
2.507955502475489595e-01,-3.099286523816932037e-01,8.584590084892115280e-01,1.308322765922725062e-01,5.287539752238289426e-01
2.823866783795656032e-01,-5.760977340080534193e-01,6.160488266490042886e-01,1.776544598569854416e-01,4.229948367367197815e-01
9.537733971246865616e-01,-2.659830497768228330e+00,2.167984173893299005e+00,8.692368199856288502e-01,1.206850288737898458e+00
4.083925601379225778e-01,-8.678420260924502028e-01,3.296674374029080479e-01,1.873515876857934082e-01,4.487909023450165069e-01
8.320992040713258708e-01,-6.412538505658268440e-01,2.699051564461658170e+00,2.732709757345901380e-01,1.847147889370117646e+00
6.535101815406918480e-01,-2.464136928004748928e+00,7.825421296667850468e-01,7.233103410596424254e-01,4.173098323962328715e-01
1.899976968996132387e-01,-1.785590107968536788e+00,8.640208450933917206e-01,6.873190394744611575e-01,-7.471690305009495714e-02
8.752619131786995021e-01,-2.808294969233654514e-01,2.069431091676464440e+00,3.356973839335406634e-02,1.871113441075458850e+00
7.950058699339154211e-01,-3.080326942432629056e-01,2.309596119488581678e+00,1.123432122203833344e-01,1.797041560529623716e+00
3.236215902756709450e-01,-7.184206253388094598e-01,4.938287380426822359e-01,1.934887407765883416e-01,4.076704535733903234e-01
6.543140617388489844e-01,-1.127645675172241069e-01,8.608115969746422680e-01,-1.100965470928215867e-01,1.247501123391613342e+00
4.690584405384040090e-01,-2.599681829978852221e+00,1.657115699889520677e+00,9.777306181027090037e-01,3.087951560438622622e-01
7.135079936237354037e-01,-1.046353709621936356e-01,1.981555051935374623e+00,2.577608923254047849e-02,1.647289981597333197e+00
1.929868999711678024e-01,-5.331362265164703990e-02,1.257615640168221915e+00,1.214253295031803848e-01,6.311543636965656345e-01
1.154765582408946001e+00,-1.122076346446835737e+00,2.496042068630156763e+00,2.799850926563279274e-01,2.147390100836278570e+00
2.000883093129500190e-01,-1.555338496688861261e+00,7.077892402030566688e-01,5.775270469317574928e-01,-2.138990680795823524e-02
6.553704413749871227e-01,-9.977679753793874950e-02,2.131601960392685235e+00,7.051994830647723145e-02,1.595632414810945310e+00
1.147119150189541026e+00,-1.133646697944324933e+00,2.514941844656070291e+00,2.901329801197599090e-01,2.136176648174894499e+00
1.371274439883877427e+00,-1.643942311698499248e+00,2.317048331993301513e+00,3.497947209719939332e-01,2.268893172352265175e+00
3.966219596366237221e-01,8.727895897925531943e-02,1.738243685118888937e+00,5.515261393388330713e-02,1.137003662722006148e+00
1.994148889724496609e-01,-4.702231125235800668e-02,1.264350452488693710e+00,1.174346693483643150e-01,6.454885205252771652e-01
5.970131197593877559e-01,-2.573133043952147148e+00,1.173713048794760017e+00,8.434931793997366700e-01,3.940665110549213535e-01
3.762371403881995535e-01,-9.845833198448813994e-02,1.040593042819443870e+00,2.850990904856080463e-02,8.526004575110476269e-01
3.497553694424043735e-01,-1.017614700428726371e+00,3.820630599786533077e-01,2.735712134653226490e-01,3.169254629713708082e-01
1.925545311633303225e-01,-1.806055367505911835e-01,1.064732789693175974e+00,1.391354339787981287e-01,5.348209863060243707e-01
4.937464809046863135e-01,-1.466432063612185033e+00,2.032715649061557217e-01,3.478086666346702494e-01,3.466979001265745319e-01
3.403526130800241245e-01,-2.962107950291544278e-01,7.796914126765680519e-01,7.656145884472963237e-02,6.566155630911135743e-01
3.056284350841187436e-01,-3.298728095123578119e-01,7.799620476036573935e-01,1.033595834873933805e-01,5.891563367395131756e-01
1.077900064540523895e+00,-1.357915966569857025e+00,2.714455786962760797e+00,4.290800683724322884e-01,2.001250947617844389e+00
1.060781945698745510e+00,-1.972023867841486089e+00,2.719849643160383579e+00,6.576594222155560665e-01,1.764130179622840133e+00
1.022102944545261183e+00,-2.756826588099164255e+00,1.888975493181757948e+00,8.344312309426806795e-01,1.208577040241494593e+00
2.454662845973693830e-01,-1.120630569767203655e+00,5.292807880034504642e-01,3.761412111314393347e-01,1.530600193072037263e-01
1.245987841285821407e+00,-1.177103220820726381e+00,2.372744060347119710e+00,2.431926654331009741e-01,2.242334742834708905e+00
1.251211301109151020e+00,-2.602245906491037264e+00,2.027049874654535788e+00,7.023092342848670233e-01,1.668108657779828752e+00
1.365574047713800754e+00,-2.292616542102048349e+00,2.181003370640762107e+00,5.652940563158537213e-01,2.000238696385518544e+00
6.205597801804652036e-01,-2.690392625746527155e+00,1.668862938463056222e+00,9.480272670204451524e-01,5.249763062030399219e-01
4.149144231987632603e-01,-1.993792454361642263e-01,8.359205745241651275e-01,1.850440273792256299e-02,8.251900374312790554e-01
8.543057239401973257e-01,-2.295382626328432152e-01,1.994440386446943325e+00,1.304090116600627874e-02,1.834778717179882612e+00
4.925461272834912863e-01,-2.926419528833046901e-01,6.340557619189313154e-01,-1.029694418287268806e-02,8.639515347838977455e-01
1.032264489786957951e+00,-1.897473712302959692e+00,2.781157235603094247e+00,6.518913171096062387e-01,1.760276812782457068e+00
9.122640115339497591e-01,-2.305843347829980239e+00,2.701202729791784662e+00,8.375661339956586016e-01,1.405049988177824005e+00
6.910662153327643553e-01,-2.711694936347770479e+00,1.497817396411615931e+00,9.008952348817513833e-01,5.852695325766765766e-01
9.509639578907616020e-01,-4.348610085221185084e-01,2.197754128917635441e+00,7.566625521957545675e-02,1.974739903505348115e+00
4.354782046525453310e-01,-1.171673004937520357e+00,2.509898903354152444e-01,2.735331908055824712e-01,3.668909831791928311e-01
9.993972323215060127e-01,-9.222061119473978774e-01,2.637546267847552528e+00,2.945147373252974821e-01,2.003718462869814143e+00
1.047976102986805991e+00,-1.048991207013275417e+00,2.634949078425477875e+00,3.191492161747074841e-01,2.037759180519985502e+00
5.345403943165965427e-02,-1.026190157156050553e+00,8.095581954349966303e-01,4.642979806697761225e-01,-4.855069656591568666e-02
9.041251856220974270e-01,-2.117884214804235943e-01,1.813864153805656354e+00,-4.077091922311133765e-02,1.872581424509107473e+00
9.723842381679036473e-01,-2.449141164615132316e-01,1.733406911362478819e+00,-6.946757807778609906e-02,1.949567469432851530e+00
9.647057800204897893e-01,-2.831750806254293984e+00,1.269791166957458861e+00,7.950927255887131340e-01,9.237045063888129626e-01
1.245476696936164807e+00,-2.629513331452414615e+00,1.995187145746348367e+00,7.098681828642624536e-01,1.640923694494961227e+00
2.802458162882202619e-01,-7.304922891330436485e-01,5.456988655167929192e-01,2.237286449098548624e-01,3.475697364426110214e-01
1.141284788230694902e+00,-2.060790971980686503e+00,2.580626227132413852e+00,6.351856963440526416e-01,1.825920424823645138e+00
1.207055461476713720e+00,-1.893316105937257410e+00,2.542916771515484342e+00,5.417412129111361940e-01,1.979317103226856389e+00
4.984151973380778200e-01,-2.068169789237985778e+00,5.518533871078199482e-01,6.128989839126091077e-01,2.412932991613590261e-01
1.318440539151747970e+00,-2.153457769786521148e+00,2.311919109655038440e+00,5.543588345093849457e-01,2.007308851319983933e+00
8.941507535825378161e-01,-2.265060727798471341e-01,1.884486737512604870e+00,-2.094989269383982014e-02,1.870452985884746955e+00
3.461726649679082168e-01,-2.164099199518208838e+00,9.510928645681182569e-01,7.700142968334098281e-01,7.039125532420507925e-02
6.162160310092742455e-01,-2.480034874727922389e+00,8.978875422297798448e-01,7.616323641348735629e-01,3.827777523410702543e-01
3.439669323778959953e-01,-1.587079755110642143e+00,4.860096877154752582e-01,4.957344196593684860e-01,1.399232032465717868e-01
7.197542154468578035e-01,-2.735748460425047046e+00,1.644282324669990469e+00,9.188213682560398832e-01,6.626573942419640151e-01
6.236645090341534914e-01,-2.484886833951097440e+00,8.909869507019573254e-01,7.592199433120077057e-01,3.912590796798514070e-01
1.190576094799210560e+00,-2.102308684111323434e+00,2.499199674271877836e+00,6.173740395218363375e-01,1.869190948494784399e+00
1.196382146567085553e-01,-7.233261737795032564e-01,7.610290736931675237e-01,3.204718742010763677e-01,1.491149593087960357e-01
1.246397220696431329e+00,-1.103860517911852579e+00,2.331232276844438012e+00,2.106472759437346687e-01,2.256986984670002805e+00
1.077525907816761164e+00,-4.003987626080613982e-01,1.859298150207502998e+00,-3.964089202057447664e-02,2.099490039569752664e+00
7.603158622956772694e-01,-2.673371184423370739e+00,2.208381427120549301e+00,9.617273107877846172e-01,9.012611363684188692e-01
1.215989744254731386e+00,-1.742838522021310954e+00,2.548694448013959502e+00,4.847667412748931093e-01,2.046969643214114232e+00
9.739720921228915973e-01,-2.720316744833044531e+00,2.009990943809544461e+00,8.593372308945811389e-01,1.176109676380380664e+00
8.124244490755080372e-01,-7.294631651395627747e-02,1.356251020456225476e+00,-1.187797838909779580e-01,1.649339230571859050e+00
6.291756416927201112e-01,-2.332329095012996234e+00,6.152934515665416937e-01,6.618071195639698701e-01,3.783657534804554801e-01
1.296896266483005045e+00,-2.448564842449324264e+00,2.146779611315376979e+00,6.453136668039480828e-01,1.826759439187478407e+00
9.098107313397336693e-01,-2.792306387751636976e+00,1.132299587179293132e+00,7.840211127073026809e-01,8.117794364607219260e-01
1.243708194706216463e-01,-1.134553741118793369e+00,7.100924597092870272e-01,4.587225362725134703e-01,1.755237566695746305e-03
5.427780173978913325e-01,-8.630775865827913090e-03,2.106263837576773046e+00,8.164418519629745852e-02,1.438655515704819532e+00
2.559688182859326533e-01,3.215730243910302349e-02,1.409078137382129281e+00,8.625869751978672284e-02,8.027888046806168632e-01
1.194503005286251529e+00,-1.595763242054488273e+00,2.577504402175576192e+00,4.452313121551780828e-01,2.070619707911696139e+00
8.640479243145602339e-01,-6.419852373720709160e-01,2.640147054957777240e+00,2.514284498801507284e-01,1.882539360242497128e+00
1.183581461314816341e+00,-2.508560602996610545e+00,2.207444478823142209e+00,7.235957748379402421e-01,1.639835413225535499e+00
1.231973782411829310e+00,-1.947954484460495683e+00,2.496524678439994371e+00,5.440582252953801712e-01,1.988224093967224215e+00
1.055034326090491525e+00,-2.525411259661034968e+00,2.313294855716004683e+00,7.994206915047669115e-01,1.455342631716112889e+00
1.055697283636417128e+00,-1.182150861169703360e+00,2.688837028912076210e+00,3.715882199283324638e-01,2.018956915050472478e+00
1.189600574436595837e+00,-1.767480388534858671e+00,2.585032802885494085e+00,5.100755757571130422e-01,2.005749167698572588e+00
9.121127227101701873e-01,-1.866125177560359616e-01,1.705419952994670307e+00,-6.903641255276303512e-02,1.864922771043934002e+00
4.280172965531102713e-01,-1.423241574065431392e+00,2.948956854678549400e-01,3.734538539435399707e-01,2.802522298693701508e-01
1.344151260777130874e+00,-2.400472892651928536e+00,2.133162464403633329e+00,6.060889035195788921e-01,1.915781397506474582e+00
4.614119060885188972e-01,-7.148298285571796917e-01,3.183048815445019830e-01,1.083386712117717920e-01,5.837565640508296516e-01
1.037138729358174860e+00,-6.489657034016090842e-01,2.319959095858834086e+00,1.340201326645284186e-01,2.072960933716487375e+00
1.326586905228396507e+00,-1.363335200831797600e+00,2.322133767907539337e+00,2.686341643290887649e-01,2.294640783065788003e+00
2.892031065203756190e-01,-1.449833060167913024e+00,5.213419938602484871e-01,4.747396201664577098e-01,1.083169058115736882e-01
3.559985904966069814e-01,-2.393335738577376581e+00,1.311802967836142031e+00,9.009130338478344990e-01,1.045384268037762299e-01
1.325757249657491199e+00,-2.208020990932102912e+00,2.276948582379514807e+00,5.657536598983017306e-01,1.990945532074509305e+00
8.817616187739419908e-01,-3.957358599521384468e-01,2.279147289901947371e+00,1.027434445678789693e-01,1.898546518513863690e+00
4.845893224226013318e-01,-6.922206420982354169e-01,3.004139451856594478e-01,8.781274954484052930e-02,6.240662615029926030e-01
7.486836554066211846e-01,-2.723333009176876374e+00,1.978336146144853425e+00,9.509638212763691367e-01,8.034433349007750191e-01
1.795885830555804807e-01,-1.314028404032352659e+00,6.553093934150014954e-01,4.918492011205379266e-01,1.435125420158616175e-02
9.687266352427158500e-01,-2.137134354996551799e+00,2.760701817695405680e+00,7.618175840182084269e-01,1.570026862506212817e+00
8.828477615492806851e-01,-2.540896381781686753e+00,2.443039261059425815e+00,8.966821196755108137e-01,1.207412343624316264e+00
5.984544210978146594e-01,-2.193205997137335217e+00,4.965927784872334327e-01,6.074698848296348208e-01,3.447052210587529530e-01
7.056887854211308930e-01,-1.543246508964037367e-01,2.165852393512720742e+00,7.386058655478615342e-02,1.667210063513055340e+00
2.917562729320524184e-01,-1.825258040739621057e+00,7.149485657059414523e-01,6.367925321555814033e-01,3.555069652006917491e-02
1.203051833034976648e+00,-1.910564507733802264e+00,2.544839303136216202e+00,5.499083095969130586e-01,1.967455714917330178e+00
8.795581280877812214e-01,-3.124972330644960605e-01,2.128345453120741304e+00,5.173888128137835857e-02,1.883011924529075065e+00
9.873765970265492298e-01,-2.153474065312023455e+00,2.728023135234368901e+00,7.550316515640042025e-01,1.585678807034577531e+00
1.124698622984069640e+00,-2.749131302663799126e+00,1.867849373087298037e+00,7.852398468985628543e-01,1.370895879209481638e+00
6.284727647197841938e-01,2.165150956936926445e-05,1.609219483027550579e+00,-3.030737714189639040e-02,1.445994431102948008e+00
8.630169083342521530e-01,-2.784381200059186767e+00,1.296496467395163554e+00,8.249396306936981338e-01,7.832665708328643284e-01
3.597300800764409168e-01,-1.232568549296080507e+00,3.664975989215001895e-01,3.442843283080477823e-01,2.549645373504720314e-01
1.019877965834111944e+00,-5.851551048270173805e-01,2.275705975947754034e+00,1.119261613030876484e-01,2.055154906021857020e+00
2.814774187251913307e-01,1.345771190525678167e-02,1.348393974543801166e+00,7.332996898133528618e-02,8.211482946445100017e-01
5.853975160340154638e-01,-1.689902852442351777e-01,7.585741319274390548e-01,-7.573218537756465363e-02,1.089595232566997973e+00
8.064656905300991996e-01,-2.726788759673399731e+00,1.999826868957571113e+00,9.309367221177388130e-01,9.011702032956813158e-01
9.097023976351396035e-01,-2.256117486824205098e+00,2.747035007881101443e+00,8.274874076532675593e-01,1.430338357682658268e+00
8.227006606427275104e-01,-2.708013526898049417e+00,2.081204882086552299e+00,9.292287763514264221e-01,9.556861606473030513e-01
1.198072630966188656e+00,-2.137314824480367026e+00,2.473608479603456534e+00,6.230396820050405626e-01,1.862360418964126074e+00
1.067025648519844605e+00,-3.358843288316911702e-01,1.740856679772973648e+00,-7.568622758888580992e-02,2.072858254437592418e+00
1.344446426024553665e+00,-1.529835034276497696e+00,2.340421962776935150e+00,3.235617211071316057e-01,2.271145028614589556e+00
1.160864514054436913e+00,-2.108765784493587425e+00,2.534503657173708291e+00,6.374040568327669076e-01,1.828584710243261746e+00
8.998162956695365811e-01,-1.422624990746989837e-01,1.547844843173487916e+00,-1.028002627886549225e-01,1.817937567367828855e+00
1.052471126916311173e+00,-2.292415542142466123e+00,2.554285008191538697e+00,7.520429332566257452e-01,1.596108837340952658e+00
4.745654329779181446e-01,-8.241433497323139568e-01,2.552879229875117950e-01,1.328326349818892416e-01,5.504436700210625366e-01
1.550007945311979440e-01,-4.209805205936236749e-01,8.703934380327559284e-01,2.129283430044217884e-01,3.394141464407656739e-01
9.938391484948152499e-01,-1.468344203016682892e+00,2.865693970755708975e+00,5.263547648404250934e-01,1.868523857998007465e+00
7.323560991549505905e-01,-6.451476695990046584e-02,1.721771266029276548e+00,-3.456318691835596341e-02,1.621545265275613046e+00
8.815576793480441875e-01,-1.001562774126358024e-01,1.254715449094019331e+00,-1.530510098187356227e-01,1.724094516365921148e+00
6.126134118151419505e-01,-2.689890376844883857e+00,1.991744847823968989e+00,9.983932392884907747e-01,5.992279230650864319e-01
2.186534879685050614e-01,-6.417149507729166258e-01,6.626475617914067140e-01,2.349547625082864799e-01,3.102682251843647543e-01
4.702962948745013083e-01,-7.726887403365523266e-01,2.808462785870175504e-01,1.198912827132959241e-01,5.681181756126643112e-01
1.180075356437468193e+00,-2.723359577796480746e+00,1.890611927265018810e+00,7.559175247380646168e-01,1.475129556967297750e+00
5.944240760074080976e-01,-2.649607625873297678e+00,1.476799403671887223e+00,9.163494817833176542e-01,4.451799071017923937e-01
8.004665299430562264e-01,-7.377345418101452501e-02,1.469096254345684471e+00,-9.693882159757068184e-02,1.660148092276360954e+00
4.619713692436929198e-01,-1.198759100798502564e+00,2.125506935332087677e-01,2.664517265535017443e-01,3.899421712286289532e-01
2.535543444425852888e-01,-1.313088510885878302e+00,5.404134119350449961e-01,4.434737551107913456e-01,1.029713031364603154e-01
2.661518068650112756e-01,-6.628584852621378642e-01,5.920993117120378901e-01,2.121729196094868097e-01,3.605759182023407505e-01
5.686756652265068102e-01,-2.305774419342105030e+00,6.997967937082347767e-01,6.901774293008192673e-01,3.127167773900282333e-01
1.133610372711720826e+00,-2.309528215567012488e+00,2.447115324002047121e+00,7.082500290278664901e-01,1.692167870704937238e+00
4.954156994914962753e-01,5.308173229053431141e-02,1.706333628117064904e+00,2.103711024625550680e-02,1.275900221298283732e+00
8.681792218177279974e-01,-2.751203324724130539e+00,1.044429776624038020e+00,7.740030842591379967e-01,7.351550035357261592e-01
1.065852636829816458e+00,-2.916887899580540289e-01,1.626413680980943521e+00,-1.077897090083519277e-01,2.055355047527026358e+00
2.739691652431095470e-01,-1.742830856294570019e+00,6.883514663746537199e-01,6.108151185163284147e-01,2.804340105075135703e-02
3.174413600876733743e-01,-2.128055042618200332e+00,9.616828217959996206e-01,7.707537034594436065e-01,3.931616629303161248e-02
1.742666168324882858e-01,-2.595815004667882397e-01,9.911737564972654679e-01,1.644747432906860374e-01,4.584177742836938463e-01
3.744293272260202921e-01,-2.396713949359329021e+00,1.276480192556378235e+00,8.891780890386863367e-01,1.235785440770733462e-01
4.609225836352847661e-01,-2.153169402723362325e+00,7.140277596835254981e-01,6.829671364861499283e-01,1.953024511692058318e-01
2.137377738713113484e-01,-4.477666218125923026e-01,7.818693288070629466e-01,1.847982627225083219e-01,4.010600999539892797e-01
8.942162593447214869e-01,-1.661382388191837145e-01,1.678915362401958156e+00,-7.270343225283287802e-02,1.835979678688225647e+00
6.265001142527854006e-01,-1.127042093699616269e-02,1.787178481970029598e+00,5.904373552790337029e-04,1.486823832703653370e+00
5.152573191733460511e-01,-2.365074053981222502e+00,9.040510265988395133e-01,7.638929127101912187e-01,2.612104326114269570e-01
1.111036848124558274e+00,-2.241467391879570226e+00,2.522223007350555157e+00,7.043185728195523465e-01,1.699378827009804915e+00
2.979726292032230939e-01,-9.362939831270983282e-01,4.660535121111059609e-01,2.785146181566415247e-01,2.840039276114980082e-01
1.243745105300185338e+00,-1.222421965901135721e+00,2.398736852196321045e+00,2.642153902222467710e-01,2.230144947056389881e+00
9.033946140381772516e-02,-3.459840626758949322e-01,1.003064931409163085e+00,2.326982866409512407e-01,2.966625535199248764e-01
1.256912638219358724e+00,-1.228629206943405938e+00,2.379962742109182017e+00,2.581384702688020449e-01,2.244183289323729014e+00
9.433664461303967741e-01,-2.811565232019104243e+00,1.606594574220330918e+00,8.460816347405775151e-01,9.868784312890267474e-01
5.473813988950813059e-01,-1.753608527217536794e+00,2.311063561728176063e-01,4.323602778077371700e-01,3.419731595451930839e-01
9.579542602164484721e-01,-6.828816319998725071e-01,2.506913554190022264e+00,2.069750639937356362e-01,1.983991128422323058e+00
1.202789741253286193e-01,-7.144558004250896044e-01,7.630200578830432789e-01,3.173063431842812476e-01,1.537309719592976076e-01
1.123573849085923060e+00,-1.442663055560689633e+00,2.663293829685985603e+00,4.327458159747824551e-01,2.031983196328673191e+00
4.700038788784352550e-01,-2.257041688496264964e+00,8.299489887251754183e-01,7.333791139034688822e-01,2.054472930092975103e-01
1.142985530185231635e+00,-6.928239345026022677e-01,2.167723455735109717e+00,8.280925393123735045e-02,2.187526923400600509e+00
9.405774279246807978e-01,-2.937364797738521993e-01,1.944138045287982397e+00,-7.697914060624175096e-03,1.938236297508444839e+00
4.028482887531301126e-01,-2.408084652423997163e+00,1.235315600394895741e+00,8.752405243771680388e-01,1.543994192291536505e-01
5.177136360637026868e-01,-9.029840813729095360e-05,1.275313527156118454e+00,-3.227937484570034266e-02,1.177585083437268532e+00
9.652828769686846444e-01,-2.498272439905707021e+00,2.433600948085723470e+00,8.451706521358979263e-01,1.352382298234897195e+00
9.622505600526749525e-01,-8.811825059311690911e-01,2.672900919033352363e+00,3.006400814618145345e-01,1.967454635570008881e+00
6.626880298018450466e-01,-1.973370095053355103e-02,1.319704311378749884e+00,-7.997881738340711921e-02,1.416446427475716474e+00
3.703648683998317370e-01,-1.820327095103209558e+00,5.740989162397838186e-01,5.812292300883586949e-01,1.260409896841465649e-01
5.610075403132127603e-01,-2.288301109682539636e+00,6.904535950953499812e-01,6.857755718631113329e-01,3.038464363342451291e-01
3.712361102846815641e-01,7.809118797549662039e-02,1.601631941343919285e+00,4.921035852066660277e-02,1.056169234649809052e+00
6.170594575185598396e-01,-2.185529202889969991e+00,4.524527104450459247e-01,5.904021958716119123e-01,3.654515950650949474e-01
2.791019068590742669e-01,-1.912015404752898773e+00,8.076488126866434580e-01,6.868457323982779528e-01,1.029403999840397370e-02
1.146520488075709832e+00,-1.663412253617478465e+00,2.651413870589148569e+00,5.005992043631237731e-01,1.989930680449207179e+00
3.862659724171166320e-01,-2.337313172616887424e+00,1.133169494215248374e+00,8.418987984015410264e-01,1.244994950261863742e-01
5.162735294872505820e-01,-2.482524956319549503e+00,1.136464745591313941e+00,8.396141880436964744e-01,2.850390584540173355e-01
1.353683137517420532e+00,-1.980677646653580481e+00,2.322202966367572063e+00,4.789193367785336553e-01,2.126239018730310182e+00
1.204263017962503346e+00,-6.521057394332954171e-01,1.998829951323950027e+00,1.761541561198346970e-02,2.254832030164124035e+00
5.968773384021617279e-01,-2.414563096693793209e+00,8.150337043596240783e-01,7.341780257581744795e-01,3.518059453747417464e-01
9.792502608787799767e-01,-2.189442824273657884e+00,2.714973008870914750e+00,7.694755579022063419e-01,1.556711945735645752e+00
5.631838043572247043e-01,-1.857007692652677733e+00,2.657070380900693474e-01,4.678780166147613606e-01,3.412302293036133527e-01
1.367735021923830174e-01,-4.516321624208946006e-01,8.705961763459409974e-01,2.316664969821608522e-01,2.995599784434035406e-01
1.424617994537694943e-01,-1.275886995557661718e+00,7.042268035206709076e-01,5.009835100937714003e-01,-1.922101467351911702e-02
9.461407210011038016e-01,-2.481582689574982847e+00,2.473733361737689318e+00,8.531281567574471314e-01,1.338063092827801004e+00
-1.605666312247520655e-01,-1.080596475008042567e+00,3.903151859064024065e-01,3.184578379444146234e-01,-3.814809074677257161e+00
-3.966321209344301768e-01,-2.653320189981770216e+00,2.467301176761300119e-01,-2.004190040764406877e+00,2.173688445847390849e+00
8.992244054446096868e-01,8.188610037805078568e-01,-1.655814809211950678e-01,1.254155872294913099e+00,-3.594514980676043248e+00
3.305891384678450784e+00,-2.478988816755126057e-01,-1.807645714269329629e+00,-2.317798258220188090e-01,1.299354986598531214e+00
1.850993867754842537e+00,-3.030514348484212306e+00,8.038306140903158648e-01,-1.654495546648846460e+00,-7.940601447997394646e-02
-1.224853668928494788e+00,1.682964841617675456e+00,1.907298596048482286e+00,2.090140231764536338e+00,1.913344900602601095e+00
2.045987658106464213e+00,2.314666826583873238e+00,-1.441275895720923961e+00,8.375082109727577384e-01,1.917695433001608496e+00
1.440329862061948685e+00,-1.084087264947780849e+00,-2.405812327856674315e+00,2.022696586667860341e+00,-1.694393771189472320e+00
2.595603581695421713e+00,2.366702685291853125e+00,-2.261461121070714245e-02,1.587078545390410378e+00,-1.068751943270035865e+00
-6.901469458554437830e-01,7.194214406308637733e-01,7.133390975606717088e-01,1.170643422575326609e+00,-3.623102440307127914e+00
1.477555986071777294e+00,-2.593785433179637279e-01,1.587835050102675893e+00,3.065663535970211573e+00,-1.352788977327122222e+00
3.146044006373014956e-01,3.533273028568306717e+00,1.283907684814883154e+00,4.458626084218499930e-01,-1.252913950746794791e+00
2.719981860588025935e+00,2.162577623123346449e+00,-1.136868878588250809e+00,1.589804716018837327e+00,-3.240475580220263940e-01
-1.251984746471518362e-01,-1.739972253637620092e+00,-1.979847198908055050e+00,-1.993319529114787603e+00,-2.250267589053083217e+00
-2.247648671807095155e+00,1.348587579721825414e+00,-2.886753931528142081e-01,-1.676043768507156306e+00,2.497384790411807387e+00
-1.260016910509415444e+00,7.330075160529305744e-01,-2.069498738552267181e+00,1.166795006250709532e+00,2.868940876204876478e+00
-1.431047479807112444e+00,-1.128776258211240613e+00,-5.951539514146020338e-01,-3.436819950998725393e+00,-7.155610861198690165e-01
-8.140833300299823438e-01,-1.730717303491769998e+00,-2.750930585388573935e+00,1.910744309791997386e+00,-1.059869352388611352e+00
2.367695828014496406e+00,-5.696209332712092177e-01,1.774777550624727196e+00,-1.714441642743731453e+00,-1.995094724018549925e+00
1.553423210579751634e+00,2.176370456904205497e+00,-1.063204450335320184e+00,-1.795433178729265222e+00,2.120448999776220145e+00
-6.199404594728245010e-01,2.836152677307189673e+00,-7.678624313299625692e-01,-1.037361551777241875e+00,-2.430263383906820618e+00
-8.300257411213063374e-01,-3.301603398334063133e+00,1.517642148818744374e+00,1.064297882332258638e+00,-9.871699929479662572e-01
-2.105232279376849924e-01,-1.346269450677044954e+00,3.172154809975977763e+00,-1.040308873754137498e+00,1.731597483656953207e+00
2.907130280698418723e+00,2.045973128425655041e+00,-1.379304219321065617e+00,-8.064615412037972053e-01,8.998483994144641507e-01
-2.030408870252349007e-01,-1.285526381181139488e+00,-1.904620514547963550e+00,7.587776467735903030e-02,-3.266934278780941003e+00
-2.888229934978167268e+00,1.238536871023891095e+00,-2.449836428786120734e-01,2.275365566863539968e+00,-9.417265068288414032e-01
-7.684182776293901895e-01,4.908437458388973385e-01,-1.969094401975206354e+00,-1.052034569335138087e-01,3.358601678754875142e+00
-1.765107287597551089e+00,2.268703802664880254e+00,-9.509789275380072793e-01,2.085978446452653401e+00,1.575345142931403375e+00
-2.294155845636544733e+00,1.179210862770234236e+00,2.471461817409837280e+00,-3.103848782722309352e-01,1.772525996842231777e+00
-1.263986968262860833e+00,-2.022440595940873997e+00,-2.335461309647375749e+00,-1.960030795038636864e+00,-1.007953735839278719e+00
1.685682092512827690e-01,2.834147032136448363e+00,2.470330468097923671e+00,1.352715739989069688e+00,8.260063095941851119e-02
-2.400247539308262734e+00,1.627195767069541610e+00,-1.341950907432313489e+00,2.299497191323344847e+00,-7.088907636676020640e-01
1.577143260604472630e+00,-1.704108973054243303e-01,2.848478765998736062e+00,-1.254207641644949023e+00,-1.948515120008870838e+00
2.701631470227328968e+00,1.999578318809219324e+00,3.723359522985072445e-01,-2.128199151713340953e+00,-1.871049312498139772e-01
1.602086130383392204e-01,-3.885479238629777760e-02,-1.177950755284057127e+00,-1.908293505443458438e+00,3.308122038351213323e+00
-6.242653098324707495e-01,-1.892558363730065585e+00,-7.346543663212676822e-01,-3.375884288108504272e+00,-3.036509479029783631e-01
-4.028222568243573498e-01,-3.107622493414652909e-01,2.258121283540342361e+00,-2.944979744522217668e+00,-1.403261781339153247e+00
-2.108674866233588574e+00,8.520901527499914474e-01,-2.484934148359735639e-01,2.650992106391584446e+00,1.933371292518309303e+00
-1.607162545068546944e+00,-9.776512712314876508e-01,-2.338219134433691782e+00,-1.085887921965586589e+00,-2.411390728580846687e+00
1.777973992251415281e+00,1.773770119575651949e-01,-1.012167569678691370e+00,-1.969717075785049065e+00,2.811241243785047139e+00
-1.823372190791594072e+00,8.125404470161329273e-01,3.377520917262618827e+00,6.551806121672051342e-01,4.221169206563154530e-01
2.440339933970948061e-01,-3.910872421117073117e+00,-7.878520489199823951e-01,-1.026244537256965628e-01,-1.195060095670328337e-01
1.606525007952177786e+00,1.644132598923681687e+00,-1.488635753991094823e+00,2.751873981494417976e+00,9.628388120002943085e-01
-5.181210240387210675e-01,1.540947629115296591e+00,3.161315447393826528e-01,-3.499626048768030850e-01,-3.624171357756355683e+00
-2.323073582833294903e+00,2.791881306717195699e+00,-2.843054422536970827e-01,1.657237698568792272e-01,-1.643299712637507959e+00
-1.166925850293304423e+00,8.483460001142471008e-01,-1.057142843046997571e+00,2.250304245654241697e+00,-2.781577418550921887e+00
-1.646137609576823202e+00,-2.067913984850483722e+00,9.713660859755600674e-01,-2.785395285810335242e+00,-5.585550558347681660e-01
2.344724416014545731e+00,-1.406235554378643393e-01,2.455577757714802356e+00,2.054037233396138529e+00,-4.832818517593453489e-01
-1.808985764859853296e+00,-2.746711379480442972e+00,-2.046202173588346440e+00,-4.905778347829334862e-01,8.692164018177928053e-01
-2.340865157272127739e+00,-1.954754659273958417e+00,9.585980843329332535e-01,-1.912652330341427787e+00,1.456755062963167813e+00
5.866981602673353446e-01,2.244413726346905502e+00,1.832538482380257294e+00,2.688033207604743069e+00,1.862054755750902069e-01
2.170783194002875227e+00,1.005154861577252534e+00,2.340611650133774813e+00,9.581565116355195144e-01,1.969984068806342137e+00
-3.273507689669886034e+00,8.744791707401683434e-01,5.627603073579346971e-01,7.787936820729129961e-01,-1.896368852000958061e+00
-1.432975253789009029e+00,3.006010610614615164e+00,2.033195903167344554e+00,3.409125632501658343e-01,8.126347115785779174e-01
1.447655820811880378e+00,-2.366554341224586633e+00,-6.294776170970559637e-01,2.742396915919206979e+00,6.218764022144424031e-01
5.089830108150841248e-01,-6.569985432058964570e-01,3.612602310656107374e+00,1.501349121909347328e+00,-6.591333788490646994e-02
1.044750497658938793e+00,2.385362873795041416e+00,-1.300810321545004866e+00,-3.929711962651127183e-02,2.743153040155196898e+00
-1.306696594326474781e+00,-1.892319633530107570e+00,1.309342746968751747e+00,3.052218155968774438e-01,-2.983979160311971857e+00
1.359394997284651740e+00,-1.328927170461821961e+00,-2.745528542652957871e+00,-2.093224551990073845e+00,6.829947389180072159e-01
-2.170876643292262820e+00,1.422500616534503548e+00,3.011842198710737328e+00,-1.272226557961145810e-01,-4.200090016708311613e-01
-3.763984499887922830e+00,-4.768253000481279535e-01,-1.083371868717216913e+00,4.127261198741507542e-01,-5.109020081025994475e-01
1.685544496602079834e+00,-2.792740614157977586e+00,1.584059487456179083e+00,-1.236088983503276229e+00,1.149947467090939313e+00
2.557108681873205835e+00,-2.876649533656461699e+00,6.764647468998098434e-01,6.362089783722902903e-01,-5.689606591347080577e-01
-1.073858914422292976e+00,7.850113111399118493e-01,2.850743669769951971e+00,6.276677790805305912e-02,-2.469798601942223115e+00
1.729307737519272248e+00,-1.349789703445466671e+00,2.668964107428464239e+00,6.926970517071429079e-01,-1.893241636253383264e+00
-1.106393988323886468e+00,-1.699282756155493290e+00,2.788144856185472253e+00,5.208904030362799809e-01,1.960421359347155779e+00
-1.749546603017885893e+00,2.162429837909134456e+00,-8.936889591601606675e-01,1.499510477432174360e+00,-2.283806526905292067e+00
3.586018453066051048e-01,9.207009983748329907e-01,-3.651623480992477244e+00,1.105051387943413177e+00,6.842673243718438991e-01
-2.145698781384053344e+00,-2.544710502387601991e+00,2.508130607936617240e-01,-5.539278612272220403e-01,2.133232742036549556e+00
-3.257823637657894622e+00,-5.438314917799050852e-01,1.102606336948908972e+00,-1.952369202541545334e+00,-2.516867440953651225e-01
-1.068518705228526988e+00,3.588590396448407382e+00,1.232499565343617709e+00,-4.023798350162993143e-01,5.471033109889444912e-01
1.974358128968868087e+00,1.464629561212392295e+00,-2.942322276157420813e+00,1.062298306475689902e+00,-4.135603441869653008e-01
8.679712178124637800e-02,-1.370530055217646481e+00,2.800429039060262859e+00,7.482124962827293446e-01,2.389955833271816932e+00
5.211385321663490888e-01,-2.402411602978178351e+00,-2.389061924289193506e+00,-9.608923780682518956e-01,1.823705590233597684e+00
1.054652509276274575e-01,1.059765274464349094e+00,-4.279604518086298909e-02,-3.814688009795332402e+00,5.586577935792906846e-01
-5.155148303159936551e-01,2.466709817538091709e+00,-1.676340324465409815e+00,-2.614882961731400890e+00,-4.309696977147713798e-02
-2.260357858556025334e+00,1.474497643012555814e+00,2.705213517354841724e+00,1.160535053670145089e+00,2.271943369406896618e-01
1.584103852853232519e+00,2.881956367737321667e-01,2.572152146499897984e+00,-1.153070143045849205e+00,-2.337096668687951517e+00
6.178028698416339060e-01,-2.620290941329458612e+00,2.747263017183588119e+00,-9.260522550600717162e-01,-5.893794466349364658e-01
5.808751433768585271e-01,2.556609273482751465e+00,1.813361469697218009e+00,-1.833894112172387736e+00,-1.573176930960375142e+00
-8.682124209788356639e-01,-2.066167801730815601e+00,2.548602600843738575e+00,-1.407627255583090209e+00,1.581255229069951085e+00
1.908496025721766021e+00,2.465138590280430808e+00,8.360520395712366382e-01,-1.805558632886876014e+00,-1.523715741485559327e+00
-9.402329009518104463e-01,3.233354083653518618e+00,-9.583408507675460208e-02,-2.025929019942795062e+00,7.401424835665012525e-01
-2.240025187789586258e+00,2.229484017423010833e+00,-1.143922004178977048e+00,2.155668697806104817e+00,-2.371140817785049038e-01
2.426998354034314076e+00,1.385012591174756558e-01,2.515848315782268418e+00,1.414683037774840946e+00,-1.326527627056925285e+00
7.983947770836316016e-01,1.128208155073452623e+00,-1.160038937177571450e+00,-1.703429020411915351e+00,-3.137252201433886611e+00
1.442010403916359484e+00,-2.478046692479400903e+00,-8.889116404356749157e-02,-5.407865472124209205e-01,2.734874559499563151e+00
-3.243914606375489562e+00,7.705263619903640615e-01,9.376025607305978893e-01,1.729698829815180749e+00,1.006156323972109190e+00
8.771992256594578485e-01,-3.423405908250203300e+00,6.351155248533074671e-01,1.762669523766232649e+00,2.092668000609216455e-02
8.020996552533163904e-01,-5.407285120754815599e-01,-2.568653290853963433e+00,-2.280498357426520517e+00,-1.807096104923917368e+00
-2.412442320670565188e+00,2.769763947805201632e+00,-6.434042109674061871e-01,-1.002628375093228552e+00,-1.043693961678175075e+00
-2.320878144646208341e+00,-7.005439410767529962e-01,-2.017091508798865895e+00,2.224976790613850397e-01,-2.450428422188258626e+00
1.344297341678637181e-01,-3.222126763617589429e+00,-1.700171537952489764e+00,1.216096096662542925e+00,1.109213591229925244e+00
2.284117151829276882e+00,6.101491571335986297e-01,-1.191501101450437305e+00,-2.989436102278386631e+00,-2.326451340679113466e-01
7.369482496002349725e-01,2.321851113741367989e+00,3.081737058643123195e+00,7.531163985307840480e-01,-4.033701375633106517e-02
3.018924784663852723e+00,-1.164401855606569613e+00,3.882152686825465215e-01,-2.197457693669676804e+00,7.421118870466699713e-01
-9.636931732190628930e-01,-2.676054997031566685e-01,-1.370241076694239668e+00,2.822856118208982856e+00,2.270155389406090851e+00
2.600683293708278665e+00,-3.437379926463699498e-01,1.524291834390616218e+00,-1.323434855533090371e+00,-2.245739340397344463e+00
2.471153688526772196e+00,-3.584406604157183152e-01,1.272551965009668162e+00,1.273113971066884176e+00,2.554351591630567242e+00
-1.840707123385590671e-01,1.357737847000207942e+00,-1.893835822696579241e+00,2.294859433079137645e+00,-2.295576609647624888e+00
-1.660847821985858008e+00,3.114436627016342607e-01,1.989065394112602636e+00,7.828983566081709755e-01,-2.928357283244605203e+00
1.353015179976678972e+00,-1.974170786746687556e+00,2.359286046934155223e+00,-7.462509764992657502e-01,2.036879588076904390e+00
1.253896700688574173e+00,2.165853119080934253e+00,5.391194440548243566e-02,1.728519914627641541e+00,2.597332427232942109e+00
-3.212293815965757915e+00,8.160187196747186178e-01,2.096725705018641417e+00,7.709270976874078585e-01,1.571452099617747789e-01
-1.499962906077267455e+00,-1.708936611140438044e+00,2.008230970430056939e+00,2.592216968883710670e+00,2.776085285667113101e-01
3.700375828802538347e+00,2.720249394874903470e-01,-2.043126657829320847e-01,-2.608719270847974503e-01,-1.457197080072044404e+00
6.512122025988232865e-01,2.225752327397865660e+00,-1.068353724563834151e+00,6.551567787006977728e-01,3.008544358789227768e+00
2.286837076607936226e+00,-6.826244438173020290e-01,7.420432992992255228e-01,-1.360006108863134555e+00,2.811432940614885023e+00
3.029622530356713028e+00,-2.146076482156546172e-01,2.242128980731036947e+00,-5.968720878004087904e-01,1.179801773796393949e+00
3.069041890191766431e+00,-1.207848062298815472e+00,-5.341314443049813843e-01,9.442775751920226002e-01,1.986234728284473228e+00
1.203642607392424041e-01,-1.307472402321710581e+00,2.534673691888600366e-01,-1.039799121553281358e+00,3.623617038468233797e+00
-2.390774459610540248e+00,-1.979212691892953346e+00,-7.611042389222164584e-01,2.028222191971156718e+00,1.293812073298949983e+00
6.027727032969926180e-01,3.870776766376039790e-02,2.169344379348299601e+00,-2.394041513218561068e+00,2.279841436078098749e+00
-7.601493080829345717e-01,-7.024110930159200850e-01,-3.498961450694018982e+00,1.533755341469958733e+00,-5.776287777619758534e-01
5.353697983611338529e-01,-1.700794416159454592e+00,2.995504550115598796e+00,-1.521052900296409049e+00,-1.238558879383699241e+00
-2.520221322383163542e+00,2.966748630946258736e+00,1.019186566868052202e-01,2.837087206247269067e-01,8.694877780879922691e-01
-1.506467282286627851e+00,-6.940972647601982848e-01,2.405824933731691040e+00,2.328441504833342890e+00,-1.427988746894279348e+00
1.705816867237977263e-01,-3.279794569945204685e+00,2.207415088486875732e+00,7.605485320362057045e-02,5.791232628180876807e-01
6.386071483214837974e-01,-1.365289068229956326e+00,-5.657005515986068822e-01,1.349524664557004705e+00,3.403958392218949580e+00
-2.782793119626225664e+00,1.523936602640273863e+00,2.025026037984557714e+00,-1.334442883786800538e+00,-2.284981835584035947e-01
3.626910430134420299e-02,1.655870811665583142e+00,-1.585678686895658274e+00,-3.094596412761301263e+00,-1.079755783127318125e+00
-1.333763074970956586e+00,1.780775244046530759e-01,-1.527952580477093925e+00,-3.152245948960079591e+00,-1.384944346977193819e+00
1.128617761607904474e-01,-3.431614380490404237e+00,-1.204527386150290980e+00,1.592368169693329394e+00,4.740910790710504696e-01
-1.349009626437996712e+00,-8.538823554183185838e-01,1.352036078855992862e+00,-3.001698779162726094e+00,-1.616434604779171114e+00
-3.675980064820313364e-01,-1.863033789711555366e-01,2.277633776229642582e+00,1.448619360837576808e+00,2.923020541391865734e+00
2.975376026676498364e-01,1.303327444537826230e+00,-3.437919293704171153e+00,1.455835480953538097e+00,-5.235102001744376121e-01
-1.206305431469578915e+00,-1.964570777670147317e+00,1.554500709424159188e+00,-1.688917682636353335e-01,-2.870590876552086002e+00
-1.261119587499393457e+00,-2.411560679793302686e+00,-2.609157122655613240e-02,-2.740628748184148922e+00,1.040300806612076245e+00
-1.442667601044297143e+00,-8.560865263985844020e-01,3.337435952894315605e+00,-9.655573114813402746e-01,1.055957570544020729e+00
-8.410468704046457356e-02,-3.360109535449525620e+00,4.058800855425814258e-01,1.830158152440003461e+00,1.090125132549625064e+00
-1.807250803010131968e+00,-1.852619894920831123e-01,9.536500501980210709e-03,3.548154678240905469e+00,3.317076494505641904e-01
2.291090596825498871e+00,-6.522542379985644123e-01,1.807552693144486078e+00,-2.484021570902749776e+00,9.422623747909276704e-01
4.069008417637872133e-01,1.870481257712461431e+00,2.196051177743330474e+00,-8.773041386705761058e-01,2.596811168052451713e+00
-1.542644868919035517e+00,4.111828393538606297e-01,-7.081303376490662993e-01,2.193504103572455760e-02,3.598506045554800803e+00
1.889219534292914116e+00,-4.674950266927526132e-01,-7.011449435058154656e-01,-3.204398006653911501e+00,1.205208336517911816e+00
-1.562303878280336011e+00,-8.267776527037465351e-02,2.141274518868101495e+00,2.659815702265984516e+00,-1.375752464604589997e+00
-4.399967659634108075e-01,6.495211680083539107e-01,2.348947426108542125e+00,2.440755746382330393e+00,1.977291701831190851e+00
-3.262444793477240257e+00,-5.366309416934266219e-01,-1.033337296542885309e+00,1.978835442752853391e+00,-2.913855247074439436e-01
2.262276808363291369e+00,-2.531571992981671126e+00,-9.185033274907009604e-01,-1.520478436125946464e+00,1.147930245858568954e+00
6.490827565873729110e-01,1.756497646571614890e+00,1.448329647884150306e+00,3.222763121699458111e+00,9.770713977520417703e-02
1.146635238489297715e+00,-3.668643991291942880e-02,-2.016646922898572836e+00,1.595439014811121048e+00,-2.841054605839765212e+00
-1.810563937776478449e-02,-3.594276104624284596e+00,-1.310696773390696845e-01,1.314429707842567074e+00,1.155831628037897518e+00
2.851235624215644915e+00,4.725603556324934479e-02,-1.597931115956124359e-01,2.938085449972583918e-01,2.785025131426940970e+00
-4.994991442103220436e-01,-3.739669004739698543e+00,1.092840484823441649e+00,-7.522405566338484784e-01,-7.218143534462033439e-02
2.721842360050817367e-01,-1.311041625892536144e+00,-4.284749885751570342e-01,-1.639228452902714794e+00,3.366960774973043247e+00
-4.203004970405820329e-01,-4.533901174749806473e-01,2.177975702387483781e-01,3.939388788705767031e+00,-2.270794649035184909e-01
1.281242654190905883e+00,-1.547383431068640069e+00,-1.365574792894190148e+00,3.165600053072808340e+00,2.796490073887434313e-01
1.408171186300567479e+00,-2.773181779536523006e+00,2.356063062233743344e-01,2.504197570274181217e+00,9.618836542629732997e-04
-5.234509440323140694e-01,-1.243980294440200085e+00,2.755592429438744606e+00,-2.070481880251808349e+00,1.516023509911691658e+00
-1.756932117849704378e+00,2.210460436661846551e+00,1.662236282091165362e+00,1.807190052496052912e+00,-1.413537706564604868e+00
2.681234953569518353e+00,-3.982366979448471178e-01,-1.595691776937243400e+00,-2.124099156932456989e+00,-1.262678573786985448e+00
3.653361933849315513e+00,1.112802754053727750e-01,-5.675382113610737411e-01,1.481523540017857909e+00,-3.514991602045712260e-01
-3.853821480059986260e-01,2.204931231147898296e-01,-7.969171810743947981e-01,-3.894550487207696143e+00,1.621393709456921822e-02
2.105040986104509848e+00,-1.692181071968468453e+00,4.247399413182671446e-01,7.769936196676924256e-01,-2.814463103992740578e+00
3.321843278168270519e+00,-1.766363801410494760e+00,6.234798012381113225e-02,1.182496213699873788e+00,-6.656812978557290483e-01
2.126444482759422883e+00,1.871337615222470330e+00,2.474652717517952905e+00,-6.351118444974755972e-01,1.203767529158147553e+00
1.940820345112383549e+00,-5.217033435587865586e-01,1.534089731575696725e+00,2.403736820128772766e+00,1.956951712319099146e+00
-1.549021056400560870e+00,1.053915758759383481e+00,1.087444452635580872e+00,1.354412892452918848e+00,-3.077795577918673864e+00
-4.423303325784502804e-01,3.208652430772569897e+00,1.816254558685483633e-01,-8.716114328815186552e-01,2.171681182685222922e+00
2.685328582593268010e+00,-1.885651831588130711e-01,2.154546737000106127e+00,-1.865121800310273414e+00,7.954260514324827946e-01
-3.448066374943794088e+00,1.057054458272952857e+00,-6.500388313648981786e-02,1.252023981640139061e-01,1.724405115075455575e+00
1.128585732603478942e+00,-3.176646259705330433e+00,-1.649580610053001051e+00,-1.371321067697843787e+00,-1.832351633536026536e-01
-6.435171863037971729e-01,-3.412747123684819334e-02,-2.866036925923274747e+00,-2.576228979817796638e+00,8.565030819733454592e-01
1.923193593622581909e+00,-1.051285290750543666e+00,2.445869421486840167e+00,-2.163405086251154241e+00,-7.304292195133402776e-01
2.325048343696747288e+00,1.397450110691171643e+00,-2.115228887729027285e+00,-2.036515614233473936e+00,1.403363570216947243e-01
-1.112380890401993699e-01,-9.700653231214727557e-01,2.107195333901256129e-01,-3.727403944786683354e+00,1.052927569712387657e+00
-1.649964172956584374e+00,6.539659669459060298e-01,-1.203829530985031315e+00,-1.540350693840143226e+00,3.004673183950418824e+00
3.388960546332749235e+00,-1.648710993626476551e+00,2.360046864200444905e-01,-1.299456445558330620e+00,-2.289393128755233264e-01
-3.307123428700172507e+00,-3.950107655141967267e-01,2.348757643176325183e-01,1.706906622508592486e+00,1.392194052509499569e+00
2.496419830826976383e-01,2.000029507764410130e+00,5.929884267054345015e-01,3.393680238221190137e+00,2.624119182784365734e-01
4.653073226080673419e-01,-3.803201761177800400e+00,-4.159641441200904177e-01,-7.029990740998671717e-01,8.074104234666276136e-01
-2.910482935100931812e+00,-4.422657274325734744e-01,6.549376936984389053e-01,-1.998738444608716858e+00,-1.705752431697196814e+00
2.307935050793134657e+00,-3.017021813541033382e+00,-3.943613671887548078e-01,-6.323021113138608262e-01,-1.007813638543911594e+00
-6.961178671228553938e-01,3.189000650655153368e+00,2.159303694470333657e+00,-6.088991308547855308e-01,5.588775972289394822e-01
-9.851412045619954982e-01,-1.923853575124720772e+00,1.058411245944416157e+00,-3.041006143903304260e+00,-9.799650482311698108e-01
-1.105684134857943368e+00,2.575822498216951306e+00,1.375906637611194139e+00,1.717749151754220938e+00,-1.816265351711566778e+00
2.053620207299612588e+00,-2.337492672207479139e+00,-1.042194686748234012e-01,-2.504743665410832598e+00,1.848500053569915869e-01
-2.079375820740172465e+00,-6.754784769406830813e-01,-1.602480506697108398e+00,-2.288376063075932887e+00,-1.848057424137005134e+00
2.460519093657171086e-01,2.205584809587680883e+00,-1.160004711077056383e+00,3.054190658262272429e+00,6.333739802644714478e-01
4.200640466615967461e-01,5.653893344636927720e-01,-1.032255554531526370e-01,2.217666761914037110e+00,3.251950140297370062e+00
3.372416065303697863e+00,3.925846869269981054e-01,1.964465435363781598e+00,3.075890249069413440e-01,-7.203830169359468627e-01
9.647333148534430469e-01,-1.375890678886197982e+00,1.549987110311578098e+00,-1.933122136699869653e+00,2.652695465641478734e+00
1.281130941015486746e+00,1.080141789272522024e+00,2.106155375090029036e+00,-1.005162645027273038e+00,-2.783119620149497209e+00
-4.918309311105079074e-01,3.055530276351525742e+00,1.783352705105057057e+00,1.397400062058894665e+00,1.135237094731496255e+00
8.550143198683769485e-01,2.619257991289181575e+00,1.028385202710012214e+00,4.045525127157567069e-01,2.680895228685789888e+00
-2.147948490568770463e+00,2.372404624290357145e+00,-2.319686488361515142e+00,-5.798368122423119830e-01,-2.021322522280068479e-01
-3.252743833179695621e+00,2.075263758455955898e+00,1.522440380384626757e-01,2.906227239448632704e-01,1.002645537445478130e+00
2.400586094482908273e+00,2.237259538571478856e-02,-2.117067794317563367e-02,3.113765612305532837e+00,-7.353239993159350618e-01
3.187386892116254700e+00,5.526733640475169906e-01,-1.751584893788699748e+00,2.760440461625592312e-01,1.546242864839581621e+00
9.104159827416478112e-01,-3.856010928287492145e+00,1.976248669560748128e-01,-3.394314641066787375e-01,-3.847767566147695661e-01
-1.483212350544793612e+00,-4.419144297233698615e-01,-1.420363176197013910e+00,1.758084643325107388e+00,2.914875571032426560e+00
-5.202503128163078472e-01,8.933942522184813717e-02,4.880979333308580470e-01,-3.161617033111887132e+00,2.342497859664016691e+00
-1.184568962661571578e-01,-2.598667082000578610e+00,1.703434892253890887e+00,1.875602074439369771e+00,1.677296570933207720e+00
2.207269047129948036e-01,5.917985399470837571e-01,-8.598693446157340547e-01,-1.376806786497305035e+00,-3.600844609879381153e+00
-3.649326537957753303e-01,-2.419477198737073620e-01,8.084645192424133597e-01,2.265044883682624910e+00,-3.166108377025458775e+00
-1.068949557075808077e+00,1.754644062523046166e+00,2.239836537042401599e+00,1.500725294818720412e+00,-2.123564676458247202e+00
-3.265301281666004751e+00,1.317776597618170786e+00,1.225987893943900175e+00,1.366052856034029483e+00,-4.817942062172331230e-01
-3.659824099612120296e+00,-1.665934446203483077e-01,-1.385931108769520026e-01,6.705041542304029933e-01,-1.452291400816339006e+00
-1.663240410415404824e+00,-3.126828963202433975e+00,-1.707983282769059308e+00,3.806125969402015530e-01,-6.280916564255967227e-01
2.107556927421245785e+00,2.278997305933078366e+00,1.980900180625743134e+00,-6.180722132068342534e-01,1.434711222123459695e+00
-4.270248256322871638e-01,-2.607689254468803508e-01,3.690151379715905566e+00,1.441122894718139147e+00,2.357900823084000674e-01
-2.299687123222101892e+00,-1.590940016689499359e+00,-2.610234907789197756e+00,-1.105864803764787796e+00,-3.795863018279959089e-01
1.750441953855464750e+00,2.871619627456596380e+00,-6.156167348132181028e-01,-1.292342781582412892e+00,1.624998416029518777e+00
-1.073386009734834889e+00,2.337378249948355524e+00,4.844029343797850440e-01,-1.948375175953746208e+00,2.313804953245920171e+00
1.195586232117375358e+00,-2.680255374136459312e-01,-2.426555853272140517e+00,2.805830042566292093e+00,8.589996135323094695e-01
2.737250773717113450e+00,7.237994342897504652e-01,-1.004967774864871766e+00,8.396713146708080222e-01,2.503710134082826944e+00
-2.109023473676080673e+00,2.405434399537033308e+00,-1.249263526462646157e+00,-1.028366423111867656e+00,1.774178254368317331e+00
3.221984569062918524e+00,8.141014097567741414e-01,1.059654306802538359e+00,8.902914087427739043e-01,-1.743722537832813613e+00
1.960314167694063858e+00,-2.855361764282014381e+00,1.164401879609664320e-01,-8.614799708929756772e-01,-1.802323916889548183e+00
-1.808253278727575131e+00,-2.348055525776516994e+00,-1.420639239516522601e+00,2.174403899710663168e+00,-6.860081339971944026e-01
2.686189015528358759e+00,2.659935910474014342e+00,9.738907803997514101e-01,-7.711687532807127710e-01,4.073880543675715282e-01
1.701920951428128825e+00,-1.485735522866920233e+00,-1.977835400194885018e+00,-4.546566846333743306e-01,2.603365026275696881e+00
-1.273950597056990430e+00,1.150284137091035719e+00,9.519888019293870629e-01,3.406739967743343200e+00,7.360274406542204328e-01
3.053474926860770378e+00,1.672319469370399991e+00,1.474332155511822062e+00,1.466977275453319185e-01,1.297868612516003939e+00
5.131949809026452591e-01,1.966810357870302894e+00,1.025105169986894493e+00,-7.396581631923525579e-01,3.204739165648193833e+00
2.828555736269665388e+00,2.396703815489525713e+00,-9.298424147039177079e-01,2.039834720264900592e-03,-1.179182848639608316e+00
1.423987567526897813e+00,-1.262015349916840945e+00,-4.626678556219247507e-01,3.446473010599473419e+00,5.360400234000408659e-01
-3.184346585191158763e+00,-5.907796670174193521e-01,2.132954658537380421e+00,-9.737479250503401351e-01,-1.150461364150929949e-01
-1.074213027727404679e+00,-6.979174683977295013e-01,1.143750530141917965e+00,-1.055921047914714750e+00,-3.454828945655167960e+00
-2.135422492274222650e-01,1.490364705396901135e+00,1.157997743996760143e+00,-3.156866361590320746e+00,1.557706247230203900e+00
-9.908446979826714129e-03,3.486810980314805963e+00,8.303845246112984135e-02,1.957585528816764509e+00,5.490467206532183286e-02
-1.026986138959830486e+00,2.633097360871829440e-01,9.435749671717281739e-01,-3.722965210140501302e+00,3.537849328002029559e-01
-9.099387522256431327e-01,2.705450151544790405e+00,1.243118363424571715e+00,2.289780677150641708e+00,-1.031558107800270685e+00
1.957953796781966238e+00,-7.847725865265117173e-01,-1.321466767491523697e+00,8.954552281381300549e-01,-3.000405711552883048e+00
-3.228514162763523210e+00,-1.553189695822266625e+00,1.059755034752844383e+00,-3.333718455012235071e-01,-1.389273388707201295e+00
-5.398648063437006114e-04,5.340468580243770136e-01,-2.767694602212161570e+00,2.098869492623086419e+00,1.910342143125690395e+00
1.345327050197734797e+00,3.279679410009541662e+00,1.014756034857440703e+00,1.519001429415171467e+00,3.109709676493875308e-01
-1.085154031591342161e+00,-1.298259658105145542e+00,1.480311551106079149e+00,-2.916774924288586757e+00,1.561430222764048859e+00
2.591009761045816706e+00,-5.406912668760082141e-01,2.493528535109063249e+00,-8.031691956556962220e-01,1.459984951921063479e+00
-3.632133603313398407e+00,4.921991760049514442e-01,4.887093834850287366e-01,-1.459737905138158043e+00,-4.423503652289896837e-01
1.093672027962368842e+00,-6.643724036815972234e-01,3.645753566581146909e+00,1.034766607529181037e+00,1.515929359874524512e-02
-1.006661023032447005e-01,1.914924154093513353e+00,-2.360269230346411895e+00,1.313789358889310810e+00,2.241878342075119157e+00
-2.180309761125425183e+00,-1.843308757037306345e+00,2.516092438930233488e+00,-3.546478537242936935e-01,-1.179816049381272602e+00
-1.325973368672999086e+00,-2.502160758002926144e+00,-2.138798892900796389e+00,-1.528266483041902823e+00,1.034856037918929106e+00
1.879423210171449865e+00,-2.704444874079355632e+00,1.670883921035557718e+00,1.031169117138908353e+00,-1.139554077004923949e+00
-8.480910120211918035e-03,-8.666234155875637279e-01,3.897328037326207362e+00,-2.265928165933543126e-01,-9.155214174568374053e-02
1.717048835495891046e+00,2.877523804525501938e-01,1.540138401735563212e-01,-1.662972610724390288e+00,-3.190571061280659926e+00
-3.265903034258346160e+00,-1.229445419300809084e+00,-1.020584745577829189e+00,3.017879407882696485e-01,-1.640021996093649737e+00
-1.566293881492897500e+00,-2.531664249139794265e+00,-7.731636014372834653e-01,2.602712974938100610e-01,2.543988306486249407e+00
1.317686754852422704e+00,-9.996915192343040768e-02,3.200854608219062758e+00,1.801232236365075012e+00,8.739565163509338541e-01
1.016899864834373002e+00,-1.235299513719591236e+00,2.669995689480840095e+00,-2.484971519592790834e+00,3.687673267392387322e-01
1.326562668871206663e+00,1.594452546009179406e+00,-2.796601899564493454e+00,-1.558988994394345573e+00,1.202715134515118578e+00
-2.759176612421606833e+00,-4.687446728167440901e-01,2.667794955657025291e+00,-8.141998946219407562e-01,-6.222310337327272567e-01
-5.541309008765634703e-01,4.304072931779744371e-01,3.446655537409538894e+00,-1.772640410420896373e+00,-6.971370657624933465e-01
2.597609306770304105e+00,2.083015995044122715e+00,-1.224517818355308707e+00,1.586785227959907063e+00,-9.466461887258726948e-01
3.216250212609588210e-01,2.325029126510583133e+00,3.083480968307898085e+00,-8.334157281345823121e-01,5.369918516674297981e-01
5.516686125326866197e-01,4.710247501560123617e-01,1.242269432292469888e+00,3.321308104218803070e+00,1.702784942712663563e+00
2.431889997871338860e+00,-2.031646652501359451e+00,2.004515267212778173e+00,1.203961657024447129e+00,-7.005125192023266001e-01
1.321762141437078819e+00,-2.743630616603038419e+00,-1.549676333942216822e+00,2.072483641000776089e+00,-1.695603105260030108e-01
1.399940808818020965e+00,-6.735260520396224582e-01,1.005071639430218600e+00,1.940447273364017011e+00,2.968336869012186963e+00
2.414288381621722823e-01,2.467374166747120234e-01,-2.725336645444096373e+00,-1.124271435440554523e+00,2.681303166702397434e+00
-5.655885746869973030e-01,1.503998949923583739e+00,-1.967594237556197001e+00,-2.939886311001695063e+00,9.506514174674008943e-01
-2.128163867817022492e+00,-1.920127618661229274e+00,-1.256406100529886993e+00,-2.432225542694034015e+00,-5.382853330627227484e-01
-3.146229945612438073e+00,1.794887125244248038e-01,-2.318009436980843052e+00,8.100089911302291723e-01,1.993454683804446737e-01
8.416860180890815002e-01,2.554693486447087380e+00,2.029814506119779427e+00,2.041966074453350544e+00,6.894443115912004538e-01
-1.066332876341570257e+00,-2.163455929296421498e+00,1.726043587783956390e-01,3.174273888139889532e+00,-2.767411375802993900e-01
3.015001816725511929e+00,1.389056913058417830e+00,1.748451490648925244e+00,1.100259408712853437e+00,-8.441750741480547049e-01
-1.019953656373115525e+00,3.085402100622359201e-01,-4.677932851473556863e-01,-1.288975085416669053e+00,-3.603360951829832626e+00
3.150146505938377639e-01,2.249057170488352853e+00,7.303439192894239929e-01,-2.463139303119211920e+00,-2.059623787678840134e+00
9.769361228808101649e-02,1.490811387703875335e+00,1.645787695518538207e+00,-2.939071488067202420e+00,1.556013821828318155e+00
-2.332283718485472335e+00,-5.185529266413467786e-01,3.565804927522439050e-01,-8.499189352870200054e-01,3.072790860828054083e+00
2.337399285975459762e+00,7.429582990885008620e-01,-2.846009309935404907e+00,-9.753045449285463464e-01,-9.662244025792618984e-01
9.430289426934309605e-01,3.321154111392876196e+00,-1.956712740413390827e+00,-4.085879124278645746e-01,-2.914840492076126166e-01
-9.808957699813078968e-01,2.545453668651051160e+00,-6.723375464755911857e-01,1.736800381943679028e+00,2.256101896205743973e+00
-1.226903280532656071e+00,2.600853367883400491e+00,-1.520751350538207536e+00,1.281687135807831890e+00,1.942900798993277167e+00
-2.632112056416544110e+00,-3.211115813297590882e-02,-3.265735547929047855e-01,2.622427662692364159e+00,-1.444706843358131598e+00
-2.525863145117255293e-01,1.715854440997736763e+00,-3.507792318529049158e+00,8.093497385960626289e-01,-1.799715025575106819e-01
-2.224794983526177994e+00,2.411936640402687182e+00,-1.048632937314594615e+00,1.709900743782847954e+00,1.099753305587022112e+00
2.388719443807987286e+00,1.456882171707957196e+00,-1.197164512146443371e+00,-1.290419427885531045e-01,2.592616258606678326e+00
-2.204786442019024850e+00,-2.610643180517302930e+00,5.231370125818429750e-01,1.605589388016623043e-01,-2.005992876942841452e+00
-7.433004675908607695e-01,9.262411323331186663e-01,1.751488916266021434e+00,3.261467602335879512e+00,-9.405835607558734601e-01
-1.077543608864254931e+00,-8.118608225931513156e-02,-2.794783536694127157e+00,-2.274446497208787665e+00,-1.359553862633373411e+00
2.986096353979921236e+00,-9.394872233413844587e-01,-1.250382161757017441e+00,1.960465620588010660e+00,8.909047771666910309e-01
-1.234282775818380751e+00,-1.217290065790994191e+00,-2.381500845286661505e+00,1.346884771521867474e+00,2.347148495768010434e+00
-2.281010133838253573e+00,6.742324601448901333e-01,5.202257257716779160e-01,4.917718213641553704e-01,3.135271763176467719e+00
-9.568607366235555578e-02,-2.439767578756393718e+00,1.948167561559059902e+00,-2.289928865272744751e+00,-9.996235696680809690e-01
1.212766480951237735e+00,2.095946689417202080e+00,-3.144864076615107251e+00,-3.747532407412671462e-01,-3.249536674234423383e-01
1.003196277831744920e+00,-2.661796807441936696e+00,-7.877540811920931141e-01,2.684696910739278408e+00,-2.833390002604990743e-01
1.628257495148202505e+00,-1.508129846798966223e-01,-9.436586354440062996e-02,-2.613446169080136272e+00,2.546964306436884762e+00
5.685507497448438752e-02,7.662715848716538103e-01,1.143933383128792336e+00,3.574044705854775295e+00,-1.152048703042929167e+00
2.267311614737574366e-01,-1.084126460336291453e+00,-2.430421839997189526e+00,2.329960775042852816e+00,-1.854075312613229665e+00
-7.096747783137595800e-01,2.563831501395215540e+00,2.728661897437290994e-03,-2.982670225899406447e+00,-1.637089472701665771e-01
1.844280288567917703e+00,-2.513804102527669837e+00,-4.143744041131782185e-01,2.152342067858722618e+00,-1.214552027480247265e+00
2.478952655478259715e+00,-4.169665127303905372e-01,3.524068380073543810e-02,1.630654420577841157e-01,3.106943902771741151e+00
5.030772586908304200e-01,-1.943373554945757309e-01,-3.065101438137574630e-01,-1.943070751345988834e+00,-3.440882713934100501e+00
-6.742851886658494942e-02,-1.259629512107058424e+00,1.484553556785833006e+00,-1.003044898215389891e+00,3.346459107216313456e+00
2.252004327997790600e+00,-1.739936444795367576e+00,1.319755536749998681e+00,-1.790960371988329358e+00,-1.718081471856682585e+00
1.459614759059600031e+00,-1.573809595913482795e+00,1.196681879427126116e+00,-1.433263417851686095e+00,-2.811824419384127971e+00
3.612866205284918308e+00,-6.696964471964775290e-02,-3.305949597292472397e-01,1.370148936431228925e+00,9.778096512073618518e-01
3.081290830731537422e+00,5.103586107904715119e-01,-8.832258373622000613e-01,-2.101143917739371147e+00,1.024835236515829529e+00
-1.717758700013522377e+00,-2.616477416682887469e+00,1.275798065080804566e-01,2.264961232326260454e+00,1.028117204187714906e+00
-1.561539436937486203e+00,-8.763683657616332390e-01,4.027750073469734127e-01,-3.061063582448972475e+00,-1.805889008782807448e+00
-2.109117276412074471e+00,4.185462779123690913e-01,1.599009248005591077e+00,1.907711288346849721e-01,-2.963649629895806381e+00
-1.829911879563759003e+00,2.929441607778691115e+00,1.598354933661249921e+00,1.012927863480898028e+00,6.993089653873993949e-01
-1.907390910659212624e+00,-3.104698247493807184e+00,-1.437754650636870579e+00,1.098203747851465434e-01,8.021905981732805335e-01
-3.105806602375006165e+00,-1.592652222057065359e+00,7.000784182208154016e-01,7.894426494070704292e-01,-1.644413196206810923e+00
-1.639025609778360204e+00,-3.246574811123781767e+00,-7.186555080359238179e-01,-5.676985697331273784e-01,1.390898860794646641e+00
-2.538597874102566099e+00,1.127814768583498051e+00,-1.473788061450383102e+00,-2.127452856524701730e+00,1.259145652638364643e+00
1.014218010128007608e+00,-1.525560298525019398e+00,5.146619261524316806e-03,-2.188122387734080743e+00,-2.802877366583011565e+00
2.248533195278559216e+00,-2.529570913181533598e+00,-2.858881605640694601e-01,-8.037333167224233188e-01,-1.953880799884169850e+00
1.841120733747946048e+00,7.856908810073564009e-01,3.238435272665820541e+00,-7.626227472274661467e-01,9.612012346175963229e-01
-5.556981614997381635e-01,-3.203678221183910768e+00,1.308330157948991157e-01,2.005232770392833874e+00,-1.178800096258222574e+00
1.689735831792680942e+00,-1.118895479098235279e+00,-8.440810542333093691e-01,-1.353357063559303519e+00,-3.057583614230026114e+00
-1.357820093014527219e+00,-1.806883927341738749e+00,-2.374090402305011338e+00,3.953190351888079546e-01,2.258077210863421946e+00
-1.325959371709237056e+00,-5.174251004873785531e-01,2.021108141717807172e+00,1.804676388895448236e+00,-2.575338428402633717e+00
1.087579742338641964e+00,-3.729846191507577569e-01,7.100974730746184571e-01,-7.701493342439738043e-01,3.685198008198227182e+00
-2.173079309409099213e+00,-3.093446098443274894e-01,9.640598320313628067e-01,-4.558139135340436576e-01,-3.169361851204556935e+00
-2.053189557652065123e+00,-1.005475346459425934e+00,-3.252352096806152115e+00,1.459004787708268747e-01,-4.175534177873338471e-01
2.611894564600985014e-01,1.101570077389897984e+00,1.234348430217545145e+00,-2.824610437754773606e+00,-2.283918400508118118e+00
-3.781136298374731530e-01,2.766222688492600001e-01,-4.980263190868206569e-01,3.524778214785824648e+00,-1.763070765844610532e+00
-2.150265446894221721e+00,-7.648448666270986074e-01,1.816489709582477019e+00,1.657101330762004832e+00,2.178474501217475545e+00
-3.533097697543011728e-01,-2.601566446037258729e+00,7.523440794753158412e-02,-1.389374942869180618e+00,2.677872529721546879e+00
7.870597085589832453e-02,-3.625533303752099812e+00,-1.011264075868161694e+00,-2.795185603237714811e-01,1.322319166021976855e+00
-2.701470741831924371e+00,1.803209741078908301e+00,6.129281240423946064e-01,1.963778664622105374e+00,-1.103803846630866170e+00
1.256876003563135669e+00,-1.965540872282655283e+00,2.599130252247527473e+00,-9.672600578139607386e-01,1.692879707322093141e+00
-5.567256323852216582e-01,-9.493435260731586389e-01,-3.804755627489393888e+00,-3.347643879915483765e-03,-5.591304392684258717e-01
8.789090048673374733e-01,-9.681293504422593399e-01,-2.341002853664972960e+00,-2.747140909276639231e+00,1.123907018256638635e+00
-2.207014148198747971e+00,7.321607081759100577e-01,1.994481097030468719e+00,-2.434145609453628456e+00,-8.306681362732464269e-01
-1.434639796638881304e+00,-2.808972786503032726e+00,-5.495044978812809733e-01,-2.378055750603537799e+00,3.072070839271465181e-01
9.342148119461525235e-01,3.640224376369133097e+00,-4.756196503725375613e-01,3.980952903905873863e-01,-1.221194195358260570e+00
5.955995782758828350e-01,1.943312850097445310e-01,-1.333631192746553618e+00,-2.621760179971216687e+00,2.637289876838485370e+00
-1.155090568845580146e+00,2.129589227042482769e+00,-5.743540083520459749e-01,-1.760557138921478471e+00,2.588662113044333246e+00
-4.882632792538517119e-01,-3.174097226454265508e-01,-1.022757112399076851e+00,3.105586171808742968e+00,-2.229383873766437762e+00
1.986718199628636272e+00,1.398630116458797756e+00,6.728421675235449761e-01,-2.926599425737943072e+00,-1.038789589604824704e+00
7.801460013463251686e-01,-2.385560677474365399e+00,-2.292501432201338396e+00,1.270674725341757627e+00,1.682348179302919799e+00
-1.804543361244387023e-01,-2.103766307282177728e+00,-2.590785796275945074e+00,-2.129441957179640799e+00,-5.430556746190544626e-01
-9.132177568044796967e-01,6.197530382288595208e-01,-1.013528660680035998e+00,8.241638106564848076e-01,-3.615999608330649373e+00
-1.202526860674719034e+00,2.126757251333330156e+00,-1.296866075008280772e+00,-2.748325768644841904e+00,8.920070605955178200e-01
-2.275921572699304285e+00,1.468885808335298471e-01,-3.281902281107117680e+00,1.596743152032497337e-01,4.718336646433154286e-02
-2.111656075654843701e+00,-2.104042940399776462e+00,9.128507686307507640e-01,1.550532963081821203e+00,1.968873517448696653e+00
2.470964186235393267e+00,2.589889606650387588e+00,8.927504367134401209e-01,1.379383097699250715e+00,6.979303283537279246e-01
2.877733512064022836e+00,-1.506596961092189657e+00,2.086802889798083649e-01,-9.215465704801914515e-02,-2.323096099292301542e+00
-8.839077735462547158e-01,-1.537341448696240009e+00,2.809757428792597711e+00,1.356237351914967748e+00,1.766683829835019814e+00
-8.393906364743108917e-01,-2.188045872296214167e+00,-1.615818981539242971e+00,-2.458482903774480643e+00,1.361201473284845420e+00
3.610412039036093645e+00,1.240592997479418313e+00,-1.062076582264276814e+00,4.640871622883859793e-01,-2.871765348931048512e-01
2.682820167796449162e-01,1.804270048400529181e+00,-1.298818396072622061e+00,1.469496073442278394e+00,-2.970906665662599533e+00
-9.335971959226316841e-01,-2.558346684072597910e+00,2.839190405552033947e-01,-2.981131649767886360e-01,2.900651140543770268e+00
5.067947766359496287e-01,3.868223232963009517e-01,-3.659418074110260544e-01,-2.861657221242965399e+00,-2.696392420674504908e+00
-8.594030928884316411e-01,2.844462329625664920e-01,2.697055428883266881e+00,2.800050766402311098e+00,2.571466188545536435e-01
-1.005196320438805246e+00,-1.538210567402190920e-01,-3.723640566352468095e+00,7.070911920941554962e-01,7.748821965671598422e-01
-7.584885660752577197e-01,2.069038313282224095e+00,1.975170190734504283e+00,1.416890833664324889e+00,-2.287990086607716744e+00
-1.115763819439392401e+00,-3.506186258023211710e+00,-1.477934844911350742e+00,6.694567039051557700e-02,-5.224518108802365113e-01
2.508775176408024610e+00,2.024690890233710405e+00,-1.390284758958503453e+00,-1.510116220953334087e+00,-1.180394510943195252e+00
1.472160512650440845e-01,4.929385813971348673e-01,-2.985965276672307489e+00,-1.227425644677295091e+00,2.304946125729602890e+00
1.035433882538880024e+00,2.423530357958492143e+00,1.616817308515916318e+00,-2.253185143107122368e+00,1.167662528605216909e+00
-1.711546551644359981e+00,-1.753196978759675728e+00,1.136281131230272967e+00,-2.864557004887465119e+00,7.071683758359444960e-01
-9.566558389905382986e-01,-3.557915467970623080e+00,-1.342595875995827859e+00,-7.291071156277483256e-01,3.031274586715502206e-01
1.350768865628924953e+00,-7.975176487797096536e-01,-9.138566638179275170e-01,3.013547407426287794e+00,-1.903362049827173275e+00
1.177996615915798628e+00,-4.043061653048590776e-01,-1.300323855181455768e+00,-3.463959685149947010e+00,8.712070183884683683e-01
-2.324689419220134390e+00,-2.054008757931558904e+00,1.425759759864639209e+00,-2.083960705844976502e+00,-3.440944857505699034e-02
1.983605529440876980e+00,6.642505396050915056e-01,-3.065017261275337024e+00,8.687295416147201577e-01,1.214519862256700611e+00
8.689555295991042705e-01,-2.033466803999327333e+00,6.061071658610819313e-01,5.082433369038416027e-01,3.237939446406711053e+00
-3.056061142025698341e-02,3.001567736661700625e+00,2.018506039483591419e+00,-9.629627594445954175e-01,1.409962149758742900e+00
5.019989881482412875e-01,7.800981363089807274e-01,1.031944118584864567e+00,-1.643190896652433564e+00,-3.372604175841285912e+00
-4.879962382642499819e-01,1.713282117096756485e+00,4.276009976225112474e-01,3.444420548644032909e+00,-8.829770832741745679e-01
1.867995259928297846e+00,8.119797254616442084e-01,1.369511340029822222e+00,3.112600214980270952e+00,5.361354544880748696e-01
-3.711519450223299099e+00,-7.340971390282687858e-01,-9.062830967744545108e-01,-8.012135298023846941e-01,-4.716275959347178137e-01
-1.469330196366123165e+00,-1.709269290237443562e+00,1.516090961339272791e+00,2.879313045541494809e+00,-5.748842059213280509e-01
-1.913470068263414259e+00,-9.441927850839013647e-01,-2.642875362767116876e+00,-2.098209353703528457e+00,-2.446622311782342130e-01
2.408458618814918406e+00,2.154399190133864939e-01,-2.418797806476282730e+00,3.381190300606343735e-01,2.046461681939835575e+00
-2.327990006839240955e+00,1.621363976924810324e-01,6.191836964907604379e-01,2.527563984369378236e+00,-1.944789492854886781e+00
-1.933265718015884982e+00,6.269490061140340353e-01,-3.030952421685017661e+00,-7.876215538108578551e-01,-1.436105258235427895e+00
2.508767075048760065e-01,-3.580920352514404548e-01,-5.646791282600288620e-01,-3.856806632216826625e+00,-7.842264059037973301e-01
-2.846450924434041352e-01,-3.258350112770705298e+00,-9.702394170783922300e-01,-2.027247008049943844e+00,5.010356832152251805e-01
-1.144480804606630153e+00,-2.292001404853511559e+00,-2.538992310441927192e+00,1.640697352173178913e+00,5.463730356864009430e-01
2.227914049651254780e-01,2.387428661272374963e+00,1.291558511782084473e+00,2.877458825804802167e+00,-5.501415214743924365e-01
-8.214061831819473580e-01,-1.349703707896044325e+00,1.533298656769391144e+00,3.134074189991508774e+00,-1.153328220369372215e+00
-8.837992473491054213e-01,-6.906353626486287645e-02,-4.936162115528536926e-02,3.797555883662966369e+00,8.889667368115962143e-01
2.890942342991856595e+00,6.650086971125991342e-01,-4.606424777337131404e-01,-2.085505533115583177e+00,-1.624404808326112226e+00
1.499751988994390661e+00,2.117447297594237110e+00,-1.641974001977861253e+00,5.582003738532007597e-01,2.501898205938280384e+00
-1.108478466735856482e+00,-1.555023454785281922e+00,-3.994792400707469215e-01,3.484824055142122567e+00,-2.226997649434780957e-01
1.836479528025057872e+00,1.070752836085229198e+00,-9.398057622580073822e-01,4.951568910353699171e-01,-3.217517069052957090e+00
-5.590614480980002909e-01,-2.511608942463029681e+00,-4.439937679966636241e-01,2.784239144793370979e+00,-1.195889934722553116e+00
2.411562401720889426e+00,1.981811968767672072e+00,1.794607117819538189e+00,4.513013207215699762e-01,-1.683003420567466879e+00
-2.710321914180243930e+00,1.772829456164090711e+00,-2.320274789042824803e+00,1.884439302056957199e-01,3.033885781834548823e-01
-6.052733403792558420e-01,9.869383212726300370e-01,1.493818007575070217e+00,-2.134595183911447869e+00,-2.805638625072052861e+00
1.315517222823482935e-01,-6.605899425649320866e-01,1.971820330768798035e+00,2.582403686365297268e+00,2.233703394804322784e+00
2.377836667748472355e+00,-9.385100137339396076e-01,2.799036680955130585e+00,-5.528617928940238180e-01,-1.151012264164745780e+00
2.615967828966534459e+00,-9.014048244475987293e-01,2.062571611283250395e+00,-1.925978570110208121e+00,-6.169169766503160846e-01
1.890948811220712678e+00,-2.308050496390150919e+00,2.075727762841006019e+00,-8.752434040157115458e-01,-1.422152853161084307e+00
1.001330392508851030e+00,1.693803130411446478e+00,-8.651508789905365537e-01,3.196347370283504130e+00,1.078538754755749673e+00
1.542448173494009200e+00,2.825493920916257173e-01,1.448376944391379650e+00,-1.190219612139652661e+00,3.166480850241680134e+00
-2.971305790333883756e+00,2.364992925976098226e-01,6.646084855824982984e-01,1.929863402589463428e+00,-1.717362161329613057e+00
-2.135258308271242633e+00,2.013768943758158514e+00,2.676664592978027279e+00,-3.781433041815139839e-01,-2.790714896119596000e-01
-1.593108855186954997e+00,2.649295310481713184e+00,2.355305567719889748e+00,7.997564321698735768e-01,5.061263332954674121e-01
1.339750787412414157e+00,1.151482122266836328e+00,-1.990375354798422425e+00,-9.059153544720234263e-01,-2.845501725051412301e+00
7.096534803944063441e-01,1.545715385435847855e+00,1.932273994137206685e+00,1.764993446411192490e+00,2.501653699195314662e+00
3.926895342845451720e-01,-3.396347857925102076e+00,-1.184295165378801196e+00,1.169705867330223192e+00,1.240906645491354210e+00
-1.311602942274515904e+00,3.470524371575140599e+00,2.931376817389780287e-01,-1.367266341031085464e+00,-5.289719844641873614e-01
6.941819846915547876e-01,-7.243847224723074518e-01,1.315202629826170755e+00,-9.310879642710986337e-01,-3.520894118156102426e+00
-3.645674827097669657e-01,-6.643530318853434480e-01,-3.012346375803873766e+00,-1.586705764600989221e+00,-1.958024445286286497e+00
-6.403707933669714469e-01,-3.271930528075098543e+00,1.611018464086844570e+00,-1.039655781892521835e+00,1.099150230860857391e+00
9.263826010750483286e-01,-4.465063339558160149e-01,-3.175921146362628900e+00,2.021183977912251795e+00,8.779450835218899352e-01
2.316631941058748811e+00,-3.046449505209972708e-01,1.008561465875901897e+00,3.069076299361038984e+00,-3.224629312634750278e-01
-1.957136435780749473e+00,-2.373050385640711024e+00,6.899108911033609015e-01,2.142913776307940665e+00,1.212514885927800323e+00
-4.390999029791152752e-01,-2.463232882119397171e+00,-1.197048382353142815e+00,2.768720524106459968e-01,2.868813706142164133e+00
-1.911489074951788769e+00,-1.763525109539343105e-01,5.861860246064668628e-02,3.227938829016562039e+00,1.375530473596620284e+00
-1.272133412293539712e+00,-1.388251904660436020e+00,2.666234097058225228e+00,2.246099299887620582e+00,5.483310179640723536e-01
2.591500249911146803e+00,-2.108910649199910448e-01,6.520892012744395894e-01,2.968199682639908854e+00,6.497484901856021011e-02
1.025193779374658609e+00,1.857335387412142325e-01,1.272432458535351696e+00,3.334056454418652393e+00,1.476300770349042946e+00
-1.600746021170596167e+00,-1.404216652360563256e+00,-8.120359154971189541e-01,1.304344346080543726e+00,-3.017461063167223401e+00
1.935204270404017990e+00,-4.744869444481288334e-01,3.305596749447798910e+00,-1.016348622859354345e+00,-2.644091114359976014e-01
-2.766832462006762139e+00,-2.295365382193833848e-01,-1.408035794721311351e+00,2.496336725436641757e+00,2.787279297588426408e-01
1.591616507181876417e+00,-1.545229488965056408e+00,-6.509496653099670072e-01,2.963231711460172502e+00,-1.369140269632229234e+00
-1.629560289421774444e+00,6.024419346332476888e-01,-5.650433654584285925e-01,-2.978329507233456575e+00,-1.947274074194206062e+00
-4.176650869167571889e-01,-1.588861867273845707e+00,2.828677421540632064e+00,-9.886552525627766153e-02,2.299974672616185156e+00
-4.280199560009889104e-01,9.025918604128417844e-01,-1.586085016933392211e+00,3.012210113901779618e+00,1.847444559262504393e+00
1.268988305354302737e+00,-2.658430503337131157e+00,-1.854280262709905314e+00,1.440079506645463914e+00,-1.345448498332413090e+00
-6.115662917744574267e-01,2.568715818007285989e+00,-1.949662288561350154e-01,-2.622558130849133473e+00,-1.453224943705245575e+00
1.974846094044161449e+00,2.865817445049989587e+00,-1.563365706761989937e+00,8.239005462581455719e-01,8.741560691785995596e-01
-1.258806723346377554e+00,1.449719638513134790e+00,-2.654859100984965359e+00,8.141236402593208243e-01,2.145377462185970696e+00
-2.595741171494551303e+00,-1.395941010653165115e+00,7.547179139186572794e-01,-7.214801542724631755e-02,2.595895221241584228e+00
5.062272326670358424e-01,1.753328335713038033e-01,3.073878321063006069e+00,2.321885980072047051e+00,9.344035259040247565e-01
-2.812123833230883552e+00,7.660724876134443750e-01,1.921514925300772614e+00,1.845982503879252334e+00,-6.365700884542424554e-01
1.129257257945737170e+00,-1.644962806452311854e+00,-2.113082940281598154e-01,-3.312674480289286461e+00,1.000205980426241759e+00
-3.339629002516129930e+00,2.132018592110648036e+00,4.744670312520537503e-01,-1.079402555910561057e-01,2.541747153543239546e-01
-7.814688977973663908e-01,2.729835084188675154e+00,-8.334755622256687646e-01,1.740193235448552977e+00,-2.052888882862314190e+00
-2.241752726099460968e+00,1.540387776250762730e+00,-1.737106021554187363e+00,-1.652913106582985403e+00,-1.688813531971257387e+00
-1.719684387530936442e+00,-3.284232187817750948e+00,-1.011938112873711493e+00,2.287339306802287781e-02,-1.109938109710322252e+00
8.200892314069114786e-01,2.264173023674323493e-01,1.891844768978164781e+00,4.843480254723082079e-01,3.385634241620040896e+00
-2.606023804522910492e+00,4.464420869725554269e-02,6.895506233397267204e-01,2.486528852657555522e+00,1.596352413360855760e+00
-1.084544251075919341e+00,1.828436425913890773e+00,4.264376163288910448e-01,-2.292546221077609303e-01,-3.353532060599893949e+00
-1.854413684735749301e+00,-2.985952229517829792e+00,1.320927138128485723e+00,1.183502040076215511e+00,7.069042267474473507e-01
-1.581662329835286540e+00,-3.987912901043345615e-01,-1.293461671656050971e-01,3.482733003192449939e+00,1.092314139261503891e+00
3.131177191267493498e-01,1.024670473725928010e+00,-3.795189784474430894e+00,-2.579271162514523708e-01,6.180742809454825570e-01
2.981293180922686137e+00,-1.723155377344423700e+00,-1.232788661289045684e-01,1.334526249718931856e+00,1.531818698439860071e+00
-2.750293408602586531e+00,1.522417374012845936e+00,-9.835375910194310567e-01,1.549362827161970602e+00,1.658390829316587878e+00
-3.249968066043437354e+00,-3.296226551894865242e-01,1.488184730903226338e+00,1.714618184557644476e+00,4.176687237206724301e-01
1.635122643024178313e+00,7.780376468371202892e-01,-3.531406830496158222e-01,-3.408175348026532880e+00,9.902847153487006615e-01
1.029045570465111137e+00,9.315301447244457300e-01,-5.446757393563412819e-01,-3.182389566620741572e+00,1.910246525607587786e+00
1.020925617548545661e-01,-1.832797331724214940e-01,2.326124218883678374e+00,-2.325357154896637635e+00,-2.266681686681299990e+00
-3.435413114056574679e-01,-6.938785931839331900e-01,1.274941035628024188e+00,-1.373518778962390829e+00,-3.447968008086526481e+00
1.866746717154526225e+00,2.007385969377171619e+00,-2.041440625564621580e+00,-2.072286228424799148e+00,-1.542991371191779759e-01
-8.991028946774093367e-01,1.455219272180965362e+00,2.433423671371412578e+00,-2.581897944846690773e+00,-6.972826490466509375e-01
1.773358579341475005e+00,1.755235168126558776e+00,-1.849063932413752331e+00,2.245268306142229164e+00,-1.146334009321676284e+00
2.822531619352889987e+00,1.373358937996568496e+00,2.455156307842270902e+00,3.746079091137919509e-02,3.435180903310500189e-01
3.842444390681847288e+00,4.574286022024073306e-01,5.325136772324178258e-01,-7.833082533468821440e-02,8.582969438181380362e-01
2.788831895697093444e+00,-3.969096983779473176e-01,-6.108329386377128190e-01,2.241016000499729266e+00,-1.633894046581814807e+00
1.135200221328451109e+00,-9.001608403514806955e-01,3.177863288174805345e-01,3.862553096327369095e-01,-3.694705618041954409e+00
-2.079452429135896452e+00,9.497624005874059083e-01,3.025849419853418709e+00,-1.268674680159001866e+00,-9.235161984205246533e-02
-2.696360414048534437e+00,1.145941998575014331e+00,4.497700236085467457e-02,-2.184830956289762760e+00,-1.625099447772507366e+00
1.977946128244016277e+00,-2.361858449962788153e+00,1.254062113255741018e+00,-1.052575819082008923e+00,-1.956723316487096520e+00
-2.646321695768666382e-01,3.831841133636978203e+00,4.855939475579461317e-02,-2.000959882160801284e-01,1.097527640687696371e+00
2.570396658275199697e-01,-9.148301003487546712e-01,6.702626503495701105e-01,3.272084801139068411e+00,-1.985252007022845877e+00
1.585302993349855027e+00,8.225897483696705814e-01,3.468115331243577959e+00,8.415771038593020670e-01,2.721847765877977166e-01
2.951130336697061818e+00,-3.472832586202306837e-01,1.364554172949798305e+00,2.293377054756391420e+00,-2.205394928591922210e-01
2.114597228135869589e+00,-1.305282342007382468e+00,-2.155026789853657920e+00,-8.116739582485648086e-01,-2.126443390010175349e+00
-2.458235870383460309e-01,3.405835381457844591e+00,4.703399432875854380e-01,-1.266976005240878500e+00,1.585373223678762766e+00
2.424997037636080321e+00,2.908357685129749015e+00,3.889885105106467011e-01,-4.817310686493747607e-01,1.130251325587191547e+00
6.127524905198081795e-01,1.236784029893306380e+00,1.086806618652872286e-01,-2.062467484332282996e+00,3.135174004512546020e+00
-1.772535766331962415e-01,-2.765186366712288457e+00,1.903077464968383037e+00,-1.297148441334794899e+00,-1.737247135669378384e+00
-4.992166456800601892e-01,2.879788568998376430e+00,-1.140079345584153359e+00,1.034165729709308312e+00,2.255730672711051987e+00
4.950267655928468624e-01,9.064121749253212235e-01,-2.444785189513878798e+00,-1.535457513438148069e+00,-2.568805378391629368e+00
-3.250264619506591401e+00,1.865755956597417775e+00,-1.060606145249953919e-01,-7.970365617857972929e-01,-1.143773788311384987e+00
1.215944993416520736e+00,-7.510218625733563469e-01,3.465462426172072785e+00,1.223293574944610773e+00,6.719873043525042000e-01
1.450562471422382149e+00,-5.363351225067747308e-01,-3.489824050619815266e-01,3.169037993700709155e+00,-1.855700037264959912e+00
-3.108805647905784841e+00,1.696431217605539832e+00,1.310598549299698989e+00,3.437595753856782510e-01,1.273424267236437979e+00
1.493119149992824246e+00,1.762259850266205463e+00,-6.057896802091323751e-01,3.195415245875091514e+00,2.955937987265356837e-01
-2.190066865898184112e+00,-2.524827638974551647e+00,-7.371694886584229112e-01,1.795028968079840137e+00,-1.031166652442951248e+00
7.118555896935193639e-01,-3.184613308438985158e+00,-9.867578180236423746e-01,-5.497720971420395619e-01,-2.018801462479324460e+00
1.151114526212434708e+00,1.414109003950221544e+00,3.008894031269177649e+00,6.756611416651403523e-01,-1.779120513828704730e+00
1.116272757880780508e+00,-3.306000604661870845e+00,1.543582987445278887e+00,5.179452900990704212e-01,-1.083226370304138264e+00
2.761044416847603156e+00,-1.044426761120294644e+00,1.705212745109032646e+00,-1.507946667787166906e+00,1.450569822475893389e+00
-2.661444158591343090e+00,-5.174095568338418216e-01,-1.575860156401227341e+00,-9.969058478960982628e-01,2.274169263510235517e+00
1.495099621160250081e+00,3.437953424406187120e-01,-1.331832428106321631e+00,2.892366311313223193e+00,1.872677599040308838e+00
2.439133514358154731e+00,2.321856750908933620e+00,-1.219594624861961352e+00,-1.775759237456630002e+00,-1.373936279043129205e-01
-1.102954968527870561e+00,-2.293220593376025906e+00,4.444359525768097896e-01,-1.856481264466765646e+00,-2.424991473440023082e+00
1.180232945749004836e+00,-5.374798454570371975e-01,-2.114024560691812660e+00,-1.713001931056857829e+00,-2.629579842956545122e+00
4.708500417702862761e-01,1.911328244504799212e+00,2.212075202417958408e+00,2.050670820377483494e+00,1.739711776479946348e+00
-3.024948759848492763e+00,2.478280670641930528e-01,1.341663960712446535e+00,1.272713981332133981e+00,1.835321003997227640e+00
-1.865191984562700966e+00,-2.220860713916883888e+00,-1.301434845602720047e+00,-3.204740862688644776e-01,-2.406740586931795711e+00
1.447111335774259766e+00,2.506887103297991359e+00,2.503601260641027948e-01,2.745393923235313061e+00,1.466896272120885858e-01
2.008753655886946543e+00,-1.008692613542427452e+00,-1.678973261703258668e+00,1.538131020674798899e+00,-2.400551959668691726e+00
1.792336119924252012e-03,-3.528705064824313009e+00,-1.156920740899542110e+00,7.908912305316740943e-01,1.258675023093340783e+00
6.368566182466168790e-01,-3.202599708076225848e+00,-7.327430106494065010e-01,2.134838946926798098e+00,-4.932738678001108434e-01
6.010095290056940986e-02,-7.841515177424045191e-02,1.099774912504965618e+00,-1.742258585090697531e+00,3.427137158611414769e+00
2.740472041501702538e+00,2.256035318041413884e+00,3.550487520489102877e-01,1.573942810172432427e+00,-8.926152852557968087e-01
-2.728368973169248424e+00,-3.589526980624077046e-01,2.778315900316748355e+00,2.641497629540656353e-02,-8.410818710895812123e-01
1.837475173059096134e+00,-3.029171316728633892e-02,1.855810238116371025e+00,2.652980401028297575e+00,1.463021104552845175e+00
-1.602726247777706836e-01,1.155412180101032416e+00,-1.950788872242742666e+00,-1.710289398584073917e+00,2.812235468243340364e+00
-5.448288360542034026e-01,1.231425365888932477e+00,2.064025192032958866e+00,-9.370775271546640806e-01,-3.008062303610770982e+00
-3.745188016603417047e+00,-9.334946125538108319e-01,8.946130894434614067e-01,5.391574207223029935e-01,-1.055046183807538118e-01
2.803982126274318532e+00,1.730347570810053082e+00,-1.927079840578219683e+00,1.041787937757523874e+00,5.870457397050496962e-01
2.095168923847532394e+00,1.861206149188999515e+00,1.915449354872762688e+00,2.092580010446091876e+00,3.135945145623268981e-01
1.661147436074538741e-01,8.541752639268763714e-01,3.537652783713344018e+00,-1.619323917049628747e+00,3.249512948242497812e-01
2.820239325864435820e+00,7.780736597247598363e-01,4.486741149244030669e-02,-2.129004776502641416e+00,-1.704751331398553171e+00
-1.796820996326015329e+00,-1.563540105072309949e-01,-1.873279708926014253e+00,-2.625037841914475756e+00,-1.531987986638064125e+00
-5.508582711145416644e-01,-1.140989570243385209e+00,2.530167352553728932e+00,1.017178865642515362e+00,-2.637858656012860514e+00
1.442078915474880763e+00,-3.176088653885677182e+00,1.511422125380874615e+00,-5.363115018866542183e-01,-1.122872386362179675e+00
7.634369431698293518e-01,3.647793668598676931e+00,-1.094977473041369942e+00,9.094480615538815815e-01,-2.910222362685298547e-01
2.824691307856185940e+00,-9.679295758692152418e-01,2.517407079686118987e+00,-5.633467746612970117e-01,6.553879447352339849e-01
1.008136800310287379e-01,3.168118975635259016e-01,8.166958593680648804e-01,-1.575913071368961749e+00,-3.569169747750911448e+00
6.567254313461650117e-01,-2.909805283385051844e-01,-3.403810154037995583e-01,2.549826764992217498e+00,2.977678000192942154e+00
1.712570843483766092e+00,2.158572760358162590e+00,-2.772945317130794951e+00,-8.470077333731396152e-01,-3.188905921365178808e-02
-1.207119404534417795e+00,6.571374853095754975e-01,3.623765185989385795e+00,-3.904166103197561077e-01,-9.093590136987809158e-01
-2.632897992194863090e-01,8.689658363777499339e-01,2.246012702026135788e+00,-2.113321111921266482e+00,2.380100350212233984e+00
-2.525789868465317056e+00,6.193648722848409394e-01,1.337651988646823442e+00,2.009595882391879140e+00,1.846343478901026014e+00
3.091515481545693778e+00,7.256039693726231699e-01,8.804605464205632614e-01,-2.952773609355223150e-01,2.248028339080659244e+00
3.886625245548331470e-02,-2.824531897296723937e+00,-2.424598145579920594e+00,1.143645393623515139e+00,9.131856446898187762e-01
-1.483926393723435044e+00,-8.006571657833064792e-01,7.230711105738889533e-01,3.543265019205992239e+00,-2.816943975577245185e-01
1.420319445833701510e-01,1.865437652150806702e+00,2.163240209318895602e+00,1.228791403819539108e+00,2.512057478510612896e+00
-1.208015138870741412e+00,1.560438826192211081e+00,-1.784359854421709857e+00,2.912232666506759493e+00,-6.638455392860925786e-01
-2.310764820702090550e+00,-1.597279791501387214e+00,8.862017789656823075e-01,1.038854303700661008e+00,2.498898027873004857e+00
7.413728005590735082e-01,-1.407228049240946799e+00,-3.171022647913642079e+00,1.846515213055886395e+00,-7.122164272637153404e-02
2.068939074561122471e+00,2.384430077258204328e+00,-6.772636123395496810e-01,1.920600139376858806e+00,1.373533187239017961e+00
-9.742367742382751494e-01,1.229381552124562571e+00,-4.533828455340809804e-01,1.324938551891959859e+00,3.402714436461493630e+00
-1.175984135535076552e-01,1.262478857106883678e+00,-7.970391068924053135e-01,-3.097701646643709616e-01,3.696091023724356717e+00
-1.410103339328107275e+00,-3.157672387541094583e+00,-9.350593554737858248e-01,1.434418825219915705e+00,1.053005366069854176e+00
1.239862129046101158e+00,2.805950732118941637e+00,-7.349211168708601472e-01,1.999548503277772449e+00,1.432158903507342540e+00
2.566035271419718211e-01,2.425805685144683255e-01,1.318287522363565278e+00,-4.158910626644172215e-01,-3.736905394843960337e+00
5.379813804213340322e-01,1.617929451445509814e+00,1.699216928616968492e+00,2.938245338624491332e+00,-1.253896520458588348e+00
-3.140383516577633927e-01,8.219352554124004229e-01,1.952779139482919035e+00,-1.380828300812094511e+00,3.083142744939805890e+00
-1.967959490302649828e+00,-2.053794238559432550e+00,2.180786076169864973e+00,-1.729276388494586314e+00,-4.035343013506800802e-01
-3.955080950463108369e+00,4.836222635464043074e-01,3.161420620632863221e-01,-5.743861205676993598e-02,1.421238330662855376e-01
3.149324342236819785e+00,-1.384095542868303941e+00,1.390320527683313268e+00,3.835650910458691110e-01,1.444272262019901554e+00
3.466213228092230869e-01,3.234107599458156734e+00,-1.541918701883764786e+00,1.682879954666183453e+00,4.591333887497316413e-01
5.152809649765095479e-01,1.967027644848762247e+00,-2.857885720298434795e-01,-5.851453940706574652e-01,-3.382486885625522355e+00
9.837054918189745978e-01,-1.887064847407345924e+00,-3.192570155484947048e+00,2.994188351623805477e-01,1.090483347191283814e+00
-1.489005687239796316e+00,-1.602342703437020566e+00,2.624873637487083577e+00,6.278383574240093967e-01,1.982729761788563305e+00
1.589778645386972777e-01,-1.766903663284014714e+00,-1.818149910879307329e+00,2.120158984830035731e+00,2.247673077623675741e+00
-2.461291483752751752e+00,-1.407686061192574112e+00,3.630233093045464599e-01,-2.006903722481925723e+00,1.949619375857780001e+00
1.405136248735302296e+00,-2.204173127262163412e+00,2.137877416290109078e+00,1.221470753520015551e+00,-1.762016543270066293e+00
4.624127684482595008e-02,-5.360035231420644530e-01,8.272132229141536675e-01,-1.692299831252399300e-01,-3.872678848567547405e+00
-2.516962780227052665e+00,2.751739416376892233e+00,1.002531937001864826e+00,-5.045260920204613919e-01,9.128042972463030758e-01
-8.369763076900501586e-01,-8.894517747711383482e-02,-2.305500664194534810e+00,1.438885373020324654e-01,-3.155237263978849516e+00
3.854052076655060666e-01,1.465381220993811295e+00,-1.226515774633651024e+00,1.734785889855082530e+00,3.031550374642901780e+00
-1.459419510654300423e+00,2.417418481825049703e+00,-1.696770435738554905e+00,-5.070872816822704632e-01,2.211337864916149254e+00
-4.084124607708621291e-01,1.016552189918534625e-02,-9.850376651397184657e-01,2.485896900205302629e+00,-2.946712290648234589e+00
-1.170916634075517937e+00,-2.913802086160155014e+00,1.653685131551281717e+00,-1.813987199152681917e+00,-3.368791559749835796e-01
-9.755110781586480151e-01,1.327744756971218854e+00,-2.060047272788327000e+00,1.345170232612832084e+00,-2.689273930988604899e+00
-1.195254573792125408e+00,1.808277130731899440e+00,7.641210137881367936e-01,3.272298888728636612e+00,-9.838384732126718990e-02
-8.146187414331864662e-01,-1.543739933278565069e+00,4.628552462504351706e-01,1.031631138807371562e+00,-3.416835603152184930e+00
-6.039584570196936397e-01,-2.598419388236907629e-02,-4.630486385525176551e-01,3.926641871049834087e+00,4.035565283311944029e-02
-2.648895479888232707e+00,1.278849898185942413e+00,-1.233452387150550056e+00,2.341803170599003892e+00,-5.851912451007399429e-01
1.396269002575247331e+00,2.092984983218125983e+00,-2.649516078197238667e+00,-1.627729681113377680e+00,2.018338593529203639e-02
2.330837782777870792e+00,1.464197659024261355e+00,-1.897888792099182487e+00,8.165082816946841460e-01,-2.038296544772451924e+00
-2.378139231322619895e-01,-3.052840020182419067e+00,5.866684779042837805e-01,1.052532148250911126e+00,2.274117086490676343e+00
3.002119290120339290e+00,-3.179763485827121205e-01,2.132498405911407602e+00,-6.545912955105209763e-01,-1.382075104419624445e+00
-1.717455064879557458e+00,-1.426301743876687400e+00,-2.653511343196067074e+00,-1.194546588669534559e+00,1.596229129718431006e+00
-2.126504752924997188e+00,-1.547393642728802365e-01,3.668371394288396647e-01,-2.921796331763004684e+00,1.668103705937894921e+00
-3.022791586856050206e+00,7.006796945220603590e-01,-1.597773464303734181e-01,1.237922314630579113e+00,-2.194037039483174301e+00
-1.560856545855996202e+00,8.074425409286638544e-01,7.560971054989645834e-01,4.102175627099021171e-01,-3.488810987235849925e+00
8.616549932161636782e-01,-3.055152943386253650e+00,-1.664226873494328185e+00,-4.116935489518265268e-01,1.727555643235467286e+00
-3.669827341727883052e+00,-9.001357180670056524e-01,-2.593472527913100456e-01,9.491897976615887300e-01,-8.682745541884836493e-01
-8.666783690125410278e-01,2.447809573068585376e+00,-1.738720598973419462e-01,2.931710328107486330e+00,7.949465123733172600e-01
5.899179786235994039e-01,9.146184818324419874e-01,9.597384803973899592e-01,-1.658421529898004954e+00,3.338264502642418474e+00
1.592668222513862419e+00,2.647378947024475071e+00,1.948105041171441787e+00,-1.425683922386395519e+00,-7.918994543863970836e-01
-1.140275429891968395e+00,-1.423184734895294401e+00,3.041151517918208036e+00,1.232557116895334204e+00,1.380767016190688201e+00
-6.027041118364950822e-01,-2.046467242920479102e+00,2.917225088879380035e+00,-1.079138595766518938e+00,1.331907372593377881e+00
-1.294580784230784820e+00,-8.760675920574845232e-01,-2.526993080548480375e+00,-2.629739482472569279e+00,5.053141522182136303e-01
4.685361729979451439e-01,-4.376855631709161698e-01,-1.351781055599349024e+00,3.693587111436791748e+00,-3.449745357775360621e-01
1.764548138196993243e-01,-6.514878445963115383e-02,2.606435008262478092e+00,-6.480563014673672573e-01,2.958232396617193061e+00
1.148051370647295705e-01,1.277020519462521930e+00,-7.703233676277769781e-01,-3.599153135437342055e+00,-8.992980542252764220e-01
-2.566422649744374063e+00,2.169962418328389653e+00,1.466223355178240206e+00,-1.576072593894789264e+00,2.663121052920556786e-01
-7.918793349649586588e-01,1.665113536851629883e+00,-1.051570026743943176e+00,3.100080888212551677e+00,-1.372597170928868016e+00
4.243448478315622330e-01,3.586383254103675977e+00,6.925743343136353536e-01,1.557430624771722449e+00,2.292100461950200840e-01
2.191767983119338847e+00,-7.314347742155558052e-01,3.120552783505377459e+00,7.570532202758396556e-01,5.917575739000301427e-01
1.763568887329995727e+00,2.471241077437303701e+00,-2.542613964110592928e+00,-6.360723230558566754e-02,5.602326894571529881e-01
1.505979774944460781e+00,1.100088728726189125e+00,3.135369037359230227e+00,-2.227831828527380986e-01,1.625317925636361682e+00
1.420008450816405476e+00,2.394343928000453037e+00,2.346578739706647543e+00,4.367725756488715083e-01,1.597964670940870358e+00
-2.068356382346403510e+00,-2.309985429500982956e+00,1.396723123736268724e+00,1.956470905532728288e+00,-7.792658740920239691e-01
-1.417848631511611224e+00,-2.434572626076882129e-01,-3.538817798059323394e+00,-8.152836874576918635e-01,-8.616930546941733438e-01
-1.740355012524819722e+00,1.361626447651101524e+00,-2.240088919103346399e+00,-3.063148624362045935e-01,2.450573542458553966e+00
1.457044133593246027e-01,1.124570323318824006e+00,-2.876090178596256042e+00,7.688120032547817173e-01,-2.418914053882802673e+00
-2.478376555008972471e+00,1.990543055242302906e+00,5.475782642913893383e-01,1.936511866569287532e+00,1.358479971114942675e+00
-4.679449615317671229e-01,-3.246886156483471009e+00,2.993364088691737313e-01,-1.791137643863995432e+00,1.393191104935596947e+00
-5.725440535443334644e-01,-3.070921107407109663e+00,-9.123522825674166281e-01,-2.213841873929700110e+00,7.128494431238409090e-01
-1.796477710724378785e+00,3.432623289141686573e+00,-1.992083119542649161e-01,7.123970145015228184e-01,6.652606495880057924e-01
2.813236638108758125e+00,-1.483180132739370771e+00,2.824861450322979084e-01,-8.399318556195770613e-01,-2.258449106716820420e+00
-7.469295083006683988e-01,-2.516597618545289849e-01,-2.599494760175507402e+00,-2.556623069430228767e+00,1.443976851119946447e+00
2.642978088468713516e+00,2.070266907186814054e-01,-2.639087916838626313e+00,1.392941130544286032e+00,-2.583345645450828565e-01
3.548995208487261355e+00,1.647344390444408946e+00,-5.917096498270090210e-01,-5.542229550721591291e-01,1.833196000936064829e-01
-1.269059981602324250e+00,-3.451026459799056756e+00,1.183685139591969415e+00,9.057831089245127476e-01,5.082810116052767224e-01
7.620957541271584645e-01,-1.642384289465544378e-01,6.160496167028776116e-01,-1.024657644078222241e+00,3.736682403174081291e+00
2.643847176743150396e+00,-5.171214553650190782e-01,-2.348438130099633980e+00,1.767032498498912529e+00,-3.241789702791710859e-01
3.167420995314431220e+00,-3.341362567852271814e-01,-1.587190988103403200e+00,-8.867453907104118072e-01,-1.596967307016671000e+00
-1.273014988362575650e+00,5.460883085120442626e-01,-1.476256816413680450e+00,-1.019009604459996554e+00,-3.295983257955220402e+00
9.440830162817607230e-01,1.529708205945537580e+00,9.984484427253192962e-01,3.235955929920244500e+00,-1.140346434143855170e+00
2.773217694564511070e-03,-2.841623402905460338e+00,1.104319320625905654e+00,2.405393080176293275e+00,-9.590264403320456488e-01
-3.279491492773756733e-01,-3.336019493408724390e+00,1.482147710233349791e+00,-1.242091010309474663e+00,1.011865298467968133e+00
7.941749664032800027e-01,-9.461127801213516930e-01,-1.504789359616987676e+00,1.755227836031535871e+00,-3.021413734799149431e+00
-8.884200265387771633e-01,-2.904192383828544166e+00,1.644001358939473301e+00,-7.341665782743672652e-01,1.880062611007194739e+00
-1.378525153878784826e+00,-1.961786065274792712e+00,-3.160282655471299829e-01,2.832011566656604362e+00,1.459760410449466805e+00
-6.518585643186115552e-01,1.537760674336376754e+00,-1.016310221650182699e+00,-2.476383744095717876e-01,3.480827673051073656e+00
2.863859615161258532e+00,-1.511183401385702618e+00,1.112949111293852766e+00,-4.334337075327461819e-01,-2.021908091103398419e+00
8.977406828803176086e-01,-1.386400439757929259e+00,-9.947587736893042099e-01,6.784411271637769136e-01,3.438332169247394710e+00
-1.419869896791311925e+00,-1.258692068455396829e+00,2.625582144516634742e+00,1.673797691507636021e+00,-1.644500970900425241e+00
-3.171340999402870509e+00,-1.628746951210882532e+00,-1.100248710187450740e+00,1.433138719680482343e+00,-1.592037069640689084e-01
4.585797042498955811e-01,-2.154359927896265514e+00,1.850429555118208835e+00,-2.072202671447222588e+00,1.852113524035957859e+00
-1.561975788872980608e+00,-7.733119899738080116e-01,-2.623446731857456804e+00,2.269525329490453824e+00,-9.638476150538825005e-01
4.311496505100588794e-01,-1.059026877706692682e+00,-2.896909483975366184e-01,-2.750808958780079916e+00,2.653620409529528157e+00
2.106304879742719738e+00,2.966409167201360386e+00,5.279173642697537749e-01,1.228343247026722596e+00,9.881156462186297951e-01
1.745218180808222996e+00,3.323982107514047435e-01,-2.983691243540929516e+00,-8.846471598856383567e-01,1.777276257813949156e+00
2.430578464571050201e+00,-2.166639281652235627e-01,2.674750083309758608e+00,3.824784399085415232e-01,1.656733926928224854e+00
1.383721481484322835e+00,-1.035465647675848921e-01,-6.335155927899371875e-01,-8.396653294289786462e-01,3.601140527506612177e+00
6.734946206080566489e-01,-2.742157828019588184e+00,2.699733148704331231e+00,-6.752107938058403702e-01,-5.315136423065616178e-01
6.391531721598786575e-01,-3.193184293926534245e+00,1.912053459728459304e+00,1.288834721326567623e+00,-2.793097130111332205e-01
-1.590884731408668484e+00,2.983150004468592353e+00,2.089931642719308758e-01,-1.869808353738929174e+00,1.014909059859812057e+00
-1.414642816893779687e+00,2.490608686446292186e+00,-1.064404362927361680e-01,-4.001950644486390596e-01,-2.761189673948869938e+00
-2.553670730052183813e-01,-1.089051226214963197e+00,4.522547670514487361e-01,3.330756390554416413e+00,-1.857493627758810550e+00
2.552399403052434845e+00,-1.637543441937230115e+00,1.345358055060952740e+00,1.992850543718662992e+00,-1.011072290763019854e+00
1.663093988554564362e+00,1.930177300072808855e+00,-1.946601717303427570e+00,-1.920273765306133584e-01,2.383778768336405562e+00
2.397596607471343511e+00,1.981989927807896290e+00,-6.180090246058936865e-01,2.071052011549182392e+00,1.285322856279196069e+00
2.888641314112868397e+00,-1.974595913219702847e+00,1.879176811222692312e+00,-4.648899280176841953e-01,9.640645666632291499e-02
-8.135144929048407402e-04,2.652449356789312152e+00,-2.589224281141091044e+00,9.144494908898981311e-01,1.193403325964335515e+00
-1.079785171466109084e+00,7.222776496591489792e-01,-7.208286905852124837e-01,2.846983974948091412e+00,2.384841132130761654e+00
-3.027820052655335048e-01,2.473159582923480926e+00,9.886730447858491644e-01,2.002472441457278318e+00,2.191902020255272809e+00
-1.852834604814636243e+00,-1.087388635783806290e+00,-2.851974789279477562e+00,1.300190757735621316e+00,1.249133170155518391e+00
-1.103878541495506127e+00,1.069043310013730652e+00,-2.354476024094056985e+00,-6.905821867563167737e-01,2.760097364630774042e+00
3.275602509124351691e+00,-1.293701126263068657e+00,-1.825344594945482513e+00,-2.637165936232807040e-01,4.419686256681152892e-01
-1.416594039396672500e+00,-1.642622000064340559e+00,-2.119303682078480744e+00,-2.100536334723099863e+00,-1.546400110607564660e+00
-7.408499656161668390e-02,2.616428285308195267e+00,2.379023850529343065e+00,4.830799126634300333e-01,1.804354110954198953e+00
1.955848692074512618e+00,-4.555576294814399074e-01,-4.046852607616321928e-01,-3.323650946139244500e+00,8.698835369643804771e-01
-1.351983225913758746e+00,2.864818305723484948e-01,-1.540797138444615633e-01,2.670395994072610524e+00,-2.633498470518314871e+00
-2.530979766830943944e+00,-2.322033350075167757e+00,1.468702568680138265e+00,8.965368947487281082e-01,1.114197873870592437e+00
-5.927694708128703471e-01,-1.648470352285779095e+00,5.288429585324064264e-02,1.854939711619431053e+00,-3.080190216466566433e+00
6.412243732209078617e-01,-3.875746537419304527e+00,-1.809255618868546023e-01,7.001688276774162834e-01,2.108308200299173762e-01
2.326583873149471238e+00,2.398667786827586745e+00,3.525936880676915353e-01,1.925135387919562069e+00,-1.001464806646279238e+00
-6.580327923780672217e-01,9.271174345187915833e-02,1.493573868701461471e+00,1.082863522123857392e+00,3.486408046681698458e+00
2.794405213127621135e+00,-2.142269350396186045e+00,-1.235222490334488166e+00,-1.283197107277455506e+00,6.554480287901627289e-01
5.528297286183531112e-01,2.447233029720098152e+00,-2.542734037774889710e+00,-5.450485655031823695e-01,1.715475288013988520e+00
-1.271881519229957291e+00,-8.868038644601184961e-01,-1.588556475310151761e+00,-3.146493369748714297e+00,1.082572910199337990e+00
-2.583273115486164784e+00,5.563597187041858794e-01,-2.674309850226937790e+00,-8.175995316143032099e-01,-1.093966043848277669e+00
-3.696670835095136720e+00,6.470028291522386121e-01,1.049994003240239282e+00,-8.804503330775366177e-01,-1.957852909930004603e-01
-1.462519219655235903e+00,2.144577145837349264e+00,-6.954467171058249519e-01,-2.349966169312266207e+00,1.804394431504856122e+00
-2.046194125188694812e+00,2.441151047862052614e+00,2.182453627118240203e+00,-1.030023834690247275e+00,-1.726795558649260320e-01
2.768181933785138327e+00,2.121170975539749537e-01,1.594281817506415733e+00,1.589389633943344426e+00,1.795628356947153392e+00
-3.024327155540037726e+00,2.099844680920834872e+00,1.041993466483716935e+00,5.140882445626959729e-01,1.045973453238308704e+00
-2.901785643821833016e+00,-2.078719953194073877e+00,-5.139833103194796360e-01,-7.021713715128752309e-01,-1.581562504374422806e+00
9.103209861239008882e-01,9.349399637158126719e-01,-1.404801275130049820e+00,-2.500488699919234392e+00,2.463999311168469042e+00
-3.187241203699586301e+00,-2.052405313127740882e+00,8.779753601254132178e-01,9.247664991369748400e-01,-5.560691657726225812e-02
2.885774197357766191e+00,5.835902695525104766e-01,1.192968688934386012e+00,1.268567105145877116e+00,2.073473628024178339e+00
-3.827533198598232489e-01,1.516941750215716089e+00,8.961058043638699955e-01,1.455900396375696682e+00,3.260327597927428211e+00
1.510112483293749586e+00,9.604805881271543111e-01,1.400547149013531278e+00,1.048646727108623500e+00,3.120231570371939878e+00
-8.543527079290411663e-01,-1.058811478804129735e-01,3.969384249846426571e-01,-2.580776523400504008e+00,2.905323227459100099e+00
1.321881021046956484e+00,-2.827431517838292496e+00,2.292502097495742852e+00,9.425245811231995896e-01,-3.381466029500551640e-01
2.729279612254054577e+00,1.800413742788212479e-01,-2.148140053239430802e+00,1.860027561840541299e+00,-6.666405947316563774e-01
-2.332072499123515108e+00,-1.895402925227912094e+00,-2.394659419449572280e+00,1.108796855576335894e+00,7.114357156303328933e-02
2.430477704922509030e+00,-4.177868480835126297e-01,2.693122034330724723e+00,1.142226205631340807e+00,-1.166467007169265768e+00
1.348863267069196903e-01,-2.467383088942880498e+00,3.314926066181377862e-01,2.604346534585459505e+00,-1.732431283144131751e+00
-1.520660356998391194e+00,-1.792714044058784761e+00,-5.710227491175482589e-02,-3.235545709847371665e+00,-4.185360887776681804e-02
-2.366889595187651740e-01,-1.637859479233822191e-01,-2.311157767908302407e+00,6.306818428079413730e-01,-3.190288808978625212e+00
-6.354338535005661370e-01,-1.477833954539829464e-01,8.509920254084790692e-01,2.846369564586578527e+00,2.597763799951777752e+00
1.709003949969652547e+00,-6.715628513872514693e-01,-1.810579819573010063e+00,1.483911050975527335e+00,2.673596369194949585e+00
-1.745892537887619167e-01,1.250824141901463626e+00,3.746769314042855736e+00,-1.169679094157484583e-01,5.941344746870742544e-01
2.657698222300962421e+00,1.164182401658243160e+00,-2.173499423385431228e+00,-1.687944411691789659e+00,-8.979651679885089499e-02
-2.842989627612994674e+00,-1.250400328657713223e+00,-4.729616880920575750e-01,-2.184086170834036000e+00,1.166183448410340384e+00
-1.896428461457114079e+00,2.512031332592743471e+00,-1.273502294368600518e+00,-3.783128719946567409e-01,2.080463638655766001e+00
3.838332426923833474e+00,-2.705248937009072652e-01,5.425044313344368208e-01,-6.562718398180398260e-01,-6.848479222115331222e-01
1.092432487483260273e+00,3.877103868250669771e-02,2.056342251927330000e+00,1.558015771217934553e+00,-2.854668363650187501e+00
2.374992828809840084e+00,1.279428787381589938e+00,-1.176207345400158477e+00,-2.192849224406375086e+00,-1.590729266961597999e+00
2.899000778638247677e+00,-1.060084476649366447e+00,8.382570801036033359e-01,1.163857673423295269e+00,-2.101136780766964751e+00
1.685809730005175977e+00,-1.259020778683218156e+00,-2.542615387041752273e-01,3.389478054677897312e+00,-1.403631712968310408e-01
-1.683452437946139746e+00,1.009671522085391127e+00,-3.282646977115842635e+00,4.900775490376941823e-01,1.063298700377459660e+00
3.209178378100909779e-01,-2.196040780565181372e+00,1.487781112997944799e+00,-1.819062650088269173e+00,2.356254457042024075e+00
-3.490601267011324005e-01,1.520841777782662385e+00,-2.794667382833636804e+00,-1.117821858341533581e+00,-2.122617682777077963e+00
1.650733948609097723e+00,3.413552369504315287e+00,7.221858073723621541e-01,2.030332411204610610e-01,1.029544954915007304e+00
1.589408213847175677e+00,-1.975483692722789453e+00,-5.300334092463208080e-01,-2.766393900626019864e+00,-1.279599578463253451e+00
-1.187556871084734178e+00,3.290855022409372665e+00,1.734883459624697033e-01,1.275863648136063233e+00,1.449846765904102330e+00
-7.765223771175198131e-01,-3.265563997385672934e+00,-2.164291537449510028e-01,2.120078836164009495e+00,-4.376401794544955148e-01
-1.568418171935621830e+00,-1.699343350920171414e+00,6.805272436755845922e-01,2.289437264032819108e+00,2.224332775979968702e+00
1.556119610350919391e+00,2.867936512403413296e+00,-1.067937104739059562e+00,1.973748968422132100e+00,-5.632559534339410812e-01
7.199282489642875316e-01,2.322325914675476000e+00,4.459769368930666805e-02,-1.836771712081548991e+00,2.590904549724774242e+00
-9.157840308056288681e-01,-8.203775677602256899e-02,-2.175050263772727810e+00,-4.940379396742935469e-01,-3.190563003547982390e+00
3.830221686286690463e+00,2.986388923319574507e-01,-6.535302936106226479e-01,8.827704787211990700e-01,1.839322786175458524e-01
2.311404937684360394e-01,8.866034495013909167e-01,3.803201413579688328e+00,-8.067908973016684193e-01,2.127342267932995912e-01
7.481676316511655100e-01,-2.848948380789257495e+00,4.416463549740506922e-01,1.418106340441507740e+00,2.262224839154030498e+00
1.062623209368366295e+00,6.965365545865487285e-01,-2.846645806608269602e+00,-2.402956997026709729e+00,7.127931433426574204e-01
1.303311005307930870e+00,-1.399270086896206688e+00,-1.173616666656345675e+00,-1.708976423997662142e+00,-2.836449743839528193e+00
-2.563927432556402319e+00,4.544360184366956490e-03,4.815210686893428571e-01,-2.989309975082308668e+00,5.083490952651822381e-01
-3.914667790230170336e-02,2.629105132312510307e-01,-9.759814715872086044e-01,-3.858539369365530991e+00,2.974553778576010665e-01
6.401901223166485133e-01,-1.269135454530479601e+00,9.488293293768791381e-01,-3.003268639763966519e+00,2.014833041834093397e+00
1.905010675872311099e+00,2.875681241375731556e+00,1.228003972908354280e+00,1.684661168240815243e-01,-1.601567086579816612e+00
1.634964396408233045e-01,6.708465709580593850e-02,-2.292594059430233422e+00,2.327520920069695798e+00,-2.301179568897271821e+00
1.174742432307490869e+00,-1.873948800716399132e+00,-6.211600831157364500e-01,2.970432493969351828e+00,1.378037394247528802e+00
7.345846672027015467e-01,2.075684939519028660e+00,3.035518528328668530e+00,1.110496593121118314e-01,-1.387520319096120058e+00
-3.314473394747791346e+00,-1.442593829971329233e-01,1.992682650941382416e+00,-1.000594187304103322e+00,1.465689970519211405e-01
1.821658081047325961e+00,8.536907848902925977e-01,-7.810324549044980191e-01,-9.361511731840455042e-01,-3.235179000438825891e+00
1.651772178612385789e+00,3.084519904983102023e+00,-2.698993862031637270e-01,7.202557311388352312e-01,-1.779261540306523726e+00
-8.617985799745117026e-01,-9.148576771179689482e-01,-1.796037336993031586e+00,5.875456201496717101e-01,-3.293839502243870676e+00
-1.073737785802311162e+00,1.683485445654214208e-01,-2.742404052426612893e+00,1.864715209222581160e+00,-1.954687477990058486e+00
-2.906779345781279389e+00,-1.956107474447549510e+00,-1.341823279637542610e-01,-7.670783232013211883e-01,-1.765747244734269250e+00
-5.191576158815968123e-01,-2.304362557988083537e+00,-1.032133150009123979e+00,-1.113287482160059794e+00,-2.848803382814038443e+00
1.600301626193726845e+00,-2.494625281268536554e+00,-4.516664337965673459e-01,2.370733745014501626e+00,-1.179617884778199732e+00
9.827011742856042731e-02,-8.182607955432043001e-01,-7.969413891997990662e-01,2.197351384301478916e+00,-3.139637490314168389e+00
2.193666922117793461e-01,1.966748673389995039e+00,-5.644776411669030249e-03,2.157945079339226968e+00,-2.725255782696669460e+00
1.057202105196165753e+00,-2.599570424333045082e+00,5.994653153105203858e-01,-2.014851241787700253e+00,-1.924986526422438393e+00
4.959233378080597499e-01,6.310634142534344848e-01,3.553602475032185293e+00,1.546480129666510051e+00,5.797651836734367681e-01
-9.929228637080307340e-01,-5.474327751000029885e-01,-2.664181236781777873e+00,-3.164999940451272420e-01,2.741603114023162924e+00
2.869483494998987361e+00,2.476093798136540514e+00,-8.097598637758610662e-01,-7.542715738111344104e-01,-6.406148068194582601e-01
-4.341327957197734788e-01,-2.939200685697240800e+00,3.446429244208749076e-01,-2.336481540601514917e-01,-2.645611052219942749e+00
-1.745278332734437443e+00,-1.242026133264411358e+00,2.986705664787022929e+00,1.123941620727643143e+00,-1.108024878195965401e+00
1.327491041533403582e+00,4.187640210445727762e-01,2.318120147545465581e+00,1.868081705035996132e+00,-2.280130249389437314e+00
-2.451053033509853041e+00,5.585649028592328813e-01,-5.692881163634684605e-02,-6.546580769773830966e-01,3.041138962439887017e+00
1.697297259486868715e+00,-2.452406750347607911e+00,-7.308486257194348745e-01,1.507172877922545062e+00,2.073444801803641102e+00
1.666784717265476390e+00,-2.050697168056718755e+00,-1.335289629922745691e+00,-2.156496646904625614e+00,1.607169451963383899e+00
-2.415537777874619429e+00,5.710058456477568045e-01,7.023564564768504104e-01,-1.992423669483140092e+00,-2.318635999294683003e+00
1.876495243681866043e+00,1.533820078595573788e+00,-3.118505229748047114e+00,-3.716766394551035413e-01,5.127798500856312058e-01
1.404335098862820708e+00,-2.140919128915944381e+00,-2.042060778702007529e+00,1.405252438442506024e+00,-1.816469535632812438e+00
1.027132030480599090e+00,-7.226159346145480944e-01,-2.254532733622919505e+00,-8.194935203648627819e-01,-2.944204226290138227e+00
-2.211730345138762654e+00,2.689749298509920727e+00,3.651154609865824852e-01,1.920007611297794625e+00,-2.318600100596329150e-01
-1.561999448811425495e+00,7.354469181048907400e-02,-1.555898896620738547e+00,1.497130241227245584e+00,-2.982034299688137935e+00
2.348659400007670151e+00,5.045588861198999631e-01,-9.703181640723768098e-01,-9.624407228593440111e-01,2.891610255315583355e+00
9.031733088406397325e-01,2.803550992053496227e+00,8.507806715731072167e-01,1.475700522739695764e+00,2.103059681801043634e+00
2.223733446200567343e+00,-3.243796998478843285e+00,7.241118378847308801e-01,8.798206268364883176e-02,2.667950130209767803e-02
-1.567234397642320309e-01,2.422452546641382654e-01,-3.256065107643892897e-01,3.975250622429483904e+00,9.009932876008248936e-02
8.607374459650568577e-01,-1.991913951550210005e+00,-1.579522907241435403e+00,-2.965721529752640695e+00,3.182848086855731562e-02
1.511181367024085231e+00,-2.316632879061930606e+00,-2.311512935739789221e+00,-1.698182747146279370e+00,3.501803604013010718e-01
-1.750263733887619022e+00,2.118433354217841291e+00,-9.274062418080749604e-01,-4.651031226074769931e-01,-2.715218910800989871e+00
-1.019141596345841227e+00,-1.494433968009784564e-01,1.149643912509169974e+00,8.978410063146853304e-01,-3.579276111109714442e+00
1.084327744796738990e+00,-2.666274166512902610e+00,-9.967390825908637453e-01,2.687294149031299040e-01,2.578664598906125871e+00
9.859906447540419672e-01,2.154991830500461614e+00,-3.436438293362762408e-01,-1.023905503902236225e+00,3.036010391380699058e+00
-7.080996983149239199e-01,1.421584864845625962e+00,1.589313829364154440e+00,-2.978973228262018491e+00,-1.441350528628678740e+00
-3.616290303112791538e+00,-5.739537643800490807e-01,-1.036628352420250865e+00,-3.393514811376485696e-01,1.184594340343785301e+00
2.277420328071178279e-01,-6.845247852139700884e-01,1.743959265005145420e+00,2.748239695451376363e+00,-2.210281439832649131e+00
5.575444937434029802e-01,1.967642675818157105e+00,1.348913439229513012e+00,4.651706953386796073e-01,3.127550990065503189e+00
-8.733474059702688030e-02,-2.585047980405583146e-01,-1.060412367044204940e+00,-3.344821997944015024e+00,1.900852263161020295e+00
9.568703127762659411e-02,-4.985554623033265353e-01,-3.173292647942478339e+00,-2.305685252417563724e+00,-5.969218796049952092e-01
6.870833443658483919e-01,-9.095003725119428228e-01,4.844081717250158792e-01,2.835825953031886115e+00,-2.534593742115784920e+00
-3.131960866228383100e+00,6.031667734007969406e-01,-2.839717151771994560e-02,1.929325061091024862e+00,-1.450485913470080268e+00
3.003440720768037475e-01,-1.678215542677657490e+00,-9.176057197743334726e-01,-3.433214588555412394e+00,-6.814861426699579949e-01
-2.766968469218647808e+00,-1.116260291065576116e+00,-2.369537738184765097e+00,5.272144958995732544e-01,1.097808833801036998e+00
6.368436515892021976e-01,3.654659440512058932e+00,-2.972714468464219273e-01,-3.008400033961343700e-01,-1.434928401193962921e+00
3.144780752627155618e+00,-1.217502425037144231e+00,-7.372611202550993781e-01,1.935498800171548961e+00,5.816633889365436794e-01
1.536320070700395890e+00,-6.938346059296471857e-01,-1.782749361695401102e+00,5.520062130306750969e-01,3.110531792817388119e+00
-3.107514178346828526e+00,-1.164159518870002463e+00,1.095081386105784427e+00,1.403634851703527087e+00,1.348589710358806260e+00
-9.090298479824873157e-01,-3.187839432922461302e+00,1.020512035510647619e+00,8.459759410749572162e-01,1.803946888874999877e+00
8.676182771829015206e-01,-4.214238004242955027e-01,-3.992280324096339483e-01,-3.623902182882721146e+00,1.333263084529943354e+00
-1.357227962962088919e+00,-6.760034035603177394e-01,4.558163666305598549e-01,-1.364755053816592234e+00,-3.410370469307173025e+00
-2.107193463443651105e+00,1.410589305948521145e-02,-2.794079474375586347e+00,-1.679241721088043482e+00,9.658177180149773999e-01
2.100803607327475397e+00,-1.916607149087866446e+00,-2.344505103214483466e+00,1.181384095557125535e+00,-1.010380462633291954e+00
-3.295920646781096419e+00,-1.282766589983189487e+00,1.409009483609081403e+00,-1.192972277642992296e+00,-2.879694178553388606e-01
-2.971271468263291027e+00,-2.207181196054256223e+00,-9.690896034148405169e-01,-1.159295119877694624e+00,-1.296039939586603740e-01
1.539240747335965942e+00,2.502069850981931687e+00,1.988178592651587362e+00,-3.988540030296756078e-01,-1.805116547632597879e+00
3.575376935154832125e+00,2.225573668021110785e-01,-1.045587539794440524e+00,9.363527772139562666e-01,1.094138091501832832e+00
1.585292959421762848e+00,1.310237202113600397e+00,1.415993637047195941e+00,-1.057276199981868281e+00,-2.940621322747807742e+00
2.548690766056211476e+00,1.755596778781202960e-01,-1.927576684515175831e+00,5.673226797332582283e-01,2.331511801577871967e+00
1.295313803044462864e+00,-1.059254681082566707e+00,-4.272815573455882587e-01,-1.601393270490480525e+00,3.233127237865422110e+00
1.826584661404522913e+00,-1.519239833573247989e+00,7.942317594570839079e-01,2.296243669954999955e+00,2.109966758806250287e+00
-1.674492036400468731e+00,1.366443040437067324e+00,-3.009724163041200828e+00,1.352424856035108869e+00,-6.643924355807130366e-01
4.171379503786786791e-01,-5.900865648832656629e-02,-3.591041077638701839e+00,-3.222411234613742348e-01,1.680207887695786884e+00
3.535988686837344908e+00,6.622309149495720915e-01,2.965131409735803913e-01,-1.704445170434083279e+00,-2.553053858759638528e-01
9.764969370192254638e-01,2.946540899205526642e+00,-1.673452391340177980e+00,-1.465732094636936322e+00,1.189763414284628285e+00
1.813360420871342527e+00,-3.254772707344882221e+00,-1.444086993728922019e+00,-1.756738180759837842e-01,-4.393258159661063422e-02
-1.981339100890876948e+00,-7.945620215739410686e-01,-3.094415739784960540e+00,-1.035376920077045293e+00,8.919374551481346058e-01
1.783755432304910127e-01,3.834789317282783383e+00,-9.435627067413702163e-01,4.069657944723079623e-01,4.545781761231949547e-01
3.561050170800448278e-01,-9.157766198315006045e-01,-3.726356018521177038e+00,-7.802132951204382438e-01,-7.349016510586472428e-01
-2.521270375651946338e+00,-2.056894243740905903e+00,-7.872260705650276913e-01,-2.137123603513747749e+00,4.747205283665084652e-01
-1.652905897335228413e+00,-1.636207704409509134e+00,2.466977596668132655e+00,1.336165783913798588e+00,-1.649063060656242641e+00
6.945960181657735433e-01,-1.072267001756244786e+00,-3.016094152850508081e-01,-3.772330777262983492e+00,-2.152489628750582917e-01
-2.115823028735126066e+00,-3.112018750964880009e+00,2.555458294766275174e-01,6.581040739603160050e-01,1.157681977743044266e+00
8.001300912256286146e-01,1.622119803858795839e+00,1.822599555745987310e+00,2.837190449232793732e+00,1.164903598252283512e+00
-2.165354748321160205e-01,-4.536450004196894148e-01,-1.320645072081299887e+00,3.594630211281865773e+00,-1.040119627475859065e+00
2.423117589205054045e+00,8.882244950792803628e-01,1.078802617846841505e+00,-4.610141864383902055e-01,2.821915878770236308e+00
-9.918630262961538602e-01,-2.491968664809400380e+00,2.449326391298994210e+00,-1.191768857204209969e-01,-1.671196280952935043e+00
-1.748319498469425248e+00,2.653470519865277044e+00,-1.901288851523657231e+00,-1.000507489885705814e-01,-1.509159925977427985e+00
1.608619542751980047e+00,-2.408189336830696359e+00,2.046497061291307595e+00,1.850072699128373799e+00,4.525561531166259061e-02
-6.331061325743360391e-02,3.257521418701271543e+00,3.677031350732156145e-01,-7.781463326844191564e-02,-2.289822102316694696e+00
-3.488487790904267527e+00,-1.446627697238286547e+00,-1.317527520084206705e+00,3.467360530528058177e-02,-2.530243487907899921e-02
-1.602907103559070012e-01,9.138071137743152272e-01,1.759525612522361060e+00,-1.084565054036007448e+00,-3.296521152583544279e+00
1.579514640644766210e+00,1.575204174658950462e+00,1.492105709073015873e+00,-1.671967615061290990e+00,2.449900029646888466e+00
2.788459993838966255e+00,-6.848686665537699891e-01,2.644433818197103214e+00,5.473686670274000576e-01,-6.802963294510659953e-01
9.601841062786927727e-01,2.090557494914501824e+00,2.798767218468438678e+00,1.678344897606250719e+00,-2.401589140800192979e-01
-1.632585770524043411e+00,6.173390334317534478e-01,-5.160509146266764047e-01,-1.226348054093287232e-01,-3.559804542063953026e+00
-1.176567952830917529e-01,3.948179649100767019e+00,9.253692551019034040e-02,-5.338286165328831601e-01,3.232619101254688432e-01
-7.264998230954861080e-01,-1.952234609918677422e-01,1.068732432098119300e+00,-2.274278636866939429e+00,3.019859844064435528e+00
2.103009702401546388e+00,8.870344454469722972e-01,8.101282532184619356e-01,1.201676778908544740e+00,-2.947912009637453146e+00
-4.584371910087087221e-01,-1.618977148734911387e+00,-2.086812483063187784e+00,2.171267560257957641e+00,2.024736816496734537e+00
-5.561863275631755421e-01,3.163574582291292181e+00,1.093689291993660689e-01,-1.994789527464545964e+00,-1.300502137543733783e+00
-1.526989591623850728e+00,-9.719402804422974107e-01,2.484770627053648706e+00,-2.504015836410428353e+00,5.286345621158103913e-01
-1.179506566708327320e+00,3.178731242016207048e+00,-1.823556325340706774e+00,1.085693656159000264e+00,-1.853546352364997957e-02
-1.958970537850455385e+00,4.998913262140867175e-01,-1.640550129936076740e+00,-2.116739436308211264e+00,-2.177280993292812994e+00
2.496738359643149607e+00,-2.692187192475856250e+00,-1.316852604428584206e+00,-9.400784483842254680e-02,-8.806176397698886049e-01
1.718295580700706537e+00,-9.124753471635203839e-02,-2.075733406713942575e+00,2.098522311882722313e+00,2.080064690228343061e+00
1.285147720709253205e+00,-2.167560406255235161e+00,-8.707664334917104565e-01,1.159134303368517971e+00,2.747407997776987187e+00
1.836252461342766873e+00,1.790660125098418209e+00,2.107123818786019731e-01,2.465309941325751542e+00,-1.816469212488505791e+00
-1.590355678020229924e+00,6.671028298906493958e-01,3.442178557319373500e+00,2.956851842104148489e-02,1.084562176175161152e+00
-1.116630973818719230e+00,1.966571594254140409e+00,-1.256450295010987039e+00,-1.288694329334088895e+00,-2.765199995423541779e+00
3.560400872737360611e+00,8.723292861472516924e-01,1.708172348277300565e-02,1.519989805800409544e+00,-5.019227499591520925e-01
-1.787966566040233296e+00,-3.179027607363316577e+00,-8.214011343499484363e-01,-9.737137069272603362e-01,-1.036407653278745178e+00
2.312337214277656816e+00,-8.194342345108466263e-01,-1.940229303087027013e+00,1.411040626168285295e+00,-2.055747733921482912e+00
-2.689427765211059640e+00,-2.715233470041922281e+00,-9.215620420255179468e-01,-7.380437213028214760e-01,2.236888506815867469e-02
-1.355885165633295752e+00,9.693227566301928499e-01,-9.578646479963459637e-01,-2.275251173752050882e+00,2.669778309813974460e+00
3.813756320940945965e+00,3.618680377412965554e-01,2.989450528153441144e-01,8.327060731729806209e-01,7.358985655933256709e-01
1.747620591657549571e+00,-5.819965390597715560e-01,1.015681628530340719e+00,-2.232273619446207835e+00,2.567576213771939120e+00
-2.887066626109651701e-01,2.526033155146051534e+00,2.526033474014598212e+00,-1.776108745710787806e+00,-1.993924858956055285e-02
-1.546844760943204555e+00,4.596317164793595200e-01,-1.769542796657321615e+00,2.700063937785555090e+00,1.724639960518411064e+00
-2.337931681931776584e+00,1.858554842993809242e+00,2.589802866901287359e+00,3.926378074142066743e-01,4.675532151346519227e-01
2.482437318221014877e+00,2.190853559293834518e+00,-8.914360291222556132e-01,1.627806168104686035e+00,1.262241865846748023e+00
-1.437539527872317979e+00,-2.223991534648692703e+00,8.328153336636291426e-01,2.555050807561597193e+00,1.328712064523067449e+00
2.796507353732557433e-01,3.735052260946302383e+00,-8.751784324460196718e-01,-1.097259046853950704e+00,-3.557203513430232805e-02
3.432473246479843088e+00,-2.559730310457463895e-02,-1.465094255374639109e+00,4.597714258685356437e-01,-1.363664639527236710e+00
-3.513819192379945555e+00,-3.082526704021258390e-01,1.853609558684705894e+00,1.142412175782017286e-01,3.303566597046999620e-01
-2.046013755809960699e+00,1.766783783506757022e+00,-9.941102100439215272e-01,1.456456605941331750e+00,-2.362791107709324212e+00
1.491263399822825741e+00,-1.788938887461598570e-01,2.253736506618430724e+00,-2.330522776273368457e+00,-1.798184027546838371e+00
-5.348427751282854858e-01,-3.819011735559223186e-02,-2.655966026813615377e-01,-3.838608530229250526e+00,9.523800276805414189e-01
-2.513799588532920293e+00,-1.965016804358336033e-01,1.273379376129474716e+00,-2.446283012994572292e+00,1.427025964395857160e+00
2.175155408937202051e+00,2.741641876125952670e+00,-6.930844996948404280e-01,-1.484808269492567945e+00,-1.032994215459619225e+00
-1.031764152767647991e+00,-3.536934018898210574e+00,-4.299036093657779278e-01,1.404287882408785215e+00,5.183810461410939263e-01
7.378206054066072106e-02,1.626417797104204199e+00,2.418500797037812067e+00,1.584872604339392810e+00,2.233462352390794603e+00
1.189664224413109261e+00,-7.677452718122529385e-01,-2.552961470706715197e+00,2.695641950670847997e+00,-4.595306666937030160e-01
2.038058364561962765e+00,-1.296119100822482051e-01,1.959803263679406715e+00,2.577932820825902915e+00,-1.158858228768299581e+00
4.634399551551894869e-01,-3.753795634063353148e+00,5.857035840067279509e-01,1.038748954442999306e+00,5.217218291176969336e-01
2.764439313341458537e-01,2.946316310634048641e+00,-2.064911032136746982e+00,1.715331732070462634e+00,1.912548792381224272e-01
6.513385037150970502e-01,-1.828662067683625159e-01,-2.881218988198770981e-01,9.679934747070886303e-01,3.810812578485756053e+00
2.061522727902002305e+00,4.202225298100252804e-01,1.933568030604256638e+00,1.869779153138850569e+00,2.082973273303352801e+00
-1.522203196304305672e+00,-4.231895960769980203e-01,-1.598113370465427563e+00,3.246503860839953681e+00,6.403548482084365778e-01
2.540525095094217090e+00,1.496977658419547330e+00,1.740716926187618974e+00,1.188576373717344925e+00,1.691739021868947646e+00
2.054271641639971335e+00,6.698338720336938223e-01,-1.121679495970138607e+00,-1.137786765089673136e+00,-2.962864659706399006e+00
-6.402677644330295736e-02,1.586075968600560104e+00,2.147880419102720317e+00,2.950434508721273108e+00,4.022555266343207925e-01
1.760001775455050987e+00,1.452909503509436373e+00,9.950075777367057839e-01,-9.100562649222557754e-01,2.995530877812699444e+00
-2.642524897853020693e+00,-1.686992542883381185e+00,-1.580132960008225673e+00,1.873814469440520325e+00,-4.038780599311235786e-01
-3.314138137970314091e+00,-1.055608459147199918e+00,-1.907677578165784205e+00,-5.121405688717687310e-01,-2.564135150036370506e-02
-1.023759290191277982e+00,1.624193398168707558e+00,-3.277240912830846842e+00,6.161918334915134077e-01,1.092662960248146353e+00
-1.716755741243646272e+00,3.329257945989785306e+00,-1.258760118986570031e+00,-2.265206451466607318e-01,5.770637868919761271e-01
1.016706672703952208e+00,-3.374671633302010587e+00,6.310046568028776504e-01,1.494669457325322970e+00,9.724686347116296981e-01
-2.526049431925783573e+00,2.445722763792136156e+00,-1.885542113240514350e+00,8.020751778177005265e-04,2.867834130633859502e-01
-1.289484667272795315e+00,-1.321964354828984334e+00,-1.533507252950117861e-01,-1.965013918017964878e+00,2.950397158769838324e+00
-1.585798449454922876e+00,-1.198005019685436379e+00,-1.507239087204884864e+00,1.344459326145302391e+00,2.823240461749151109e+00
-5.884451166177438741e-02,1.843357524374862555e+00,6.570903989826609726e-01,3.287505162831541927e+00,-1.165809749787087624e+00
-1.164510475393977007e+00,2.851498098446678675e+00,-1.707839283290436327e+00,-1.333034657743475515e+00,1.348768894569196686e+00
-2.598817505978984421e+00,1.306937677544124377e+00,-1.895269689370132626e+00,1.449934659826960459e+00,-1.357830535972754271e+00
-4.206568712147619737e-01,-4.667892333664427906e-01,-3.564825867870676124e+00,-4.166548166877811488e-01,1.650324484398121738e+00
2.232911615116111470e+00,8.481346378952888676e-01,1.478304711281331618e-01,1.121502721801595354e-01,3.203176832979680366e+00
-1.114932717466891487e+00,-1.277028531126374322e-01,-1.019001674574610883e+00,2.929944952654932155e+00,2.262227923630775628e+00
1.166892974691230017e-01,1.343766029211113322e+00,-1.727516662014783044e+00,2.236042790414802806e+00,2.489272039872228781e+00
2.913382428013958636e-01,-2.963854348085473989e-01,-1.542542687778186261e+00,2.752418560880915965e+00,-2.423227563481197500e+00
2.529003507537091799e+00,5.971001110547844437e-01,2.531910795189185048e+00,1.678781966225606714e+00,-1.368632577560708330e-01
3.263666287397447796e+00,3.640723462268821708e-01,-3.987815562320864426e-01,-1.162335089089602258e+00,1.925067298121911463e+00
1.180601552553153466e+00,-3.286712288588372388e+00,1.270757581155960991e-01,1.896961518021832660e+00,-4.348460152685267865e-01
5.454126966730159926e-02,9.909488661250949459e-02,1.222832620918026691e+00,7.375334997664360071e-01,3.734692781379929105e+00
1.751711938348367026e+00,-1.036045910292580641e-01,-3.363852416049430527e+00,8.794394517471617601e-01,-9.120606051762821798e-01
3.368734996319435182e-01,-7.052743185201091336e-01,-3.565360741188397409e+00,-3.805550639262398338e-01,1.591378336346934264e+00
-2.108991963009621440e+00,-3.310081962656412635e+00,4.082488189321425986e-01,4.531090357157220860e-01,4.727953088290703931e-01
-3.212112002873845906e+00,-7.114563430258530330e-01,6.260545006875839480e-01,-2.121614963640526597e+00,5.319511830868256519e-01
1.737869958997591890e+00,9.086586399506200173e-01,-3.492453292159521938e-01,-3.419105921747200405e+00,5.847135004007214532e-01
-2.839229391074824527e+00,7.200958412416691434e-01,9.881993037337665209e-01,-1.790749052510826500e+00,-1.799143799509925534e+00
6.341984471209302088e-01,-4.937432699890496601e-01,-2.140054926735647900e+00,-2.904618311735528202e+00,1.528845082634292307e+00
-1.761407226666451831e-01,1.700551243719876426e+00,1.525507628521105996e+00,-3.074422170818880140e+00,1.139234262214093629e+00
-2.262916852571577930e+00,-1.289109038057769441e+00,-1.718286648507118652e+00,-2.500580096509016137e+00,1.095234260350119171e-01
-1.648670777963743950e+00,-1.343899756948178537e+00,-7.617571423665343566e-01,6.855985465508812604e-01,3.228854099860187787e+00
-9.616098663712783212e-01,-1.003071293509375517e+00,2.394648535590901406e-01,1.672830509989786218e+00,-3.348648848982537451e+00
-8.216695491128825912e-01,-1.057533221358916586e+00,6.910709866144194580e-01,-1.196507615196509278e+00,3.506746790975846295e+00
2.412779403661926558e+00,-3.089367933847144698e-01,-1.714343652595627487e+00,2.425640653495324983e+00,1.122651712631224319e+00
4.706277197165597559e-01,3.667420421578064804e+00,1.457565697000381411e+00,2.152449344417954880e-01,-3.971257457676358182e-01
-1.391523851994886041e+00,9.620157388737121673e-01,-3.425162618837623629e+00,-1.108350996463435267e+00,-4.219077987481200109e-01
-8.164436180721186265e-01,-4.025207771261591905e-01,2.224488469023566672e+00,-2.052661653741276807e-02,3.197284246307446232e+00
-2.626369755116103821e+00,8.360089074443490809e-01,-9.225231656866149654e-01,-9.358287776791130996e-01,-2.583882064592779582e+00
1.642849826932406554e+00,-2.864315874020220587e+00,-2.029789697288850281e+00,7.052537008470131097e-01,6.923221953726240718e-01
2.000756408626357952e-01,2.967729346417995462e+00,-7.758587235716003505e-01,-2.081981836063589775e+00,1.488605770411346008e+00
8.496930536477370621e-01,-1.616975940432434200e+00,-3.170658728026229500e+00,1.787533548046037757e-01,-1.605733785900583577e+00
-1.272213308405443222e+00,-1.698642794257358979e+00,-2.439394988045944679e+00,1.907607892182436427e+00,1.380749860551590213e+00
-1.044185607825710793e+00,-2.977360572209129530e-01,5.500431730809604014e-01,3.725130832760130239e+00,-8.011756631395150485e-01
-3.335903456627359875e-01,1.083957859218887876e+00,-2.400150340212016786e+00,2.825313609966696671e+00,9.852076889850771568e-01
-8.450679262088625632e-02,-1.360982550498660293e-01,-1.319187222009022831e+00,2.947466561306823607e+00,-2.355105477518906643e+00
1.730252285519404909e+00,-1.759673082864705584e+00,-1.418508610171652418e+00,-2.222550041761046202e+00,1.719849500576477119e+00
2.659139202792324852e+00,2.669268128015407804e+00,-3.245524514074173417e-01,-1.288070579580712582e+00,-1.988120953014660131e-01
-1.140518998163029957e-01,3.155626453505434359e+00,-1.309353631656735129e+00,1.691886668605120603e+00,1.205042081401555221e+00
-7.203665421721745510e-01,-1.614103294839076483e-02,1.641314911396209109e+00,2.473804119192323459e+00,2.582090248901034890e+00
-1.080022141577646616e-01,-1.352199795029446427e+00,-3.163136992653419632e+00,-1.975795306703229226e+00,5.006880343850002024e-01
-2.904497405978914593e+00,4.700973441311092071e-01,8.672632655730996287e-01,1.224143469722897670e+00,-2.256597106136782660e+00
-1.551561862657605317e+00,1.581086215586512189e+00,-4.965386612915104747e-01,2.124001143124195412e+00,2.516920870245770381e+00
-2.419107843661215895e+00,-7.872772671975186709e-01,-7.113776026241361850e-01,8.336774573286070966e-01,2.885660331521649358e+00
-1.112476252199229299e+00,1.050826550031991546e+00,1.795311249198031645e+00,3.105885672675337883e+00,8.879706396124178447e-01
-9.458504623005624667e-01,-3.272520967812418302e+00,-5.188162064367947135e-01,-1.913957190823508903e+00,-6.808605098163641456e-01
6.017083527173373581e-01,1.463527134856598133e+00,1.385186232108686744e+00,-3.402538274905779758e+00,5.270103069802773745e-03
-4.473764005474891725e-01,2.821888611216338827e+00,1.332779403090974757e+00,-2.304280795129821868e+00,-8.664802952249037737e-01
-1.058992580167617881e+00,-2.056600705503609294e+00,-1.016854293120843300e+00,-2.752169763015539061e+00,-1.428459728300623732e+00
5.848145319776022477e-01,6.226819854244259878e-01,-7.229459247939568067e-01,-1.692850270903826893e+00,-3.447008305522393901e+00
3.831690598940521442e-01,-1.890048793618612777e+00,-1.667293896950118759e+00,7.713835583009281960e-01,2.984291456352181182e+00
-4.028236198289457115e-01,-7.096312222182733498e-01,2.963682743342261006e+00,-1.667483028270242196e+00,-1.941710999867616749e+00
-1.068785000456360823e+00,2.875880989248722930e+00,-3.257451165662338388e-01,2.301511923246468250e+00,1.088090136277723552e+00
-2.373046935538602131e+00,-2.269893448449044282e+00,-1.321309902770217315e+00,-1.340796475233410723e+00,1.293304653692229467e+00
1.223494943038449190e+00,-3.515936393878944966e+00,-2.905362116233722314e-01,-1.294811922413976690e+00,-6.166864631780241135e-01
2.594763871094283747e+00,-5.365860587442402574e-01,1.024350123295372228e+00,-1.907613730699685650e+00,2.071471103871813213e+00
-3.557642340813354398e+00,-1.425174883653311242e-01,-3.209108555232296767e-01,-4.439358196715121330e-01,1.738622141577072844e+00
-4.212136537014440352e-01,-3.544994135505390886e+00,-7.726308404099304639e-01,1.560840471609385327e+00,4.716081464537082435e-01
9.530779691016210142e-01,-1.879129033796504533e+00,-1.551259181444024193e+00,-2.777266839400032605e+00,-1.200375072179821645e+00
-1.068742323893913548e+00,-1.414499973999948090e-01,-1.219950064932437545e-01,3.846342479362583333e+00,1.689629935666065452e-01
2.900614379997265235e+00,1.952000922876103051e+00,8.415753681345519155e-01,-1.536557672687989040e+00,-8.407556326881144848e-01
-2.293077716476340733e+00,2.739012891660732585e+00,-5.863075625387550449e-01,-9.226558044112875834e-01,-1.429878552259592261e+00
-5.560204683110262502e-01,3.059519436577118778e+00,-2.909313288436604084e-01,1.179532408884079286e+00,2.203234965752722818e+00
1.081033815101329454e+00,1.548975150836081616e+00,4.892594456086737376e-01,-2.989369055470695535e+00,-1.804533102433075076e+00
-1.051169050849265263e+00,3.008945969919108787e+00,-1.394971538695208180e+00,-5.647024067442975026e-01,1.891151335745431039e+00
-2.204486624575431597e-01,3.620618182848251099e+00,2.586843075269125158e-01,4.320337908209727074e-01,-1.609023180031129874e+00
4.618271511698335274e-01,-2.368176451961961249e+00,2.624841792669946994e+00,-1.704458680952250171e+00,6.192593505107077956e-01
-1.329783429567549469e+00,-2.630375625082295166e+00,-5.096578481395683813e-01,8.123933295563691148e-01,-2.528451315992173321e+00
1.817744383489752424e+00,-1.146818251166188407e+00,1.837876763470421171e+00,1.857655907766347092e-01,-2.822820115179584199e+00
2.219513743335620237e+00,-3.026231470801277634e+00,4.875731014494847498e-02,1.348352768754422559e+00,-3.086249568261626997e-01
-7.654561277135065733e-01,-2.857845826114921550e+00,2.288187424050222685e+00,1.373440410339299644e+00,-3.530635953603699639e-01
2.617730697121332994e+00,9.050445290309406809e-01,2.302572571826878356e+00,-1.672178873887147699e+00,-4.799560011249910940e-01
-2.556670940157267091e-02,4.430403190042389583e-02,-3.451117405868115995e+00,-1.941711132055774724e+00,5.629653867624071495e-01
-2.196082104090173015e+00,2.343825934351205120e+00,8.246302163199150659e-01,-2.008987827710406293e+00,9.836952251592828711e-01
-2.202325318071100657e+00,1.293717281983552070e+00,-1.261597881353502482e+00,1.819774998755881779e+00,2.138421971302086444e+00
1.312937181092587169e-01,-3.005816852516106863e+00,-2.826114728971100831e-01,-2.620030360174542050e+00,5.829816348563941764e-02
5.604693171523401629e-01,-1.949185487404340611e+00,-3.040778470968830138e+00,1.110478998372480097e+00,-1.186192549668564356e+00
2.182454561441219687e-01,1.998030699737532112e+00,3.159980364954194876e+00,-9.244570657510392531e-01,1.058369250529192396e+00
1.419488350125024168e+00,2.501274256044582867e+00,1.933456890060754718e+00,-6.144610740591224252e-01,-1.900752998853522557e+00
1.590130731316582446e+00,-2.674969333373539371e+00,-5.754807419770742172e-01,-2.255000893402084206e+00,9.485864268494619278e-01
1.662345278149399030e+00,2.181135764033969693e+00,2.183144730851560578e+00,-1.556643376227724085e+00,-1.135779661055684286e+00
-1.882447332187205724e+00,-3.078562818305768722e+00,-1.218626561834855737e+00,-1.154242183484238016e+00,-4.018921496404391225e-01
2.651727084561748882e+00,-2.072708268627645900e+00,9.312967229488452459e-01,-7.970834386896987755e-01,1.780328146088685726e+00
1.221663384272604763e-01,-1.608190736153010114e+00,-1.255009894647959756e+00,3.404673938060235994e+00,-4.816051097486759303e-01
-5.696340948084719358e-01,-2.359947231724193628e+00,-2.615927974402219469e+00,-1.044669660993035265e+00,-1.473686599535208863e+00
-1.967027868475349495e-01,2.003470392279160794e+00,3.226408843818558303e+00,-1.237252023050592564e+00,-8.311320529136519142e-02
4.133350720804038758e-01,-1.610636501207204141e+00,1.971709875162847680e+00,-2.524368669625963069e+00,-1.724797717752274639e+00
-3.107793374035754397e+00,-5.044980371908108774e-01,2.443012432768333131e+00,2.539002238295459124e-01,2.330815403431560351e-01
-2.896461433574662347e+00,-7.273433289775430022e-02,-6.618388130336106956e-01,-9.223624371720147153e-01,2.513252434732510920e+00
1.353906550378613183e+00,2.747054471542849541e+00,-7.979600638531301193e-01,2.440343923173502905e+00,1.691450748440150587e-01
1.229426422801218388e+00,-3.185846870653881169e+00,4.497516643116473700e-01,7.904900819352721486e-01,-1.873963515779840661e+00
-3.112216473754487733e-01,1.425312188247251255e+00,-1.592756189492246177e+00,2.858948080593411767e+00,1.777967897782221751e+00
-3.400347283303496670e+00,-2.354948738248787143e-01,-3.291391361960462891e-01,-1.753282386860233188e+00,-1.095376108139364035e+00
1.823303493794260766e-01,-1.789603443205993072e+00,-3.388976236729575597e-01,2.898324542458635467e+00,-2.061295322609351999e+00
3.189052744911030079e-01,-6.524095203391381270e-01,-3.749158504876777820e-01,-3.092543577233798580e+00,2.401723042241900252e+00
-1.570211366544727483e+00,-9.826703943135713937e-01,-2.510774456057554005e+00,-2.347790378087308394e+00,-8.675754329641307550e-01
-4.390229528818391236e-01,-1.604432459015432411e+00,3.005437697657624696e+00,1.136110738619916294e+00,-1.705770197415685141e+00
-8.972300680529834427e-01,-5.785526643978533556e-01,-1.122741754791234670e-01,1.910338925010370836e+00,-3.346379344995197513e+00
-2.878702682794519241e+00,1.934092725651682221e+00,1.009486528991249410e-01,1.288169512485296542e+00,-1.517492955250247633e+00
-2.965068541905727662e-01,1.794945893729831266e-01,-1.809179072949701927e+00,2.454935798859138318e-02,-3.550511764355532840e+00
8.331578130623142897e-01,-2.097886424226001800e+00,-2.398313014615799155e+00,-1.864724920847097511e+00,1.294455971857570331e+00
3.149379032176299109e+00,-9.455564293635970730e-01,-8.601885073139062809e-01,3.407975100298144509e-03,2.108885693480856194e+00
-2.982661125145484426e+00,9.501768256176551519e-01,-2.437281169028902905e+00,7.157891266221494408e-02,5.054043677732005246e-01
1.612440325486217893e-02,1.771471972768947634e+00,-9.540282411251944650e-01,-2.919129254284291014e-02,-3.456964714440836417e+00
-1.545475930930537700e+00,-1.963491317404425729e+00,-5.076592186517101535e-01,9.617557756317614004e-01,-2.928056341525672401e+00
2.084315279352526584e+00,9.376803848369380523e-02,-3.381951961846697774e+00,-1.347501590242803360e-01,-4.371277772239199333e-01
-1.465271912429458423e+00,-2.690639175968880803e+00,-5.526297298454066476e-02,-4.148534531054353103e-01,-2.537376925813393136e+00
3.444539059012548865e+00,-8.793692792746407583e-02,1.843011875763934437e+00,-6.004974422043771742e-01,6.083813075224536737e-01
2.710791037266204739e+00,-8.410554339715643479e-01,2.047198691701883178e+00,1.454616931167319327e-01,-1.931853028000274364e+00
-9.230938902264704815e-01,-1.855526642396255088e+00,3.220495243435805399e+00,-1.048516247999093931e+00,-4.836761456527463032e-01
-1.186509440825203182e-01,-3.407486404525988277e+00,-1.934213531939407149e+00,7.755521656216145532e-01,1.797086745290449872e-01
-2.300380356453936237e+00,-1.802312457433855319e-01,-2.704812420768812675e+00,-1.265837499046643666e+00,-1.325674208906828078e+00
-6.520778676269708418e-01,1.106486981154317928e-01,-1.954676198168840306e+00,-2.289259013804477938e+00,2.549722621812729795e+00
2.163999127937845213e+00,-2.913516367636799664e+00,1.758820089509140483e-01,-1.425854519592947733e+00,8.743766680787345980e-01
3.768055114582383736e-01,-6.850040133568200407e-01,-1.812829532407034483e+00,2.187580254663127555e+00,-2.704982222503623746e+00
1.218666633481313211e+00,-1.942563179186675537e+00,1.570427884632715210e-01,2.353115721308228547e+00,-2.275847950991281454e+00
2.324591274436083044e+00,1.085100975781842614e+00,4.842516766340015932e-02,2.913664368435114227e+00,9.628323999644500253e-01
-2.714335019717982522e+00,-2.061664253774252664e+00,8.732347984644851513e-01,-1.350271420132075351e+00,-1.340206694568875978e+00
2.890968263530854010e+00,-1.279733310298684312e+00,1.078638758305129786e+00,-1.685179172700197459e+00,-1.414671247586807734e+00
2.403683649957603308e+00,-2.641978733870411489e+00,-1.442631943105028736e+00,-1.066021868592081701e+00,-1.570469137533296311e-01
-5.360875292495674849e-01,2.747836767144610781e-01,3.882282323790064105e+00,5.855472236415729670e-01,-4.712987367554066220e-01
3.069761357809290381e+00,1.972648710575659381e+00,2.353493238503461538e-01,-1.452925614662544662e+00,-7.203055773667865758e-01
1.680876974655662881e+00,-8.161935800785973250e-01,2.189426460893476367e+00,2.354383458535704410e+00,-1.473692959345273890e+00
-7.343393363717388711e-01,6.570353312803283163e-01,-3.017872528351432049e+00,1.382725276603614384e-01,2.429480690028759327e+00
1.473772552230562471e+00,-1.165830461224533154e+00,1.595354863714931959e+00,2.116353054210789342e+00,2.333393753468663956e+00
-3.989179526333347936e-01,-8.314832325717701478e-01,-3.803416247674377360e+00,-2.702049430676294883e-01,7.813541045436481758e-01
-2.115417432665740893e+00,-4.358424400285634825e-01,-2.334336556287341047e+00,1.686073372032150353e+00,1.744442569747862715e+00
2.033033475943404778e+00,-7.333619161781956830e-01,-2.760818124757474568e+00,9.688230878364769705e-01,1.663796950375417305e+00
2.513798727220395435e+00,-2.303641446468633003e+00,-3.110996941879877187e-01,1.605468524941396913e+00,1.303740710738013231e+00
2.341523811986397696e+00,-1.799588169629791512e+00,1.272803513385930341e+00,-1.872678107481598575e+00,1.466900330527181717e+00
-1.965059374441664897e+00,-2.411480249609653903e+00,-1.237952227030936436e+00,-2.146522155778268992e+00,-4.280438984539425284e-01
2.703151411077414412e+00,2.709149854182157480e+00,-5.255335448085278749e-01,9.363530436011080482e-01,4.478135632100807006e-01
-9.469825503127398125e-01,1.457683049232679995e+00,1.032577447419707362e+00,-3.020610058972768019e-01,3.438157521286572038e+00
2.502952677201875642e-01,-7.636393325970279589e-02,5.181216199916377496e-01,-1.561653293661070308e+00,3.636524412945520091e+00
2.447301362112017209e+00,-2.707645044619770403e+00,-1.115101878186565365e+00,-1.545672857240409925e-01,-1.188289152857737507e+00
-4.871851109255294077e-01,2.319416333728855362e-01,-1.048327476293811733e+00,-2.665509560598400274e+00,-2.739511275977298599e+00
4.873782741556981213e-02,-2.792055202696221095e+00,-6.953945100889720454e-02,-1.860888384129141926e+00,2.175847204158045667e+00
-1.101190824059122414e-01,-2.156405810830837488e+00,-1.092036229887920262e+00,2.985844206055654482e+00,-1.109044190499699489e+00
6.358886390475416706e-01,2.015687316301085497e-01,-3.275069398124362596e+00,5.183052517987463137e-01,2.135484907131504961e+00
4.508691275775513208e-01,-5.047584240649979348e-01,-1.687390238947661381e+00,-5.473977816960654552e-01,-3.520654174046530471e+00
5.020433037416680011e-02,1.024139807678699610e+00,2.889135629558172713e+00,4.754933510479133485e-01,2.524959121781230831e+00
3.813449678085477856e+00,-1.013318635887197949e+00,-4.002300520461349320e-01,5.179698189999635272e-01,-4.806315551197670038e-02
-1.520127314283257425e+00,2.551985851595785171e+00,-1.978922353669325007e+00,-5.244344650275145625e-01,1.727835632131733856e+00
-7.627152031624995221e-01,-3.474014878959687636e+00,1.634570911793657988e+00,2.799608874619020638e-01,-7.741356311661975464e-01
-1.789017918893726078e+00,1.547368080713316940e-01,2.735210646657834310e+00,2.377563142046082434e-01,2.288572930795636839e+00
1.512388356343101758e+00,2.207874076295025301e+00,2.117897092880348886e+00,1.434993631146167958e+00,-1.514357522304788484e+00
9.056835388102671414e-02,1.555384196672767949e+00,-8.267876318778478728e-01,2.437345761853202841e+00,2.635971400255689989e+00
-2.000304412303518298e+00,2.583293071461272294e+00,-7.069738331169093115e-01,-7.559713564888707882e-02,-2.195416187748676418e+00
3.087592030312410252e+00,-1.571713218737241513e-01,-2.225804076082467109e+00,-1.065135828383448002e+00,5.944362976134072163e-01
-1.865314752829472456e+00,1.086233254361899547e+00,1.813803070750316548e+00,-2.326281878391964764e+00,1.624570476401980157e+00
8.554480882984605294e-01,-1.464427796563647854e+00,6.236197268110749148e-02,2.600258072885133220e+00,2.521592499916919916e+00
1.657090221034086541e+00,1.671463831065597816e+00,-6.864817524605291155e-01,-2.146340945573981696e+00,-2.319962070742541460e+00
-1.797536980663754003e+00,-1.432868317043658246e+00,1.681414560094484312e+00,2.362434684672961360e+00,-1.519044642831521630e+00
5.910468222690884454e-01,-3.039630850238106419e+00,-6.265701555100166020e-01,-2.364703548313091819e+00,6.533719591366017321e-01
-2.605436595625421625e-01,-3.281948007756515295e+00,-1.734987885143579378e+00,-1.327203254633144480e+00,6.239253442047362208e-01
3.351116752888748884e+00,3.133951113536067590e-01,-3.932023331927131382e-01,1.140089016840970082e+00,1.793708162310253318e+00
-2.081871570634038271e+00,9.035425924157132194e-01,2.893921568752691797e+00,-1.497204449862025166e+00,4.827197285151738071e-01
-3.373319466098019526e-02,2.495392853614009088e+00,-2.286810454940264026e-01,-4.374255549072743054e-01,-3.086784806405512338e+00
-2.747959996020540530e+00,-4.462284223096564528e-02,-1.055212345898194126e+00,-2.367457219100252974e+00,-1.314685469234425641e+00
-3.875160404285683757e+00,7.664990850705474257e-01,-4.203880390168067693e-01,3.707108524545180833e-02,4.663803436389250545e-01
3.006909000467864246e+00,-1.718874159414004232e+00,-1.903881107914304094e+00,-5.936430808326190744e-01,-1.636902761641874371e-01
5.922437362994926735e-01,8.504796039539896935e-01,1.286544903087195157e+00,5.113051835446218440e-01,3.606840864481415387e+00
2.793061563219475296e+00,-1.294664704872128480e+00,1.844914871329385475e+00,1.650960550190602838e+00,6.271114616129772612e-01
3.563051903850746327e-01,-1.388078446521044507e+00,1.287384970273197649e+00,3.368063571921047661e+00,9.721484204695771680e-01
2.282756685617924219e+00,1.394244700298056250e+00,-2.741961846534341163e+00,1.147479017785250965e+00,1.002036219406786666e-01
-4.442814860728686033e-01,-7.822870419806299269e-01,-3.613339350518926629e+00,8.062805373596440006e-01,-1.218331390939503045e+00
1.775680489887388580e+00,-1.315566549794873863e+00,7.126724642242334706e-01,-2.508524320460114865e+00,-2.077413570594640380e+00
2.197435719345035010e-01,3.116729360568127216e+00,3.990633952888484326e-01,2.117561930791516556e+00,1.262691859231340086e+00
1.355891798073151300e+00,-1.587237689794397388e+00,-2.605543370465448483e+00,2.550304900621329640e-01,2.188226940190692638e+00
1.186576817065028155e+00,1.514720644293615637e+00,2.482443953873208820e+00,-2.168608559368263577e+00,-1.196773060804601663e+00
2.955861466630848255e+00,-7.203487244656789912e-01,2.246259776347869497e-01,-2.471094621933674240e+00,7.662997095586618901e-01
7.690848337165157034e-01,1.279338463221858513e+00,7.883395150055440004e-01,3.292850098492208222e+00,1.519032801821294187e+00
-2.403466010845089595e+00,-1.054517374805555630e+00,3.311535965565469142e-01,-1.350846266036442866e-01,2.997237674941479746e+00
-1.739183701104778601e+00,-2.892365206186466420e+00,9.466146120459391078e-01,-1.926250622249546129e+00,-5.424835847984096210e-02
1.267478911755428372e+00,-3.442028507675128773e-02,1.076664515851527559e+00,3.627461870495871210e+00,2.731782396811653912e-01
-1.538845482929785957e+00,1.110399084659080202e-02,3.594619276245065720e+00,-7.049240681477921822e-01,4.621964928980282772e-01
1.706604805091189281e+00,-3.069294450472092706e+00,3.642569776868918030e-01,-1.499416865557281930e+00,1.134018312475448598e+00
-1.359352630933963857e+00,-2.999946152443313530e-01,-1.873714131968799990e+00,-2.271022163091006352e+00,2.322459330538893862e+00
-2.026883838876663013e+00,-1.190536919682729122e+00,1.945668704120384840e+00,-2.080062845905897628e+00,1.536904550536994041e+00
2.215608285162080193e+00,-6.508294912736971582e-01,2.669106426834707779e+00,6.519850966607089182e-01,1.765867270202251982e+00
2.088386991473241139e+00,2.343035425222864898e+00,4.223225916680051206e-01,2.336020278539185480e+00,-7.165735529703699536e-01
1.717325970678065250e+00,9.659455592010803837e-01,2.861058109448813447e+00,1.982451344236072499e+00,4.442802255474830042e-02
4.502660722177531105e-01,-9.625104816120290119e-01,3.190561355882130634e+00,-2.023914461712259971e+00,7.713122085252694937e-01
-1.422882022247963896e+00,2.094025336270381121e+00,-5.455931623353714732e-01,1.787540458408973132e+00,2.469309995238586186e+00
6.370866556372973832e-01,9.396308083412264756e-01,-2.858638070433833889e+00,4.536618390950421520e-01,2.516663238345593356e+00
-2.438363530075557672e-01,-9.470354226055431868e-01,-1.926124907369476169e+00,-1.840507124811558315e+00,2.818908318127982149e+00
-2.888001018763314831e-01,2.718885805451030535e+00,-5.443604239439817638e-01,2.509323644165087241e+00,1.389683797038267832e+00
1.080525025870310740e+00,2.586584058538397457e+00,5.486158325415880777e-01,9.616061949046839086e-02,-2.798539329744519577e+00
-4.575097112200289806e-01,-9.075023696362821690e-01,8.559023773289319292e-01,2.869185864042506307e+00,2.449964879606489454e+00
-3.068091164802603465e+00,1.580467949377508674e+00,1.302617152610486828e+00,-8.896701189282233413e-01,-1.265153468422644423e+00
3.521114054985658548e+00,-8.218098674403686577e-01,-1.511120150508275417e+00,-1.585674038229830107e-01,-7.859749504486643890e-01
-2.458246918093629635e-03,-2.069529567819925031e+00,-2.938540036287184964e+00,1.650188757125807149e+00,-5.990833380541110698e-01
2.347906628343569224e+00,-1.201333640216079995e-01,-3.215587867143081535e-01,-3.216216301422702983e+00,-1.595465091403628077e-01
5.206537775419485259e-01,-1.538488836031701723e+00,1.594214752454676587e+00,3.143680605996326705e+00,9.683611495075383768e-01
-4.665579244788724267e-02,4.673791479385940306e-01,-2.819990177622147431e+00,1.895139486950354835e+00,2.058028593635036874e+00
2.384068281377935250e+00,-6.428481347625736309e-01,1.521852320031032546e+00,-2.577668254202691855e+00,9.708535382083877119e-01
-1.386531537846120932e+00,-1.633573847189736972e+00,2.377609465704674907e+00,1.358501319936543217e+00,1.977476718613393025e+00
-2.327207949739796611e+00,-2.100682041215634843e+00,-2.166952202361276836e+00,-1.410311167297628454e-01,-1.206510048519105593e+00
-8.447987928794151724e-01,-2.577768356844743369e+00,2.550380633069642133e+00,1.421708660693112636e+00,-3.401887837259199299e-01
1.918758623693384013e-01,2.881131110793399230e+00,1.075321626028447941e+00,1.831903625734100649e-01,-2.544089595024941808e+00
-3.309589327471019526e+00,-1.108322810198650421e+00,-7.015709872604512787e-02,1.217607851475650538e+00,1.526678791824425341e+00
-3.689264293196135580e-01,2.413918042543651499e+00,2.647094322824062207e+00,-1.703710202557999320e+00,3.565896316553631151e-01
1.452524164297747555e+00,2.012603290629774833e+00,-2.878657603549031663e+00,-9.390196980184056796e-01,-8.192520704521295549e-01
2.016412879571079397e+00,-2.954775086394834993e+00,-9.933562395400328260e-01,-7.004130690091456835e-01,-1.313791536754723044e+00
-3.115703312920814039e+00,-1.245222688617833473e+00,-1.279364815617463069e-01,-1.154049958907843454e+00,1.842176503659745501e+00
-2.029242843760950876e+00,-2.565477590064889846e+00,-4.076087423530461162e-01,2.783681242661191768e-01,-2.248747321614801731e+00
-2.047554676816937036e+00,-2.438755485625310193e+00,-1.635087298403203881e+00,-9.973434441858642918e-01,1.480468543305643925e+00
-2.114294200619961650e+00,9.536048470996464355e-01,-1.721234094175750906e+00,-2.086517647100605721e+00,-1.817744517306432162e+00
-1.937241391614666908e-01,-8.148684065953781808e-01,-9.907117950383081961e-01,1.612190936364782168e+00,3.423125905033888472e+00
2.121157603914808121e+00,-1.311602494182459999e+00,-2.286225812947976888e+00,4.631305665617110531e-03,-2.133902387605143058e+00
1.822527495721530055e+00,-3.597434381583167751e-01,2.130276553903750258e+00,4.550604191320582470e-01,2.793531815617706027e+00
2.560671405490994701e+00,-2.763327912995530156e+00,-9.689245928105932881e-02,1.296693972325723365e+00,-3.408480480054782991e-01
4.116947981160991588e-01,1.901648988368296544e+00,4.277629658865108042e-01,3.456097088436410093e-03,-3.468608570976389416e+00
-8.311532034176320749e-02,-1.226363646152800246e+00,2.027394799570536588e+00,1.620598515406651341e+00,2.784323046892259512e+00
-2.944113769948408343e+00,1.845294910891785545e+00,8.185572225923409828e-01,3.508806974436239345e-01,-1.770290261776424012e+00
-2.272905804416572639e+00,-1.188637426636690142e+00,1.727962941127719754e+00,-2.285173406480328406e+00,1.101438536030173498e+00
2.548383063946967120e+00,-9.263952881010346641e-01,-9.770201728550811371e-01,-9.948932367054461046e-02,-2.771834949249733615e+00
9.017693071166825725e-01,3.170566030029366100e+00,-1.580448654284967169e+00,-1.609454419149431104e+00,2.148527165649222193e-01
1.599775886553828075e+00,-1.552877791969999866e+00,2.346498645186705811e+00,1.517530120872723653e+00,1.794528939969556092e+00
8.725166550798900689e-01,-3.219809710507033795e+00,5.437489146569112197e-01,2.374337480789532051e-01,2.125912144895791389e+00
-1.538475105834921086e-01,-4.942513856012669682e-01,1.211068136417891461e+00,2.633583478686772228e+00,-2.707323131999551880e+00
3.031844598676407987e+00,7.348829830827664500e-01,1.725325840016157741e+00,-7.491432800863367936e-01,-1.652241030336097261e+00
-2.515368280951858715e+00,-2.485367346912195075e+00,-1.209680702116415318e+00,-4.098140542182401869e-01,1.365502325877282708e+00
3.040051945356332386e+00,5.459464733843546469e-01,-2.844712367762065042e-01,7.418768446465578981e-01,2.414274524688244217e+00
1.515099854598997542e+00,-1.295045261449842000e+00,-1.169315950740226762e-01,-2.771799548528779411e+00,-2.081053691339919798e+00
2.280244950668339765e+00,2.464407688001414076e+00,-1.754867917456578885e+00,-1.097028875351313770e+00,6.664412586253228854e-01
-1.870485181933286167e+00,-2.039675415644336187e+00,4.809092725767933479e-02,-2.644377182456922881e+00,1.160157731776497059e+00
-2.241189728606570064e+00,1.962593017850185806e+00,6.687761740431732438e-01,-4.957023851609949072e-01,2.536200863703816033e+00
-2.547507859064588320e+00,1.404155555401179534e+00,2.069909814244974111e+00,7.666144858586423361e-01,-1.632888996595966757e+00
-2.567174033709905198e-02,1.296106331859345318e+00,3.128647984481528255e+00,1.599116195288451392e+00,1.404933635951546966e+00
-1.504221960444820816e+00,1.199027231404910632e+00,-2.229475128036038978e+00,-5.438542107072523724e-01,-2.652039449749889144e+00
2.306129119685831785e+00,2.443725593286824260e+00,6.619323493771944733e-01,-9.503528354059792571e-02,-2.064651924122406168e+00
3.492943794275123193e-02,2.993970912624639436e+00,2.550174866070473723e+00,5.096684150383815615e-01,-5.213102415043235904e-01
1.925416581431086627e+00,9.442169458358659062e-01,-1.629574682802116037e+00,2.822772375622376373e+00,-8.818547588691733052e-01
-2.768931353600721845e+00,-2.866217618071932538e+00,2.070809766339599955e-01,2.736422545083524449e-01,-7.287699557477831172e-03
2.428583981087951926e+00,-5.653013803969322293e-01,-5.056290644796976874e-01,-2.981152483446288137e+00,-7.996770071220810072e-01
-1.326759263458513027e+00,2.565661110030230674e+00,-3.828601403928205693e-01,2.612760074984516567e+00,8.270404033484474171e-01
1.461425880542915223e+00,3.564598190860728821e-01,3.243816357918321014e+00,1.315271174687097755e+00,-1.218559791801465009e+00
-2.497708397490857379e+00,2.822402336718071503e+00,8.713362253246706990e-01,-4.780018683157269965e-01,8.987687172546976466e-01
-1.098609164553195683e+00,-1.693501907014560937e+00,1.660500795408872854e+00,2.217984414805873605e+00,2.061162642447830429e+00
-2.451312049677961014e+00,-2.491533993244139822e+00,9.615750965222816804e-01,-1.628718994968454625e+00,-4.538450889782280617e-01
1.049571717841628393e+00,3.029773719249275299e+00,1.026377112844714556e+00,1.795602980012855898e+00,1.200512548726954565e+00
6.316954923918752240e-02,1.088502963132467194e+00,3.658852596217294195e+00,2.985212378253814802e-01,-1.155358670293309631e+00
1.410150493867439403e+00,1.666514048467736764e+00,-4.527704876858902883e-01,1.949851513578060969e+00,-2.688360926546715213e+00
-2.276834607359936591e+00,-6.519206768180444422e-01,-1.115413547056753218e+00,8.404844423097710404e-01,-2.905247342850988623e+00
2.038142713662866701e+00,1.019411143792659624e+00,7.445964306195361759e-01,-3.169724851690157497e+00,4.529853405362749830e-01
1.456462253914520222e+00,1.887150593805553500e+00,3.054115556719792512e-01,-2.897354374656828213e+00,-1.352568574431826542e+00
-1.256297145018416384e+00,-7.872620393660384464e-01,3.244348858014913795e+00,1.633571493947508557e+00,7.794745835825775959e-01
1.594785923159987906e+00,2.824158307306805948e+00,-2.112703394846851435e+00,7.983725779291975799e-01,-6.163386299543269775e-01
2.349635546398318731e+00,-2.552873377785274567e+00,-1.976271626201262510e+00,-2.323811502822178410e-01,-4.898751434810798971e-02
-5.234001890767333576e-01,8.069452880276498652e-01,3.039954888597591331e-01,3.400296579528175211e+00,-1.849448960692434030e+00
-1.061373200415532736e+00,-8.867072817586980626e-01,8.644685348074067077e-01,-3.409280303234407672e+00,-1.310243905622776817e+00
-8.823553892691041733e-01,2.700193619103581355e+00,-1.738561036238668533e+00,-2.215353975900871575e+00,3.958675662147067252e-03
2.921802283421018887e-01,2.559401661110105031e-01,1.940489620100267265e+00,2.115953908623875446e+00,2.757963820719824266e+00
1.238693380917961662e+00,-2.218018700283633571e+00,-2.129024250298287235e+00,1.370077162286446049e+00,-1.770925200081886253e+00
-1.577643949980528718e-02,-8.095667538190435275e-01,1.000432492351128300e+00,1.901666778632911114e+00,-3.275232978943580786e+00
9.058125809901543812e-01,-2.659725920793167345e-02,-3.847296002600399056e+00,2.491405437189082861e-01,5.612830050634162182e-01
1.275469900163537673e+00,1.091938702210222711e+00,2.274813825617164831e+00,2.627015179132303757e+00,-1.051123071662752873e+00
-1.215939148233502243e+00,-2.712418915472865066e+00,-2.054643204080151886e+00,7.084794248041732523e-01,-1.562297610359365985e+00
2.258985054093149980e+00,-2.397799309880380925e+00,-2.425368809694698063e-02,2.236571583710240674e+00,-3.804001898980896024e-01
-3.737043627332211626e-01,2.780067145315218369e+00,1.564601359819878912e+00,2.224171886855280666e-01,-2.373631162552442664e+00
-7.338032290039698813e-01,3.345536001808418369e+00,1.337711845646529785e+00,-1.199147769637250338e+00,-1.020535803535600250e+00
-5.493117516412606705e-01,2.099583597132090418e+00,-1.688417631459641077e+00,-2.515993430176417966e+00,-1.452249386038087620e+00
2.835427323685185907e+00,1.279803800283173532e+00,5.008345905523697850e-01,2.227388194619528416e+00,-1.053736526962981923e+00
1.729203020096633292e+00,1.403752228976775429e+00,-2.783390629692932716e+00,5.466843594134606077e-01,1.730089422151841250e+00
-1.481764951807643671e+00,-5.322219374438753592e-01,1.706013202062595935e-01,-2.127879805076378084e+00,2.994016560005968497e+00
1.441285135514569493e+00,1.500657799932117342e+00,-1.960192318598587669e+00,-1.714365173231195971e+00,2.211181008548759319e+00
4.278031275847030690e-01,-1.258163401440382634e+00,1.698808277100283703e+00,1.321834104348239558e+00,-3.098518093789701666e+00
2.736743653481181315e+00,1.828029212924921376e+00,1.908556243655401108e+00,-7.188120857002955333e-01,1.004622129001120356e+00
2.744406223203949668e+00,2.564226008987938510e+00,8.313877337966267822e-01,-8.225127715307408716e-01,-7.247390107000958315e-01
3.313863441410548560e+00,-2.024599715440914327e+00,-8.622863273045771049e-01,1.520308829796992167e-01,3.907095907233426590e-01
-1.844393350566474465e-01,-1.481187125366899560e+00,-1.752195390869543568e+00,1.765731562600805882e+00,-2.753919060608362557e+00
3.645677558624799364e+00,1.096684724479058071e+00,9.855816784333329972e-01,7.214470544297582055e-01,-1.202524695171486302e-01
5.621818642015561363e-01,2.954123616404272568e+00,-8.292850447589289464e-01,-7.539417010573498668e-02,-2.502739947381399599e+00
-3.454390122907641941e-02,1.583430860675535845e+00,1.275976741630917344e+00,3.264196945755490020e+00,-1.099297540471042112e+00
1.336169713243124502e+00,2.165557455627940886e+00,-1.667112742564742289e+00,-2.013619961819685056e+00,1.640451510019598436e+00
-1.986933954240339251e+00,1.212812997492073164e+00,-5.399719197983559038e-01,1.946300442570996977e-02,-3.207682903887032033e+00
-2.078180381368039953e+00,-1.114882663703082422e+00,-1.143966883119939215e+00,-2.356132415846248218e+00,-1.891608510763969075e+00
2.311895797833045108e-01,1.393115476420762056e+00,-2.035743577110114888e+00,-4.777317376390337045e-01,3.103755970217999316e+00
2.191378916410207545e+00,5.947068385903653276e-01,3.287670616089626296e+00,1.672524629549194120e-01,-8.620182470834848731e-02
2.386730107477458951e+00,-3.424099796073237223e-01,1.885858980062636414e+00,2.151250260966100392e+00,-1.414896823777743062e+00
2.487987529857953461e+00,1.465734601344818921e+00,2.708571924368451178e+00,-3.114415346632163351e-01,-4.776844467862356169e-01
6.054365310989417992e-01,1.766476470001825616e+00,1.126304106335826116e+00,3.287646741776019343e+00,-6.601707726651848684e-01
-1.590699441647170476e+00,3.131267404584728187e+00,1.491530609191289214e+00,1.009081979938423634e+00,6.495611802883666241e-01
1.602587256631093693e+00,-6.200721131199830038e-01,-2.970596548151720473e+00,-2.629712786188805329e-01,-2.038044875400240041e+00
1.628077993506503063e+00,1.581796682986951863e+00,2.030829978620966703e+00,-1.355011335900275560e+00,2.210645873555379559e+00
-1.505671843363027840e+00,2.311629807593433561e-01,-1.500781301681851421e+00,-2.522112676732868763e+00,2.250804102274502672e+00
-6.271169291269980128e-01,-1.830314007977456026e+00,2.817945058119381230e+00,2.025555317332543570e+00,4.615043826988394771e-01
-2.035898094458216401e-01,1.659679973944178766e+00,2.348613940688728974e+00,-1.451743415359250777e+00,-2.362301248177734347e+00
1.254616125157614448e+00,-2.202301251066948407e+00,-2.312639699776283531e-01,2.573080778733160212e+00,1.703402436404148013e+00
-1.371010726826403792e+00,-1.448443591090141203e+00,2.983576505674159218e+00,1.700494639217153381e+00,-4.784662654145333538e-01
2.888854770656969162e+00,-1.200813362523585281e+00,-5.374083084153155054e-01,-1.145653721772612599e+00,2.147378690932743250e+00
-1.365032203743669514e+00,-2.145417254684790276e+00,-1.387020250988872716e+00,-1.779817689872499553e+00,2.107675425725499263e+00
-9.558566110274637762e-01,-3.121494256180942894e+00,4.667613267255968368e-01,2.260881426779631553e+00,1.147204676626252390e-01
-1.587436634232209709e+00,1.786664284105295319e+00,2.400040407791712571e+00,2.065591544888676800e+00,5.108945868292437131e-01
8.638033435380437774e-01,-1.959571779945076253e+00,3.106381675040322143e+00,-5.578028882493618612e-01,-1.205475445527504741e+00
2.143687034597746788e+00,-2.527353190107261560e-01,-1.498159069425752277e+00,2.489470521378823076e+00,1.702582356922941687e+00
1.662112490380417196e+00,-1.227683607563305079e+00,-1.174600740416472666e+00,2.751437656888140904e+00,-1.667356875390727966e+00
2.841884889319633789e+00,1.620458439329563349e+00,-1.241124715257696964e+00,1.210258221829866754e+00,1.514162871005639177e+00
2.624047990297098121e+00,9.655295286886412809e-01,-2.116328129636341426e+00,-3.818690494083196163e-01,1.886121987216622387e+00
2.366010110692337687e+00,6.275330644700021221e-01,3.026067428534743531e+00,-1.960974992721288002e-01,-9.014766207943857301e-01
-2.000283363188659624e+00,2.577260513166487854e+00,9.950227027114850742e-01,1.073718857776496227e+00,-1.792666268374385474e+00
-1.044124328237102439e+00,-6.374471263055200287e-01,8.030302047871470394e-01,-4.335343725575306340e-01,-3.697385020032254221e+00
-7.875584674221247639e-01,1.279508525303065358e+00,-3.504594726256475390e+00,1.879975450821233796e-01,-1.193768118943911327e+00
-2.255486334077776434e+00,1.843411484676764855e+00,5.705347707996023532e-01,4.127664229570108811e-01,-2.649288480014609259e+00
-2.249110947680986072e+00,-7.153979710500515399e-01,1.391187921336945799e+00,-6.252930189204010114e-01,-2.846631429611955699e+00
2.666062937641547670e+00,-2.673750664326350890e+00,1.173222240054029752e+00,-1.015400742943405737e-01,5.969966384356159006e-01
-1.333183361100488407e+00,-1.809691168176704945e+00,-1.962204940770372108e+00,2.643632526209109379e+00,-3.295433784703047375e-01
-2.823064426268043992e+00,7.277282816706185375e-01,-1.337337877560473620e+00,-5.595676244326851512e-01,2.323602863685061415e+00
2.572615091606163418e+00,6.475275066054289042e-01,2.048502688273521055e-01,2.816435717810209294e+00,9.940251171040997979e-01
-2.329904037615493806e+00,2.297330091031572596e+00,3.564427834022104169e-01,1.718529128782158910e+00,1.487759323288416757e+00
1.110237779629028809e+00,-3.428318347804691690e+00,1.048300860397662237e+00,1.165003712313222417e+00,-7.468848875001048437e-01
-1.649688661549583601e+00,9.087011652542488216e-01,-1.144820841683332757e+00,-2.778030314782026888e+00,1.850600530319779891e+00
-1.996670798288585347e-01,-1.186845120810256615e+00,3.764471051702106497e+00,5.999720529672576408e-01,1.425585949586983814e-01
1.126434869333665101e-01,3.610643333937172628e+00,-2.902588543994982229e-01,9.451447675848869689e-01,-1.404641351269479754e+00
2.605862426680705113e-01,-1.019907158479155029e+00,7.440280643823440343e-01,-1.037766724093656112e+00,-3.641613195273558645e+00
-1.393607299573163649e+00,-3.930220710704350751e-01,-2.660069192352559231e+00,-2.103356223148551418e+00,1.550263473306058293e+00
2.468145969013320062e-01,3.383365048285127852e+00,-6.549066808957288988e-01,1.160123327034026985e+00,1.648373322457217238e+00
-3.031437439096208664e+00,-2.214103305880518402e+00,-1.018576022639843481e+00,-4.143641938853634410e-01,-8.360256004834520915e-01
-2.841922225087586185e+00,7.762916639546489916e-01,1.365838357874551434e+00,-6.478527319887119607e-01,2.244019103492895351e+00
-2.845868157313447444e+00,-4.353699976549814388e-02,-3.329125193176489250e-01,2.516578426634870524e+00,1.206292351761511394e+00
5.633689813032479732e-01,-6.722825622356426445e-01,-9.499014172804848277e-02,-3.578107093446869946e+00,-1.555242118841597243e+00
1.989724689026037829e+00,-7.835307802470110605e-01,4.638413256332571954e-01,3.115557767798534883e+00,-1.226876602772561720e+00
1.340756844086084199e+00,-2.908059036643147799e+00,1.103748393945045203e+00,1.472276879473343847e+00,1.536132805933919876e+00
1.178259122295975958e+00,-2.233518498113097106e+00,2.816033188074542615e-01,-3.062182335415402967e+00,-4.084598815299106955e-01
-1.894972915197866148e-01,-2.929104205947829609e+00,-1.888145125338688057e+00,-1.074781775867563960e+00,1.632235107797927576e+00
8.815266643904248189e-01,-5.488711929776802778e-01,1.116333787451635917e+00,3.697613422147079998e+00,-5.572260618089686091e-02
-2.339698838734398656e+00,-1.435747140908346209e+00,5.606332228983464949e-01,5.026578688801579542e-01,2.810242862749390280e+00
2.870156943516783077e+00,-1.155107935547754927e+00,-1.835325714170651601e+00,-6.824575866095228260e-01,1.610514185656273911e+00
-1.684859375506612800e+00,1.397259093294548615e-01,1.593311441410901086e+00,-2.505158555795562236e+00,-2.080207878079239237e+00
-1.957666888258707827e+00,3.227511753482752432e+00,-1.243301740372679376e+00,3.866906722384481909e-02,-4.510141032966264452e-01
2.752380121261249535e+00,2.186208494305136973e+00,1.681607818123258768e+00,-2.044063104418851196e-01,-8.805164926293230776e-01
2.030271822765322476e+00,-9.325240964274591482e-01,-2.657480435677872066e+00,1.270756463546172998e+00,-1.526882732763815920e+00
1.522649530159555065e+00,9.708812752501612131e-01,-3.345541135943504329e+00,-1.355337735651500342e-01,-1.236087804974447479e+00
-1.381418272341801146e+00,-2.328482754159764134e+00,-2.570896838181634170e+00,1.240145472795694648e+00,-7.227587938951501867e-01
-3.740020717668625094e-01,9.161801071819821729e-01,1.053876514661843400e+00,3.154658426387720649e+00,-1.989525311772449179e+00
1.112084037570223005e+00,2.915267032479051390e-01,4.098662464408410755e-01,3.342603471875568388e+00,1.826825926165055458e+00
-1.737490258663751730e+00,2.807613711659920241e+00,-1.308888413770410653e+00,-1.690268798241763237e+00,7.267980167389679336e-01
5.163855222425317582e-01,-1.040695104535568793e+00,3.781306324724740264e+00,-3.683101827434173137e-01,4.651556510440352787e-01
-1.962231322125726374e+00,2.971038854848339295e+00,1.591983636961276538e+00,3.916728029080291384e-01,7.967163087071249539e-01
-1.015289184796645650e+00,-1.768001737019172515e+00,2.742499152480257774e+00,4.030940775264643672e-01,-2.039502707142185400e+00
-1.985462048924611533e+00,7.221971675320211226e-01,7.964884908428848664e-01,2.690909495201479373e+00,1.913369769824470934e+00
2.042879941264477583e+00,9.317433497338601933e-01,9.617264733218519601e-02,2.723448913534112670e+00,1.879380938788341782e+00
-1.735873495851628423e+00,3.729619682323329632e-01,-2.155402978654456181e+00,1.234156812893694388e+00,2.584325354410254239e+00
-1.001581206567520255e+00,-3.683099579164132997e+00,-9.721487473167734761e-01,-3.881258116002517244e-01,-5.795668590178485458e-01
7.413866604240139102e-01,-2.219223746745918824e+00,-2.580420579033138928e+00,1.809949999472810545e+00,7.687017733393028962e-01
-2.553359072539195473e+00,2.790369410197523603e+00,-7.412487369343377930e-01,1.067365315250027313e+00,-7.401077698661606696e-02
2.676356867347153834e+00,-9.717041655038661796e-01,-2.131774810816927879e+00,-1.615108493908808951e+00,-8.601544292836222905e-01
6.051717951374316895e-01,-2.403201727213729377e+00,2.255503464854916373e+00,4.323131157745694897e-01,-2.141074040439478576e+00
-7.375396695691398274e-02,-3.331559076135803377e+00,-4.885031747075915254e-01,1.038429298676171619e+00,1.891640482366242049e+00
1.175526726533298927e+00,4.791225640661014307e-01,-3.001498235577265139e-01,7.864255848871214427e-01,-3.698651560590946907e+00
1.490106620481896460e+00,1.227417771511051692e+00,1.765504777450464413e+00,-2.869659233535447385e+00,9.597273768936662730e-01
-1.511388389325532211e+00,6.744705567584553529e-01,-3.475059740186193569e+00,1.064681257679443549e+00,2.262923471111996376e-01
-2.019061589490851460e+00,3.082521150258869636e+00,-1.013825619735187811e+00,-1.179640912792967677e+00,-4.537163963258819543e-02
-2.127486476625008727e-01,1.135235852842420901e+00,-3.208409325309133919e+00,-7.335827935668255695e-02,-2.089666417268108312e+00
2.214795416592347799e+00,2.633972094737161651e+00,-1.468047168993118712e+00,8.471691627106218148e-01,1.133143497599015781e+00
2.994713070058712567e+00,-1.194016750752517675e+00,2.046232821125670398e+00,1.190689732477715035e+00,3.473945397019440051e-02
2.046665965734721038e+00,-7.537793489174905437e-01,-1.901541463551213340e+00,9.022574186730091261e-01,-2.610181359732253625e+00
-2.616478346528398613e-01,1.044279829529219938e+00,-7.142839518280853506e-01,3.785374140278708222e+00,4.196549213328197581e-02
1.771758532702962352e+00,-1.174484467166304835e+00,-6.152707878471743719e-01,-1.611748886404920533e+00,-2.916361658466545492e+00
1.769622423057758409e+00,2.625700929513323345e+00,2.260623339288049038e+00,2.233318224452216783e-01,-9.021286623943969296e-01
-2.411352929092792419e+00,2.816707019640861898e+00,1.331643564787390044e-01,-6.110265424062841788e-01,-1.363984030515069001e+00
1.295184010032800925e+00,2.650851352513922787e+00,1.742822387367165327e+00,-2.057166521286762695e+00,-1.616215233785144589e-01
3.255611280682746855e+00,9.385242208475246262e-01,-4.184527825817366264e-01,1.525383440411451685e+00,1.420658334872221928e+00
-9.651256555192742059e-01,-2.306756483648308098e+00,-6.424513294470433067e-01,5.198478385272592428e-01,3.010717772936422065e+00
-2.216453619165708933e+00,2.969883984803700638e+00,2.488195020049845385e-01,3.027814903369051291e-02,1.484686687488916634e+00
-9.776547278685645548e-01,2.039694645191002298e+00,2.131008930859543682e+00,-1.496443678312318060e+00,2.025658964804134765e+00
-8.110271857480181312e-01,-8.094203721039000543e-01,1.820701535145802241e+00,-2.930140904879963593e+00,1.669249460885874115e+00
-2.309865084781586475e+00,-1.106267404818796374e+00,-1.037223156617921971e+00,2.872505039259317439e+00,-3.370143052569477549e-01
4.264241775801916878e-01,1.559523737169232094e+00,2.282872108513143594e+00,-2.668829623756914682e+00,1.025617623440162385e+00
7.880495671966126769e-01,-9.399666725127440170e-01,2.723824294467556140e+00,5.837940317857123196e-01,-2.595266128073622447e+00
2.497321000936422397e+00,2.153170214559751550e+00,-6.264449146501686050e-01,2.143418334194369113e+00,3.749272715647654075e-01
6.649400320521042795e-01,-2.802415044922875076e+00,-2.495903863348448493e+00,-7.344388449257067686e-01,-9.671546710588510010e-01
2.060141564818747106e+00,-1.325656655169442422e+00,-3.150306787297148414e+00,-1.048991496714987287e-01,-2.510268507925928483e-01
-1.961440975359941552e+00,2.198272324178593085e+00,-3.381455760185705928e-01,7.064683055193543559e-02,2.683470641479336560e+00
-2.963096248288482837e+00,-2.474834994483883222e+00,6.441476381221342695e-01,5.823358101640839779e-01,-5.841328598520137971e-01
-9.427112094122153119e-01,-2.067085625403970894e+00,1.903889909573099892e+00,-6.031478218231035582e-01,-2.617225345695821215e+00
1.377508561408522236e-01,-1.933128171564541420e+00,-2.616270472352072440e-01,3.142722989675049483e+00,-1.516207001784025454e+00
-1.295654360983423237e+00,1.932409124248202215e+00,1.134562314700622965e+00,7.988075191930312791e-01,2.943085057338434396e+00
2.510654603282992170e+00,2.206137218945223744e+00,-7.967575227230766499e-02,2.853410565839156199e-01,-2.177568435233659727e+00
2.402623910052341660e+00,-8.351430840736880912e-01,7.910931590665756241e-01,-9.339521214135395599e-01,2.834050003890880465e+00
-1.151712951203008650e+00,-3.304670700426253216e-01,3.244303029005936700e+00,-1.912860627196832919e+00,-6.162879769651034012e-01
-1.369056917725608669e+00,3.317070440630883521e+00,1.187182247721602302e+00,1.188099452680089207e+00,5.493130702581608960e-01
-2.099610028601716305e+00,-1.420604629404494723e+00,2.939600638564661139e-01,2.831627518909723307e+00,1.212020333872450228e+00
4.303395292690486706e-01,-3.469980397067412348e+00,4.132308356770224012e-01,2.715882349248570637e-01,-1.878702754725305013e+00
1.639873271824088041e+00,-7.919490485612048492e-01,1.201424781127218067e+00,-3.223548394194135192e+00,9.213829835751219388e-01
3.491740753247126072e+00,-1.827774914065115053e-01,-1.832682717397803862e-01,-1.807699881749475157e+00,-6.877301642685026417e-01
-2.072349279696930946e+00,-1.168749467711720058e+00,1.624926507700976464e+00,-2.378850184791874156e+00,1.428313266601397569e+00
1.053519851999374479e+00,-1.116991287196200222e+00,-2.377499465344068863e+00,2.756313448476657602e+00,6.266249690256303628e-01
5.377815261296823302e-01,-4.322259913939800469e-01,-2.174618785380630026e+00,2.382039046281402062e+00,2.262939425344298261e+00
-2.491020895254914880e+00,-2.654020542663907634e+00,1.080919858822877999e-01,-3.097896678648325297e-01,1.625834045280636131e+00
-1.278968171051933389e+00,-1.231346263349518133e-01,-6.954691464455488026e-01,-3.113104517753974676e+00,2.043032356355501733e+00
2.526629622559493971e+00,1.107306772956749175e+00,1.006285409061702385e+00,-2.227867973072350072e+00,-1.553707961953276318e+00
-2.681565480710495830e+00,-1.828899197708305335e+00,8.060449896876694664e-01,1.450986661045621684e+00,-1.645984046505581722e+00
4.940079069984914528e-01,-3.402865897387215011e+00,1.702919069119380069e+00,6.422475995854939335e-01,-9.295399599147587955e-01
-1.692333373653801543e+00,2.679638266716086736e+00,8.436583315268353367e-01,2.003702711482794996e+00,1.108585844943999144e+00
-3.367085912416813542e+00,-1.249036919448742511e+00,-1.293857449359679279e+00,6.503761312117144477e-01,1.002787625045690190e+00
2.723046826399484921e+00,1.503742756841394579e+00,7.450796034203246432e-01,9.363752246771747112e-01,2.211748522246713033e+00
5.701200047517182012e-01,4.417438541706961708e-01,-1.657645911441064213e+00,3.471282418364669109e+00,8.259745466534558211e-01
3.229712250869442691e+00,6.357086280390538136e-01,-8.328050975713324755e-01,-1.684644523547351502e+00,1.277983495809576375e+00
-6.478993310291553120e-02,7.419070001632253053e-01,-4.744362936283172960e-01,-3.597342948913822003e+00,1.509771565126842408e+00
-2.436023678635055312e+00,1.464624630438358333e+00,2.155744446002850978e+00,-1.754757155909387523e+00,-4.407454325972006703e-01
-3.774183125876318656e-01,-2.704884355213657443e+00,1.835258375995544089e+00,2.000256230688636450e+00,-1.082569973338161073e+00
3.120692181584350244e+00,2.102656843426565558e+00,-1.717200508342173471e-01,-1.342542998771808938e+00,-9.058160508639927222e-02
3.009397039207113433e+00,1.266702033065131960e+00,-4.841755568765718221e-01,-2.043679765374285751e+00,9.632977040163048787e-01
-2.052138218210713294e+00,-4.923487628743777877e-01,9.577171142301696416e-02,-3.181467905441994759e+00,-1.189710542522282921e+00
9.205481198498320916e-01,1.255689444333460081e+00,-2.547896145275122759e+00,-2.505118378882468022e+00,-8.991342052818996899e-01
-1.053876427057385712e+00,4.127835866190057712e-02,1.201550003154891577e+00,3.046971166949677734e+00,2.039579581995941027e+00
-1.508407783926038137e+00,3.334198421753151287e+00,-1.673522795231261184e-01,1.604187429680955512e+00,8.001716542191524006e-02
-6.746169848236396871e-02,1.260334224642885026e-01,3.147255425372684101e+00,-6.957218039500400186e-01,2.364385534262659405e+00
3.216202068292190575e+00,3.331167028680098730e-02,2.184854297070595752e+00,-8.066547085258051197e-01,4.802650000999882929e-01
-6.539970053983694687e-01,-3.388324614525656253e-01,-2.446504931566484409e+00,5.633740542032723564e-01,3.025674102554238853e+00
-2.645923895376329327e+00,-3.527286824077776467e-02,1.324771150590254631e+00,1.274376761033514605e+00,2.370398243786077330e+00
-4.758346155606264505e-01,3.226787274870006605e+00,-5.863531456637691708e-01,-1.523246407596042351e+00,-1.642356743124715468e+00
-1.803997902954583177e+00,-1.697334009761468643e+00,2.520030936145951639e-01,-1.835267066585096307e+00,2.536323729447668374e+00
1.216046627009921943e+00,-2.171512551437804639e+00,1.807651079817281126e+00,2.377994627787183735e+00,9.398419887069203726e-01
-1.354749461183280657e+00,-3.018922812960505020e-01,-8.550420836091605636e-01,-2.072904238891842166e+00,3.007571445462104531e+00
5.840684394042508498e-02,3.962864430252371895e-01,-3.342982064134935705e+00,-1.757249681585415058e+00,-1.255424299229312091e+00
-5.964122382617372681e-02,-3.310533100284126284e+00,1.386561288526650726e+00,-1.763421881172559269e+00,6.785704462203454024e-02
-2.596449146050558987e+00,1.776424200646294249e+00,-1.265149433006997892e+00,-1.847350176842574632e+00,-1.043773503981240802e+00
7.257855392150757146e-01,1.802604171586233539e+00,7.013865838285597842e-01,1.988196213982385885e+00,-2.789083402549590307e+00
-2.237576459875201262e+00,1.007929618468370814e+00,6.510135853903036285e-01,1.104073380223939971e+00,-2.886959084078731586e+00
2.015749594061928995e+00,-1.606741127559280224e+00,8.743269570913170252e-01,-2.739711576037183960e+00,1.041474615763625211e+00
2.291142654686021185e+00,2.890924597245140837e-01,-2.662824430707440904e+00,-1.546915573405555300e+00,1.087892065230588567e+00
7.338089878862040782e-01,-1.646206909378583383e+00,2.523750404397880231e+00,1.378574568545464896e+00,-2.117012809614730706e+00
2.095413308737180014e+00,-7.996026422567380498e-01,2.905078345448759869e+00,-6.958168248877132367e-01,1.430467557503847464e+00
1.533684869975639353e+00,2.577887188622594472e+00,-3.113547871479979690e-01,-2.619693223355420653e+00,-2.063346174761089280e-01
-2.425173845902228287e+00,-5.375502138285815912e-01,-4.254566304989169101e-01,-2.935008415532835535e+00,-1.016997463654941036e+00
-9.005752594796624377e-01,2.497443794370350911e+00,1.649828786314096796e+00,1.025067249664870506e+00,2.275750602655751909e+00
-2.901299142332700587e+00,2.243929533009784816e+00,-9.167340534002230146e-02,1.243416368160319196e+00,-9.963710452087567448e-01
-1.094306609039416234e+00,2.622411582739782254e+00,-9.171251728781425472e-01,3.479086166797983881e-01,-2.638804946910261684e+00
1.436059643207258929e-01,-1.750922212806586442e+00,-3.331054491113553118e-01,2.526407502654879345e+00,-2.533762937216791133e+00
3.494020965125447464e+00,-5.130161882690387198e-01,-1.623618137540661088e+00,-8.649888054986896169e-01,-3.798557563716660201e-01
1.724209053717392415e+00,2.276257898720120298e+00,2.440033568902933325e+00,-5.642725570171966964e-01,-1.254426475173944011e+00
2.406583927744337714e+00,1.445655425283515483e-01,-2.940417089784380433e+00,1.172197729881567341e+00,4.090897490778497292e-01
4.836286282642479062e-01,1.133637635218073036e+00,-3.768631755142211048e+00,-3.633953256843368007e-01,3.825278987798510499e-01
1.343406202405466709e+00,3.200613388087448996e+00,-1.267722105067100147e+00,7.001993835689088730e-01,1.361592891766061575e+00
-1.406327054681386413e+00,9.324215454548991922e-01,-7.372555233594098034e-01,-1.394695951751885765e+00,-3.265595163562932779e+00
-2.434894462221344202e+00,1.411805165933003758e+00,1.534485976453330069e+00,-2.276102263305959550e+00,7.367539659413275821e-01
1.971633661828813278e-01,1.594277866959535439e+00,1.618176640062209515e+00,6.694773263627605830e-01,3.217562611823045149e+00
4.682816481874759740e-01,3.247852125038590110e+00,5.996937292603317093e-01,8.543098451345054051e-03,2.207365696573139857e+00
-2.276712507419625275e+00,2.658724731286966847e+00,-5.685905288281013770e-02,1.910796401506328790e+00,3.055930658536396560e-01
-2.521019475598023085e+00,3.030278861546764624e+00,-4.651139464893779274e-01,-4.513113838023175561e-01,-2.045919757708655196e-01
-3.221619082366098397e+00,8.783616800694756810e-01,1.745412846546681385e+00,2.509186098915788254e-01,-1.319175914516346637e+00
-9.229994093725265580e-01,-2.196064138945653887e+00,-7.208292316109814468e-01,-3.103399540738087659e+00,-4.179604016370415676e-01
-2.846785987524648842e+00,-6.450972822194348533e-01,-1.706769020447284735e+00,1.694943472644298232e+00,-1.301447337808299354e+00
-2.946069408028149983e+00,-3.704415760306907779e-01,2.046336308554599359e+00,1.123583021525961456e+00,-1.316630923174102463e+00
-1.172168718753784589e+00,-1.276606352012782386e+00,-3.337587109315719225e+00,7.375785460346370170e-01,-1.145769127239294916e+00
-1.131572463263602474e-01,-1.835792837294828006e+00,-2.973199681085141877e-01,3.500715042730385473e+00,-5.231205619223803227e-01
-7.223433000606525045e-01,1.847299588551304828e+00,1.919845796614501054e+00,2.801978511153458751e+00,-7.271952469946071362e-01
6.319338800794579436e-01,-1.636480148298441684e+00,-2.618105364844470540e+00,-1.934554609870345221e+00,-1.524996739483344355e+00
-6.918404458853126549e-02,-3.580918775739264870e+00,-7.397000145684988759e-01,-4.429183511873372447e-01,1.558493346845352345e+00
7.409331781416335083e-01,-2.943234244935960309e+00,9.310421734851378681e-03,2.326899613747348550e+00,1.172109938766300985e+00
5.487274088786502357e-01,-8.934901870925229250e-01,-1.305791697771288895e+00,-2.541463022199741406e+00,2.595466675790236710e+00
4.441990748411547285e-01,1.075942698980355411e-02,-2.864280464572084295e+00,-2.363620433986885594e+00,-1.418367822869470940e+00
-1.036428956699648518e+00,6.542663705055337120e-01,-2.654478348142997213e+00,-1.001341513918783788e+00,-2.539450807927347675e+00
-1.774192747226538414e+00,8.359811191173313061e-01,1.185986669132985005e+00,-3.843695094037873072e-02,-3.278007609144514500e+00
-2.050349712304356531e-01,-1.808313648061726231e-01,1.584342980949525748e+00,-3.516887461226698708e+00,1.023044760436837564e+00
-3.911178632206195882e-01,5.246271112713261076e-01,1.429805389117948522e+00,-3.245494233532446593e+00,-1.730380576793946634e+00
2.685756514305816189e+00,1.716495690328890822e+00,2.106065421373451318e+00,6.525911313416349335e-01,9.894279898686567654e-01
2.151955076621749008e+00,-7.254203293485330661e-01,-1.633612312597781724e+00,1.454971720584243844e+00,2.461142579859769253e+00
-2.860805131013302471e+00,-4.760601060498680925e-01,1.208502130598434698e+00,2.179054157417501969e+00,1.174906956816707204e+00
-3.124845590410010310e+00,-5.701829990782826263e-01,-1.807459113805878426e+00,4.099701710390861453e-03,1.625824753170883374e+00
1.636394498260884900e+00,8.499319982737427726e-01,-1.862695168809466395e+00,-7.747365150861585947e-01,2.920612724182708231e+00
4.162300166975579363e-01,2.480370064965842669e+00,-9.569392836460093310e-01,9.901001845298130766e-01,-2.788993679811839321e+00
7.418025691643058694e-01,-1.926800083057781388e+00,-6.326038436263853315e-01,-3.161354048463867805e+00,-1.158802548150458467e+00
4.098846874895609171e-01,2.314928063186669771e+00,-2.543446035158033247e+00,-1.411460469669582274e+00,-1.418366741724933267e+00
-1.749284131358062933e+00,-1.950601761304831649e+00,1.136894524555830399e+00,-7.350740447648580478e-01,2.702275852928667454e+00
-3.397588820188457981e-01,1.277149992857306904e+00,1.695138335915240324e+00,2.118083746236597564e-01,3.366763287251373971e+00
1.949946024158349056e+00,-1.784702002250706743e+00,-6.432424885155957339e-01,-1.991788840068543953e+00,2.152107242582960822e+00
4.374030380551244962e-02,-2.558429008326990051e+00,1.922655754278088214e+00,2.320149297661999732e+00,-6.105979710692306384e-01
-3.535230214084397193e+00,1.278727333276285183e+00,-1.328426841696831007e+00,1.190436300040384060e-01,2.968408344075227356e-01
1.733163691486946600e+00,1.294038462604855111e+00,4.089003599890024820e-01,3.122790257145742654e+00,1.184309748877840240e+00
-6.098584863555930324e-01,1.551737141938707154e+00,1.423122964058163520e+00,1.801937959965957514e+00,2.819206463980953092e+00
-5.825649078286472271e-01,5.250182902709242538e-02,3.634357227663411738e+00,1.452073231708200129e+00,-5.837744064299422719e-01
-5.665547566127203671e-01,6.730301231728503808e-01,-1.561108668297532809e+00,-1.331934052168604055e+00,-3.318875949399354486e+00
5.946175734541487845e-01,-3.550706699738074512e+00,-7.938980162345019576e-01,1.448262469918267792e+00,-5.578293931120996696e-01
7.283739624571203830e-01,-2.182440735617749095e+00,2.599665465452192681e+00,-1.856482314679831047e+00,7.082631497875816473e-01
-2.492779659266792514e-01,2.229263290099520733e-01,-9.952441136707116387e-01,6.032243178195449973e-01,-3.812318707051202349e+00
-6.779973381821763345e-01,3.076632119975813318e+00,1.184045511508529103e+00,-3.532451644780844058e-01,-2.132582586489999876e+00
1.668288673880369499e+00,1.592443029709413649e+00,1.127622933839586228e+00,-2.978684604460540619e+00,-7.326954646789739511e-01
-1.492293953126609285e+00,4.083441103395678562e-01,-1.739495128827029724e+00,-3.155885891000219878e+00,7.879433893278933176e-01
-1.505792534042442066e+00,-4.645181982556154665e-01,1.612340691605772980e+00,-2.431761565850835360e+00,2.236896257977626590e+00
1.279344738606680298e+00,-2.030466710311251699e+00,6.621978253948974658e-01,-3.117107669211425236e+00,-2.926017715305122002e-01
2.960238006415396139e+00,1.543965965433878429e+00,-2.066023065384067436e+00,-4.620702670308474147e-01,6.092616880969088378e-01
-2.185987679525851768e-01,1.012554916420124407e+00,-3.278713097770098006e+00,-9.986800733763285809e-01,-1.783150485358681703e+00
5.155836722664431937e-01,-2.550597551831689014e+00,-2.768965132939794849e+00,-1.201380480192220102e+00,-3.437188383828539973e-01
-2.328059715712966771e+00,2.652767033634693572e+00,1.565947340438387458e+00,-3.350802138167092714e-01,-9.891891642238814786e-01
2.990389238343212241e+00,-2.103510807733875332e+00,-6.330806647964954958e-01,7.905912494250747491e-01,1.267670632751744408e+00
-1.845313712580982368e-01,-1.885014361052129273e+00,1.647171657382986654e+00,2.661044197022982782e+00,1.618128037039508360e+00
2.300207652605299025e+00,-2.248096206633171779e+00,1.692260877916305306e+00,-3.060349782589568690e-01,1.642468847124212594e+00
-1.888587886298871199e+00,2.739580463091482621e+00,-1.685871524082817485e+00,1.104743884576594670e+00,-9.302219282246109167e-01
-1.435561176856246401e+00,8.705747903321831016e-01,1.059331100305516554e-01,-1.688706038481086191e-01,-3.625124071986559837e+00
1.486526042369434308e-01,-1.747666924784641473e+00,2.909306281759017843e+00,-1.737751359161973097e+00,-1.199883284288770335e+00
-2.428978175175243059e+00,2.349913706784028999e+00,-1.000487938151110451e-01,-2.056842913675976714e+00,5.808253287417391997e-01
3.150390308783654891e+00,2.514881293583737590e-02,-6.274038469483186331e-01,2.345609602387497272e+00,4.229520605836604719e-01
1.842634661191414613e+00,1.105758526538163533e+00,2.759536087285767270e+00,1.363413787476212891e+00,1.381325093325781239e+00
6.208073294254373709e-01,-2.483046652970286150e+00,-5.715912985699961313e-01,-2.600493739600044485e+00,-1.536161865366003187e+00
-1.657763172524309381e+00,1.745228827001603367e-01,3.000418574795901350e+00,3.381348943781052330e-01,2.025960561427542217e+00
1.347113511692074050e+00,-1.925619813364055410e+00,2.017880243421995790e+00,-9.690055458240138808e-01,2.338046427333281052e+00
-6.440372685260127295e-01,2.522084234342828246e+00,-1.314045925723992925e+00,-2.290195841966154333e+00,-1.500864225091003146e+00
2.574150903504872356e-02,-3.301273586545741434e+00,1.159666103088843360e-02,-1.901854090748962500e+00,1.218091382632020769e+00
1.334088534410214022e+00,-4.491634869458596691e-01,-1.366781530983696591e+00,-3.279351046313691231e+00,-1.181619611361035993e+00
-1.136602020909906363e+00,2.488434541883016438e-01,-2.485056493042316905e+00,-1.379302864350981261e+00,2.562855949161511493e+00
2.441492597703337208e-01,1.426603489238775557e+00,1.031189846322865478e+00,-1.399669146539867182e+00,-3.298903970186209289e+00
-6.318645109841277696e-01,-2.484362974672811752e+00,-1.055801118635617986e+00,-2.240296580286364581e+00,-1.815225352422846994e+00
-1.664370816813676379e+00,-3.024112425790291603e+00,-1.130476370472075498e+00,-1.186074676460640909e+00,1.183158424718686152e+00
-3.625284476451884341e+00,-3.002834190115356017e-01,-7.717182700009553309e-02,-1.327468470216873087e+00,-9.995070298708624845e-01
1.901016316851417365e+00,-8.873200228563370429e-01,-1.696676535949959153e+00,3.265689009940179743e-01,-2.934866543024282848e+00
-9.060235923029467120e-01,-1.496457059838544046e+00,4.736451349310905612e-01,-3.405235982444280829e+00,-1.058189826199761985e+00
-2.684115258618444133e-01,-4.476143715523692723e-01,1.958443849897268718e+00,-2.731679066872496620e+00,-2.104762169361295232e+00
-1.052965756622308846e-01,-4.616456028035097470e-01,3.596895051877224248e+00,-1.521188152167569863e+00,7.239672368637580790e-01
2.059676750676712464e-01,-1.636136795740971817e+00,4.675674538807636504e-01,-1.248116893841097336e-01,-3.611985108041591896e+00
-3.715913957475278639e+00,6.568954862906409842e-01,9.576753780616219236e-02,-1.268059504676020133e+00,3.785834809322075611e-01
-5.203711602704850225e-01,6.929447711873203408e-01,-6.258549647741497024e-01,-2.782769212221825050e+00,-2.667122508288805705e+00
2.103496997057307194e+00,-1.984506891136508244e-01,-2.738472143898295741e+00,-1.243060984470574892e+00,1.578444618395377752e+00
-2.683478762670119533e+00,-2.262198649953027108e+00,1.077115291354129978e+00,3.058686056006417742e-01,-1.558096930132452540e+00
-3.354100974503776200e+00,1.221830292981869404e+00,4.114884779261698822e-01,1.737013022575708110e+00,-2.657073200366695809e-01
1.593364594406567081e+00,-1.140948811269917318e+00,3.334033695163388877e+00,-5.965704948005411401e-01,-8.293057600197609736e-01
-3.012424177912063961e+00,-2.803052694097659114e-01,-2.302086220910463332e+00,5.791443887405158808e-01,1.100781693505348491e+00
2.624120174616797030e+00,9.233560336049655426e-01,2.734565238936009113e+00,1.401709275412277855e-01,-8.740206001287917914e-01
-6.427166605559779811e-01,1.523688483689796591e+00,-7.496793057693982298e-01,-3.403320782288152380e+00,-1.058620465635126795e+00
-9.000473376379525270e-01,1.124614045402781537e+00,-2.659956976878442791e+00,-1.205482056295290372e+00,-2.323058314377707934e+00
3.786469399915916689e+00,-8.260598080605257021e-01,8.049143794461041113e-01,5.037406013519742931e-01,2.804156295890901651e-01
2.696843180971748577e-01,2.391926789564533973e+00,5.690497568867611822e-01,1.594111015223744543e+00,-2.709418581036419749e+00
9.664554113041079475e-01,5.963161709128742688e-02,-1.209882330771708370e+00,3.384219872515388250e+00,1.464803266094950818e+00
-1.161768533125777658e+00,-1.367683415561289584e+00,2.739564973279470461e+00,-7.780151234173225960e-01,2.160835989877891716e+00
6.594909591984323693e-01,-3.015871087250835192e+00,6.594859371716434993e-01,2.328074831184319127e+00,7.840530204641406042e-01
-5.064536383403338560e-01,6.997858857171564972e-01,-6.443625197052936793e-01,3.457910877701379615e+00,-1.697484530544066228e+00
1.213469557405389754e+00,-3.305261197279566687e+00,7.898773352026924321e-01,-5.631362934724445379e-01,-1.631475210144371912e+00
2.273284061407042422e+00,-1.494672270680878157e+00,-1.321399044466992079e+00,1.905621784808921415e+00,-1.794615434557986111e+00
1.791746897350647405e+00,-1.563411309860952281e-01,-3.342145398212091223e+00,1.251750066009545304e+00,-1.684826876897381198e-01
6.013774823318908114e-01,3.501115011462744064e+00,1.258397210130701271e+00,1.340465482273689002e+00,1.129391971027228145e-02
2.051902675958876099e+00,-9.462999591183053338e-01,3.234573156100176039e+00,3.597923699672698761e-01,5.498161002689683219e-01
4.717544941091316724e-01,-2.328932373752190532e+00,7.995442657704077138e-01,9.282353916236211200e-01,2.975336908752995058e+00
2.587837499127444207e+00,-1.922609770385615979e+00,-1.897159301526700093e+00,-6.106898664905360125e-02,1.415530258393640661e+00
2.321637098345559647e+00,-1.280197505491638355e+00,-9.087699643315756415e-01,-2.746919900156183481e+00,-7.743795868779906888e-01
1.030327467458330037e+00,1.470694639644928303e+00,-8.251358105361807915e-01,-2.356464918223249327e+00,-2.557676009598258471e+00
6.676849390363890357e-01,-1.802938875862255319e+00,-5.726019029534324956e-01,3.401926494762352871e+00,6.345324397196425714e-01
8.592725016215690959e-01,-5.737075529780915062e-01,-5.884329911294012838e-01,3.770028337648628991e+00,-6.108546143639457249e-01
-9.410017573956466208e-01,-3.024080822493699916e+00,-1.430089437512787054e+00,-6.866274066661185449e-01,1.858181335804838463e+00
1.683736062096858332e-01,4.163785995425681730e-01,2.622302918926912696e+00,-1.676353155575095899e+00,-2.472174486106457181e+00
2.514100895045612294e+00,7.997277804522764377e-01,2.505593622617954708e+00,-1.320262504961041694e+00,1.009276811877671376e+00
1.344884555538271131e+00,-2.545126461547047914e+00,-2.441386618401529152e+00,9.567534023477993754e-01,9.153530103700344700e-01
-1.835873051364766972e+00,-2.329875380249508243e+00,8.533928866132417523e-01,1.800845615224457630e+00,-1.797199628028169016e+00
2.331336226781914434e+00,9.741226589653527723e-01,2.917532113104837954e+00,-1.050569705934898845e+00,1.631272381961499859e-02
1.604810348161797462e+00,-4.695647571359901074e-01,-2.891348049824725930e+00,-3.969219078507909004e-01,2.164867695525864555e+00
1.294321957019869185e+00,8.904429985750527132e-01,-3.319230261531305182e+00,1.491441875995032085e+00,-5.386590195366364187e-01
1.669410522701526789e+00,8.781111725181973970e-02,3.140664228356600418e+00,-5.840779360097865247e-01,1.732177497766377527e+00
8.630332695050701997e-01,6.411277825127413843e-01,2.894217746980384920e+00,-2.441752205004048548e+00,7.109701432826379675e-01
-2.563284727474922420e+00,5.915684144019851542e-01,-2.667377698199449476e+00,1.397110708433567883e+00,1.131198501775763920e-01
-5.163719838906650761e-01,-7.151938641237324257e-01,-7.506672327412996504e-01,-2.814447574548447628e-01,3.818264692915132041e+00
-1.550697425697352916e+00,-1.475209029352179568e+00,3.005317432240703024e+00,-1.544162137037635496e+00,-5.221340501169594722e-02
-2.828674883390746575e-01,-1.882863827520664612e+00,-9.320515029439897514e-01,3.177352592582677548e+00,-1.187653269823715663e+00
4.587986385720175808e-01,-2.304460963831059583e+00,-9.981980088498693116e-01,1.879801817906336714e+00,-2.439038608949738673e+00
6.884822598442319475e-01,1.954576033045070327e+00,-3.158403810460952421e-01,-3.395567573727046540e+00,-2.756635900507222736e-01
-3.160880016714202601e-01,-2.573098318354026137e+00,-1.336365539673934899e-01,1.288413678018049291e+00,2.757060914274978014e+00
-2.336593796214485597e+00,1.747159291312310847e+00,1.856932220617038221e+00,3.668858952139736340e-01,-1.976097495115146652e+00
-8.617283620649887066e-01,-2.808352501838371484e+00,-1.595231326432335228e+00,-1.995472359529866457e+00,9.186443996194582073e-01
-5.094437323703500109e-01,-2.156848360490116523e+00,-8.720340748488221161e-01,2.851329274727910423e+00,1.482548539772587048e+00
1.690483399731683711e+00,-7.447070723879115617e-01,-2.931729152136270500e+00,-4.981205962322424186e-01,-1.935075528678561918e+00
8.255865223636947858e-01,2.942991736159950023e+00,-2.560796458187858615e+00,-2.538448620304226133e-01,-1.873254407146486555e-01
-2.394252069528468585e+00,1.151784987500369395e+00,1.263188568793853106e+00,-2.710145714338114686e+00,-2.032773599558414593e-02
1.496192109327729947e+00,-1.039562604619081565e+00,3.513505988180630091e+00,4.042250542570787197e-01,-4.154473969021182933e-01
-1.761434849195071983e+00,-2.508935782051100016e+00,-1.071739400121222818e+00,-2.170479202462837875e+00,8.619647344809747702e-01
-2.997215487139703427e+00,-1.996747177976205156e+00,7.065770691689915450e-01,1.586327198382909476e+00,-1.183845255477089659e-01
-3.757313163027601544e+00,2.491440359740562938e-01,2.211962781859947991e-01,1.236885606093174772e+00,4.916413817349608584e-01
1.587398645750386084e-01,-1.000454999683125124e+00,1.813332719060134768e-01,-2.404473640085075470e+00,-3.026469264281337779e+00
3.406388939043103026e+00,1.241315684161904409e+00,-1.475567259533638875e-01,1.066032702270307109e+00,1.302862639933565214e+00
1.815318585228684056e-01,1.745740914569874791e+00,-1.719291143868101335e+00,-3.154105030172934754e+00,-1.228587188297057264e-01
-1.473731808197269899e+00,-9.086384567434756532e-01,-3.754644010479210592e-01,-3.044095551917216369e+00,-1.896048381971828123e+00
7.469669232486720878e-01,8.855184553717654339e-01,-2.518784966872281483e+00,2.795410003739013050e+00,-7.066135311628747306e-01
1.990462532690489228e+00,-2.145781982159131296e+00,-1.971795162206718466e+00,1.837416731127925473e+00,-4.118278590211496004e-01
3.065206458820442403e+00,2.175419043655953288e+00,2.506026921584412689e-02,1.085035588138071327e+00,-8.331453082657072073e-01
1.532301173552841789e+00,2.110765397062195348e+00,1.799839061860468048e+00,1.286405131089382259e+00,2.074238111259552486e+00
-4.676940479294050546e-01,1.249816609342288665e+00,-8.704165357948480120e-01,1.254779447905060907e+00,3.447770919285897406e+00
3.346077653736074242e-01,7.791227204524111549e-01,4.500655645364369239e-01,2.269430726269880516e+00,3.150893618659185158e+00
-1.358440327802622194e-01,2.955862944651975965e+00,-1.388374519941117491e+00,2.202647793725914127e+00,6.820407175264371347e-01
-8.347908151441794933e-02,3.680201713506133565e+00,8.132656483743537779e-01,1.097897338607072948e+00,7.631297464453709045e-01
3.445310437098618728e+00,-6.615011279079434370e-02,5.336582428877936213e-01,5.349473787733076691e-01,-1.885338255151730147e+00
-1.133686690213221437e+00,-2.423475292817695248e+00,3.502291789843193781e-01,2.680543959379841024e+00,1.238364081179599729e+00
-6.043298447423005593e-01,3.470265827963979532e+00,1.196867882296622637e-01,6.103018817789311878e-01,-1.790320420438640037e+00
-2.269264836630904725e+00,1.058158220672390959e+00,2.315569817231515060e-01,-3.101170485637466445e+00,2.446656176913636627e-01
2.086251188727554329e+00,-9.893688834259221077e-01,4.653758443509938281e-01,-2.279995969509352349e+00,-2.292105776912818804e+00
1.162948518181723540e-01,1.901644691465135040e+00,3.440394969946597215e+00,-6.862311946284845865e-01,-2.509824160135065707e-01
3.286456307273834643e+00,7.017174329752686734e-01,9.389433214606566214e-01,1.894975370134559300e+00,-4.839952172350966420e-01
-3.788437160296795447e+00,9.567256192446582652e-01,5.267681650666199422e-01,-6.294271516349824180e-01,2.423978816332679198e-01
8.081135773291999724e-01,-5.361606653843846715e-01,-5.262426591995007508e-01,-9.926464275997627373e-01,-3.714459034697090711e+00
1.846302672924284627e+00,9.488399510371291479e-01,-9.757385368719895258e-01,3.274375933071860700e+00,-1.313991775133768747e-01
1.206102919723933020e+00,-2.238862493509639062e+00,-1.937701024243610126e+00,2.120386350321253222e+00,1.132292783782439693e+00
-8.711799276910957568e-01,-2.908888365061948478e-01,2.413253948764153556e+00,-3.054711872544037199e+00,3.701314492085681918e-02
1.373948056322859435e+00,2.863566277002409066e+00,1.414784017110108261e+00,-1.960666263802933740e+00,2.577380504621454849e-01
2.396530497901032231e+00,-5.713485135138710730e-02,2.311376649144216699e+00,2.195944807707968849e+00,2.978952310503601431e-01
-4.518580866064442203e-01,3.360759380884370096e+00,-2.108223198172406665e+00,-2.313714393433576044e-01,-5.461553908878366559e-02
2.547708739757901242e+00,-9.842707194070497989e-01,1.923605739872607190e+00,-5.647558340849002656e-01,2.126307393975611859e+00
1.361277467824628218e+00,1.669140983558275781e+00,3.038561910540876099e+00,-1.090367463486871191e+00,-9.690884082365596175e-01
1.276033086854935661e+00,2.155759418697492880e+00,-2.420041619586329684e+00,-1.177125728069938759e-01,1.963156437888138317e+00
1.623773616744107695e+00,7.553030624317024211e-01,-1.384699150646788446e-01,-1.535320344522876246e+00,-3.227459379723188970e+00
1.872415437110750425e+00,-6.974108347975640498e-01,3.343252701799282467e-01,-3.232157699378412463e+00,-1.203769819543706321e+00
-1.470190464558281285e+00,-6.314817854042602541e-01,2.576668601401622016e+00,2.127773087159999577e+00,-1.507690737761947508e+00
-8.620787852335429768e-01,-1.669362452755529747e+00,3.505320808710234992e+00,2.420381758528038774e-01,3.524098733480284240e-01
2.121486961879023081e+00,-5.378190335938410893e-01,-8.462034328736564026e-01,1.222834412468554399e+00,2.999776576273143647e+00
9.032716599516568134e-01,1.981308418199855481e+00,5.532993563586846575e-01,3.005528909658083059e+00,-1.385342216118864433e+00
1.584572099786130117e+00,1.381832248690900045e+00,1.488791164700205893e+00,-2.181457638784073172e+00,2.145789909371009330e+00
1.572703214266546468e+00,1.887278429404896762e+00,-8.394194186999041074e-01,-9.998626405922792504e-01,2.874097157229728694e+00
-2.912585640574548718e-01,3.645931930261912424e+00,1.359599697569226828e+00,7.875622986891358535e-01,3.918967935732413643e-01
-3.354557414962921147e+00,7.874950206180139078e-01,-1.045463314896877050e+00,-1.349469784305831421e+00,1.101241980978531876e+00
1.843043549601403486e+00,9.309872744731542138e-01,8.317533305462893045e-02,-2.722562790327425208e+00,-2.077784128762538707e+00
4.141859020873771002e-01,-9.600737646222005095e-01,5.918785915147131149e-01,3.779217400729306675e+00,-5.233583628142384203e-01
-4.911661800690252794e-02,-1.987008907625972043e+00,1.325555440206088991e-03,-2.946192087540394855e+00,-1.835574456421681155e+00
-4.663056396083586352e-01,2.298079530201845522e+00,-2.028727602140325104e+00,-6.437731764023456593e-01,-2.443605929153779055e+00
1.554813005976345863e+00,-2.269606728239691673e+00,-2.199538700258643065e+00,1.674947921247638583e+00,8.877053468063920150e-01
2.524882515879420808e+00,-1.914468073206430643e-01,-5.202243796664262065e-01,-2.093467468857089786e-01,3.045300795544208849e+00
2.541249865818516973e+00,7.933379016886541457e-01,-2.984560856877442436e+00,7.108333655039959786e-02,-2.782818977769494113e-03
2.593593909512494911e-01,-2.352139288130076444e+00,-1.283823505020788236e+00,-2.852593916259741569e+00,-7.840144338176322503e-01
-3.357508264414717392e+00,2.046401299913688465e+00,3.332179047002006289e-01,5.483878726902595702e-01,3.572345772344825976e-01
-3.309179592587024876e-01,-2.847587337123281603e+00,1.500478097754402995e+00,2.289318776353003848e+00,5.378890964614410075e-01
-1.153451663953947604e+00,-3.514819898659045982e+00,-6.608682068241590324e-01,-1.361331045251858551e+00,1.600666653453607091e-01
-3.101255691253737568e-01,-1.866430491070182260e-02,-3.506941141396019646e+00,1.739678373219580854e+00,7.604977078419900005e-01
-2.592903714876475085e+00,-9.999235304706376448e-01,-2.167162921079481386e+00,-5.804285251512954907e-02,1.891306204547816394e+00
3.449165456451608769e+00,1.275293100536539548e+00,-5.031260096527964132e-01,-1.490854821271915265e+00,-3.318556984600772031e-02
-2.085325794530941135e+00,2.480096361242289937e+00,2.236362692828121723e+00,-7.062115700797872986e-01,2.203392903330522734e-02
-2.969436913465417049e+00,1.435697005553086658e+00,-1.809682271661514852e+00,9.018262188824284209e-01,-1.016355288157207326e+00
1.827189890302869602e+00,5.187957790217713194e-01,-2.157587291043771671e+00,-1.428935852571183718e+00,2.386459187836080353e+00
9.539416937080654746e-01,-1.849976484714376923e+00,-2.701653794378275908e-01,-1.215393821822459558e-01,3.402913618848000699e+00
-6.770249725952918185e-01,-2.504764393417425516e+00,2.443629615167534741e+00,1.642452810215114578e+00,-7.738317582286340368e-01
3.522703968896399029e-01,1.413697650530431948e+00,-2.351264738928068532e+00,-2.440904912587910314e+00,-1.546254136789187994e+00
1.354624613976659786e+00,2.908416888206151629e+00,-1.880219989827192073e+00,-1.108526137939459089e+00,-9.705905166263963935e-01
1.003457158891159828e+00,-9.495756745192704962e-01,2.576460818483405357e-01,-2.224684996355245747e+00,-3.012602684080895266e+00
2.233900235500819509e+00,7.765179180574584006e-01,2.706898549795959230e+00,8.096460285289377445e-01,-1.556882529404495896e+00
2.202582932224314671e+00,5.267779542718433738e-01,2.245874862778244996e+00,9.511742238736292654e-01,2.218658853935527642e+00
-4.016727494558307021e-01,3.245430121280787894e-01,7.084591701772620098e-01,-2.391606335855152032e+00,3.084093963243121461e+00
-2.890403114965153009e+00,-1.968669837576961790e+00,-7.629237351987677718e-01,-1.392785443296655545e+00,1.117141435461838306e+00
-8.798796473539287621e-01,-2.184371492076678134e+00,-1.765029757829451817e+00,-2.091162957133358535e+00,1.722219623469900984e+00
-5.057852976162896530e-01,3.476989632500953498e+00,-4.687072300182812401e-01,-9.146819960180316844e-01,1.611953692537457572e+00
-3.077052576564218711e+00,1.366655457864079937e-01,2.265451267558006965e+00,6.085437055254083738e-01,1.005223896671596950e+00
1.033845925219933459e+00,-1.224670170913191081e+00,2.567694398875162598e+00,-1.265163641135088168e+00,-2.288591709002835373e+00
-2.133101534632702911e+00,-2.344875298451545298e+00,1.011432512565115932e-01,-2.374873253607734380e+00,-5.488030153736942474e-01
1.310581766937001902e+00,1.883157427337515344e+00,2.835026277010713969e+00,3.483909011233284891e-01,1.605410640524436383e+00
2.370656178029416639e-01,-2.636075094595859092e+00,-1.643608644251777440e+00,-4.832646437681780149e-01,-2.461689236506426237e+00
-4.234930573896987793e-01,3.498364404215703161e+00,-1.811316798866728917e+00,-1.847834863014688189e-01,5.168042598437929680e-01
-2.370761413264819151e+00,-2.073959079473400635e+00,1.815424957686801344e+00,1.129481029470154940e+00,-1.227472559823378884e+00
-1.155234016772984873e+00,1.245526071751475117e+00,2.862939625037025593e+00,-1.528665634651651839e+00,-1.606504669120451867e+00
1.223747237656053422e+00,-3.310462686222220619e+00,1.521606569839999978e-01,-9.498227394016394154e-01,-1.618012175368683803e+00
-2.880985386779371549e+00,1.266376931211078194e+00,-3.566634052563576462e-01,-2.384411607186497584e+00,-5.325271562327765773e-01
-2.034062868925682555e+00,-2.037180122523613246e+00,4.210610827986717708e-01,1.007424458978226633e+00,-2.553485640777589882e+00
6.672639213727998841e-01,-1.683512365656606447e+00,-1.671139206546192968e+00,5.045568279385528321e-01,-3.110186671831811189e+00
2.173833626590043200e-01,1.231906677908240488e-01,-3.396768966549747581e+00,-5.386708597487097627e-01,-2.027156339740588287e+00
-4.198152422210571499e-01,-6.060413372840749435e-01,3.521974993553411704e+00,3.466698898430204401e-01,1.712302891477579081e+00
4.364202856861542079e-01,4.477901308338174124e-01,3.785145106517165292e+00,1.127453286370688312e+00,-1.026983088007872025e-01
-3.255672994090266781e-02,-3.243577393856075797e-01,3.132709487326529540e+00,5.426164715563951413e-01,2.405292237763688501e+00
-2.649770867063133917e+00,-8.705718611492309078e-01,2.960095478745340403e-01,-2.449231151092696734e+00,-1.460980527838378951e+00
1.168440180805644824e+00,2.220875067301427030e+00,1.822382771490036690e+00,1.969920560708138257e+00,1.581390368629257193e+00
-1.414760735216500143e+00,-2.855319671152597216e+00,1.212252203543149554e+00,1.818283287371777357e+00,1.034355895950688886e+00
-1.123516058183399308e-01,3.460451119708013445e-01,-2.799496435608607836e+00,-2.323104537630934274e+00,1.622847778260308571e+00
-2.382402800266726128e+00,-2.100113453080261650e+00,-8.228899028742573396e-01,1.644774634377161648e+00,1.590989940675185954e+00
7.993326378354388417e-01,2.716635028409247532e+00,1.684747615738452664e+00,1.894979320303995518e+00,-1.245648547301659415e+00
-3.034763873044044935e+00,-1.429361169849363788e+00,7.996443783727754662e-01,1.805410082764745461e+00,9.209767544198798062e-01
-2.239877861311571738e+00,5.205443903592136268e-01,1.310489665229056300e+00,-2.883459658059552400e+00,8.247775104491993359e-01
2.548762930234409474e-01,-2.231549915465616429e+00,7.151567174097610557e-01,-3.225450965770751743e+00,2.005990702676622162e-01
-1.296642546969489107e+00,-1.550513077294941811e+00,-1.201435830599532961e+00,-3.227199877817592988e+00,-2.374030246049247672e-01
-1.441832412649678652e+00,-4.513640715998841757e-01,7.968283987815837424e-03,-3.439027816353338096e+00,1.374923253676314072e+00
-3.935630837131979920e+00,-1.705388717475063709e-01,-3.720019670643673337e-01,-5.786742869488308294e-01,9.207069655119677620e-02
-1.648938572862795882e+00,-2.014806753147909912e+00,2.645569880128531892e+00,4.900884730874345840e-01,-1.407951926842075707e+00
3.235510032587161633e-01,2.482869537787989245e+00,2.061944074937215987e+00,2.228551742586998508e+00,7.159730225773145440e-01
2.808654840039424894e+00,5.456634501480066568e-01,-7.862606536511135280e-02,-1.927582357982995376e+00,2.022857776447371414e+00
-2.620117257081702178e+00,1.384302359890201117e+00,-1.304244851657064830e+00,-1.462957608342369653e+00,-1.837768467099240688e+00
1.142885201911359783e+00,3.279703010417956310e+00,-3.906631628739393736e-01,1.112903381347627452e+00,-1.595678518895887743e+00
1.336112389282075597e-01,1.430048008856015906e+00,1.544475453125635944e+00,2.809917155020807300e+00,-1.912085742274949984e+00
-1.766086228246286360e-01,-2.260107780713087877e-01,2.626459214454778479e+00,2.743785464958438780e+00,1.221098619943525865e+00
2.002166501390066244e+00,-2.422118073734812693e+00,2.359300453268851960e+00,6.117823090313623258e-02,7.447361498326589002e-01
-2.500892853052449905e+00,1.207615190172506292e+00,-1.363274119576439070e+00,-2.497441751635913310e+00,-4.375715508286905364e-01
-3.952368774603155499e-01,1.441215574498794449e+00,3.267022139578702689e+00,3.062507705758752419e-01,1.731895575241707785e+00
3.046436166778526022e+00,8.065057364599507173e-01,5.750386578370049184e-01,-5.069258082822062361e-01,-2.341181741277554185e+00
3.013873013531327860e+00,-1.696921425654248194e+00,-1.273793395426584985e+00,-7.506119670731852267e-01,1.360536362658961718e+00
2.534501367955549700e+00,5.031664294702428153e-01,-1.492619555565317946e-01,-1.529492396454181780e+00,-2.638465508188026387e+00
2.273685733878695547e+00,1.856353908622708326e+00,-4.262664992183644030e-01,-1.275979116670350466e+00,2.361033145672242206e+00
1.137629500854794973e+00,6.033994538234473959e-01,1.452988159564811976e+00,2.064349508989341775e+00,2.822940794775965045e+00
-3.752386927768280311e-01,1.158029306675136816e+00,-1.831564908510605161e+00,8.836115427842835546e-01,-3.222229767675724776e+00
2.963478498775004688e+00,-2.050664996195776801e-01,1.091981468895573570e+00,2.022069820538180629e+00,1.376427633582445464e+00
-2.436689151493842131e-01,-2.047719235845083308e+00,3.183005425792881371e-01,-1.424292283058456454e-01,3.409673015181644118e+00
-1.772241043963404816e-01,-1.783879096754567017e+00,3.404507710780968033e+00,8.810508642136894997e-01,-6.476446609710190261e-01
2.381563246721054572e+00,-4.941585214125465142e-01,-8.232169954425042624e-01,-2.538041731040772131e+00,1.721807715017275919e+00
4.908895575239993203e-01,2.766570427974627044e+00,-1.414201523055419685e+00,-3.661358789215519716e-01,2.443582222828659223e+00
-3.126271827152642957e-01,1.307924310110825550e+00,2.342728987301202714e+00,-2.874257325901971249e+00,-6.647284860799685946e-01
1.202853074617769691e+00,2.491964061455938850e+00,-1.511661570989875303e+00,-1.835848025685709484e+00,-1.639451407841324704e+00
3.817706096425353413e-01,-9.728320643363647102e-01,-3.653772852935820659e+00,-8.794958541422485121e-01,8.855958208505969598e-01
-3.339043872713607364e+00,-1.205969860341141064e+00,1.600080796296866392e+00,3.681412015089516321e-01,8.370401502413211681e-01
-2.371850885861267688e+00,1.886725006122179193e+00,2.024455107214519156e+00,-1.204742322753863837e+00,-1.124619749582523420e+00
2.072922322266852468e+00,1.414252180713188922e+00,-2.665732215003957517e+00,-3.312458442552759091e-02,1.611104693988730352e+00
1.608704498170913544e+00,-3.742019016276205146e-01,-1.363352951294573900e+00,6.549962620110536538e-01,-3.314255783932626098e+00
-2.011309030885251870e-01,3.898433823341969973e+00,-6.135637419295965067e-01,-3.204996293557003662e-01,-5.315821733451100428e-01
-1.554310457585106109e+00,1.392296515686970881e+00,-7.349847745707303037e-01,1.803011967678948446e+00,-2.802601405730610562e+00
-1.010746672590750572e+00,1.629115984493058056e+00,1.953790982367815399e-01,-1.728723338390885989e+00,-3.049215456505294242e+00
-1.658294958575777800e+00,-1.833161402756435243e-01,-3.220681217227305826e-01,2.136377460768442038e+00,-2.923801719194920601e+00
-1.848648671957069944e-01,7.800610217679085912e-01,3.656135035860754279e+00,7.795845230410053395e-01,1.175693137762372054e+00
-3.524319215815566730e-01,1.498384239503636417e+00,2.148022346949446604e+00,-2.140280899313149465e+00,-2.106141989633777634e+00
4.436264387113741936e-01,-4.409344984477120422e-01,1.360956002833055178e+00,2.842489323018694503e+00,-2.382608981312781093e+00
1.610627021143571924e-01,-1.955635796851322494e+00,-1.796523929138514442e+00,-2.505418225418834410e+00,1.626323683598429382e+00
-1.508153725107904020e+00,-1.387441602346205727e+00,-2.828965265790643446e+00,-9.379647604484717127e-02,1.946441853113981324e+00
2.944897075880937187e+00,1.947841039366965399e+00,3.678254112040561519e-01,1.616145993581092677e+00,8.867204137325789270e-01
5.106114101354309875e-01,2.776634379699600252e+00,6.636466846113187046e-01,2.721550309267421586e+00,4.269830224265733776e-01
4.008983454647646050e-01,-1.677627913167160312e+00,-6.342120658485634888e-01,3.141492790220133724e+00,-1.659410499572974595e+00
-1.936595586721764128e+00,1.854167592617237847e+00,-2.774800602003804073e+00,2.638111882365862804e-01,1.021051099631311798e+00
-4.069870478216560117e-01,4.678339669779364891e-03,1.240239913935249128e+00,2.676099854724365290e+00,-2.671073600533961478e+00
-3.320791275789459540e+00,1.286077230433172902e+00,-1.733466687892605274e+00,1.907752525021695900e-01,-5.263541630891915846e-01
-1.169721345762400722e+00,-1.640559694445964112e-01,1.858387286040485975e+00,2.804610196000378863e+00,1.812566124512754229e+00
-1.528368603508371670e+00,3.162987401608465365e+00,3.572801148303053065e-01,-1.545580319210163589e+00,1.069173748973033744e+00
-2.471318790804251653e-01,7.656555335709394061e-01,-1.257421271639498350e+00,-6.999401020662052719e-01,3.644402974068926770e+00
-2.921672820039450391e-01,-3.178244899465325624e-01,-1.347441960737900013e+00,-3.644498607772078458e+00,-8.459644988454516623e-01
-7.648526458524582683e-01,-1.565547638882078818e+00,-6.301226288069810000e-01,2.285316598365658258e+00,-2.710043272426298167e+00
1.995714187090372960e+00,-1.068013734875840282e+00,-1.680460999085733098e+00,-1.384754421164690275e+00,-2.476888687280756951e+00
-8.913550172084281353e-01,5.794371385343261016e-01,-3.826845736963764733e+00,-4.210817327497459184e-01,-2.183591436401201014e-01
9.132471779701807346e-01,2.639001635459873540e+00,1.599368552081403827e+00,1.322254357254436741e+00,1.973654886069067471e+00
-3.117632419938423993e+00,6.648217766660599048e-01,8.316191236535440678e-01,7.546360991599994350e-02,2.267398283533712977e+00
5.163501020936518415e-01,3.532363764160600272e+00,3.909964216265057191e-01,4.116133127816638537e-01,-1.712741979613158438e+00
-1.016568106930548776e+00,-1.612446308169915632e+00,2.041525039152542575e+00,-2.301000459525675002e+00,-1.704165070354597855e+00
1.989502360623540911e+00,-6.039022898480753687e-01,-1.023590886118525667e+00,-3.116226552691069296e-01,-3.245355974306629143e+00
1.350235677019883118e+00,-1.114313639858664384e+00,1.435895853926251853e+00,2.430346513440336143e+00,2.228629096510541530e+00
-3.332232421126981148e+00,7.779053657685301992e-01,4.457945803845647093e-01,-1.564366197757030008e+00,-1.282620725278407647e+00
-2.965138153764342199e+00,5.376858199362197777e-01,1.184634464230106404e-01,2.126290727204273867e-01,2.619084759496365766e+00
1.353375921496710266e+00,-1.673129422594403226e-01,-9.439847884754748453e-01,-3.184753775032374890e+00,-1.762559532614252245e+00
2.791282864970512811e+00,5.749277160195894743e-01,-2.557804647854646340e+00,-8.237420907893233668e-02,1.152843424826761609e+00
-1.226635684383519942e-01,2.007448716327082661e+00,2.547796478519054553e+00,-6.021218730147063214e-01,2.258602588853976467e+00
-2.164560132903506240e+00,-1.290362642369183188e+00,-1.103518898437021889e+00,2.600864007461712646e+00,1.291276940747149604e+00
3.407145931573172692e+00,-1.102428741883948238e+00,-1.305847248771402902e-01,-1.760939894275111328e+00,-2.409269358367305824e-01
3.302862801476579846e-01,-5.010536409382558842e-01,-1.952772436088211050e+00,3.120271844596312238e+00,-1.445835277866183155e+00
5.184764335918848888e-01,-3.438979719570824045e+00,-2.152752479867026392e-01,-1.014508053159733691e+00,1.681972251218411651e+00
6.328648348080155861e-01,7.988244658947151189e-01,-1.671064418882277414e+00,-1.783376067237758322e+00,2.998078565398289541e+00
-2.121320456569827151e+00,7.466699129579709160e-01,2.229356689081629650e-01,-2.804626089381360377e+00,1.739786121312503653e+00
-3.338687715427159919e+00,-1.681742398099392577e-01,4.094298169603349247e-01,-2.158053694664805455e+00,-7.296564090620903317e-03
-5.541314499821845541e-01,8.218729132461425335e-01,-1.735272465950171039e+00,2.423587903656310161e+00,-2.476391405408071567e+00
-8.775252985864749888e-01,1.487646133955844441e+00,-1.819800242685825520e+00,-1.921492901247527252e+00,-2.452152205235824667e+00
6.594851600117358492e-01,-3.013292558170851176e+00,-6.047301707722864128e-01,1.298820354504311436e-01,2.470339928030439225e+00
3.260330633472499517e+00,7.733681996384824675e-01,-1.627013391502058814e+00,-1.107735473237597690e+00,9.475733921089125600e-01
4.789027495868048434e-01,-1.501066396352320531e+00,-8.552724692603945744e-01,-1.583560729853302318e+00,-3.205978204600236747e+00
6.500586833485439975e-01,8.046615788360367283e-02,8.767776657984295285e-01,-2.944985817709755871e+00,-2.475735923697045759e+00
8.050581888150508680e-01,3.328445699227952637e-01,-1.815755588734443204e+00,2.597999447776590642e+00,2.279150349631832384e+00
3.337786214031654430e-01,-1.666004590266594532e+00,-4.268216451632119157e-01,-1.806994476869281163e+00,-3.108957185438378623e+00
8.601090935509608792e-01,-2.407851250739756921e+00,1.594760237325215435e+00,-2.412998671583144183e+00,-1.047206712109090221e+00
8.444265217256556877e-01,1.071426944835234485e+00,-1.605670880638644382e+00,-4.090575826493399458e-01,-3.375423094729540274e+00
-1.498326226230467739e+00,-1.090487993629333463e+00,-2.790870660707112982e+00,-1.187193524438577563e-01,2.182384275534395623e+00
3.611641660217848049e+00,1.204271746365266793e+00,-1.014224712425557007e+00,3.260874942970009571e-01,6.089246733821979118e-01
2.063562033680176544e+00,-1.026006832087850151e+00,2.199923157705093502e+00,-2.236664416693623647e-01,2.408180461827270413e+00
-1.746175906976402015e+00,3.919814510520481798e-01,1.115501363206393481e+00,2.871929991661954951e+00,-1.817937038404662253e+00
-1.816952102284446591e+00,-1.472412506432949852e+00,-3.206644703189525103e+00,-4.896342645736995181e-01,9.151231264645331986e-02
-2.156401897367590692e+00,-7.544320855190959074e-01,2.120370434758044542e+00,7.557947471469813605e-01,2.390306801429007422e+00
2.349365481164325864e+00,-8.997073379817072114e-02,-1.096702748787409476e+00,-1.926833574490502743e+00,2.357316813665831123e+00
-7.727188601463271800e-01,5.933951575918295918e-01,2.095342353786360690e+00,-3.240344105639816341e+00,4.006223253827297381e-01
1.349117559952573542e+00,1.903698815177065740e+00,2.446720162219131467e+00,1.597619468840541179e+00,1.420206010089066773e+00
8.084321627007827749e-01,1.439656246975346221e+00,-3.407864909901669126e+00,-3.460925126003563390e-01,1.241170438513040430e+00
2.599230674699585020e+00,-6.621561862840734669e-01,1.100944485247613125e+00,1.958095852408134885e+00,1.938899419219934472e+00
2.644970657728268559e+00,-4.849819196969277768e-01,-1.398043487203525670e+00,2.065821936799333791e+00,1.595862428484996043e+00
-1.828256918646741225e+00,2.221422677073571883e+00,1.818602490313858011e+00,1.112691081671868698e+00,-1.782515488907663759e+00
-2.461048957319086572e+00,6.617082570177021950e-01,2.797268937009030232e+00,-5.772057261693090968e-01,-1.160818786889218579e+00
-7.123672612095336421e-01,-2.385193115090904037e+00,-2.845078524566754807e-01,-1.091443837866951316e+00,2.920820487389207631e+00
-3.328631841081560183e-01,1.496163026182671496e+00,1.978365251753747334e+00,1.117370288605252782e+00,-2.913460634459446030e+00
2.241711322814463170e+00,-2.491308579903268150e+00,2.097791925396375934e+00,1.275672326935540224e-01,5.925432842843338932e-01
8.341342845488363134e-01,1.598086833435657050e+00,-3.157429688995909700e+00,-1.095209444782826891e+00,-1.257574053185530172e+00
-1.062438899240943924e+00,-1.796286058444902745e+00,-8.465087305407400509e-01,-1.126300898704743814e+00,3.107965449664998658e+00
3.278566207032932223e+00,-1.815883990937176451e+00,-4.056025766815337663e-01,4.239905204020725238e-01,-1.268576976757125774e+00
8.068249039961963298e-01,1.481055508191833514e+00,8.529409409030018763e-01,3.303225544737034447e+00,1.231544115277395157e+00
-5.424022709944542608e-01,1.745180733973534792e+00,8.181722236667844372e-01,2.129326540018512404e+00,2.730697105242650746e+00
1.646707828644128790e+00,-2.587027599194635097e-01,-2.159729227092499482e+00,-1.042273461834787307e+00,-2.733251160338096675e+00
8.015907446389194391e-01,-1.399108030033009431e+00,-2.128720293605512182e-01,1.486582662003951061e+00,-3.338368836206020873e+00
9.385022462582026659e-01,2.030842943419234325e-01,-2.238838824117019399e+00,-1.677862763768175336e+00,2.692646944689646826e+00
-1.661582116400431186e+00,1.199053694638391732e-01,6.277153580966433610e-01,-6.282604533369511302e-01,3.526475550009450011e+00
-2.669316127193067878e+00,1.569133535067394503e+00,8.443079429684575699e-01,2.234871191066395646e+00,8.396822131114529686e-01
-3.522897997966537798e+00,-3.085791415252270853e-01,4.374557580417530733e-01,-1.817193682420574996e+00,2.020370425889121690e-02
1.195744572862448951e+00,5.555520988988900122e-01,-8.083041236231268689e-01,1.233997569658060511e+00,3.476413557632475726e+00
-2.216521642975086692e+00,7.722635079171221717e-01,2.260661336997008330e+00,-6.662118179956590946e-01,2.221758990874659112e+00
1.679260667754261638e+00,-3.391337820886822119e+00,-1.016654842183895902e+00,-7.394384274106405863e-01,3.139349268377924496e-01
-4.666332004094926322e-01,2.755356158534067568e+00,1.510860239935039706e+00,1.816019790920785137e+00,1.615437819995385160e+00
1.452070344178121308e+00,2.384776554735169307e-01,-1.917654590992404984e+00,3.122881894133254121e+00,-6.362622638022322752e-01
-6.162618424349340929e-01,3.697778227592515510e+00,-6.389661357740314962e-01,4.544024262430207961e-01,-1.154078954604021545e+00
-3.622242935555790133e+00,2.055179151350632616e-01,1.405427326402144628e+00,-3.669823802315882316e-02,9.276560633676834700e-01
-1.369222838114072749e+00,-5.017861445932061404e-01,2.621617834269310165e+00,1.563097721276066387e+00,2.134779831613505152e+00
-1.737661293668113949e+00,1.472849271798307935e+00,-2.250863756012430716e+00,-1.604909102612769978e+00,1.780204307171268763e+00
1.947552801503395603e+00,-2.454005437126113964e+00,4.770327089476034121e-01,-2.293856721513672259e+00,-8.340003211464633859e-01
9.706979853408744807e-01,5.570304837848947255e-01,3.454756879488976473e+00,1.095090474719272233e+00,-1.269997723301992565e+00
3.452286499977598844e+00,-1.066802376378694017e+00,-1.605833399352853741e+00,-9.100768657919126869e-02,5.972162977779091886e-01
-2.870226381679387817e+00,5.066221875815685172e-01,4.425441147162020306e-01,1.592587006884065515e+00,-2.184709547971039001e+00
2.573556263882904371e+00,1.405021428798983507e+00,2.217217917766551416e+00,-1.171305333281712269e+00,-1.055798968840898855e+00
-7.114224165568839853e-01,2.545694419660704089e+00,-2.246452837456982099e+00,1.359064191744816963e+00,-1.455923156875800872e+00
-2.875310966906471588e+00,1.716316579059350977e-01,-4.775090574296374513e-01,-1.780178302823157255e+00,2.075109570076278498e+00
1.884167479518405353e+00,-4.669001019515551798e-01,-3.307826341419258576e+00,1.075543755400008017e+00,-3.652502281393073535e-01
2.510810939074382464e+00,4.074379827711491903e-02,-1.117491785596540776e-01,-3.083277720463763139e+00,4.184244145713695295e-01
4.595907348878061072e-01,5.524014753754304952e-01,-6.613486004369794058e-01,-2.158207312043778803e+00,-3.223102262316408062e+00
3.622130226766600458e+00,-3.435969071673022901e-01,-1.195511174655594783e-01,-1.650974548929979635e+00,-1.486753336199028164e-01
9.013187722657606260e-01,-2.991352567510888183e-01,2.049614741773427007e-01,-3.158428807264457738e+00,2.253987762272649853e+00
1.871068225181263145e+00,2.704373653824636570e+00,-3.888266584319005070e-01,1.892712293813897606e+00,-1.204956779206058481e+00
-2.118165731622722259e+00,4.763048435018668592e-01,1.666612664573375646e+00,1.917803731233803877e+00,-2.197939649805055851e+00
2.612291408967500672e+00,-1.475035325576935730e+00,6.149273413844836833e-01,1.300625097888671533e+00,-2.220460110538945653e+00
1.404145020546977873e+00,1.225959850615297775e+00,2.472764646763835561e+00,-1.400853518936906461e+00,-2.109133382730797646e+00
-1.288361002457686089e-01,3.634639228538856237e+00,1.407785700770808779e+00,2.797115331880779820e-02,-8.889071790278191276e-01
5.640217008751009509e-01,-1.416865601423424881e+00,-1.546035914694082469e-01,-3.679385692204736991e+00,-3.355444023506031770e-01
3.234624513872367824e-01,-1.727916455543570873e+00,3.557233171245354764e-01,1.674374844183428301e+00,3.159051529814595582e+00
-2.918704259109158095e+00,-2.914497624253633012e-01,2.260701921737243492e+00,-1.510360258140226453e+00,-6.527783333093505058e-02
3.390280412025400425e-01,3.634825160234538277e+00,-3.279433894548981071e-02,1.633993395015281180e+00,-4.578382011034002469e-02
1.120827987155095462e+00,3.378697262498234988e+00,-1.602824881046168271e+00,-8.186327395899360981e-01,2.982319063541016280e-01
-1.379642812515856631e+00,-1.710922096169464668e+00,-1.706503281376111403e+00,-2.802118511479565033e+00,-6.366393712208930911e-01
-8.374833062067005285e-01,-2.781106004858105329e+00,-3.245576847308759838e-01,2.494907781822397475e+00,1.110931397995151393e+00
2.154450712580148419e+00,1.225147642115216318e+00,-1.572142897927169436e+00,-2.025844551656241777e+00,1.811539660925010509e+00
1.815522465314723055e+00,-1.863936546530555738e-01,2.698885791067873630e+00,-2.315229094642109242e+00,-1.576873791311325657e-01
-1.890129268914553684e+00,1.819984859223660045e+00,-2.216479675937519822e+00,1.132096996494448948e+00,1.708988208172695922e+00
-6.403023694417404599e-01,-1.195983875187102363e+00,-2.167405646960606003e+00,-1.348149061794655212e+00,2.764865695596298689e+00
6.820969659405923258e-01,-3.428786413302310265e+00,1.911678485438774278e+00,-3.508451192316396350e-01,-2.367554920099907215e-02
1.938054223836915557e-01,1.782099162633235645e+00,-2.034398592684966367e+00,2.865784269077062962e+00,6.595945133098619628e-01
2.835135508405161264e+00,5.184731998290467159e-01,5.757035500706220166e-01,2.270214852977325004e-01,-2.703741640336319030e+00
-1.141102752447249458e-01,4.013161667530762422e-01,-9.338918751631433146e-01,1.694471714002950158e+00,-3.475994211061687267e+00
-3.730810710274113928e-01,-2.789531883554306813e+00,5.161662452774218313e-01,-2.499472273120941335e+00,1.251212671055901504e+00
6.627283102700008977e-01,-3.179907845200685479e+00,-3.930449492374228915e-01,-9.044519282515481873e-01,2.115764556882171910e+00
-1.355023501522165663e+00,-2.134419991237413994e-01,2.314249936945102171e+00,-2.363653120531270080e+00,-1.782062001863304213e+00
2.186049550641740780e+00,2.537247147488754351e+00,1.078238026366627356e+00,-1.424115417822293672e+00,-1.262086490664192429e+00
2.708699991347386149e+00,-2.162514302279772593e+00,-1.244646027986815895e+00,7.388801770721271645e-01,1.375277644061956739e+00
4.153512184088538339e-02,-2.447034829069439255e+00,-8.113513782624702797e-01,2.569485028037276297e+00,-1.658237320367212053e+00
3.106771109699447919e+00,-4.140341271727787098e-01,8.335775196743950843e-01,2.175528386660610991e+00,-8.653171505295046417e-01
-2.229070366640092171e+00,2.321859531076212679e+00,1.678657696319196591e+00,-1.573612377908053750e+00,-5.882737808201567997e-01
4.874157606126813119e-02,3.364621444053602861e+00,-4.420217535819521287e-02,2.119030079257889554e+00,-4.297726001871373658e-01
2.804002495370730319e+00,9.507486338195897391e-01,1.673723102117261385e+00,1.461227487823198778e+00,1.515622725982219920e+00
2.386618818412371557e+00,2.627276714853981066e+00,-9.407356943221776291e-01,1.240108091955094860e+00,9.892501973119205427e-01
-2.394804591644287495e+00,-4.559371319714020793e-02,2.322847906250579797e+00,1.436193054191836183e+00,1.674681849389537014e+00
-1.908271188353510839e+00,-1.708908695917687570e+00,5.643030812018221543e-01,-1.440183869556410368e-01,-3.016447061939197205e+00
3.919292744127059747e-01,-2.594228840536582759e+00,4.467924114657970125e-02,-2.712505840747025498e+00,-1.325399560928849363e+00
-2.678456635458834167e+00,9.986469856153420421e-01,6.923850586858774081e-01,2.264364112926013917e+00,1.490581210363685516e+00
2.753080723185922007e+00,6.579615088858116190e-01,4.758493998948979398e-01,2.531473025877203131e+00,-1.163118589105413880e+00
1.297218093998027344e+00,8.897212425277390979e-01,1.677194724995158426e+00,-2.761572844840439522e+00,1.756802380544640219e+00
-1.173753345500388567e+00,1.481588267366599432e+00,-8.626958722221967912e-01,4.328991970388902377e-01,3.390509313832089866e+00
1.246826724057374491e+00,1.160766703371664432e+00,7.088056054365308167e-01,2.073513339598681782e+00,2.880309154366611946e+00
-5.565433163770533431e-01,2.275757253219369058e+00,2.886474258636249623e-01,3.229121199651392438e+00,-2.544411365552984305e-02
3.433868656127781804e+00,-8.769367826444182112e-01,1.233684138282038267e+00,-1.244802368488751476e+00,-6.066452357552468699e-01
-1.278451919694653549e+00,4.440868191065102666e-01,3.378110678601788486e+00,-4.034751082138620659e-01,-1.610566256412103270e+00
-2.648851805900101386e+00,9.216414092354102694e-02,2.136170933788295478e+00,-1.846720968065228341e+00,-1.000742369071015769e+00
-1.200516466391379211e+00,-2.719372777774839545e+00,1.149546189834210530e+00,8.226007172671474521e-01,-2.272805210925374020e+00
-1.080403171428799380e+00,1.252906618708893527e+00,-1.791835216351523596e-01,3.549583550509970209e+00,7.945463331269609908e-01
-1.588191442075115534e+00,1.432976109873130177e+00,3.102367239571830471e+00,-1.059835067607346915e+00,8.223712982305658725e-01
1.816526245910426551e+00,1.449924995473769407e+00,1.071336405258883850e+00,-1.762127417507484139e+00,2.518947235782110550e+00
2.079828070711665866e+00,2.921736976210594250e+00,-3.770397868827937704e-02,1.280616859625147264e+00,-1.223260849924685534e+00
1.473819103891388593e+00,-2.398270222477089764e+00,2.265215160763020652e+00,-1.257666172109296321e+00,1.167575806517840986e+00
5.689788253536740559e-01,-9.324402511451755915e-01,-2.408408034215054450e+00,2.886182330427840892e+00,8.223992768710188805e-01
3.283655334933151426e+00,8.796401058676405205e-01,2.086329393503986440e-01,4.929704181383499084e-01,-2.038944184859588837e+00
6.173736562326956889e-01,2.932257577308116314e+00,7.481815604484887139e-01,-2.191639182456877055e+00,-1.287500413760566342e+00
-1.352246999035315866e+00,-2.825438649047780526e+00,-1.380081502016344164e+00,-2.016018939010511435e+00,4.683665011615132379e-01
2.092217796115293016e+00,-1.861337624336448116e+00,1.157347465691740407e+00,2.317829027908260286e-01,2.600936460484718715e+00
7.232190655687420477e-01,-2.799560333552834290e+00,-8.184221678850549520e-01,-2.095582771073519091e+00,1.605656914377904698e+00
-5.129798666615288383e-01,3.246644509972849590e+00,3.479255512820652596e-01,-1.129928510378299000e+00,1.948938289033910420e+00
-8.176593179612876572e-01,-2.079596862342403263e+00,-1.037244623494919971e+00,2.971523847542508978e+00,-1.049228166036233700e+00
-2.470936990653458842e+00,-1.687883829638193278e+00,8.128252410165230923e-01,-1.880262049756409093e+00,-1.688030899503499382e+00
-9.065570173958430455e-01,2.430944557108765391e-01,3.657236124599028582e+00,8.376226386057622486e-01,-1.020819133850842331e+00
1.850799674525171357e+00,-2.717042762075106754e+00,-2.030780406837008112e+00,-4.486821961529937064e-01,-9.310394298283179992e-01
2.049649235346588938e+00,1.958174080133059380e+00,4.209470385701489237e-01,-1.016513461187749101e+00,2.598845177743628554e+00
-7.917871616599713169e-01,1.803805207534148858e+00,-1.911031693885685945e+00,-2.218470462635000352e-03,-2.909864740371336467e+00
3.040213250569862247e+00,-4.609438962374444726e-01,-1.723556786015170816e+00,-1.797753874750288805e+00,5.848650500604812841e-01
-8.739034377391863284e-01,-1.062613828937557958e+00,-3.339440285224963390e+00,1.428452266782608060e+00,9.564556105740280589e-01
2.117164714682477467e+00,-6.879436677659556132e-01,8.176869368833465934e-01,3.220829684097014312e+00,4.462398653242820312e-02
2.074451039403648611e-01,-7.983534597570798308e-01,-3.569763061325034847e+00,-8.439333077379052028e-01,1.365344842973724271e+00
-3.694932994330724974e+00,2.123491961552597673e-01,-1.062722439384379491e+00,-3.747350892380689746e-01,1.016155803024836546e+00
-2.109847504844703181e+00,1.853963982882665285e+00,2.682199028444272049e+00,4.241357790978210751e-01,8.586490954843641887e-01
-8.417242940345716073e-01,-3.758127327008887519e+00,5.368394758508383546e-01,-7.948898382321651912e-01,4.979284376940840695e-01
1.037696322301491086e-01,-1.670541157641095564e+00,1.652698691731105285e+00,-2.510475364470462267e+00,2.040741184665797014e+00
1.826230055738007341e+00,-1.253355589315223950e+00,1.629534082857348354e+00,1.686482293949999933e+00,2.365244109019373653e+00
3.462360824022456818e-01,-2.462778990928805589e-01,-2.511621663348173605e+00,2.291433757074764710e+00,2.064111365406315457e+00
2.944609920912275025e-01,-3.251009299460166257e+00,2.227475294246847426e+00,-5.772745417643759813e-01,2.221242353072266640e-01
1.330665503871533428e-01,1.544336195005429291e+00,-2.628837477167115022e+00,1.156660803846807584e+00,-2.312718814177441740e+00
1.048318303601478041e+00,-8.904891665257916866e-01,-3.094870388958813834e+00,2.069031675651969771e+00,-4.989418596680788021e-01
1.449107028161920274e+00,3.015882162312068182e+00,2.800744845938334948e-01,-1.506555652431207815e+00,-1.567288088765651288e+00
1.978964133391067470e+00,2.360079492255776401e+00,2.404671536803353771e+00,-6.232543768209709567e-01,5.855207347709890930e-01
2.761907548278839108e+00,5.862529948293598858e-01,2.646890033412435894e+00,1.005241973481646012e+00,1.078695813777914708e-01
-1.178994796364229325e+00,-6.770034733259395754e-01,-1.010988668856169337e+00,3.535154234268876206e+00,7.951251590950612069e-01
-9.291549485858391355e-01,-3.226984977270447530e+00,3.294938629707320210e-01,1.035967319745087600e+00,1.881872616484468796e+00
-1.631289858395635450e+00,2.579977073505325791e+00,-1.121263788662961280e+00,-2.203732084623938103e+00,7.542838414778968437e-01
-3.553030514274657659e-01,-1.033000202710369075e+00,4.462187657530537477e-01,-3.303401296773293971e+00,1.922264031919915128e+00
4.527274026257104844e-01,2.829537170075376640e+00,-9.684927767261092280e-01,-8.373912142620409949e-01,2.479829630797185658e+00
-2.554226708616050834e-01,3.281798326562072265e+00,-1.888479144319662018e+00,-9.540176403954198081e-01,8.294913298331307860e-01
-8.327515698951393208e-01,7.263858480206437651e-01,6.045264971663677489e-01,2.631575779832255435e+00,2.736465795849918781e+00
-1.410987855510231981e+00,1.451472837821327078e+00,-2.771874615354244842e+00,-1.492470836641458742e+00,1.411234137625306584e+00
2.592028979693279833e+00,4.818204328615157683e-01,1.864490372943534924e+00,2.087787933241639582e+00,-1.101840294198228376e+00
8.653232133272603654e-01,-2.118487538342456844e+00,-3.020374635298727295e+00,-1.063407717083847182e+00,-7.139519423989987290e-01
-2.022332287652247818e+00,-2.911761980621149881e+00,-9.107259838569282673e-01,-5.526365367687036297e-03,1.613183786225883098e+00
1.050951586437402385e+00,-7.470569052596056636e-01,1.969372600542072416e+00,-3.205602452208738296e+00,-4.278916006374984260e-01
-8.234508266037969815e-01,-1.876473408808629229e+00,-1.288061151233701462e-01,3.413423103583773877e+00,-3.643185183695572538e-01
-1.204953044269273077e+00,1.888417634524955702e+00,-2.479524324367051502e+00,1.148651253597270605e+00,1.874707022764602327e+00
-1.881463593423072345e+00,-3.477067853346552662e-01,1.147872697282923626e+00,-2.299671933224340936e-01,-3.311902489338055755e+00
-8.380273624011352895e-01,-3.045132443000235778e+00,9.316794028809876060e-01,9.241862083246759063e-01,-2.074302747200658548e+00
-2.883373661265479782e-01,6.702698635191576271e-01,3.687787301142279262e+00,4.976848567922111388e-01,-1.272845033068311649e+00
3.549194862547829787e-01,-2.553951336047577958e-01,3.552120346949291907e+00,-1.251016225981439689e+00,1.275227402123889409e+00
-1.572677944564080832e+00,-2.744051999946274467e+00,-1.952992838126530906e+00,-4.370694317075134450e-01,1.411259008958275940e+00
2.192959221522581714e+00,1.474694120348529314e+00,-1.571848121466178139e+00,-1.335593801354836963e+00,-2.182129644401160196e+00
1.306313388312242640e+00,-2.254401565674394869e-01,2.612333263732998234e-01,3.718581824690684101e+00,-5.887515856412468551e-01
-9.386819353386073317e-01,2.492757496926092831e+00,7.250890030983512258e-01,-1.148554236744976365e+00,-2.657085882810100497e+00
1.143059877995772633e-01,-7.242683127514722152e-02,2.227859672877248176e+00,2.863732650682317971e+00,-1.678500842611617694e+00
-1.385737052988452289e+00,2.837481643327907088e-01,-3.613793368622270741e+00,7.865841233032955238e-01,-5.665710062132879310e-01
1.173733259656392747e+00,2.198996749397549022e-01,-2.598132293863089637e-01,1.740994661771575691e+00,-3.387540264211851948e+00
-1.821460354904832268e+00,-9.544779566134495852e-01,3.196644049851725455e+00,6.738172204525681996e-01,1.048184705964607444e+00
3.365617330690249265e+00,-1.495971882975798861e+00,1.031449554535586177e+00,1.016669666379239834e+00,-5.806743619413118340e-01
3.637104046410349678e+00,-4.593698478972516042e-01,1.147476728656399603e+00,1.087379487186913796e+00,2.477024555095227731e-01
-2.345337313698270254e+00,-2.334874310991013946e+00,4.943191960856681000e-01,1.009637616746826616e+00,1.945259687568688056e+00
3.650395743479796506e-02,1.533563171441295170e+00,-1.297060455721437799e+00,-3.456397139427149323e+00,-1.334333131344215828e-01
-8.166614940057808081e-01,3.229572936110147285e+00,1.434668438080868968e+00,-2.547726106040453242e-01,1.667255242670938165e+00
-2.654369509967795970e+00,-7.940778452141514787e-01,-7.749420493793567344e-01,7.204735442978511539e-01,2.684053943638985196e+00
2.090011715502263279e+00,1.334903016557248856e+00,1.658392275087321233e+00,-2.643538860602773433e+00,3.336499960487516181e-01
1.641879089176830009e+00,-7.779187043768210907e-01,1.603866758437745066e+00,1.925775315477248784e+00,-2.533392271516879735e+00
-2.350222462895691145e+00,-7.639401262503394685e-01,-1.166581523806297316e+00,1.939436833271214855e+00,2.184152507603309701e+00
8.961499144645913850e-02,-1.221666024427962682e+00,-1.561673576716783862e-01,-3.729348635431206649e+00,-7.530416919876800064e-01
1.375891065633741750e+00,-3.282913603959902282e+00,1.346599000821672387e+00,1.148891866617447022e+00,4.428551165455864580e-01
-1.109141732065757280e+00,-1.729461946979538034e-01,-2.856672712500108346e+00,-2.690148151639582541e-01,2.550871669608106185e+00
6.359571696126802287e-01,6.299687306214377669e-01,1.890386776745285990e+00,3.393000649087966725e+00,3.356818530284969571e-01
1.281536306088490118e+00,-2.372957956799801149e+00,2.305555958527544469e+00,-2.735357576857321837e-01,-1.826561015351801931e+00
2.265323032809874348e+00,3.072872864702579587e+00,1.145595090061193311e+00,2.051345538254988887e-01,2.670123945627437267e-01
-7.713104500065085523e-01,-6.585156918136826354e-01,-1.429634180550142908e+00,-3.569101038832688033e+00,4.348576292903867935e-01
2.958232543744047316e+00,3.390654508164898245e-02,-4.565157451825356816e-01,9.625050438835693889e-01,2.472425525315852912e+00
3.134838458807402528e+00,-1.870311596378742669e+00,-1.047493159893018166e+00,-1.145714053825136025e+00,5.146064092859138350e-01
1.283602705127691923e+00,1.970259664163809932e+00,2.987641602925992235e+00,1.237794545592624917e+00,-1.109200907182156248e-01
-2.882172348657935146e+00,-4.140469056855326513e-01,1.818550444190013771e+00,-8.779461795737604213e-01,1.855729640931561120e+00
1.506546366817681282e+00,1.482871813051463539e+00,1.521706322716276594e+00,2.840441764897443377e+00,1.071312129268364055e+00
1.435381340621128654e+00,1.163601718527758067e+00,-2.264982135231101257e+00,5.979990859506525425e-01,-2.664200530726259064e+00
-3.608944067741408634e+00,-1.152688192276767776e+00,-9.270920140358314132e-01,-7.125063677477255775e-01,5.288361946101477473e-01
1.215226647026522278e+00,-3.678162651978853948e+00,-5.977851714509507808e-01,4.298630862390923624e-01,6.724688229404545137e-01
1.916204760448074529e+00,-2.588999783345260486e+00,1.603439968140620175e+00,1.690235470445880184e+00,-4.442113921210609218e-01
1.394047318948986813e+00,-2.292024194889570321e+00,2.089299566358077787e+00,-1.442358870409845784e+00,-1.535475618021315825e+00
-5.846039839834759055e-01,8.946245847573508492e-02,-1.968618056330466048e+00,-1.541201122969561021e+00,3.065856600899844686e+00
-3.552834423590280344e-01,2.047538902457812782e+00,8.229940615331116094e-01,3.268875270816709921e+00,5.643521569300419261e-01
-4.950521407122436268e-01,-1.214514708140611798e+00,-2.317466737971267676e+00,2.737298540541477365e+00,1.190135294843682967e+00
1.692197051402176466e+00,-2.202697323454570810e+00,1.128293003748627399e+00,2.213298224374236067e+00,1.453567854675384741e+00
3.135841530206438410e+00,2.097407965180845935e+00,8.848025472311745743e-01,-6.616108275026603147e-01,-7.394412014304835301e-01
2.624536293308250556e+00,-1.886750615596299863e+00,-2.293990954113059644e+00,5.353793761550763586e-01,-5.436713796061728998e-02
4.835471849597809957e-01,-3.144779040065830866e+00,-9.795067895976333761e-01,8.885808586899158756e-01,2.031634173708970703e+00
1.697133561960557868e+00,1.327889426029756237e+00,2.599792910490449138e+00,4.281949719799101328e-01,2.100993392098165380e+00
-3.109725776724567847e+00,-4.826563644828176791e-01,1.394457554685225809e+00,5.332793123999900464e-01,1.966659536001720721e+00
3.115873063712133462e+00,-1.448591416549456223e+00,1.726491511515019894e+00,5.649861471607332541e-01,9.449527358103440022e-01
-3.562203075725452472e-01,-9.679376244958323161e-01,3.067872288707439443e-01,2.306051363634900042e+00,3.086132296587059010e+00
-2.424784576742552211e+00,1.975187468571464766e+00,2.337618368951716707e+00,8.654997123835154182e-01,7.419453748934159987e-02
-2.038304380676072558e+00,-1.077560155799611064e+00,3.488305493772216326e-01,3.236156864297518698e+00,2.996420528415312812e-01
-1.083683248693803725e+00,4.778871929818317987e-01,5.764094370882239665e-02,-5.263423154932079795e-01,-3.783767399803269260e+00
1.925298152318673406e+00,-1.394604520508084144e+00,-1.569298619325793301e-02,3.185471854540861347e+00,4.481384274630561548e-01
-2.069024507396293178e+00,-9.027175828785055645e-01,-1.298713287480572354e-01,1.618072456247891866e+00,-2.875624022304835936e+00
-8.003590246426341981e-01,-1.029421340407715713e+00,2.942871106827336103e+00,-2.353460556737118736e+00,3.169387828425755393e-01
3.247554110030119290e+00,-1.063470183170383221e+00,-3.508285084040250190e-01,1.525827245545117172e+00,-1.367915950041244111e+00
-1.986276878075110552e+00,2.894267895811362568e+00,-9.973811265998100417e-01,1.591892615052648452e+00,3.860392484491635412e-01
1.741756208519963822e+00,-4.521291762234547762e-01,2.789841741923258844e+00,-1.155175748291650040e+00,-1.908983122940348442e+00
-5.919927411675837137e-01,2.772931808337669501e+00,1.938000760780113296e+00,-1.778396309997284597e+00,1.020712200631410216e+00
-2.168078898724384196e+00,1.589328131748868778e+00,1.589528754320448378e+00,-2.318880024346497315e+00,-9.325576391907287599e-01
-1.951821553187054414e+00,-2.819463119593364819e+00,-9.837738519314648267e-01,1.162165307084281451e+00,1.386571725167129676e+00
7.536591822928170870e-02,-1.032785929065010766e+00,-2.457242860253271155e-01,2.523060833498869115e+00,-2.915725777369352123e+00
1.550090150314801685e+00,-9.263042080015924107e-01,-2.078708828336020886e+00,3.462323577303895172e-01,-2.880672456492394229e+00
1.968446567582396556e+00,-8.866338372343501861e-01,-3.269630844243994083e+00,1.593982699081151755e-01,-7.894332670737799207e-01
2.518035192709319858e+00,-8.716786366959758947e-01,-1.181832479629927102e+00,5.671278211993253660e-01,2.679797221268554797e+00
-2.040169186532230228e+00,9.909766574603440237e-01,-2.076937245090971995e+00,7.110600450877940792e-01,-2.456908676961113702e+00
-2.298004232791899248e+00,-9.161461669849969569e-01,7.796324526396104793e-02,-2.693469080404025551e+00,-1.618332101913763310e+00
6.191236768014090064e-01,1.233761544867521209e+00,-3.552783638681694001e+00,-1.189482910617740474e+00,-2.395352694156477891e-01
-1.026575474403284893e+00,-2.751105721705902063e+00,-2.569883231676757696e+00,7.802164563175161272e-01,4.056138067037186046e-01
1.025285543972259239e+00,-3.167202820814579933e+00,2.038930904066856176e+00,-2.801931434070071836e-01,8.257532415767386835e-01
-2.553249566228156020e+00,-6.688312492616588223e-01,-2.402982401071489083e+00,1.169858997305398773e+00,1.375022515863333572e+00
2.729201290250995005e+00,-2.037686582454028450e+00,-9.910065203127995659e-01,1.453101986944407287e+00,1.142669856614261903e+00
3.195242053068792831e+00,-2.324456621039028281e+00,-2.715924926005461870e-01,5.585502971863079980e-01,3.985878428474904506e-02
1.049250026826939353e+00,2.506737918690296940e+00,1.410846321515329294e+00,-2.568990651924076385e+00,1.585530687097472247e-01
3.024650768777957799e-01,1.871032726225870357e+00,-2.956859060204232725e-01,-3.184395867315090722e+00,-1.476463416366469827e+00
-8.329688655894577076e-01,3.591047541614727501e-01,1.791588869048060362e+00,1.246042269899017896e+00,-3.227196094200852627e+00
-1.934395309646135264e+00,-2.705279045897191481e-01,-2.803882349089635184e+00,-3.738562423169180526e-01,-2.045337312377005556e+00
1.677936598663007706e+00,-4.962661805642487600e-01,-3.007363835064217561e+00,-1.596323626943078722e+00,-1.160069950695441943e+00
-2.656846246282680735e+00,-2.847973933342360375e+00,7.739826437069443621e-01,-4.367926902159247615e-01,-2.009365860922711078e-01
1.431629690104051056e+00,-2.000475921153079373e+00,-2.992629180422674118e+00,-9.150609554026318815e-01,-3.941656449763904502e-01
-3.930094595940872848e-01,1.402589885310861595e+00,-3.056197131445041570e+00,-1.916604753442291198e+00,9.298228278133089386e-01
-2.130521414323574891e+00,2.616830454797352434e+00,-2.116302128374011549e+00,-2.220491796422762593e-02,3.658539558506729850e-01
-2.616343429900122586e-02,1.067972607217620773e+00,-1.005784526348115104e+00,3.635526832118707308e+00,-7.937834241416835690e-01
-1.196943034139510198e+00,-6.587816923524884016e-01,-2.630527211288152589e+00,-4.912680111530572935e-01,-2.640514417066565755e+00
-2.045555146972068694e-01,1.082293985280513349e+00,-1.094824868704076470e+00,2.238479678197247580e+00,2.928713712194763730e+00
-1.534985117497656315e+00,1.210976735648114477e+00,-3.254070662423205640e+00,-1.232265715233923808e+00,-2.643886642716953839e-01
1.785101442568406194e+00,-2.591897262801053925e-01,-2.287292450579060610e+00,2.694803367204424926e+00,-5.025550548534639672e-01
-6.944708677985437228e-01,2.619966343598825742e-01,6.898007660379078254e-02,1.300395679984081898e+00,3.708541600396805915e+00
6.715490094700062862e-01,-1.791983581902305112e+00,2.135778110301623567e+00,-2.516354754597430521e+00,-1.201760118594293214e+00
8.009299894495751637e-01,-3.894512795508980885e-01,-3.487067463183853633e+00,1.698791800762309734e+00,4.016289054883213638e-01
-4.758684338413131099e-01,-9.912994069145102394e-01,-1.603799893421924638e+00,-2.620193269625091581e+00,2.313717323096222689e+00
2.899738151842474743e-01,2.404801000551521906e+00,4.492692590242978179e-01,1.695704785297913908e+00,2.656236011401736707e+00
-1.054059061935012920e-01,3.019117026854486241e+00,-1.538757069778087239e+00,-2.099698568309224189e+00,-3.119528418607598330e-01
2.270548639708596994e+00,-1.840397474335179639e+00,-8.463668166402363857e-01,1.283225453040703012e+00,2.257109137710644031e+00
-1.819761021263562650e+00,1.622795887105932255e+00,-2.480795655776626862e+00,1.081556314311173717e+00,-1.652541130361152355e+00
-7.258340912919016008e-02,-2.605269800565745975e-01,1.363026180985040359e+00,-2.339103288212151632e+00,-2.932168613570205640e+00
-1.659030583801354153e+00,2.098611152487166898e+00,-1.209083808647294589e+00,-2.687173240936755025e+00,-4.008304748002944895e-01
2.228845108274938536e+00,-8.511474620616135134e-01,2.448296444113138737e+00,-1.984993165050845665e+00,-6.111007589500581094e-01
-9.124694590215048917e-01,1.890904273452710171e+00,1.824866580329957078e+00,-2.808533968291980765e-01,-2.860570545970790857e+00
-1.214462883858231423e+00,8.762336462785964564e-01,-3.599372032171953339e+00,-4.697353143833697155e-03,8.954291762902578666e-01
2.183534970536255670e+00,-3.211760355067767025e-01,1.719160331441964562e+00,2.481695306052998262e+00,-1.419400278065441778e+00
2.177484223823430209e+00,-6.273954486821293336e-03,-2.907937078897268268e+00,1.356281071630172530e+00,-9.812882820085562230e-01
-2.802421428975555018e-01,1.940509817821168825e+00,-1.193126130695034912e-02,-2.905602949271331781e+00,1.926970455007861460e+00
1.979756291581578953e+00,-2.690587606127247788e+00,-1.641794639999810457e+00,-4.159538876770720872e-01,1.404562594935456765e+00
7.099452147337883545e-01,-2.743670038445189974e+00,1.387801174457120812e+00,8.878154234377134690e-01,-2.292170191389879541e+00
-6.501021759862072313e-01,3.692453256784836713e-01,2.483866094493625720e+00,-2.270237939590733056e+00,-2.029151047238820116e+00
1.036324307000116240e+00,7.396833251354082428e-01,-3.272855109073826263e+00,-1.737241680977329450e+00,8.057985394140216862e-01
1.970409894032661535e+00,-1.016575391570435860e+00,-3.003557964486688547e+00,5.985179250512240312e-01,1.305555502501739573e+00
5.497929149209468402e-01,-6.727692442038801790e-01,3.051552527756737354e-01,-3.887218612685071850e+00,2.037670818710163034e-01
2.557621434047441689e+00,1.616444519515264799e+00,-7.317743434292621751e-01,6.865357782892351768e-01,-2.416372208675153122e+00
3.006138497027825429e-01,2.532982764955563404e+00,-8.793338274689280754e-01,5.806742194705479809e-01,-2.895378921059565958e+00
-3.153226081180253715e-01,1.846391764569883298e+00,-1.526944868033911717e+00,-2.704936800256755536e+00,1.686168847162052398e+00
2.228104860147850808e+00,-1.507340687734909368e+00,-7.438370789692515528e-01,-9.420720762367457146e-01,-2.706044971246756248e+00
-1.880129938918337240e+00,-1.046166728926933631e+00,3.000002993134167628e+00,-4.465314162221085681e-01,1.473512240730276535e+00
-1.891386286636010716e+00,1.015625943877765058e+00,1.420107223458916268e+00,-3.073502248257277691e-01,3.046308121321121831e+00
2.270318775593282989e+00,-1.269797441553894624e+00,2.388345427025209133e+00,-1.479853440012955934e+00,1.157197922527252842e+00
-1.203657253920209280e+00,-3.414249300492439687e+00,-8.057505727709490806e-02,1.641344963724469919e+00,-4.400060219738605727e-01
1.690796275454682807e+00,-1.122725804056643462e+00,-4.945961353617421841e-01,-1.597958780790944555e+00,3.013734746388986085e+00
-1.642365121950493667e-01,5.431943055500220163e-01,-2.235022943388407235e+00,1.171127958001937808e+00,-3.051409192978494112e+00
-1.333636978770939674e+00,-3.378139775988592275e-02,-1.094389985269514698e+00,-2.462088677903361056e+00,-2.638314069306757492e+00
9.880426112966083085e-01,-2.765753425791919629e+00,2.319130064463937213e+00,-7.622537702870785248e-01,-1.189531302557888415e+00
-9.894202874668392433e-02,-8.013159526076836237e-01,-2.790458320304943785e-01,3.362167744621300081e+00,-1.991498104367278144e+00
2.047187222997991274e+00,-6.315989225221121384e-01,-1.479074884648916788e+00,2.532273361162632241e+00,-1.676316314127370921e+00
-6.490717524719142872e-01,-4.017575575672480137e-01,2.876388396563539285e+00,-9.928645436049747808e-01,2.481512948837333088e+00
-6.397129128501946593e-02,-3.037293502839469306e-01,1.991590951504067786e-01,-1.816036150026822504e+00,3.544856063690322134e+00
4.276076401205435307e-01,2.270350454588569544e+00,-7.974426142818618057e-01,-2.482453762228992833e+00,1.965748995874713634e+00
2.530533999673908241e+00,-1.902316553085943163e+00,-2.213881436806814484e+00,-9.475231221394805337e-01,4.225142898445367057e-01
-2.200956730725152521e+00,-2.597005080572668323e+00,-4.309850018022145512e-01,1.675716746194271245e+00,1.190621432572514848e+00
1.791388978012960820e+00,-2.141915681385895720e+00,2.496670323212292875e+00,-1.393719445536357515e+00,1.652457188907694718e-01
1.646401523429728231e+00,-5.556991529263923674e-02,-2.361479328167093161e+00,1.162114225019712066e+00,2.521741445669830384e+00
6.541809922472354710e-01,-8.505788098040959477e-01,-9.329828707313655434e-01,2.561865680247999433e-01,3.729942938300826683e+00
-3.793318903894704164e+00,5.686291283208202429e-01,5.857274876199279889e-01,3.791797801787305522e-01,-8.947282337840016808e-01
-3.624998197074093542e-01,-1.170931414098787426e+00,-2.698827946937529809e+00,-1.050537184701648696e+00,2.471884471527098892e+00
2.248650796528669282e+00,2.231192741700930515e+00,5.727158398417400015e-02,2.247472817623851871e+00,9.544288576745332264e-01
-7.348404386533622379e-01,-5.956142901240925047e-01,2.418975497016482734e+00,2.976788697442054321e+00,6.265299216596180720e-01
2.147648913943646765e+00,-1.814843851900040106e-01,2.119412050773824330e+00,-2.257425635073917913e+00,-1.329206387855059290e+00
-1.057088659310001288e+00,-1.863195957849449691e+00,-7.232255158293520170e-01,4.001912465800275820e-01,3.275340624793968924e+00
-3.405109854812275128e+00,-2.492271328984316803e-01,1.635400353475505941e+00,-5.892874770989245947e-01,-1.149486261803128517e+00
-7.757905342537732563e-02,-6.912212264040979992e-01,-2.602276337289961994e+00,-2.607165110788738804e+00,1.395364703618634517e+00
2.512673194966166257e+00,-1.775377426313293205e-02,2.165070723338282210e+00,-4.952725517505017772e-01,2.180213769616164754e+00
-2.093494221054136073e+00,-8.017789674442484804e-01,-8.861390520583269925e-01,2.857233593390271942e+00,-1.423167666508853069e+00
2.893450375783653161e+00,-2.034408383843319790e+00,-4.727105565830814760e-01,-1.684765249826014610e+00,6.536346328791381444e-01
3.068082267924181039e+00,-1.816058513118778278e-02,9.541587969159605054e-01,5.227207606001990081e-01,2.324410761268830949e+00
-8.879032535429914885e-02,8.256484730481592482e-01,-8.401525586292672987e-01,1.957032525744624607e+00,-3.282466793203402844e+00
2.743877274618428674e-01,-7.282928439277679411e-01,2.941714572853019405e+00,-1.205267304330487121e+00,2.299553653533230602e+00
-1.568052321016002171e-01,-2.559601367854541731e+00,-4.264650382503232806e-01,-2.981176195179197741e+00,5.954569852724491685e-01
2.896956850760920243e+00,-2.500996715510406254e+00,-5.449600865560015883e-01,4.142607841408927349e-01,-9.402462127652426727e-01
-1.155810977578182852e+00,-4.263741243420066107e-01,-3.124788154319662059e+00,6.730399203981111134e-01,2.065193053052274408e+00
-2.515243898836640457e-01,-2.748838379057068959e+00,-2.792640189567547448e+00,-4.708104689115393260e-01,6.001010923935935493e-01
-6.919448157652082765e-01,-5.082605725701001553e-01,2.248203998750431420e+00,-2.364708829817281366e+00,2.148630841371574896e+00
1.637031229881516392e+00,2.170392241268824574e+00,1.334608864148759455e+00,-7.959808622434383363e-01,2.488927463408777019e+00
-2.857190503937563353e+00,6.964146176912375807e-01,1.454294784374291716e+00,2.211426393303098870e+00,5.882933720680170175e-01
-2.102730822199464278e+00,-1.110242077483883483e+00,-1.651988815682144507e+00,2.504574015996912539e+00,-1.159278900873658369e+00
-2.221848957732718843e-01,-3.872443534744959837e-01,-3.261952623449105193e+00,1.459539887903762212e+00,1.740713669959453647e+00
2.212161587890420389e+00,1.333250207587291847e+00,-9.394473027485175098e-01,2.870735843056696268e+00,4.528790984122225138e-01
2.429081926430025185e+00,1.046597937338619388e+00,-1.904279886697548996e+00,-1.430769390184494450e+00,-1.825050908188537102e+00
6.334009278742529503e-01,-2.083912185713947540e+00,-9.927353122342819081e-01,-3.203135832933239335e+00,1.025217168366587273e-01
8.783904294972391114e-01,-1.426610715049267397e-01,-2.938297773240010180e+00,-2.002303805110883683e+00,-1.601644074023937270e+00
1.964732992711496207e-01,-2.657665088534249431e+00,5.324850862718248923e-01,5.296035646222724269e-01,2.886900451539196943e+00
9.218781076923499018e-01,5.584776438740235438e-01,1.218030886676113173e-01,-8.601183038306357831e-02,3.849156978933916395e+00
-2.894372971604938227e-01,3.539024581434926819e+00,-6.028206379169844809e-01,-1.638422121804960163e+00,5.862689590053923316e-01
-1.170413157390146619e+00,2.060702263052710759e+00,-1.200540949794668855e+00,-1.235780095204013218e+00,2.723084318970152573e+00
1.696117768247435986e+00,3.356190732332407833e+00,-1.286824960014396169e+00,4.393425748156946087e-01,-1.011331235533391021e-01
1.023619250608085035e-01,1.869679518885819292e+00,-2.221874810535875433e+00,1.388275474775626961e+00,2.372716600312689827e+00
-1.450597666109294748e+00,-7.236487634365150745e-01,-3.208827958154460980e+00,1.246413985131434421e+00,1.233683180922117817e+00
-7.500299701448074341e-01,-2.957677961893777852e+00,-2.383961551793206124e-01,-1.280322044448699126e+00,2.234622754137008283e+00
8.928571139329394279e-02,3.871245626151328945e-01,3.166679303499331688e+00,2.332683738730954470e+00,6.106483428375124589e-01
3.779420455478619822e-01,-3.137291798712686930e+00,-1.277144449618952349e+00,1.890731579507061388e+00,8.992197334352988181e-01
1.622714991797542750e+00,-1.182625139806291886e-01,1.603534498175856471e-01,3.649171296791606789e+00,1.031777640111759264e-01
-3.335203784815070627e+00,1.221469222984687297e+00,-1.122961320362906745e+00,7.575104299325464696e-01,-1.244815035484637677e+00
2.187257816568476398e-01,3.450654400258911458e+00,-1.002668502966786779e+00,-1.399555473123430316e+00,1.039732462329135965e+00
2.029506494231447356e+00,2.703605226058124256e+00,1.723664449562103629e+00,-5.528237664154809217e-01,1.137975799437558333e+00
-1.250108292483501859e+00,4.427532586128323233e-01,-1.596268991226623024e+00,2.146132912155921169e+00,2.662186627579139042e+00
-2.877218156934285176e+00,-1.765884868126149365e-01,-1.659716402786952719e-02,2.746225219005806295e+00,3.852320915703275617e-01
1.188950457638116243e+00,3.680550300581370227e+00,7.589291533313954341e-01,1.013183204906355078e-01,-6.735780818354679678e-01
4.258740392620480875e-01,-1.440845505255210046e+00,-2.091582498096093090e+00,-2.878790105421068279e+00,-1.039444907273276097e+00
-2.526186254024405664e-01,-2.352544438161459084e+00,-2.417124810979749849e+00,-1.907528287521405019e+00,-9.594592107156668659e-01
1.662392675320661706e+00,-9.608888997951496869e-01,-2.629343626746736273e+00,5.399580050975991696e-01,-2.260119589868646806e+00
1.181567486705837194e-01,1.798723188651316640e+00,9.006869521930749301e-01,-2.947536620501101101e+00,1.803170751289442597e+00
-2.357836032907919321e+00,1.488574257636654075e+00,1.688607415758323294e+00,1.829270366091879207e+00,1.423773452697657982e+00
-2.841578532534712931e+00,-1.465078118675503971e+00,1.345209000872978011e+00,1.865557970476716676e+00,6.993452311821630740e-01
-3.101447799834695651e-01,1.093439754608206416e+00,-1.746809989420203824e+00,-2.162832880393096013e-01,3.407356177253567431e+00
1.717973950794500437e+00,2.582557959630404465e+00,2.034487113791811908e+00,1.483371380898458769e+00,-1.985734616902364857e-01
2.094021818978632155e+00,1.349525267586619837e+00,-1.667744188036687003e+00,-1.798230261698433141e+00,1.943926804941102482e+00
-5.902415440012848125e-01,4.626956490705629033e-02,6.571848034901832669e-01,1.536172613615884863e+00,-3.585771309263377837e+00
1.442558313250379864e+00,-8.234541400922904542e-01,4.143007335702411642e-01,-2.805430388042961631e+00,2.280101759142640461e+00
-1.919690458991289761e+00,-7.007821188287537417e-01,-3.714145298235980719e-01,-3.387058200454232448e+00,-4.621481984811198207e-01
-2.928075966481273884e+00,-1.302475750881222805e+00,2.942511708533399606e-01,1.526033874449347350e+00,1.820594659820164551e+00
2.652318523172999543e-01,-3.025484108533912586e+00,-2.131409892746654489e+00,1.479561935085326851e+00,2.099674328874545637e-01
-9.123579362903792012e-01,-4.625538566951154507e-01,-9.689803846062952086e-01,-3.733645030016028876e+00,-2.731642909116735463e-01
2.476422732814560212e-01,-1.537823468859747633e+00,-5.601374327090523630e-01,-2.914210656610144223e+00,-2.183436417321591883e+00
1.079038148679116293e+00,2.649510830848417875e+00,-3.148702110372479379e-01,2.728597805846146862e+00,5.209412587279157458e-01
9.931481199308168917e-02,-1.996515257356571649e+00,-8.341076781415663888e-01,-2.197594838615358537e+00,-2.545369266298629363e+00
2.946734453780982754e+00,-6.032810248739211012e-01,-1.251117893353862698e+00,-1.318143046956697706e+00,1.910500193304536465e+00
2.611059467759492825e-01,2.141489976146565333e+00,1.670960445132333660e+00,-2.704678449980958632e+00,-1.112856702201038495e+00
3.106882284508434733e+00,1.013791296927854413e+00,1.319153735466038535e+00,7.109464789607403690e-01,1.753253604798891363e+00
1.844992693018876473e+00,1.437882243833290330e+00,-2.679196380466769334e+00,-4.447380169554857599e-01,1.775559479922923067e+00
-1.861406900604978487e+00,-4.412389722216506494e-01,1.863159919326661473e+00,-2.793271567481185880e+00,-1.032831828076970160e+00
-2.225336462426544148e+00,1.724433086649791225e+00,2.768649654033268348e+00,6.301007207182268699e-01,1.084450719683396902e-01
-4.837325889486108199e-01,1.507367715152976961e+00,-2.573158436355373890e+00,2.155883558246813436e+00,1.491598839634100893e+00
-2.409400282916510427e+00,-1.538309557558301677e+00,2.263799948792924344e+00,1.498301414437525514e+00,-6.772714707901729136e-01
-3.735355225418756642e-01,1.835863667232377483e-01,-2.035428250543787954e+00,2.518920736510906089e+00,-2.310592439054611980e+00
-2.782160524489468045e+00,-1.278336543308635109e+00,-7.545450547910760308e-01,-2.442979290889680133e+00,-2.965677706506643085e-01
3.453705892667235489e+00,4.865093568177531469e-01,1.405031847958231994e+00,-1.358988890632803370e+00,1.194108623370930405e-01
2.909217665802481978e+00,-6.916998943733189131e-01,-1.832862291623143847e+00,-5.010562973987924273e-01,1.856761222098756825e+00
-1.148907758315220740e+00,4.385754793126066531e-01,2.949152671400808945e+00,-3.730964959222761168e-01,2.377174801593017861e+00
2.467297128451574117e+00,8.391606287435826594e-01,-2.569669985936955392e-01,-1.676094803681654311e+00,-2.516531042885502334e+00
1.007341667190695400e+00,-2.434852153831725818e+00,-3.268635994101963815e-01,-1.443783357205659756e+00,-2.620192275265126547e+00
1.564883260394365205e+00,2.271633971442903022e+00,-1.847186191516264175e+00,1.945791602084290917e+00,1.092070371475177382e+00
-1.671438126799961399e+00,-6.414506287269897689e-01,-2.048660353773653409e+00,-9.975384059128934444e-01,2.757307302929791426e+00
1.035813953781094865e+00,-1.605084815260914566e-01,6.357396072327395897e-01,-1.726221451522379491e+00,-3.393717892313692808e+00
-1.104640765243854794e+00,-3.230157153670245584e+00,2.430241282617287835e-01,-1.607231189100223778e+00,1.305220563820735258e+00
3.038194133798935326e+00,1.501930144563389247e+00,-1.390456211541289677e-01,-1.612571211362958223e+00,1.376176823566943375e+00
2.161553956353616801e+00,-7.481438799866235723e-01,-1.396897552817135235e+00,8.145458507874661080e-01,2.855373445367349383e+00
1.942797291831290657e-02,-3.394764804538912273e+00,-2.631203213702494326e-01,1.892287711441011711e+00,-9.084103639564672372e-01
1.111019709295756552e+00,-2.721932351204516376e+00,-2.459806558775621710e+00,-1.459499774231901581e-01,1.133476853983895083e+00
-1.845010061807846213e+00,-2.696070565919065132e+00,-1.204892262474823506e+00,-7.258235133848895959e-01,1.829906073725801274e+00
-1.630621151337423802e+00,3.112712348618808189e+00,-1.593815046697724780e+00,-8.444390510874767719e-02,1.051056287444640969e+00
2.274420235938629631e+00,2.499039046199110103e+00,-1.179948262283942118e+00,3.772673482122067545e-01,-1.745625355633661391e+00
5.224714421551591714e-01,-2.323826772520295181e-01,-1.770532667866997922e+00,-1.358488242948965530e+00,-3.269976398879767210e+00
1.910444390871755438e+00,-8.391155749591404645e-01,-2.791877994206948266e+00,-1.427149316048641037e+00,-1.347126340182138504e+00
-3.640882003253247401e-01,-3.662749962418254235e+00,7.279241348867046026e-03,8.736175847844978026e-01,1.299400563101936523e+00
-4.906127670952913911e-01,-1.126265803130683807e+00,4.139806899998625944e-01,1.185866052962551431e-01,3.782245584148792972e+00
3.007245313991491198e+00,-9.188210570194005333e-01,-1.813001321681352973e+00,1.296730423204176530e+00,-1.069467112057379543e+00
3.349201407013531195e+00,-1.090988820751082500e+00,-4.290300837578551185e-01,-8.868158127037214511e-01,-1.619285098376474386e+00
-1.387827652912161147e+00,7.615663935210164048e-01,7.224066434426168470e-01,-1.536110985632063997e-01,-3.598400103654385340e+00
9.394479983396828437e-01,-2.342348837721743848e+00,-2.341098520565443319e+00,-2.036038451906113877e+00,6.815071683561979565e-02
5.448317891084963893e-01,-1.400360520159198208e+00,-2.089577383141284772e-01,2.098508753903072677e+00,-3.048728654463547461e+00
1.604112731693639257e-02,-3.058414084414135203e+00,-6.842072939302642487e-01,-5.592446712789264085e-01,2.421766245340454482e+00
-3.727034169462869251e+00,-8.347289128141877068e-01,-9.455634152766916045e-02,-1.144977208392086165e+00,3.041878240624255603e-01
-3.218531832441451801e+00,-3.556763771693959297e-01,-1.386983738610251038e+00,1.054890066862075315e+00,-1.574176042871692882e+00
-6.809521857853783056e-01,2.505423309921527952e+00,-5.524743627709219895e-01,-6.322011484539201698e-01,2.924765280351635965e+00
-4.029141801838719839e-01,-1.235154707297078325e+00,8.265694051238330342e-01,3.250583248974254325e+00,-1.750012734939331072e+00
-2.616187236117665016e+00,-1.375181474074292698e+00,2.106119650664146081e-01,4.453754195932255744e-01,2.649853504390552228e+00
1.884496331154683624e+00,-1.898892309559375491e+00,2.964424190963450112e+00,2.298816333770260789e-01,4.717229300553441723e-02
-9.790847251770085080e-01,-2.932525383683597386e+00,-1.637859469114638422e+00,-1.744201760239027177e+00,-8.466785422975019459e-01
3.371702769235896291e+00,-3.310183576547203188e-01,2.026229794469340373e+00,3.781572551630830170e-01,-5.229122232218488264e-01
1.879449155094665924e+00,-1.951357716161157274e-01,2.115786793916665687e+00,1.370777049047618990e+00,2.464550553050569359e+00
1.090141158339787308e+00,1.988298230526926114e+00,7.565211316021215326e-01,-2.695604607922642337e+00,-1.737715159789643193e+00
1.824427426057103396e+00,3.583615587270930769e-01,-2.491847872680609033e+00,2.283486998067250973e+00,1.058027820689171561e+00
1.956093507480379579e+00,-1.899263303017071136e+00,5.405068514296634818e-01,-2.253019107308539049e+00,-1.788366389045045413e+00
-1.877692429424842047e+00,-1.474609455293260707e+00,-4.158621911768067836e-01,1.859916092442910562e+00,-2.582163600909491041e+00
-2.161775924726109910e+00,9.245147588961751817e-01,-8.628810740986669892e-01,2.127237916402167528e+00,-2.280853439140932082e+00
-8.677472727136651409e-01,2.347984784497945121e+00,-9.336191124257586793e-01,8.612439985190332159e-01,-2.849665989268289401e+00
-2.357320071071541123e-01,1.368749249001005863e-01,-3.216911178627228196e+00,-2.321919179149516399e+00,-4.311258169950380470e-01
1.209482614649672438e+00,-1.892720448760700114e+00,-3.144777890797315401e+00,5.251054011703647495e-01,8.884804122305577367e-01
3.217976262135164300e-01,1.183456081927428238e+00,-3.116629652982993104e+00,7.896169843413172185e-01,-2.039363286444855206e+00
-1.842784659806352199e+00,1.290801502656628408e+00,1.116925520287201712e+00,-3.112899594310098550e+00,-1.759761907092521893e-02
-1.640594264734875019e+00,-7.475806921471594979e-01,-1.674243400541452376e+00,-3.148954137777841833e+00,-1.748440481200582708e-01
-1.238307822664023172e+00,1.900651888694722569e+00,-2.664143278679929949e+00,-1.388013243454927714e+00,1.352729078932125351e+00
-4.960603083728558869e-03,1.217093438363230362e+00,1.531578697902394648e+00,2.874874374968184654e+00,-1.976872017858796182e+00
4.304960598535187422e-01,-1.853762815485251680e+00,6.880615024523371037e-01,3.057812387115354635e+00,-1.598308900188483150e+00
-1.254444087320341295e+00,1.645957408261912169e+00,-2.686696804293749352e+00,1.728959689599397276e+00,1.228638643179057244e+00
-2.280973231720873629e-01,-2.034489431511086632e+00,3.393551846080241408e+00,3.501468845794994400e-01,-4.123437781949393921e-01
8.402574108483761295e-01,-1.526388103831893162e+00,6.460952084578229782e-01,-4.615340921368923932e-01,3.511930253208066954e+00
-9.596532023362334130e-01,1.467175127210164298e+00,-8.121522780249597062e-01,3.286237962836101367e+00,1.211408934363350065e+00
3.649468423249239812e+00,-7.506623816586754927e-02,1.093394814218983324e+00,3.346760071584410356e-01,-1.169711519164383429e+00
2.734914153703825068e+00,-1.004795723311664890e+00,1.416085657153672850e-01,2.206427235622348881e+00,1.619338134641753690e+00
-2.957569126089665712e+00,3.227219277592685009e-01,2.378852274822151003e+00,1.055050828158816900e+00,6.136489438754270109e-01
-2.942988600645488173e+00,-1.527892944405677023e+00,-8.989866001437992749e-01,-1.217580512327513409e+00,1.647325722396219660e+00
2.696027628643335561e+00,-1.008972686493661453e+00,-1.975523345345866932e+00,1.943157912791533937e+00,1.866922104713575337e-01
1.209357848410734348e+00,4.790698324895427129e-01,1.097922844550009103e+00,-1.368952446872498396e-01,-3.617149542040394739e+00
1.941203096923112881e+00,-3.311751776047127560e+00,-1.542270297348057873e-01,-6.959057151177029388e-01,8.694595846331827360e-01
1.883773254259200280e+00,2.201827109175106045e+00,-1.066091892996860885e-01,1.291957214193844017e+00,-2.433687889867689247e+00
9.436536638032821944e-02,-4.923438391861645336e-01,2.373044363572070381e+00,1.933966776074113714e+00,-2.525297146714354568e+00
-1.313989846293145636e+00,-9.088498650544726276e-01,-3.137588009938258704e+00,8.841935477996119008e-01,-1.679632655240482331e+00
-2.494032200114554065e+00,1.636886481416069294e+00,-7.605509174710584075e-01,1.015641033522799025e-01,-2.551794087812191858e+00
-1.252355916547645664e+00,-1.134362976342258689e+00,-6.222740355714495575e-01,-5.273794903829849279e-01,3.532629501372744230e+00
2.136169622437408488e+00,-1.833257570518603830e-01,3.230686381763471893e+00,7.476505819605624437e-01,-6.378519584974716716e-01
-3.374126303855704001e-01,8.484831659567817000e-03,-3.347708254266301697e+00,-8.430964698429074256e-01,-1.992013682519198303e+00
-2.754258439178009610e+00,-1.142874228605094800e+00,2.499133042501635593e+00,-6.299650052199305683e-02,-9.264256174164887669e-01
-8.356131222085327881e-01,-3.384930508058169307e-01,2.947557105266198074e-01,-3.783569165794109068e+00,8.859439052858241181e-01
2.276934972630372034e+00,-1.449824200200578450e-01,-2.619443899272992038e+00,-1.952947880732814889e+00,3.450441450025880097e-01
-9.830742623969593863e-01,-3.800261773186660363e+00,3.032324446015740582e-01,1.234359589956389031e-01,6.959806738959323225e-01
8.806525125930889653e-01,5.642921663307671754e-01,1.709525828788974078e+00,3.401824274326435305e+00,6.412008658665411254e-01
1.036420631540791115e+00,-4.633808838997214297e-01,-3.387550531837956846e+00,-2.754416676113535245e-01,1.777566795634063501e+00
-1.190392869580050084e+00,-3.432961342591484222e+00,1.123291059658343194e+00,-5.532296822248005119e-01,-1.109006469919148419e+00
-3.877513607364194703e-01,-3.825990459519663101e-01,-2.145963956007084672e+00,-2.999860302002273826e+00,-1.448773177648229771e+00
1.460235572398318693e+00,-2.632307446216218150e+00,1.818433574216764326e+00,1.874422530240754892e+00,3.442515010632412054e-01
-1.255766117626956779e+00,3.167906880940471570e+00,1.357491142304025233e+00,1.349905832436590680e+00,-8.499349937671247801e-01
1.344827286183072790e+00,-1.789969471694701442e+00,3.228721556964944117e-01,-1.355966646696198374e+00,3.007416978881017666e+00
-3.397741328909740677e+00,5.838612241729268515e-01,1.774699490666236557e+00,-8.883077738478172281e-01,4.192981629777225994e-01
3.521152757778697184e-01,-2.637218464031973575e+00,-2.200366182834086359e+00,1.554980221121668338e+00,-1.288999138437752379e+00
-1.278222062934139203e+00,1.063956628141724398e-01,-6.998163725035478899e-01,-3.489451240319000114e+00,-1.299544307430452905e+00
2.007713246786547501e+00,2.318958393662479800e+00,-2.239648781112307585e+00,-7.679426178988230101e-01,9.928529397735643691e-01
2.700505926924165134e+00,2.082369813944157322e+00,4.013314323067128653e-01,1.983423685066199482e+00,5.253258641859274158e-01
-2.670896082839363750e+00,-8.235078233711187190e-01,2.241607940490670803e+00,1.760300292700707869e+00,2.543338360637080187e-01
-6.076364267785749895e-01,-6.115521049054795100e-01,3.598739199712222891e+00,1.337067083835339343e+00,7.197984312403912233e-01
1.358149364514364521e+00,-2.201995762290711145e+00,-1.199598428970871877e+00,-5.404588646287989961e-01,2.752364945165837629e+00
5.223705417708461862e-01,1.097748548077966735e+00,-7.484840736543207917e-01,-2.093227430993565896e+00,-3.095197514845322573e+00
-1.223352140712399061e+00,9.959643063103161553e-02,3.624908243375717376e-01,3.867084082550439894e-02,3.789537578539215801e+00
6.378660084542521480e-02,8.172582831618412369e-01,9.774202370033410192e-01,3.694551638490477519e+00,-8.502693920044420706e-01
1.184875258943714371e+00,-1.355304510877831881e+00,6.004146555129884488e-01,1.338282401120061971e-01,3.518637882353199409e+00
-2.272962931352866089e+00,1.752143961234990721e+00,2.470768666986110418e+00,-6.891152452585342925e-01,-1.088142189603679810e+00
-1.122307255697822637e+00,2.706358586091774932e+00,-2.704208611692140884e+00,-2.439699943520303727e-01,2.092463944761817629e-01
-1.077516681852415739e-02,-1.463521384444733231e+00,-3.846685196661492889e-01,-2.622646792321734921e+00,-2.613760315284355595e+00
-5.855809983429218768e-01,-1.900868259316720987e+00,2.512777222190860638e+00,2.206335465745556501e+00,9.283475638649820727e-01
1.449940576742378751e+00,2.750593190785635134e+00,-1.484977249413683920e+00,1.268978089513751017e+00,-1.586331175945766114e+00
-2.591972036553179759e+00,-2.758866755555235528e+00,-6.682403213082869220e-01,-6.445894869919100989e-01,-8.990519746131433454e-01
-5.179432389504103895e-01,-1.182453092172656817e+00,1.186973977024040616e+00,2.955293660608262929e+00,-2.047161850824996687e+00
-2.799982324894696450e-01,-2.904516038736232098e+00,-8.393871342541071590e-01,2.567643321304970527e+00,-4.336180161540976741e-01
3.116594101814429418e-01,6.058151866882578451e-01,2.531698391707825735e+00,1.719739954322768716e+00,-2.483717800909184703e+00
1.512324902970819451e+00,2.188805406014291410e+00,-1.787857256464323807e+00,1.930882140539668335e+00,1.413246217864999599e+00
2.312643547560039536e+00,-6.499122699330053265e-01,-1.724405296040388169e+00,-1.449094745094879011e+00,-2.270648510458126879e+00
-2.388385198426541400e+00,2.860498060031194001e+00,1.179949732261064588e+00,7.836770468987593885e-01,-3.267046188774663795e-01
-2.543228657330749432e+00,2.944705189852454996e+00,1.165686707606598815e-01,5.426567522637565366e-01,-7.433940648184471645e-01
8.350449409145940249e-01,-8.196743954325553805e-01,3.580406264744267819e+00,1.335974548759766067e+00,1.633916049598535536e-01
1.741559532942125399e+00,-2.831103285879936315e+00,-4.857166357968391301e-02,4.992958076246146182e-01,-2.167987331117001482e+00
-1.990347050843650711e+00,-9.283236584897731625e-01,-2.445406977359814604e+00,-8.624773666632404856e-01,-2.110178027882890106e+00
-1.081025931395608985e+00,3.778773704063879357e+00,-1.569264556198082528e-01,-5.393952670463436627e-01,4.864967240796279624e-01
1.858658526624405116e+00,-1.028090942070621239e+00,-1.686651868396982223e+00,-2.760008403921969666e+00,-1.012905020893769548e+00
1.675079345755920990e+00,-1.889017175729570397e+00,-2.398945286022992618e-01,1.281147889048150690e+00,-2.815463371588190711e+00
-1.053455157761900574e-01,-3.743145535448978656e+00,1.378684159198101611e+00,2.686448142252111926e-01,-6.945340683042734720e-02
1.173970505435637079e+00,1.914315716056485817e-01,-3.671756255289595039e+00,-8.853758483417151215e-01,-5.652104162829153511e-01
1.610003644396485578e+00,-2.239928290001578670e+00,-1.548899363375965565e+00,2.327927339554328512e+00,7.564883241462970753e-01
8.028291189699410246e-01,1.806639726193412843e+00,3.274566276334670345e+00,-8.666582397934674553e-01,-7.858991683183789156e-01
3.153707673926968713e+00,-9.348576285898746452e-01,1.383081352684929044e+00,-1.766646254688552409e+00,-3.823821443681683085e-01
2.765949422744877761e+00,2.543074975458529341e+00,-5.221729771790711155e-02,-1.171448125812307728e+00,-7.122331797689215316e-01
-2.357016741353304745e+00,-1.518699663852648873e+00,1.614936568551248453e+00,1.031525548754968824e+00,-2.113281413777109652e+00
2.808146295928232172e-02,-1.749681032292336735e-01,-7.699457133568134992e-01,6.984699588647699242e-01,3.858486867845651425e+00
-1.571594752234737546e+00,1.878291156375596849e+00,2.865180459535242363e+00,-1.338674478212276364e+00,2.835211297178198003e-02
-1.045024678685100961e+00,1.196017013962146630e-01,-1.694762905521121632e-01,-2.419659813621689359e+00,-3.001690028508469776e+00
-1.585329860240928479e+00,3.328400013219262821e+00,1.247029114354551105e+00,-8.338365977988659861e-01,-3.976399154433656880e-01
-5.488579649225816537e-02,-5.386198176197272147e-01,-2.161581497825702858e+00,2.840724126823988005e+00,-1.721838582721500144e+00
7.242470667878533330e-01,-1.748839140312085982e+00,2.311302929526778627e+00,-1.922128204674328211e+00,1.838567317320213723e+00
2.223435826538068927e+00,1.121989686304236233e+00,-1.479012167426405067e-02,-2.973075968682769687e+00,9.788119358874641796e-01
2.971350646057424605e-01,1.719670317245627356e+00,-3.520340511351395030e+00,6.848875788439865442e-01,-3.042637701887698776e-01
-3.076779858458354444e-01,1.843028549818973710e-02,2.663342142857290096e+00,4.322257515661405425e-02,2.968119778694834565e+00
1.689551150889641473e+00,-8.847222351705132937e-01,-2.574279033294595731e+00,-1.423489929319421865e+00,1.925992563585958051e+00
1.806639540283238254e+00,3.183959684779037236e+00,-1.089834880658082650e+00,-3.602907178370658853e-02,1.187188332184211603e+00
2.571054047466993620e+00,-2.891014744735477038e+00,3.229932952566426652e-01,-9.429554877085768450e-01,-1.955124296437222853e-01
1.190103728854304377e+00,1.723813655204184947e+00,2.783226583647978369e+00,1.741725982019351582e+00,9.122280330775840440e-01
2.677613790805397631e-01,3.442218215299935657e+00,-1.965596163833311705e+00,-1.223607675515452353e-01,-4.482155345569601157e-01
-2.770514716780285269e+00,-8.506710564151827303e-02,5.083917499067711621e-01,-1.998698587119760006e+00,2.015875387546025799e+00
2.238796292450725200e+00,-1.603742289445674041e-01,1.081644748165983883e+00,1.092920662001346521e+00,2.932173312226753037e+00
2.242129391048119480e+00,1.104916972513549256e+00,-1.151799797434780864e-01,2.530445189057612954e+00,-1.826361134904911809e+00
-1.717436644992261341e+00,1.040032929730400291e+00,-5.011938727759148587e-02,3.455455460536217771e+00,-1.614264005157722559e-01
3.241959970816098213e+00,1.364641770410906618e+00,4.150913432428787186e-01,-5.936116412806646814e-01,-1.761468927394624906e+00
1.273865219680665184e-01,-4.469882715212085134e-01,3.458797094790574178e+00,-8.966897914228755262e-01,1.736848938212430804e+00
-2.200910142793398805e+00,1.553843364332363919e+00,-7.286814189074780623e-01,-8.436909997261303751e-01,-2.738388984273331772e+00
-3.817284090993266488e-01,1.833968276887723459e+00,3.872173358972349488e-01,7.198077303598859888e-01,-3.438427452651977578e+00
2.106687808991358768e+00,1.479249089344172319e+00,-1.434789443835316055e-03,2.553353258934108805e+00,-1.689400391734133366e+00
1.118270837714958610e+00,9.540178205095526387e-01,4.641232011610363362e-01,-2.438107776222648404e+00,-2.771198379281637703e+00
-3.567971509059695734e+00,8.949654671592635058e-01,-3.355096784675615229e-01,-4.034363333107475191e-01,1.480975524358879136e+00
2.212310655302533569e+00,2.085468618304187505e+00,-7.197078758371058260e-01,2.429026726830300298e+00,5.816802732648042040e-01
8.761353701615037792e-01,9.788518858205309814e-02,2.839724362425410931e+00,1.959198988032561983e+00,1.822171828820760897e+00
-2.747397201533756661e+00,-2.245404044266849086e-01,6.735693792617949427e-01,8.223458745492657762e-01,2.696561102166436186e+00
7.035659283234686479e-01,-8.171056306487322063e-01,2.842390044982260999e+00,-2.385442539010286023e+00,1.033351875273073484e+00
3.545957246162660503e+00,1.379403087789534021e+00,3.198097143534407993e-01,-1.046936009542335455e+00,5.701588097293273094e-01
7.709638440170356322e-02,-2.127770450994468820e+00,-2.195225072979587466e+00,1.677874745734972528e+00,-1.957644572432275520e+00
7.160781172289095720e-01,-2.915310263894550058e+00,1.601648579409403084e+00,-6.351389507551309377e-01,2.004873695913659937e+00
-3.061870335284904154e+00,-5.205368825747883621e-01,-1.821406364193409511e+00,-8.359397043921961146e-01,-1.528945738369436924e+00
9.248408697245935617e-01,6.208664015519518159e-02,-1.613149481905661986e+00,8.640772864850115864e-01,-3.433938526940965907e+00
3.321843871225334421e+00,1.204970628266659904e+00,-1.297348599924027956e+00,-1.036060205018094482e+00,8.699798515312675562e-01
3.068013667680069112e+00,-1.502037248281703707e+00,-1.367172506106814511e+00,-1.291166282463170445e+00,8.915745674246570163e-01
-2.747609742933932342e+00,-1.302769516468291755e+00,1.140829330734633329e+00,-1.221479413821363158e+00,-1.989956976228805630e+00
-1.114564597020685888e+00,9.205880515627201666e-01,1.927109225768898648e+00,1.686473448557146426e+00,2.711516317055132852e+00
-1.697643446444789594e+00,2.046046475764899952e+00,9.068282115584344050e-01,-2.696533082303246065e+00,-9.154629858814475885e-01
-1.054982167840722962e+00,1.404730279705388885e+00,2.502944851430473072e-01,-2.158158453680183442e+00,2.862420344102634129e+00
1.930008338272601875e-01,3.060933578396973775e-01,-1.958108153708234322e+00,3.351822275216515656e+00,-8.945151916944243942e-01
7.522792090427931067e-01,-4.750899843000811473e-01,3.507559775329057050e+00,-1.216290127349844097e+00,-1.194164246267897189e+00
-1.899840632382386874e+00,1.110808712134285364e-01,-1.273726245087425379e+00,7.674627819397264461e-02,-3.278718968279870527e+00
-6.718266649797324241e-01,4.678829292325387690e-01,-2.596399252103030353e+00,-1.420383908534644579e+00,2.563387402015087080e+00
1.316879363243162127e+00,2.463593611283840357e+00,3.518527522015506559e-01,-2.760197330513868952e+00,6.738290573268818084e-01
1.372437344916911384e+00,1.285220967563374117e+00,3.069470845955751592e+00,1.572876770213715636e+00,-7.543408979782527668e-01
5.873523851502310267e-01,2.742180041381558020e+00,2.702943253852454930e+00,3.485472284402827969e-01,8.414739403612393476e-01
3.550778353621389383e-01,-1.054239725097001479e+00,1.623190622220241019e+00,-3.332320501442315175e-01,-3.466512215116928530e+00
-3.039061189778959893e+00,-2.237171637622739073e-01,1.168524400951263864e+00,8.063304971467882831e-01,-2.167588422457077169e+00
-8.245016864855099215e-01,-1.829761948791239101e+00,-7.802153152243712642e-02,-1.291240794207016152e-01,-3.456791545996213522e+00
2.895411886298477455e+00,-1.238694811618952896e+00,1.647224569329947541e-01,-2.408833767648709934e+00,5.026047794908665711e-01
-1.682307351547007501e+00,-5.399512106059141114e-01,4.260220716095138860e-01,-1.299144653358796475e+00,3.317984784360363815e+00
-1.786942076904545429e+00,2.054728023455562713e+00,9.779274091879827657e-02,-1.221585143610156354e+00,2.661408852496926603e+00
-8.645805902629394302e-01,9.519871978780748423e-01,-1.830226940845556260e+00,-1.533137210397338634e+00,2.940404804974141584e+00
-1.122771967545847377e-01,1.699505304052023602e+00,-6.690046450100689546e-01,-2.848893032248327906e+00,2.129628331035687605e+00
3.782226100566711824e-01,-4.823950050789118094e-01,-6.233536298981476875e-01,-3.656147389772065548e+00,-1.366842797351820904e+00
-1.451620575417924552e+00,-3.605887441443970776e+00,-4.916495369015556616e-01,-7.660258822578278615e-01,-2.487137817564424036e-01
1.514293920090232337e+00,1.431857050648426499e+00,2.269698102976281384e-01,-1.024962584821712097e+00,-3.248789884713260356e+00
-1.160835975312136670e+00,-1.034100282994174780e+00,-1.938668002521301004e+00,-3.056507001893967512e+00,6.945702027194268213e-01
-1.304372765648263099e+00,-7.619800777026040084e-01,7.801297474223951867e-02,-3.408689689851672533e+00,1.446632857186027188e+00
-5.392927721290605714e-01,1.036999407409482155e+00,-3.328791184867066821e+00,-2.406147035517348931e-01,1.869505107494428220e+00
-1.959124594669883868e+00,-2.376133383334423588e+00,-8.719531623929727138e-02,-2.818471121699931206e-02,-2.550965222429112167e+00
7.654972481297294129e-01,-2.935079914507579879e+00,6.342055553651650968e-01,1.547687134098807871e+00,-2.000441877948212710e+00
-2.172112065203770204e+00,1.545954812034030790e-01,-2.572713457813009974e+00,-1.140835557851116011e+00,1.826928873086760552e+00
1.251212497788902478e-01,2.835904912536384437e+00,1.428484485402673698e+00,1.599435105833917903e-01,-2.424012819333241087e+00
-1.904071006168350566e+00,2.202671920039954934e+00,1.625120881462437605e+00,7.646970251121267825e-01,2.072913552600773368e+00
1.044036459027270825e+00,-1.038644288499005475e+00,1.632830024003270930e+00,1.013301718696867360e+00,-3.184068412234518419e+00
-2.925379222685198677e+00,1.134136481598455148e+00,1.302425252284063584e+00,-3.318215738695662591e-03,-2.111768996894860972e+00
2.054476344678479727e+00,2.469488415631659883e+00,2.326763837871336893e+00,1.743432561588702800e-01,4.863418407085268180e-01
8.277217570781589817e-01,-1.228366221131629299e+00,2.486008948033117338e+00,8.297643578603357550e-01,-2.633864791587857468e+00
-2.147506331068218532e+00,-1.783618036059112233e-01,2.198500309521327800e+00,2.407769700356770848e+00,8.518480405065536054e-01
8.189626867698576174e-01,8.981613633996079482e-01,3.133618197931259397e-01,2.395772374856521836e+00,2.946979026180053030e+00
4.431460562508154344e-01,-4.140463445658863484e-01,2.191535005151511228e+00,3.276011230108332395e+00,3.116278851140122930e-01
1.333705238951610861e+00,-1.114446543264123290e+00,1.652833017377981717e+00,-2.798717133475536745e+00,-1.553886952533981125e+00
8.030848834471439046e-01,1.681431859944439777e+00,3.346790862477272643e+00,-8.994585282522047365e-01,7.195879717834920974e-01
1.907413907711105416e+00,-1.328566461896232509e+00,2.505440782403099309e+00,-1.441329094519766540e+00,1.497337726819488957e+00
-2.717666610079341183e+00,2.243408567079610005e+00,-4.080655508207062243e-01,-1.845282028533029139e+00,-9.911074119434261365e-02
-1.196258182935365788e+00,1.515535708675854298e+00,-3.350561138198580480e+00,1.866018950294417167e-01,-1.005503688433518228e+00
-1.049112532381412333e+00,-1.335398988733195846e+00,-3.155799689193259372e+00,-8.436329808024969346e-01,1.563740435839861664e+00
3.197711441658064868e-01,7.767307218349511766e-02,-9.983049836535222710e-01,3.858965422512490751e+00,-5.904520879804038558e-02
-2.487840425601317573e+00,-1.628858145722652973e+00,1.832909233540990002e+00,-1.739111168782836891e+00,8.794357521000554234e-01
2.346032896128928069e+00,-1.752230207429266162e+00,1.584766359147458781e+00,2.082371219173328569e+00,-7.603056246841756183e-01
1.823445093843677700e+00,-1.416549167670467568e+00,6.630345818332620267e-01,-3.173731909145517616e+00,-3.952813649468782664e-01
3.537420966206253348e-01,-5.994629530818210705e-01,1.478888985001256984e+00,1.259578656234477512e+00,3.426639706149650966e+00
-1.020333957774066658e+00,-1.926605272547241565e+00,-2.603333287006396102e+00,-1.923952335813251091e+00,8.764553295459405202e-01
-2.467384982714562636e+00,1.892636744636311541e-01,1.033632110347584981e-01,-3.085676555732375093e+00,5.866062125577558017e-01
9.368527674050038945e-01,4.313287892497124631e-01,1.372192018783890743e+00,-9.471940994417853421e-01,-3.486570631629082317e+00
2.635235769019667718e+00,1.264573908533840607e-01,1.344260201412922573e+00,4.284062290777582160e-01,-2.654990317075098805e+00
1.435680954594173553e+00,-1.509115143735299425e+00,-2.485335668216259286e+00,1.112515021418742034e+00,-2.060778644826766648e+00
-9.051126747211997170e-01,2.714850035995328703e+00,2.098066997976994585e+00,1.299309100208053236e+00,1.311591042296164300e+00
2.292578074473855310e+00,2.266836966602948922e-01,5.214248871697160226e-01,1.197192423633078651e+00,-2.997923725171435017e+00
9.188731137472965216e-01,-1.501110253254526405e+00,2.568218640845443712e+00,-2.038507290592387999e+00,1.466656485828274237e+00
1.047038982622734649e+00,3.407827728432204495e+00,1.705813678155574387e+00,-5.580514921250857574e-01,-2.630546896583829675e-01
1.879606791768426932e+00,1.924496664409072189e+00,2.782707214185138778e+00,8.564804928675401330e-01,5.351379471460757653e-01
4.583864772540668237e-02,1.077235216713453569e+00,1.608652891336292745e+00,-8.585787226812924278e-01,3.393013639583750241e+00
3.840270726760333098e-01,-1.989288975078613020e-01,-2.630356072150437541e+00,1.417769537153330761e+00,2.623758177578401796e+00
-7.759348009022085102e-02,2.440044924135861049e+00,1.525685639476204614e+00,-2.462534265616996620e+00,-1.283887978059049306e+00
1.739222875841686111e+00,-8.299412240457096912e-01,-2.299078166378126564e+00,1.470446549163587413e+00,-2.199619940743121838e+00
-3.150728741482282658e-01,-6.472790517408695266e-01,-2.037428604202499383e+00,-3.236223110727299623e+00,9.260148883929417707e-01
-4.848035659144492304e-01,-8.856688538388843845e-01,-1.236227175022082569e+00,8.295451637615182117e-01,3.572695533743835306e+00
1.084368227296471865e+00,-9.442582265347233550e-01,3.081086137384951407e+00,1.521899474298619825e+00,1.457138343945168613e+00
5.274057531430627055e-01,-1.225458297248709805e+00,1.211457191349020635e+00,-3.280306061224561365e+00,1.411403114449602647e+00
-2.170379361610232483e+00,-1.856183146372127890e+00,-1.322399673242326434e+00,-1.328882652089989680e+00,-2.080713232284374659e+00
2.402024725146965523e+00,1.138293583808138276e+00,7.533483447224512131e-02,-1.881088472551442514e+00,2.321722584201865835e+00
-2.811151195020651361e+00,2.111235713271830239e+00,-7.283485879564277621e-01,7.266086684039551047e-01,1.606754772565390788e+00
2.246951888847934065e+00,-2.118489796843860073e+00,1.847096379185271253e+00,-1.746196164770414949e+00,-4.735092409780140149e-02
8.889935214435193411e-02,5.037087293448018199e-01,-3.245308590542092642e+00,2.029910439200016459e+00,-1.042022160105366302e+00
-1.914042811156900559e+00,4.376643621671898465e-01,-2.373229252941323697e+00,1.768674766274466403e+00,-1.839690872748708905e+00
-3.566572034407083258e+00,-8.075399032963120893e-01,1.190264171022549222e+00,-1.454619667333949262e-01,-1.090667340385490292e+00
-6.329047308447827147e-01,-2.838993449886421772e+00,1.328506442786517860e+00,-1.158972212870258867e+00,-2.105089507466515020e+00
-3.061570630014718297e+00,-1.591424394371506734e-01,2.526859924947002956e+00,-4.269559838752445269e-01,-1.847876319757925656e-01
-4.428523500313572003e-01,2.507336826651676454e+00,-1.434904454238622451e+00,-1.763625937041536806e+00,2.085141864523497368e+00
8.552829792703503520e-01,1.023556508878384452e+00,-3.281802845153079851e+00,9.567890163585486274e-01,1.592214797765652223e+00
8.138664238877513224e-01,-1.231526108969556166e+00,-1.562302111238389690e+00,-2.409724843951820961e-01,3.364834210177219287e+00
-1.229153009491550375e+00,-1.051600761641323878e+00,1.197261773329753698e+00,-1.021856634312888756e+00,-3.302376717215539159e+00
-1.571276363388839359e+00,1.838591729463282975e+00,1.173421956123593679e+00,2.817824035337437749e+00,-9.130277438098330922e-01
-5.046789640457132187e-01,1.722697264692448105e+00,1.683158868831100330e+00,2.405732026044861804e+00,2.038882762350056499e+00
1.478543523191838238e+00,3.708774222567843282e-01,2.341916960979641527e+00,-8.814101175368628249e-01,-2.723031424766736652e+00
1.678780860007712539e+00,-5.852980004821521642e-02,3.281769469030066944e+00,1.407515615898161654e+00,-6.535732780056190405e-01
3.496576614073114708e+00,6.819047793737302854e-01,1.459391096947601607e+00,6.149844163424361687e-01,8.949467289119978908e-01
1.883715239129469532e-01,7.312219152907046826e-01,3.296592412487376667e+00,-7.272389852085757722e-01,-2.008340758910390988e+00
-1.873242153012718791e+00,-8.868736550872378110e-01,-1.998626412866674640e+00,2.776672220079892561e+00,-1.673354943709069601e-03
3.766076673030501198e-01,3.149680253807687791e+00,-4.006582955041987359e-01,-1.677462053077434234e+00,-1.721416554594326964e+00
-1.734005307840080223e-01,-8.513034724841302969e-01,-2.128828213628817245e+00,2.897185684011275963e+00,-1.523029941556744316e+00
2.710673792445842945e-01,1.154984166851205751e+00,7.842529161257677517e-02,-3.467944653302180935e+00,-1.599919812209597669e+00
5.637090247886011873e-01,6.602061329857994432e-01,4.261314720291731889e-02,2.150871963893869143e+00,-3.258572373288739943e+00
-5.288943756629077043e-03,-1.233900229021536843e+00,3.060560305672471504e+00,1.487453430895309958e-01,2.255727751778956680e+00
-2.031458683368109419e+00,1.047040203926174584e+00,-1.306935285661137147e+00,1.502710314862590435e+00,-2.609724946776950105e+00
1.829839106018482431e+00,-2.145380236466870372e+00,-1.170302392065070363e+00,2.068777604731080189e+00,-1.549059075811102693e+00
-1.017132265958234472e+00,2.046081623500600966e+00,-7.550214943958627467e-02,-2.859292741685102612e+00,-1.611749480005097990e+00
2.639020390424057227e-01,-2.317732592111697354e+00,-7.415831171926766385e-02,-3.231682357234529679e+00,-3.304557943121514962e-01
-1.277197050880301221e+00,1.084601726172169434e+00,3.530740292413571679e-01,1.587134302939826602e+00,-3.247883960844967888e+00
-2.892033298047389955e+00,-1.124437487692565796e+00,-4.108966031806934316e-01,-5.952445906912433582e-01,2.418394425647758972e+00
-2.498788039508818226e+00,-2.266235466857658309e+00,-1.721479723814953511e+00,7.363417692661093916e-01,-1.055719423754330588e+00
-3.022529239062786921e+00,9.622096264318220626e-01,-3.293965947793781601e-01,4.763450939020826835e-01,2.367078973899187311e+00
-2.997262067941257602e+00,-6.696027908667140371e-01,2.273934745975170202e+00,-1.130568079584657104e+00,3.450924325671331228e-01
1.656679230157300120e+00,1.654082494720719110e+00,1.324990979128292778e+00,-1.493469095219359000e+00,2.556046555890016059e+00
-9.969665885875517164e-01,-1.313722003933687432e+00,-1.191419445198762306e+00,3.022956834478220056e+00,1.649982969640670927e+00
-2.997316492568695701e-01,2.006594467511526592e+00,-3.261751602161724328e+00,-1.080143758231978390e+00,-2.792946987212829302e-01
-8.488119271993690429e-01,2.482603832394155496e+00,2.770062381398301188e+00,-1.011249285157552746e+00,-6.483253890264191188e-01
-9.992285300534334835e-01,-1.935158654406331724e+00,7.677171528367248143e-01,-1.175779898876932572e+00,3.047106058154319008e+00
1.924882648803392549e+00,1.275762397012093485e-01,2.513268784557781910e+00,-2.433760976676969889e+00,1.970751541193139222e-01
9.844022223984491005e-01,9.060035463433482317e-01,3.335565921053810001e+00,1.460707788373931226e+00,-9.749064477366317094e-01
-1.412242776332493399e+00,-1.262929349455247860e-02,3.541962833429241453e+00,1.066994084313374280e+00,-5.669512785845752800e-01
1.724395309757621675e+00,5.386199937455217190e-01,7.578124979110182347e-01,-2.633292622539278316e+00,2.286446916093519466e+00
-1.612205786803916796e+00,1.784440662315038173e+00,-1.055943926441055059e+00,2.573870909233901827e+00,1.573764591825704384e+00
-4.255303121326461380e-01,3.753088774752377788e+00,-1.174478703649040723e+00,5.881148705011737254e-01,-8.927080180129647047e-02
-9.335154924593525028e-01,-1.879465807971780311e+00,-3.550483703444549666e-01,3.383667185613417949e+00,-1.445480325776725694e-01
3.286426859990936755e+00,1.282858971975080475e+00,1.836798959581822377e+00,4.214527539747133789e-01,-4.710106367604599553e-02
-1.966143995074229212e+00,1.199276240118202441e+00,-5.000606859113221336e-01,1.376003749921520747e+00,2.924477266304066791e+00
4.372309316861114348e-01,2.715603195369771239e+00,7.722996365394487750e-01,-2.732383505414982316e+00,6.098869144452550017e-01
-5.375334287463603422e-01,3.647517419935272009e+00,1.372203839750077703e-01,1.230653152753430124e+00,-9.345254774957768573e-01
-2.466920226045345999e+00,-1.320551524862779269e+00,1.962824363197369193e+00,8.404148030917631962e-01,-1.900387262242630104e+00
1.452608613790098424e+00,-2.184301864988138497e+00,-2.046155087250627336e+00,-2.207554162862956471e+00,-2.422964190757929404e-01
2.644699965613867665e+00,-1.936557580097637787e+00,1.740491015841598932e+00,-5.533872577858820474e-01,-1.385554184268261046e+00
2.071798302042615170e+00,-1.667735672967174843e+00,9.009140388450194159e-01,6.070972251903041794e-01,2.783180981277403543e+00
2.003953339707562620e+00,-1.043646014205868555e+00,-3.087064126505298045e+00,1.052119792974101520e+00,5.079892020341849612e-01
9.561071962704321692e-01,3.141285518695587697e+00,1.636560121871337037e+00,-2.975612274813771441e-01,-1.565666823648485639e+00
2.531365217982286975e+00,-2.130317992084997059e+00,-8.314094371549153317e-01,1.553177275625084452e-01,-2.082923459252163934e+00
9.714659863461411193e-01,-1.784608463165278103e+00,3.427748735075763165e+00,3.449173396403105163e-01,5.474585439410102616e-02
3.101661205832396906e+00,3.099226076068056224e-01,-1.701028703590289792e+00,-1.057613675463200842e+00,-1.507182936661529915e+00
3.358156911651576593e+00,-1.724983092762027326e+00,-1.489209068650825807e-01,-2.216345694042345382e-01,1.294571808574317195e+00
1.920160771057504379e+00,-1.646269518058644410e+00,-2.561710885269516957e-01,-2.348153987899185058e+00,-2.005823648708648932e+00
-2.650647111814212309e+00,-2.880784519177776115e+00,3.529823328630722901e-01,-7.022352752280442978e-01,-2.396237334000530239e-01
-1.709448659713876939e+00,-1.098402838447531726e+00,-1.806209611788660130e+00,2.195003649621808162e+00,1.947013687862013231e+00
2.536942299886526531e-01,1.654505735626129903e+00,3.399767583570788343e+00,-1.121964511006849019e+00,6.172730531888670491e-01
6.242435123151749421e-01,1.626141778505823421e+00,-3.344215854498441942e+00,-7.062462619579421563e-01,-1.132881057093824584e+00
1.149476204657338796e+00,-2.955684457568997558e+00,-5.201881327720897508e-02,-1.957382697927817050e+00,1.452095334036189733e+00
2.014115108399939125e+00,-2.004104124481856930e-01,-2.774664994302502574e-01,-1.128928258547130081e+00,3.248339472014142082e+00
-1.648994365904032255e+00,-1.546651122264569800e+00,-2.882329259072586858e+00,-1.602972183974199494e+00,1.065181060363141197e-01
-1.165082970775370041e+00,-5.578544843649876350e-01,-3.414582396474510340e+00,1.111645130223827049e+00,1.198437402461700829e+00
3.058654132456105845e+00,-4.439872391682291863e-01,1.772446850338673663e+00,1.596494875580727779e+00,8.701416576822169624e-01
1.206927206528013663e+00,-3.469445352410231997e+00,-4.696586378018003383e-01,-1.140405445233459547e+00,9.925582346651303789e-01
-1.733269728554412970e+00,2.756161745559889908e+00,-1.372759024997453059e+00,1.178734070435066394e+00,-1.457898189474420514e+00
1.976842995164000749e+00,1.054017615173261424e+00,-1.028372860722962301e+00,-2.167119926422205745e-01,3.142709628799486232e+00
-1.704647489321255094e+00,-8.932177330175881114e-01,8.666045318463675429e-01,-3.083269083435856484e+00,-1.427861114774686691e+00
-1.433065318583120362e+00,1.987995529767982994e+00,7.624813276451803956e-01,-3.055540096068545264e+00,-2.765764136846181609e-01
-3.374141305269645397e+00,-1.965200776075906486e+00,3.810291516290136848e-01,6.565194100741199579e-01,4.206606846244502762e-01
2.825130065645091101e-02,1.575280466915321309e+00,-1.778813043407304395e+00,-3.189356134288346301e+00,4.260574137925606242e-01
-1.736652389793345852e-01,-3.850139975433162665e+00,-2.802503094799954075e-01,3.003178312942569872e-01,9.887019361692649388e-01
-1.382292685268867505e+00,-2.231136044757579651e+00,-6.802468419155523194e-02,2.861805149625047395e+00,-9.574668714665205416e-01
-2.274148924549315165e+00,1.044265871360576803e+00,2.325935184219309615e-01,2.817354643836212258e+00,1.321426700549587885e+00
-3.977738491356060946e-01,1.033652469406581620e+00,-3.512177195545591157e+00,1.559133646455121314e+00,8.397712197133161416e-02
-1.532396968513659363e+00,-1.312378315100398707e+00,2.041006516847308827e+00,1.132732920630493245e+00,-2.545708392108396279e+00
8.163530722548069107e-01,-1.062660070838745030e+00,3.607994087272054173e+00,7.317635112427753885e-01,8.069833115304625437e-01
2.420377212600867356e+00,2.512461253076724521e+00,-1.050086921908492510e+00,1.400982756514665750e+00,8.740007854092057826e-01
-1.976905783425567664e+00,1.086553190002817804e+00,-2.363806395304163921e+00,-1.440412481731149441e+00,-1.802464118018854755e+00
9.781959404306380668e-01,1.790147919740809002e+00,8.973168165631687510e-01,-9.933873082024311518e-01,3.169622582293977864e+00
2.471943310242467273e+00,-1.871526367919747136e+00,8.993583078558119448e-01,2.330486190160363069e+00,-3.832415383165007072e-01
2.346278558804547387e+00,-3.123761478350471243e+00,-4.144910687346910899e-02,-7.101155901469168308e-01,-4.807379442455318452e-01
1.711543312769333358e+00,3.354511241700882107e-01,1.174243097486360021e+00,2.568902735095286882e+00,-2.231587757053975274e+00
3.158213362386528722e+00,-8.640211990721716750e-01,2.092036063454144834e+00,-7.963573400516191780e-01,-5.180307146784451922e-01
2.471092260583298117e+00,1.822669154928352908e+00,4.531167428095767176e-03,-5.024457619118062324e-01,2.513783585795860365e+00
1.695169723994704558e+00,-2.682189991528712181e+00,-2.213455491643213424e+00,-9.912275156373921980e-01,2.243641124439237633e-01
-2.116850315347562184e+00,1.216645328471476439e+00,-2.779769178771905214e+00,8.435131421046249134e-01,-1.264945761275166003e+00
-1.912132005824325187e-01,-1.208538330276996142e-01,3.007181702622447883e+00,5.712382363068868596e-01,-2.565029619275240869e+00
-6.109424340136691139e-02,9.809666383738209205e-01,-8.539407742225619824e-01,-1.414631477038192642e-01,3.779516540482747544e+00
-9.171061212920326167e-01,-1.967924570812681129e+00,2.022413916623469365e+00,-5.905302440803502501e-02,2.681891857632666465e+00
3.059654715564309235e+00,-7.077300341293715213e-01,-2.465725940975908248e+00,-2.083047097117260160e-01,1.201497075597979247e-01
4.262667031781293414e-02,2.630325771478398966e+00,1.880477834819096028e+00,-1.350508743211451979e+00,1.928600152996387207e+00
-6.501659859008922515e-01,-2.086449009795323217e+00,1.695605026633842050e+00,1.382162271863285774e+00,-2.537432909101914547e+00
4.512826706576206770e-01,6.446743592008130630e-01,1.496492405471839260e-01,3.914566083688216125e+00,-1.857859063403278777e-01
-9.079282520975443527e-01,-2.330876834595696945e+00,-2.806358958329253639e+00,1.312762976117328506e+00,3.790543978493911004e-01
-8.007959875201263733e-01,-2.916436242361517994e+00,5.063716854273289103e-01,2.511347302929208158e+00,-5.383752138421404876e-01
2.371277613884132052e+00,1.576337902016957226e+00,-2.342173753750479204e+00,-1.190137727228682163e+00,9.949852230189594193e-01
3.374203415377407200e+00,-1.619148473064200955e+00,1.152466691558862388e+00,-1.383151413114045158e-01,-8.036161897079233674e-01
1.192795932264251846e+00,1.464945893939405774e+00,1.000204398275092554e+00,-2.067310550855523399e+00,2.675255060699170517e+00
2.021490666066616537e+00,-2.584254502989495439e+00,9.051429887081199332e-01,-1.920284360382195299e+00,8.534801087595068614e-01
2.111764699221664321e-01,-1.209919999715463490e+00,-5.353690960360062423e-01,1.974521459395212508e+00,3.210318213236366791e+00
3.688951339956249298e-02,-1.020691215345782998e+00,-2.254936374242108243e+00,-2.941805414117483863e+00,1.103572136430602590e+00
-1.990218388474286559e+00,1.701653188815243967e+00,-1.842105003396350971e-01,-2.347817826627483839e+00,-1.896635214190790508e+00
-2.703692107352063667e-01,1.258839060792531717e+00,-2.521169982953804567e+00,-4.767548781547082948e-01,-2.785431997396058623e+00
-2.063351994782010923e+00,9.372059176290523097e-02,-1.651893366197128676e+00,-3.127030818775793364e-01,2.984503323102000838e+00
3.128290727948803696e+00,2.156571372858755442e+00,1.962108541815583140e-01,9.966440116898169777e-01,-7.288340345097913398e-01
1.376562447076805640e-01,-1.941671384527049016e+00,1.550052266933303224e+00,2.695063895687811684e+00,1.595284163005686651e+00
-7.881373020451152289e-01,2.652661554608761185e-01,3.182086184934518780e+00,-2.147471610689834165e+00,7.557556832880208963e-01
-3.122408921256470293e+00,-4.634455578119963670e-01,5.655338059168263376e-01,1.022755702965619573e+00,2.161000469647996969e+00
-3.597582942058907385e+00,-1.015496504289575608e+00,6.497616423361577409e-01,1.066402003951985727e-01,-1.261983161769886896e+00
4.319076316662116555e-01,9.495734769557093724e-01,1.767857520113839342e+00,1.528632594954900226e+00,3.074041019210564496e+00
-5.425658073737662512e-01,8.090668207669446943e-01,-2.335839188817165901e+00,-2.003119435289186789e+00,-2.362710527372242630e+00
1.701434457165882819e+00,1.947149581143915231e+00,-1.408715359098812625e+00,1.443046204239589514e+00,-2.290604284045703931e+00
-8.880693778340859046e-01,-3.829501497061292836e-01,-9.271309735022457976e-02,1.828205089179226084e+00,3.422535959850873777e+00
1.431474540982866417e+00,-2.585596729576689956e+00,2.273889999685916763e+00,-1.156288194166810612e+00,8.706274012911914273e-01
1.875510846224676398e-01,-3.955357618848181350e-02,1.995934809634526852e+00,-2.027438776021786015e+00,-2.805173140902376794e+00
1.060060807642733360e+00,-2.100731066026981508e-01,-3.380794635635572476e+00,-1.816688827585512866e+00,-3.193895886935503303e-01
-1.399584096019609036e-01,-1.326302872672749267e+00,-1.238998876524186832e+00,2.689800888383024891e+00,2.334777355198434101e+00
-6.791653751545924100e-01,4.750041856688789754e-01,-5.419697756755756934e-01,1.399819457279636303e+00,3.613845550942054174e+00
5.530114815114078874e-01,-2.645333199564675830e+00,1.085954955851986314e+00,2.731985933095395058e+00,-2.309659278483842670e-01
1.767565782971501021e+00,2.796352948508887604e+00,-2.148275988698961303e+00,3.478559521146086797e-01,-5.657100875819107699e-01
6.179834091908306126e-01,-1.056608283865202003e+00,2.926857231713531515e+00,-2.353753491223114391e+00,6.285114860951357407e-01
-1.902064492109223348e+00,2.630526696397222253e+00,-8.002230089740588470e-01,-2.137553062754983024e+00,-5.029811201368218354e-01
-9.928166336964441285e-01,-1.738979804212486213e+00,1.655187525261215820e-01,2.061155884911722413e+00,2.777499654914961980e+00
2.518628811292954239e+00,-2.072682331307391240e-02,1.436202767386374868e+00,6.504903236665867672e-01,2.677734725376702318e+00
-2.887046871342596077e+00,1.896346603132943898e+00,-4.421498667831051388e-01,1.339290548315155593e+00,1.442093702210243578e+00
-3.835113065606402305e+00,6.517930998733234560e-01,3.990194505041931849e-01,7.816480824621946377e-01,3.112607946322419883e-01
1.119297999974807389e+00,-2.229712982944329069e-02,-4.366367644464816400e-01,-1.035625029905129724e+00,3.671989101103307007e+00
1.486692603334572427e+00,2.464530733142836993e+00,2.187614389600814668e+00,1.445239064769264781e+00,9.173116682246118536e-01
-6.936980847792888483e-01,-2.137830099644562054e+00,2.109434463901920687e+00,-2.031587735260866889e+00,1.539936020965710695e+00
-1.180077231693274165e+00,2.122426873509066336e+00,1.197862186811268659e+00,2.680225460868681076e+00,-1.218293706035066926e+00
-9.921892123477199510e-01,9.562383094627920910e-01,-6.565687089404655952e-01,3.691099303403375664e+00,-2.141782558335950382e-01
2.036625443173848193e+00,-1.853269546711527438e+00,1.973244318488232452e+00,1.783892853202115214e+00,1.158266782436975673e+00
1.166854511111764969e+00,3.884883010507861889e-01,2.863035672208915194e+00,3.288930907787993713e-02,-2.507882059199040725e+00
1.024612151458978104e+00,-2.786107814324553011e+00,-1.675282643513448910e+00,1.426019442100023626e+00,1.532210756109482874e+00
-1.665034995068742196e+00,-5.811320407893498796e-01,-1.310021358695061429e-02,1.135512961508478691e+00,3.405933457220599259e+00
7.580051532950983495e-02,-6.966146706557223567e-01,2.775235342514934977e+00,1.623016365781219106e-01,2.789392273403487277e+00
-2.472583928867083891e+00,1.178932873855679464e+00,-1.518382998462279865e-01,1.372301914885042828e+00,-2.567134312565912513e+00
1.129010614627468545e+00,-2.535312911608650577e+00,1.300644168637368238e-02,1.383762690744487767e+00,2.526371928372226794e+00
-1.948541222073139956e+00,-3.099811908844715358e+00,1.395462212365710331e+00,-8.024157906244357985e-01,-5.627920115064032752e-02
-2.376129916817654841e+00,2.258659045807378529e+00,1.445257141147909374e+00,1.077323808315898912e+00,-1.415298958239328719e+00
-2.431713697409181751e+00,2.478371089852390963e+00,-9.351804460256294416e-01,-7.470768736715857061e-01,-1.584852962584490044e+00
1.743704264347965882e+00,-1.877002013252041746e+00,-7.919929037065178701e-01,-2.634516700672724809e+00,-1.366904486457454881e+00
2.397573417285127628e-01,2.691294431822564448e+00,-1.350840728253317247e+00,-2.010514058522609560e+00,1.683007203104945004e+00
2.467797859014908113e+00,1.642561729565827910e-01,3.740350717313980500e-01,1.703701109245025824e+00,-2.615433794260380029e+00
-1.320728349373251120e+00,1.080922737593233318e+00,3.494060734128175749e+00,-4.480235808423687627e-01,8.234665261858646890e-01
-2.605609347893705907e-01,-2.675053320410763824e+00,1.117747773956136559e+00,2.546503847907759077e+00,1.020860322780799079e+00
1.321650726786494645e-01,-1.987831962053167034e+00,-1.939617953410862183e+00,7.435288015839306430e-01,-2.777787536912267097e+00
-1.500445049271847076e+00,2.265042947943250784e+00,-1.038388826903321682e+00,-3.070689522318936215e-01,-2.728681439967975741e+00
3.594287051763693785e-01,-1.546565195796295145e+00,1.347411602869587055e+00,-2.786376910425298004e+00,1.974723470906240008e+00
-2.287164695691004113e+00,-2.372933507734245884e-01,1.710635078605751369e+00,1.540659993120067517e+00,-2.326513256765618820e+00
-1.978842802232165521e-01,-3.337861862173480132e-01,-3.740498510206809790e+00,-8.586324375454893465e-01,-1.058701953274077789e+00
1.290995553622138914e+00,-2.369811834348399593e+00,-1.572935929261012777e+00,-2.481655595289897320e+00,-2.908271292645794870e-01
-1.373808859397412485e+00,2.981634780077018210e+00,8.127198871397762758e-01,-1.688045419810597858e+00,1.308622291488351408e+00
3.292673836107403940e+00,-1.295097732453147632e+00,1.518503002232922228e+00,1.023052558583603444e+00,3.585149466809016139e-01
2.063787943300629202e+00,7.127468316743422738e-01,2.726066775684548915e+00,8.773554309583868616e-01,-1.741142918114941818e+00
2.778615000175074456e+00,2.704705921184334949e-01,1.609255632896882560e+00,-1.466631914925243363e+00,-1.861566940433124095e+00
-8.124185865371389426e-01,-7.649134652375338961e-01,3.922763028776945493e-01,2.711696134005049164e+00,2.692156535190697753e+00
1.228908544685274551e+00,1.413801359332561125e+00,-2.014858972852998864e+00,1.969429249216199773e+00,-2.133691931135888620e+00
-1.435696955964500976e+00,-2.363931603244001423e+00,7.552954067499018098e-01,-2.121400740790123862e+00,-1.811018876581943493e+00
-2.608768612464489323e+00,-1.222559673265767755e+00,7.773758271644478635e-01,2.414651572422227943e+00,1.124641622501877380e+00
-2.815195446213375252e+00,1.127624808113578014e+00,4.299002057549315414e-01,-4.555844942457937807e-01,2.531948947637168157e+00
1.887043827578929855e+00,-1.958437456657740938e+00,-1.946323779702868295e+00,-2.064955631517749968e+00,7.425431338195069841e-01
-1.804029804383026292e+00,-1.770938920877421219e-01,2.134886738867888045e+00,-2.476488755115988649e+00,1.422454314300831024e+00
-2.399255860993679157e+00,3.073968588769649735e+00,5.555087969957603899e-01,-5.178144466923541023e-01,-4.664403541740634318e-01
-2.943400308024778145e+00,-4.746914499028638268e-01,-7.310597802743848961e-01,-1.323222101997724165e+00,-2.196747031535185357e+00
-8.553029537383358694e-01,-7.063002508318682038e-01,2.912506346966633242e+00,-2.325839728906790249e+00,9.366819883606094521e-01
-1.763428871779092022e+00,3.199214192302821225e+00,-8.314554224875225774e-01,8.293560760710884106e-01,-1.129689136640777747e+00
8.690147845228876067e-01,1.208255984222331270e+00,-4.586512465720016807e-01,-3.137964127063102016e+00,1.930738447370492272e+00
3.539913248121911327e+00,8.511501047137465248e-02,-4.411901860334807579e-01,1.806445029047370809e+00,6.226722686315783184e-02
-9.230236618415647021e-01,-3.033904327954103919e-01,-3.686430781722568550e+00,-9.254620644010086439e-01,-7.808518578397317667e-01
2.010070041494790072e+00,-2.662935737591952456e+00,1.766761705453703257e+00,7.598533433942241677e-01,-1.081465514205459000e+00
2.262792765771581838e+00,-2.783089660414645117e+00,-1.597823651590534605e-02,1.046619917803543798e+00,1.427764786258449048e+00
3.019918134953043065e+00,-1.737616641575294718e-01,2.223158225472511074e+00,-6.339424336747087052e-01,1.227023160967813942e+00
3.185938776896830582e-01,6.608446862918211373e-01,3.658289621589325691e+00,7.255069212472191609e-01,-1.245928968076723597e+00
8.609994605495860931e-01,1.235481418297336154e+00,2.097406745709650799e+00,1.872497771553522483e+00,2.413897809053661359e+00
4.648320683406049203e-01,-2.265864767260976187e+00,2.219510468077402265e+00,1.684598512550361749e+00,-1.698731626342284029e+00
-3.419641015680902729e+00,1.828346035334468711e+00,-3.520730395144827107e-01,6.011176437062398792e-01,-6.913090858810575501e-01
3.060688215206471163e+00,-2.345847397451907290e-01,-5.443236309731082079e-01,-1.550977997025294819e+00,-1.968587485148313831e+00
-2.919228029066051278e+00,9.348031270104202317e-01,-7.074496175219586735e-01,-1.569225283869698728e+00,-1.908218508237140565e+00
-4.479961027416113489e-02,1.957381184775582594e-01,-3.571987109755835554e+00,4.594261421622986008e-02,-1.788428625310856335e+00
-3.464081009633284136e+00,-1.614972232061732349e+00,-2.215069162181490803e-01,8.781914934419252639e-01,-7.561228969429250046e-01
-2.947303705649507055e+00,1.188329758368704248e+00,-2.426852567003643379e+00,-8.855646497710732701e-02,-6.178691268097022404e-02
1.513180823650012385e+00,6.649210986595920359e-01,-1.385229569049241327e+00,2.788579550621594905e+00,1.890271636136432010e+00
-2.443957843503717253e+00,-2.801323295389813062e+00,-3.761397015243490849e-02,-1.457194567981384692e+00,2.341517332370917359e-01
6.176937330203838838e-01,1.197920817410186078e+00,-1.126277148020160324e+00,2.422707766883798186e+00,-2.654322329622223364e+00
7.710810800694438694e-01,3.685888953317418615e+00,4.772858653201916268e-01,-8.907324820130145815e-01,-8.935605407716118442e-01
-1.576389802179335442e-01,2.007125682304025105e+00,1.577014114942505651e+00,-2.698191187933592250e+00,1.476274785390941258e+00
2.452752653526812932e+00,-2.071263247159826459e+00,-6.468770201290487964e-01,2.295893873566133170e+00,6.553185280888491893e-02
-1.094302145414803640e+00,9.455189264949210859e-01,-1.233023520204501677e+00,-1.612600428778486528e+00,3.128525152512983354e+00
2.018492806809130347e+00,1.938747159634220951e+00,1.825010314394467148e+00,2.125637630034715286e+00,-5.638690078415766749e-01
3.251428437814181116e+00,8.321618843454840764e-02,9.982555365286463478e-02,3.086567373715045637e-01,2.305656968646623728e+00
-1.130707726699474058e+00,-3.230566135703425434e+00,6.760054868790457139e-01,-5.587243592957029659e-01,-1.875042973285512948e+00
7.991799936802648219e-01,1.673742367599026393e+00,1.917515331541439494e+00,-1.173250888249538715e+00,-2.739802024075901343e+00
-2.342092436722792159e-01,-3.545105948284022368e+00,1.104091635443629871e+00,6.428767512343375179e-01,1.321007565794191096e+00
-1.161932765858288086e+00,2.103229601813290994e+00,-1.297789930959899474e+00,-1.008434305662668118e+00,-2.743198686924256613e+00
1.979933986615931785e+00,4.763437975056016294e-01,1.617172022030757050e+00,-2.058306316876397091e+00,-2.236311193078628357e+00
-1.081580360482010228e+00,-1.500136361812587582e+00,1.072701487355388617e-01,-3.417222529429289946e+00,9.438528059705288964e-01
2.249904515863438537e+00,-2.616513636269968579e+00,-8.828678533683086416e-01,1.594938217991707985e+00,-8.766427407951788986e-01
-2.654870127959471748e+00,-2.504439357521703879e+00,1.354459036777750924e+00,8.890640193688941206e-01,-2.333537985965718209e-01
-1.417809445035171700e+00,-5.665948194571672758e-01,-2.828735062746785545e+00,4.719050861317117262e-01,-2.333313142851451527e+00
-2.208609854364537439e-01,-1.005895840693462828e+00,-1.299823303717600131e+00,2.896799749177072059e+00,-2.204178889080454784e+00
1.439040100413590872e+00,3.614179959909239459e-01,1.798043037057228677e+00,-3.122982637707000020e+00,-9.014218230363582052e-01
-2.174559478353482067e+00,-2.311194728027976542e+00,3.723653208958495608e-01,2.238374807389645671e+00,-8.835679338207212963e-01
9.299330750814722713e-01,-3.159705739804923308e+00,-1.863076972622644600e+00,1.020361337135561541e+00,7.995567831464543973e-01
1.072699570695881288e+00,3.037434612917857990e+00,-3.250971224605102572e-01,-2.088400979405581115e+00,1.075267321861461678e+00
-1.675540135035287870e+00,-2.847764964352179629e+00,-1.417525460279938976e+00,-1.187701466713193543e+00,-1.289490891445004062e+00
-3.099687113809534433e-01,9.460437007767716899e-01,1.508708550783091518e+00,3.163392130086203125e+00,-1.650960161326759046e+00
-8.418201251078223368e-01,-2.979616504723307191e+00,-2.186233474764082363e+00,1.197782828973391167e+00,4.460088005649445186e-01
-6.055441030851465012e-01,-2.362639861653069939e+00,-6.188442003740862729e-01,-3.025612146501641675e+00,7.169046086836468046e-01
3.719911096691119745e-01,-2.212127638430646304e+00,2.185901734877327751e+00,-1.372281428591635599e+00,2.075280995870482315e+00
1.235204380159322435e+00,2.684475136625983152e-02,3.087984041294035809e+00,-1.956725567280414912e+00,-1.053151989801948130e+00
4.883178983867342282e-01,1.884655523751812778e+00,-3.480154869755708980e+00,1.112826661842045151e-01,-2.928437085366620840e-01
1.129231998397053766e-01,2.155634459589685914e+00,-4.831108675247036688e-01,1.409887797441738089e+00,3.019819318414904252e+00
-2.657951332387673560e+00,-2.277477283409167441e+00,-4.625894113094476401e-01,-1.772503221063427725e+00,6.266061810084061490e-01
-3.626917463763144056e-01,3.702894709460518907e+00,1.037251777743745107e+00,-4.143567519436241464e-01,9.536470518205212299e-01
2.895134310328927318e-01,-2.272162185806044565e+00,2.948597646689914420e+00,-7.141452993930692550e-01,1.244680434462653862e+00
-3.188802755245512266e-01,2.525266122427043847e+00,2.032879301077190171e+00,-2.299613332838184920e+00,-3.170593753359770006e-01
1.352882909123251487e+00,-4.056199553388933343e-01,1.967104024067073187e+00,-2.804205607437412873e+00,-1.507352963226855191e+00
-7.088250993896280661e-02,1.474909247600191681e-02,-1.421409623038145886e+00,1.122448541506166908e-01,3.736543042747821897e+00
1.084616464136452935e-01,3.681197430293639550e-01,-6.751433668225756413e-02,-2.721460283828768922e+00,2.905480969466884389e+00
2.807391525576403701e-01,2.021664740784036240e+00,-2.767171123462822124e-01,3.162206401844430026e+00,1.325871606137136727e+00
2.770364541635918165e+00,-1.046859160403295519e+00,-1.426893534879452918e+00,1.553340641970564873e+00,1.667415333637005670e+00
7.953746005563180344e-01,2.161086251308068640e+00,2.759098911693825151e+00,5.294607726209029641e-01,1.674553655438589805e+00
-2.118606338527831312e+00,2.943943886196684456e+00,-1.483087607707292976e+00,-1.635708404835901630e-01,-7.863824166926735026e-01
3.670519460829733266e-02,1.535956845458817277e+00,-1.760515610662336972e+00,-2.619358827052760130e+00,-1.918080659756510986e+00
-2.364382404654522762e+00,-2.374772577294930950e-02,-8.886788955986475447e-01,-4.031385226762888851e-02,3.101250796680852240e+00
-1.272384826909684241e+00,8.778198780648189814e-01,-2.127694258212249334e+00,3.004498166956313554e+00,2.374384599239523774e-01
-3.715061176964080669e-01,-5.925733792726017857e-01,-2.307307311182150045e+00,2.139305623579261351e+00,2.368658779853936025e+00
1.614404122104726946e+00,-1.562404354187686861e+00,-1.669237367275501871e+00,-2.825770126677173533e+00,4.257484790538266228e-01
1.778232947937444797e+00,1.272944385052816596e+00,-1.984802409127493394e+00,1.770118646106051630e+00,-2.035863342874856041e+00
2.447475313463289393e+00,-1.698529552881884230e+00,-1.186118894764284670e+00,-1.134945754915128058e+00,2.104728497659002606e+00
-1.908745771342463260e-01,-7.512846938445038036e-01,1.323007749599990346e+00,2.562437982873699838e+00,2.661334305010050194e+00
-1.573718968932448448e+00,1.230578049242945227e+00,2.296734325821274680e+00,-1.163052485654630042e+00,2.319785900412039581e+00
1.034339514396958037e+00,-2.391613636867803150e-01,-3.040748504883482362e+00,2.370148839041495759e+00,-9.584686701015703025e-02
-1.956099907068757693e+00,-1.332171459173757677e+00,-2.975178391181109827e+00,-9.774969272828012423e-01,7.692890579815376828e-01
-1.268845674717526295e+00,1.882883145453266849e-01,-2.468420592235816891e+00,7.534085270470550766e-01,2.773779647981301277e+00
-2.181747813889256982e+00,-2.801482234136133620e+00,-1.340156739659499108e+00,-1.204261354289556607e+00,3.813243660179220229e-01
-1.168287127016986865e-01,-1.056306912409507914e+00,2.754868453192705680e+00,2.361073129476211729e+00,1.306369106169230188e+00
-5.742774927225475778e-01,1.711425524100361195e-01,-3.757094256398384680e+00,8.627260311856131958e-01,-8.836640378333109336e-01
1.321742159228212143e+00,-2.744498748296269941e+00,-2.454248204210396800e+00,7.967610103962318169e-01,2.501238284557703584e-01
1.843011183201376912e+00,-2.214442055263176723e+00,1.094550928799641332e+00,2.316387173998342153e+00,1.065769621858437155e+00
6.007962761594101142e-01,3.529800930181440588e+00,-8.766729544825326848e-01,6.405628237770321087e-01,-1.414451493518558811e+00
1.997827542786679400e+00,4.879430878739232091e-01,-1.810817452653826765e-01,1.741963808007036985e+00,2.950147139619355485e+00
2.474100475860899484e-01,-2.864866998214627425e-01,2.181369380281785286e+00,2.868301516978614352e+00,1.694457929146101938e+00
2.301630160490179655e+00,-2.819099557034681514e+00,-1.121656723589800730e+00,8.123416463235174634e-01,-9.149664124562154610e-01
1.714469972514673701e+00,-2.504361445906251760e+00,-2.221516986606932420e+00,-1.353522937071110821e+00,1.469843482930498768e-01
2.969449218912587618e+00,5.249113132699001483e-01,-7.593815771816939675e-01,1.498710202067450092e+00,2.020902471658807986e+00
-1.452262235214282882e+00,-1.027668827104238902e+00,-1.474612808681861731e+00,2.095488128388362181e+00,-2.503852581567741264e+00
2.479275625208260170e+00,-2.530962788979510769e+00,-1.350026387069591660e+00,-7.787854103874853884e-01,-1.009129215627352583e+00
-3.020183154122910718e-01,-2.136393745531419697e+00,8.219883569855480632e-01,3.096804762954056045e+00,-1.038625101918410065e+00
-8.865153950887414425e-01,-2.360603289346484834e-01,1.801163956458500692e+00,-1.901774830043599041e+00,-2.880525450875468518e+00
-2.122907789814234558e+00,-1.384665711273658506e-01,2.984362704784037312e+00,1.601618454511548828e+00,4.987080396799371124e-02
-2.614343360617512602e+00,-1.746377158527683549e-01,1.334484736704720120e+00,2.748170914401505405e-01,2.697839230708784619e+00
3.213368288122654626e+00,1.310115467201069250e-01,-2.182778326499053012e+00,8.157045371803182121e-01,4.766603664068582713e-01
3.236096780100010672e-01,3.449760687641611590e+00,-4.285873344389780626e-01,-8.477128801556163551e-02,1.950270417092822450e+00
2.031690914017561855e+00,8.522736980884900726e-01,1.144673018563365119e+00,3.093792562515508493e+00,-5.138412538341143865e-01
3.648357064086594548e+00,-1.368427143328235118e+00,6.508272835297058689e-01,4.693682021724498998e-01,-4.159509876592619726e-01
-5.207849781553648416e-01,1.387021119771406630e+00,-1.700545178247593603e-01,2.269852068480133322e+00,-2.936632164235017495e+00
2.947035888770500822e+00,-4.414125402869377712e-01,4.923794991360505025e-01,2.326700742354913753e+00,1.210025009630678383e+00
5.034727369461563518e-01,-1.891488223581970107e+00,-1.268456311648276991e+00,-9.453276032637625281e-01,3.109045160680350861e+00
-1.694369132736922356e+00,2.602304706404939161e+00,-2.081536871605172756e+00,-1.110756363326991236e+00,8.891276682950431942e-01
-3.070996391135741854e-01,-1.414112147163024691e+00,-1.751267664576874550e+00,3.244586431942012350e+00,5.582983965296246520e-01
-5.010081115133421109e-02,7.667404121645102766e-01,3.846072109209495604e+00,5.995425503584910221e-01,-5.078160199779339079e-01
-1.897094442024613414e+00,-2.190158859971715000e+00,2.525236451935010340e+00,-9.892057603625786788e-01,-4.988884360364479464e-01
-5.391680084045051835e-01,2.568789436369010470e+00,1.081022134463575535e+00,-1.465717615977097710e+00,-2.407006793784830734e+00
3.515638066201015377e+00,-5.139506912274941497e-01,-1.805700657285611799e+00,2.124150314104956694e-01,2.654593474985500468e-01
-2.608055216766579143e+00,3.009298598766251831e-01,1.201115880156945037e+00,1.609145369765281552e+00,2.252878387114809922e+00
-3.656564155565436458e+00,1.473530853800300466e+00,4.312586316984833301e-01,-4.764468613237134997e-01,-2.127434606584192034e-01
-2.802049419703485089e+00,-4.906118652707208705e-01,-1.114565251477536711e-01,2.753149603111240129e+00,5.617506146728779015e-01
9.075329292040330564e-01,1.442121421141551618e+00,-1.359424383163052141e+00,-2.279464555394894010e+00,-2.460218786257663659e+00
-2.279754242539757669e+00,-2.099946482636848022e-01,-9.195056763512530207e-01,-1.563082838358909710e+00,-2.733112546696213840e+00
-3.219573901843228447e-01,-1.059386775928392144e+00,-2.051495424924886457e+00,1.908928694905603685e+00,-2.630855537115634135e+00
-9.184091932065466812e-01,-9.318098352618142677e-02,-2.728800457472416507e+00,-1.152493688898183821e+00,2.524529306324442945e+00
9.532838778085985787e-01,1.546271606012976640e+00,-3.892024571348238760e-01,1.243471864645385505e+00,-3.317015697572713862e+00
4.802728285246646300e-01,2.746052303291610208e+00,3.187527562486754951e-01,-2.123138378305591267e+00,1.902423418883802286e+00
7.223529409075646335e-01,3.097856757837754493e+00,1.102314536609942802e-01,-1.762589008181214556e+00,1.662112737314677569e+00
-3.311126774608525558e+00,9.864810534879081549e-01,-1.957534413947077390e+00,4.809402137238543706e-01,7.081145109033086874e-03
-3.303527640904705631e+00,2.870126560946277897e-02,-3.756058944994896120e-01,-5.093036425258177374e-02,-2.223107661168334470e+00
-2.931663167601029851e+00,-1.801023589181210971e+00,1.056760561460530434e+00,-1.008570466774346253e+00,1.423976064488628790e+00
1.503448515864366009e+00,2.759005026425424223e+00,-3.599427652505984288e-01,-8.580498456325490464e-01,-2.293845132622991834e+00
-7.112619526576150486e-01,1.023145724989372951e+00,3.467218181667787835e+00,-9.533823926674932503e-01,1.231559724171576775e+00
2.220467307214694319e+00,-2.264042620013330787e+00,-8.269765459203805014e-01,-1.507512034497895170e+00,-1.728338280168414176e+00
-3.723329119990291258e-01,2.905786198655682107e+00,-2.089811436589002813e+00,-1.449895252283455394e+00,-9.737898578503415559e-01
3.742866809912254733e-01,-2.265421432357328957e+00,1.691937327012804360e-01,3.268942288703262644e+00,1.147388695722812990e-01
4.470269121376439503e-01,2.870863537071673299e+00,1.122180401767864266e+00,-2.056712712630783813e+00,-1.438385711458522787e+00
4.579994986127176038e-01,2.397514070873779879e+00,2.810755189385966690e-01,2.780101558012489260e+00,1.494722254809454975e+00
-3.485201330260573327e-01,3.064009425397734354e+00,-1.708764576093516396e+00,1.506031034815055847e+00,-1.141216063509089995e+00
6.885477411636677925e-01,2.042544213321275670e+00,-2.083539959050831669e+00,-1.943438463515589243e+00,1.798839437618825032e+00
1.963743040788191729e+00,1.456149425031575184e+00,1.283792180929569648e-01,-1.692515903226829099e+00,2.672498983240642279e+00
5.073899116571508605e-01,2.409751645028998190e+00,3.058869597379683558e+00,7.235811077217542131e-01,-2.353713100677263526e-01
-2.159786429773361549e-01,8.290901421650235248e-01,-2.059269673161647329e+00,3.267244763486125692e+00,5.920159040191905753e-01
-1.327535010263770410e+00,-2.839316065516069187e+00,1.338221472177898663e+00,2.018904678978673317e+00,5.559876484476554692e-01
-2.687241419284904342e+00,-2.931661799398083690e-01,-2.385865559376840750e+00,-1.051403390064524102e+00,-1.376584029167640777e+00
9.965728388543660943e-01,-2.848673111612229025e+00,1.411787732422419062e+00,-6.453338971749053021e-01,2.117145162659816560e+00
-2.805957731411038658e+00,2.285450368156821899e+00,3.706679651941095777e-02,1.631000624050698455e+00,-4.917121527565530559e-01
6.639101419814807947e-01,-5.242031611439191829e-01,1.457377239277688474e-01,-3.539824506036077789e+00,-1.653129562832762911e+00
4.827756380399734204e-01,-3.537551236308123515e-01,7.523765317178323642e-01,1.517012748792268884e+00,3.574127427826547798e+00
2.372818183633084388e+00,1.736501567024367476e-01,-1.269753776130695400e+00,-2.853669700756548799e+00,-7.641165339680050517e-01
-1.457849320326573661e+00,1.454623311905159921e+00,-2.509392015034439094e+00,1.842576687050272222e+00,1.437570605885377217e+00
2.611340274210131707e+00,3.948329437348059301e-01,-1.440383940796486018e+00,1.047872945606304729e+00,-2.419145574741588423e+00
-3.935016587948496625e-01,1.603156085476141302e+00,-1.993758787147161149e+00,9.770729720041574362e-01,-2.888823517658869022e+00
8.994539252233206827e-01,2.211628825524892261e-01,2.683934774435055015e+00,2.128636876486571960e+00,-1.845933040611488440e+00
-3.490895220890306017e-01,2.541118918116445968e+00,-2.115863571768755946e+00,-1.781634972331496147e+00,-1.330319255136025447e+00
-7.644360086900912898e-02,1.004546822011559204e+00,-8.613302716778781232e-01,-1.650867440479944603e+00,3.393786810529967113e+00
-3.826804661836550325e-01,-2.818318894571736788e+00,-1.116798248072903954e+00,-1.201405533876050979e+00,-2.284736458669730297e+00
3.325409134588479088e+00,1.802872584631107111e+00,-9.637416846300477236e-01,-7.191321318086857373e-01,4.953336991239241094e-01
-2.254609252314614676e-01,-5.063417995121074489e-01,-8.256115800579629793e-01,3.851640287070438706e+00,-4.195449572462540688e-01
6.091241524587542866e-01,2.908378324948997840e+00,-1.922426202345397295e+00,1.738509048321501771e+00,-6.724336928637548727e-01
1.844658976239806680e+00,2.071426107444708453e+00,-6.070971007215412302e-02,7.002200823957795972e-01,2.795073041994961649e+00
-9.334317480493976582e-01,-2.251522655451644539e+00,1.158658239071640450e+00,-2.821643431639273558e-01,2.938919065268674302e+00
1.755000993164697487e+00,3.919961911755804329e-01,5.160892700768995311e-01,-2.357384824420679870e+00,2.634900217275284007e+00
-2.985346531659708535e+00,1.069372176969989874e-01,-1.466909610376167628e+00,1.228094058257620080e+00,-1.848305087488789411e+00
-3.566167704257941384e+00,-4.620720761623168388e-02,-5.659873784385982542e-01,-5.948563599837094484e-01,1.614347235729379326e+00
2.515707260110406018e+00,-1.511018559147786933e+00,-8.227723865811383819e-01,2.568874364531190668e+00,3.346191782800129189e-01
-2.553984127374488544e+00,5.040934284010005761e-01,-9.202679757349867540e-01,-5.263749042004950418e-01,2.845890230776065621e+00
4.156583865865909888e-01,4.324503023899884946e-01,-3.321195864163196898e+00,2.141237370149578823e+00,1.580360660204924717e-01
7.772839893682831347e-01,-9.930056946242408200e-01,-1.067283603349705956e+00,-3.501497541475805608e+00,-1.005082069970065772e+00
1.895799572399536448e+00,-1.584916382853290173e+00,1.496559489748778615e+00,-2.661332362947182784e+00,7.560448321533698168e-01
-1.296736310816440252e+00,-1.674817148090845809e+00,1.140587017457250329e+00,9.755945015937536047e-01,3.043146247675097005e+00
-9.372125293807919144e-01,-7.823256353554175480e-01,-1.887810744154709910e-02,-2.903459641872606856e+00,2.465596276788602381e+00
3.883800365719965342e+00,-4.323069951016309531e-01,7.171793562216969287e-01,-4.343031426501113845e-01,1.619874455423450654e-01
-9.956460567517574356e-01,2.658476005580608259e+00,-2.321287044174017655e+00,1.586104760455606000e+00,-1.925938857720189967e-01
6.153398818234953049e-01,2.957077232655526355e+00,-3.043171070548861268e-01,-8.131287040967601909e-01,-2.474522959860232518e+00
1.553532387866346953e+00,-4.312847649092365065e-01,3.269809558979085207e+00,-9.180697534332066256e-01,1.366024870654836576e+00
-2.423939646150920169e+00,-1.008373894890265854e+00,-1.207650347299194377e-01,-3.008034919190159417e+00,2.117555459507876048e-01
-2.800901294657796026e+00,1.102307799258763543e+00,-1.749599406885853137e+00,-1.587498825878227882e+00,-1.165598063887161251e+00
-2.741161508093862942e+00,-6.678919698278841244e-01,6.393061587471354779e-01,-2.762396309561679253e+00,-2.020315549617963599e-02
2.629436244241696863e-01,-1.236191138042812998e+00,3.278640691916024252e+00,1.540009955064941538e+00,-1.132067432714318533e+00
1.201293735122586526e+00,-2.160687920630731451e+00,1.458626736843862570e+00,-1.957234794450793958e+00,1.982412942237578690e+00
-1.027208451509504350e+00,2.033255829942677728e+00,-2.372804579834220551e+00,-9.867066573073792757e-01,-2.051078234854683213e+00
-5.740264907428080932e-01,1.886506677718442770e-01,3.695813702205021478e+00,9.555506192141030031e-01,-1.030916391463386983e+00
1.483690030356208112e-01,2.244941441680545324e+00,9.775861280402050602e-01,9.868587860869297845e-01,3.001442929817237371e+00
-2.522259558026305193e+00,1.928553880894914585e-01,-2.332771505952709212e+00,5.455718111904984957e-02,-2.038679507974038962e+00
2.089717358803724778e+00,-1.647529608573065074e+00,1.214942841321161593e+00,7.138689209515599599e-01,2.633065248946822035e+00
-2.387380437592768967e+00,1.616573345579145560e+00,5.785842207589398933e-01,1.431415410876338001e-01,-2.707740028744678451e+00
1.180704014325728135e+00,-3.606180899429655362e+00,5.027868829688192376e-01,1.150863955902903246e+00,1.552895890323897354e-01
6.637079480871099779e-01,-3.213907565857840321e-01,-2.805982941759500360e+00,1.969386313302202041e+00,-1.924623864748610025e+00
-3.392369015574382418e-01,-5.552364942374478085e-01,3.132400678729295951e+00,-2.394646596074839984e+00,-1.742539178671356492e-01
9.987115019809668093e-01,-1.373499110128260092e+00,-2.979200507083945570e+00,-1.927055561746670920e+00,7.258765258773597351e-01
7.983812281429621127e-02,3.279811928579636326e+00,-6.123783999049859927e-01,-2.016820193681851947e-01,2.195626709093692508e+00
-4.868643023088677357e-01,8.622512876792962633e-01,2.730715593813167530e+00,-1.656983706511630405e+00,2.194785458784815457e+00
-7.127246960974306100e-01,2.726635400590163627e+00,-8.171848065955211737e-01,2.601299038999058677e-01,-2.705923931818448480e+00
5.841666885722047731e-01,1.583710204231232321e+00,9.333747594355132904e-01,1.380790118199999528e+00,-3.220689596484948680e+00
-6.528165781795478573e-01,7.235660796235010572e-01,7.458496472573280522e-01,3.265797781074432748e+00,1.956669568549492366e+00
-8.672635317429804314e-01,-7.192134714544212715e-01,1.129358389534464546e+00,-1.788501595878403849e+00,3.202561103010479027e+00
1.771535539124944991e+00,-9.286279605998498665e-01,-4.703128975161893210e-01,7.694546841147047456e-01,-3.344556355024283611e+00
7.201750664532907686e-01,-2.218297447487351359e+00,2.288809525265454337e+00,-2.183385839444980547e+00,7.447694551304893107e-01
1.485163519798906151e+00,5.102943146974689981e-01,9.287972679337680448e-01,-3.343311856952956074e+00,-1.222084487293130017e+00
1.121665226529009685e+00,-2.721668867493666433e+00,-1.518880812030776184e+00,8.361051314651314348e-01,2.080460281594862515e+00
-1.345252662599881743e+00,-2.592631921295059705e+00,2.668113058347438393e+00,5.343798423571933381e-02,5.889584740595167345e-01
-3.929263758536917228e-01,1.994565760483407280e+00,3.296794012743703206e+00,-4.161310221869336523e-01,-9.084605110717017817e-01
-3.223955877632053824e+00,1.201547536394867555e+00,1.760200116340955079e+00,9.695389342835999402e-01,3.522524978004635821e-01
-7.413535357603978637e-01,-8.020498391665612514e-01,-1.392689878258695391e+00,9.491884979530569311e-01,-3.459272624246005901e+00
-3.579531130765621239e+00,4.899588782768878326e-01,9.215855806046541199e-01,-8.858478034379572152e-01,1.145797044961792244e+00
9.033446768184009157e-01,-2.445635940868836400e+00,-2.138553893479260726e+00,4.357331193176611217e-01,2.107025660263505351e+00
2.060494406504706166e+00,1.604136838975169788e+00,-7.671284406768503761e-01,-2.820204103605981505e+00,7.994188965206261432e-01
-1.091032215898148028e+00,2.912680338127238144e-01,-7.909803944316488034e-01,3.542569747146366854e+00,1.244733400604049800e+00
-1.662441720703238257e+00,8.081891858844911791e-01,3.073533613822122756e+00,1.153848271430547440e-01,1.767256413612724897e+00
1.506645216769456841e+00,-4.030168182285627787e-01,-2.105560632308103308e+00,2.805133679730749119e+00,1.124916484689050034e+00
-2.759249606938128263e+00,7.356542327144468540e-01,-1.244180142311174908e+00,1.166014591109288068e+00,-2.222111654102890910e+00
1.715189808532382232e+00,-1.629242734188195207e+00,7.089341105613209404e-01,-2.722688643862848590e+00,-1.577362041277947879e+00
1.872888918860123209e+00,-1.642422931845393785e+00,-3.067324120224872441e+00,5.836084679041326773e-01,2.136771121029268361e-01
-9.156745471743239495e-01,-2.283682506375305898e+00,-6.151748543264164981e-01,-1.751365021467987448e+00,-2.549630324952110172e+00
3.200837833564202373e-01,1.895769723427377818e+00,3.220869577028961039e+00,-1.383807473288416690e+00,-1.211592836258710421e-01
-6.552858971796603482e-01,1.840757287397774000e+00,2.035097235989981712e+00,2.829553424481637602e+00,1.849855667872885856e-01
-2.591664733294841927e+00,-5.776992335272423951e-01,1.086515640683267003e+00,5.351268111306929365e-01,-2.735445222324427661e+00
5.782620024952166427e-01,1.483615895120253159e+00,-1.420926007670020585e-01,3.229391185528408759e+00,1.736473206201420316e+00
-2.605906708018365325e+00,-1.939121145930792212e+00,6.313126911232552763e-01,2.247287002515491405e+00,-1.431170362291444252e-02
-2.322358422393417499e+00,4.689254985355757049e-02,-2.869081136894617412e+00,-1.407346558147965609e+00,-6.262599635064918235e-01
-6.356716516670442019e-01,2.563899710745904059e+00,2.817654600508014973e+00,-5.954793438013424867e-01,-8.535612033392212528e-01
-1.780122276364476619e+00,2.975891731073180058e+00,-1.619082656234152706e+00,-8.517420486856082107e-01,-7.926789519747767798e-01
5.851282868885661070e-01,1.628095646543763209e-01,-5.353530264321262333e-01,-1.512188557654667642e+00,3.613557919381971129e+00
-3.604608044898921282e+00,8.423994778753201018e-01,-7.648682050707080737e-01,3.789345017310706831e-01,-1.252417356393269010e+00
-4.170977021373094562e-01,2.645038970792657484e-01,-9.059615940874615747e-01,-2.832107757249107127e+00,-2.629537304673503773e+00
2.364044793532716349e-01,9.220632127891839058e-01,4.723272787450728538e-01,2.517929731258877091e+00,2.920761743785082132e+00
5.947433210098125311e-01,2.243250879484918414e+00,-2.931915777268075285e+00,1.373070034839307230e+00,3.642175561903610581e-01
3.683842236375721946e+00,1.062410719382964386e+00,8.423569914445993012e-01,-4.766896286679861428e-01,-6.031513389848962570e-01
-1.994948902353278042e+00,2.023988968330971083e+00,2.427525247423455657e+00,1.021260590718437777e+00,9.938790228398528548e-01
1.041088095951712145e+00,3.289170172632077449e+00,-1.025289390854229765e+00,1.745248415132120590e+00,1.961597348319168294e-02
-1.656889303998304586e+00,-7.257844743238376362e-01,-2.725361760908569408e+00,-1.923267780350863543e+00,-1.265463965653739420e+00
7.032469279135636908e-01,2.304627192910317923e-01,1.869751459797364568e+00,3.406695923435604900e+00,-5.922694127084164872e-01
-2.187269286882425501e+00,-1.273626937639264156e+00,-1.233314423971997531e+00,2.783586529928383513e+00,-5.694813889885723679e-01
-2.920829817065477840e-01,4.804416058714955917e-01,-2.461858870001797150e+00,-2.026390121842863490e+00,-2.348799134331450489e+00
1.610602935534904745e+00,1.959555575012222661e+00,-3.691851521964590321e-01,1.852841902793506579e+00,-2.448832239892124285e+00
7.799985911157979457e-01,1.158784727161614514e+00,1.266063078967584188e+00,-3.527632361183278498e+00,4.140481085525983540e-02
3.267006262883530021e-01,-1.623016715222810546e+00,2.923251538787615011e+00,2.008836048307192534e+00,8.235663998048600165e-01
1.130833374098715760e+00,-3.105335792526213279e+00,3.654564044783238375e-01,3.024940333045932905e-01,2.202962657858957840e+00
-1.636034829546713976e+00,-6.812801535372500217e-01,-1.842322942621162252e+00,2.764886819699653220e+00,1.349256994886133043e+00
8.211111203968997074e-01,-1.589414329782512070e+00,-2.236758182626477964e+00,1.881378729222714430e+00,2.063217275500661696e+00
-2.802777670277064814e+00,1.373174567683879133e-01,-1.025250314060997869e+00,-1.906010476604628856e+00,-1.855146113828813892e+00
-1.134068603182796370e-01,7.259076396991275271e-01,2.125593079585016643e+00,-2.753664178412652541e-01,-3.296395664753360322e+00
2.011796012872345329e+00,-5.510700860759326636e-01,1.446614691589319213e+00,8.611738195949185659e-01,2.968953376081448603e+00
-1.704645962281523541e+00,-1.478323775739825152e-01,1.758834876637653810e+00,2.161203523540041194e-01,3.151526550965343620e+00
4.870229806547449747e-01,-2.799994750692285095e+00,-1.571010252084243275e+00,9.827179132291351260e-02,-2.333475402760055939e+00
4.008081681483452452e-01,-3.003524372309814616e+00,-2.321883552832101572e+00,-9.179722101770337872e-01,7.644461692735275982e-01
-1.173563810445673372e+00,6.470660393240148522e-01,-2.526276857020144997e-02,2.346551543628538017e+00,2.949086497406350649e+00
-1.576135761108906408e+00,-3.502021425135780408e+00,4.120385467327585260e-01,7.060889245412858006e-01,-7.637438491340498015e-01
8.571559563024199191e-01,-2.601010107241535696e+00,1.839100126703636429e+00,6.459601097119980206e-01,-2.168058197840222689e+00
-2.618568569996358786e+00,-5.658064318675850579e-01,-2.531729881059935572e+00,2.725738296236527441e-02,-1.553242598664735574e+00
1.605573345271377184e+00,2.733637385626511929e+00,1.806544267270000281e+00,-8.665886370659015014e-01,1.390964708884192325e+00
-3.068856668462140558e+00,2.475626161105481116e-01,-2.252244472525644081e+00,-1.200850534224364496e+00,-7.864051100223988511e-02
-1.262749489236147271e+00,3.382974071085037782e+00,1.702864514740345170e+00,-1.647434892019382091e-01,-1.845594457183725445e-01
-3.177016599354379967e+00,-1.693344642697162949e-02,-9.041609949240652089e-01,2.251478222885922698e+00,1.400624608780125790e-01
2.130111675006134409e+00,-1.090274564440895544e+00,-1.644391699880465518e+00,1.643930659191655375e+00,-2.206217022704180852e+00
-2.252110747677096292e+00,9.090959137125182998e-01,6.624625712501504005e-01,-3.035808299875124128e+00,-6.682462928969078453e-01
3.914507536887330552e-01,3.218615520338184766e+00,-7.482017862439360734e-01,1.987748237931880269e+00,9.880948685904445972e-01
1.466431491168962875e+00,2.419303197119181625e+00,1.013249110589546698e+00,2.612598154707541198e+00,-3.797470790211863179e-01
-2.304356398153545982e+00,2.773960596528461942e+00,-1.928179660787706085e-01,-1.586552963379211922e+00,6.638939113639783507e-01
-7.663622071794574941e-02,-2.478892509176539694e+00,-1.913932714182023487e+00,-1.484937820779712814e+00,-1.995254382685160754e+00
1.701866741702411090e-01,3.551608989122850168e+00,-1.293343375879961510e+00,1.268890733331031528e+00,-2.725606414189342130e-01
-2.770182826746825810e+00,-1.360771201276113507e+00,9.125349601220278384e-01,-2.258519675697022056e+00,7.353622680142326562e-01
1.315879336285888712e+00,2.099431468564444181e+00,2.694161469057192448e+00,8.566874362947946020e-01,1.366905152627421627e+00
-3.650575693665189525e-01,-3.263966480763742961e+00,-1.440218863265914973e+00,-9.869688003335838067e-01,-1.471366030789102775e+00
-2.336685002797477484e+00,8.234270540444447173e-01,2.536953508179440320e+00,1.509346970753071782e+00,1.071265468305404589e+00
2.560392785139464777e+00,-1.311496807165573264e+00,-4.830668644352301144e-01,3.545295304506067557e-01,2.713912328562488874e+00
5.373787334053530262e-01,-8.059681130555895745e-01,-1.864111439885207222e+00,9.972170760802435696e-01,3.254579257059864172e+00
-2.070647027490017944e-01,-3.201462766988514286e+00,-1.122879553327513547e+00,1.543150293859961719e+00,-1.437215724844614684e+00
1.627089125037043615e+00,-1.925164211070215181e+00,-1.994464433358565714e+00,-2.188045207179473817e+00,9.385592868898662289e-01
-2.548527672671848876e+00,-2.680308121560146972e+00,-1.069319031982959523e+00,-1.062810283223322605e+00,2.189661728174485678e-01
-3.324803855249020224e+00,-1.660937245227962711e+00,1.292810774117599149e+00,6.952036950069305776e-01,1.797189926244937563e-01
-1.698319880098563273e+00,-2.253555993962407467e+00,-1.885637122287074918e+00,-4.093775023214592523e-01,2.077011716525466678e+00
-2.621396639605699797e+00,1.855818821336199465e+00,-5.377341748345743078e-01,1.420196639821869056e+00,1.837960723653232931e+00
2.116593012365659998e+00,-3.683319704135770700e-01,-2.257059010013752864e+00,-9.684492133340988351e-01,2.313472784816025030e+00
-3.476277332858153546e+00,-7.784169978068137263e-01,1.404404744953482664e+00,2.181616975132663616e-02,-1.156172240486492031e+00
-1.479026070157209771e+00,-3.315752751455804503e+00,-1.199709773534711088e+00,-5.845078941711798759e-01,1.018485422549311181e+00
1.435547367680172881e+00,3.099405880914829936e+00,-1.140779428461283107e+00,4.321341392526142910e-01,-1.686644396957770686e+00
-2.410751318914431174e+00,-2.106490886960300735e+00,-9.398672490233412891e-01,9.572606515230337454e-01,1.987781633068514520e+00
7.907554089727687474e-01,3.316289687199540204e+00,-1.600685092360287332e+00,1.040674114962468755e-01,1.343095604457960723e+00
1.268033867595761643e+00,6.979992214856060029e-01,2.998802637032671026e+00,-1.069415708110096119e+00,-1.941241866643335312e+00
5.339047005652924893e-01,9.851390663219018462e-01,3.810026729193244144e+00,4.602728534507082858e-01,-1.276401736526109332e-01
-3.148548846997776401e-02,-2.399455461519220290e+00,6.639220687993907521e-01,1.308816889996210930e+00,2.843910685521466863e+00
-1.869561213428852842e+00,-1.635702463567030973e+00,-2.664233350816878065e+00,-1.643013531965438867e+00,-1.777231163824837534e-01
-3.649799804402943937e-01,1.546652888731638420e+00,-2.147836892020242860e+00,8.344079237690850137e-01,2.857483955805188991e+00
-9.401390213286532349e-01,-3.705343351677731878e+00,5.907105461080912334e-02,4.216620765283896621e-01,-1.097852891091410932e+00
-5.419119268558851843e-01,1.197919570953465351e+00,-1.736282312004396200e+00,1.967380659098054041e+00,-2.717730163258593290e+00
-2.290326287116658047e-02,-2.738578321773848412e+00,1.923473422804723443e-01,2.545594001154451114e+00,1.408054649956562709e+00
6.303916598999987908e-01,1.614702366932349253e+00,-1.826461726406948705e+00,1.338385749649870338e+00,2.805014040687906718e+00
1.963371886558046731e+00,9.423398865515862921e-01,4.212795722528049347e-01,-2.338405376485105158e+00,-2.368871079336206886e+00
-9.358610123250598045e-01,-3.243866959090459190e+00,-6.043532949321593906e-01,-1.493110644510981411e+00,-1.416640044430404144e+00
-1.048232068292741515e+00,-2.707396723257444293e+00,-2.123524350628454016e+00,1.749242026034701691e+00,-4.482388358441880688e-02
-3.425553586333556666e+00,6.527842546213094010e-01,-1.804126322276547567e+00,-7.614756460162279694e-01,6.883602159389677622e-02
1.823938734533495643e-01,3.100523350677990564e+00,-1.907441378122170406e+00,3.057694268812384264e-01,1.619154061057601846e+00
-2.353073379246171992e+00,2.544090820487478588e+00,8.971006166349165811e-01,1.225375267891493231e-01,1.780685993418268387e+00
-1.913047915639114471e+00,-7.786561456258663805e-01,-2.519443066034057210e+00,-9.122257120431693789e-01,2.134055567844509671e+00
-6.011599383905259497e-01,-7.153687444901435377e-02,-1.097330538909041087e+00,-2.463874338111814666e+00,-2.891137862233488676e+00
-1.072374005559056487e+00,1.151154127267709271e+00,-2.267225707090666287e+00,-8.396089355776867880e-01,2.771209590752939711e+00
-1.194098040191724719e+00,1.936497807415121092e-02,-1.583395050414985850e+00,3.455776565407679968e+00,3.524532768111202641e-01
1.198211212554022742e+00,2.502007309062214357e+00,3.003254806721538661e-01,5.030087825109735844e-01,-2.821530805411300413e+00
-3.060597126731749551e+00,1.323390929073685385e+00,7.767824125674601676e-01,9.313504687611019461e-01,-1.846774773639491718e+00
3.695419061901609181e-01,1.431203902302902842e+00,2.543543041709720232e+00,1.616069202163721519e+00,-2.175730520627557230e+00
2.939231222670988380e-02,-7.332781214011321325e-01,1.634038299024100693e+00,-2.228145723849789928e+00,-2.797628416939732965e+00
2.868874521592327032e+00,2.002998678038740543e+00,7.623035694431053999e-01,-1.738919275530656838e+00,-3.906511184365002998e-01
-3.256236108383388228e-02,1.101257363950470802e+00,-4.062955119903683965e-01,1.238911301253760922e+00,-3.617484575716626960e+00
9.050841158282391108e-02,-1.220250850200456316e+00,-3.249584343732473624e+00,1.801984272556632849e+00,-8.341764588174065409e-01
1.532142862186752552e+00,-2.242253258817812789e+00,-2.659164584018423039e+00,-5.489555957746850012e-01,1.119075530132291219e+00
2.099930576714923003e+00,9.166471935843482077e-01,1.781630855639723787e+00,-2.154709939593629109e+00,1.712619650103476499e+00
-1.664977482358011462e+00,5.383105766660671865e-01,5.412657136789800205e-01,-2.462131834082620152e+00,2.565737703874416464e+00
9.147453690163378504e-01,7.236074821451167205e-01,-3.558772568940625547e+00,-8.031450152595941416e-01,-1.153138763838150282e+00
-2.077908942246049939e+00,-7.406969749362734001e-01,-1.595673430321239872e+00,2.414414473327389565e+00,-1.660750274366445955e+00
2.111314884108988488e-01,2.052433046191102228e-01,-2.142771093901319812e+00,-1.383194957813484782e+00,3.067344523905118692e+00
4.068932927037012814e-01,2.596356665332021141e+00,-9.403390555621881086e-01,2.856969306588679203e+00,2.164688350163567476e-01
-1.863095425348291867e+00,-7.012971318709131374e-01,-3.142896509634313107e-01,3.218886836681317032e+00,-1.255805445446438462e+00
-5.050200607667626462e-01,2.850559578652096082e+00,1.925765096389547404e+00,1.948179791576714504e+00,-3.395425157440383201e-01
1.100744800820972369e+00,1.318062834513575643e+00,-4.396793661265257502e-01,-2.835538942317050282e+00,2.194874075965570270e+00
4.478308202542879424e-01,-1.703779049916875454e+00,-3.252408679396245450e+00,-1.426143332592830992e+00,5.334205494576533813e-01
1.382672002811449641e+00,-4.637580980806353947e-01,3.540091977662865652e+00,1.045151146594512470e+00,4.985523338278586292e-01
-7.115253906274588980e-01,-7.856634869182961278e-01,-3.462734385376429636e+00,-8.978420989047113387e-01,1.442156248671386809e+00
1.145571593698536006e+00,5.436649918219219613e-01,1.465680135506851056e-01,-9.947950874340388827e-02,3.789553502079399561e+00
-2.613902487686003084e+00,-7.527948863205071728e-01,1.213601104082938642e+00,-2.475233563339161336e+00,-1.000602224206306845e+00
1.010612048380626238e+00,1.459523766972016801e-01,6.842560698306536793e-01,-1.204013271762897963e+00,-3.611025735677199311e+00
-2.006620475680473525e+00,-2.822835874953793511e-01,-1.607021280396819574e+00,7.004139719197534086e-01,2.969965170688365408e+00
-1.371816739963395371e+00,7.066024466661732228e-01,-2.892204838906331066e+00,-1.971248752363977896e+00,-1.169684290922915704e+00
-2.440259963930588416e+00,1.841955514371511837e+00,1.087188424276763987e+00,-1.989892596524389101e-01,-2.330398205495242347e+00
5.036185311829119993e-01,1.311148237323154664e+00,-2.420286425418745502e+00,2.028951628709982469e+00,-2.013163575594991705e+00
-1.682652851025749463e+00,2.772727673169821383e+00,-9.832148541703458200e-01,-8.682804104883948826e-01,-1.939081822067876715e+00
-1.047515148735290946e+00,-2.848238255977435518e+00,1.576264777232471603e+00,-4.421261044723716616e-01,2.027354115628804188e+00
2.746278922167898484e-01,-1.757237984757543448e+00,-3.130389600293828956e+00,-1.030417811493976377e+00,-1.405558348084494646e+00
-6.681905182081507855e-01,-2.878302482663410267e+00,1.152524547228216401e-01,-1.338343751765094236e+00,2.337616119781445789e+00
3.274732900731487373e+00,1.579261154769597386e+00,-1.324658828624764695e+00,-9.999478718715518744e-01,-1.656558939143268072e-01
-1.165435032144606975e+00,3.116429043718506264e+00,1.142277116473018550e+00,-4.052077170155911623e-01,-1.860279789862522737e+00
2.921190937468240101e+00,-2.128189077998224044e-01,1.239392589379261916e-01,2.559090289875342261e+00,9.257686361591478397e-01
-2.943391521307809455e+00,2.087599075896203971e+00,-8.550341446736534623e-01,1.443714151081138652e+00,4.037109263085063571e-01
9.099684256450307762e-01,4.142092395358867862e-02,7.851641325323081011e-01,2.208635687525713820e+00,3.110576707969205490e+00
1.750429085938321139e+00,-6.847439119359216564e-01,-6.856281788886495199e-02,2.694752573486883573e+00,2.280511236073345938e+00
1.981250694060445072e+00,-1.477192425402645171e+00,-1.111265442598434738e+00,-1.185535547668824075e+00,-2.692980283425436383e+00
8.735917670963069259e-01,9.937435098547010570e-01,-3.749403532164968134e+00,4.373564725179351909e-01,1.931325643223224045e-03
-2.196119816675622172e+00,5.429744038855313093e-01,-7.830693480217383318e-01,-3.109689507469540093e+00,-7.738669852451666165e-01
4.702426188548878283e-01,-2.754067593339632580e+00,1.307334540220625341e+00,1.324644448335779545e+00,2.174897021968686950e+00
-9.332523625805563272e-01,1.663345423799521994e+00,2.641816150726711498e+00,-6.337138337323082737e-01,-2.231935534812508948e+00
2.217702209112918155e+00,1.298740941493813139e+00,1.553450549068931208e+00,-5.990684615552119840e-01,-2.573514571272281337e+00
-2.671380389796700783e+00,6.844052845975944210e-01,-1.718959438455792688e+00,-1.834333929824185416e+00,-1.440733737462970065e+00
-3.675638797711595629e+00,3.871625797609202224e-01,-1.115076249750340809e+00,-9.401026460940238305e-01,-4.610819207471227865e-01
-1.391469514312529077e+00,-1.409865198372829864e+00,2.857061401951155766e+00,-3.072193633003627578e-01,-1.954202937632172121e+00
-2.374911896412263967e+00,-3.997387177958340865e-01,1.709457129652110607e+00,-2.133136268124167678e+00,-1.651510952209918948e+00
1.166366151076329905e+00,-1.891429130063626340e+00,3.072996804157969830e+00,1.266645925885635515e+00,-1.199357646507863973e-01
-1.790280039570430359e+00,2.801754654036916925e+00,-2.164553520104076423e+00,4.043395722038831686e-01,-3.102995447196245093e-01
-1.745814602044953867e+00,-2.792326560167391225e+00,-2.128694495885127491e+00,-2.774014637878376988e-01,7.394267561747357442e-01
-1.462364647796237094e+00,-2.225266550089067152e+00,1.642890134766949783e+00,-2.324868712601753096e+00,-8.975387970340823474e-01
-1.913572782752269941e+00,1.614437546173335125e+00,-3.456362199258856127e-01,3.073696947035418958e+00,-4.058981348516407239e-01
2.764198311518129003e+00,1.918116063869627907e-01,1.896403636816838656e+00,1.677047207860801192e+00,1.383322779082934328e+00
1.820369613915558682e-01,1.747740505095680907e+00,1.523167125318153570e+00,3.194823678021465163e+00,6.207489397805309173e-01
1.710218336464982114e+00,3.190788237702275598e+00,-1.209356926846777203e+00,9.744769333643451548e-01,-6.941715880013349382e-01
3.395438630945743608e+00,-1.798648747974646023e+00,-2.689897304184577509e-01,4.562779137060518631e-01,-9.774017471255043166e-01
2.449392089745665579e+00,1.294476287993954200e+00,1.268741453955574361e+00,-1.736274774101402851e+00,1.923656560393920190e+00
-7.122653318817532275e-01,-1.617408154830503042e+00,1.143598870337469986e+00,-3.060778432855832953e+00,1.483403507618415773e+00
3.129812447426438132e-02,-3.531633292372907018e+00,-8.239257672226235618e-01,-3.253637795344344052e-02,1.687209065238797212e+00
-1.208665837286732270e+00,-2.642372953864235097e+00,-1.887130156915777457e+00,-1.961475644812774144e+00,-3.851559841520109662e-01
1.082564515971256913e+00,-1.363057276456350220e+00,-2.958964209952283486e+00,-1.601894456170574577e+00,-1.283975811832433145e+00
2.005436288475749951e+00,-2.378045641917578279e-01,-2.526907599407022698e+00,2.238767846602242262e+00,7.241068948664779459e-01
-1.005974959323881590e+00,-2.232643849881780440e+00,-1.198768418164367189e+00,5.556375330482069552e-01,-2.873593052656931768e+00
2.374332743357265851e-01,1.211392194283433810e+00,3.265963946366710502e+00,-1.448348467567589726e+00,1.308403840331714196e+00
-3.405973911086630501e+00,1.667720046747685758e-01,-1.382947246737684655e+00,-1.542056731777239786e+00,-2.846871338419649788e-01
1.431130522045535702e+00,2.089205409885030562e+00,7.194893152761265842e-01,2.781939435904120739e+00,-1.153357830138480589e+00
-2.855405080319005862e+00,1.965168522257749517e+00,8.635982869089451341e-01,-4.791253719874644101e-01,1.734765512448732894e+00
2.123873808058467816e+00,-2.109578043410213599e+00,-1.065259354661757918e+00,-2.385859040080682281e+00,4.601517949282137865e-01
7.159841502267941249e-02,3.342950819919141114e+00,-9.572918580544277356e-01,-1.519801689235420694e+00,-1.262279131756539385e+00
2.020433979987443340e+00,2.978243661043120105e-01,-2.539649308906638758e+00,-1.162288410305198028e+00,2.007090984112806176e+00
7.062597656723010875e-01,8.074834149219075607e-01,-3.248778761735862108e+00,1.489645342222140068e+00,1.440680738299934260e+00
3.697729941944063320e-02,-1.145873798121565423e+00,-5.077880493013500196e-01,7.815558242356012153e-01,-3.717112818935718099e+00
-2.157623435925525079e+00,1.509848510700652957e+00,-2.911620538561519034e-01,-2.923655053845789720e+00,6.576354369984853676e-01
-2.093736737988320940e+00,1.694442822548079208e+00,9.557741851933954091e-01,-7.545224542102239029e-01,2.694869489627245152e+00
1.669412066183258547e+00,9.787807932556890078e-01,8.979661913950856000e-01,-6.298257031843355058e-01,3.324459025880040830e+00
-1.029163608658148821e+00,-7.248971610708294655e-01,3.691844170230871858e-01,3.750912651262492847e+00,4.579339704711650749e-01
-1.894700053067128298e+00,-1.845596651315813963e+00,3.276133427326224923e-01,-2.893808598880723615e+00,7.227904262418103354e-01
2.975948816004023167e-01,-8.624080595966698848e-01,-1.965108423853153541e+00,-3.262077907549972622e+00,-8.154055633632358857e-01
-2.551883972917732279e-01,3.109197059929490692e+00,-5.434516846823618519e-02,-4.197952980510774590e-01,-2.467507048584022478e+00
2.924381792136355518e+00,8.218257400963573378e-01,-2.232115887723800651e-01,2.591917580470429083e+00,-6.879992312831229029e-02
4.011449586304501880e-01,4.507490143237505298e-01,2.301480116103622020e+00,1.619585939614016645e+00,-2.777775856262665322e+00
-1.015684956623081892e+00,3.178960595230384545e+00,1.530844581941376292e+00,-1.542788772056470359e+00,3.727080273072582717e-01
-1.648267971494530304e+00,1.668208321454002219e+00,-2.634673095855071256e+00,1.658199804305862557e+00,-8.995358677420161042e-01
3.211577613112497342e+00,-9.228153913881237402e-01,2.127368181326271479e+00,4.048862304874190077e-01,3.802009334734242629e-01
-2.593335471016308680e-01,3.623557073435602849e+00,-1.292701448489258942e+00,-9.670162889202753576e-01,-4.431508873274707661e-01
-3.119216465017735640e+00,1.080073385933463248e+00,2.351193882560993487e-01,-1.569321521861136048e+00,1.608066839298045947e+00
1.033204183106847474e+00,-2.009517664675156690e-01,-2.353098116198453216e+00,-6.572959969611116837e-02,3.057894108505259112e+00
-1.837084352388085318e-01,1.785431825788528437e+00,-5.080032966884501233e-01,-1.305140305505434917e+00,3.288924723945866546e+00
2.868204560689943339e+00,-2.277235723203070439e+00,4.929171739926900830e-01,1.370430730259189822e+00,-6.830463616399100601e-01
-2.778433329870037216e+00,-7.220025885144635280e-01,-2.036221597965819363e+00,-1.854990713129629931e+00,-4.145256950130635221e-01
-1.010994158653645503e+00,-9.588485874443852808e-01,-1.205220968704558970e+00,-4.485993868744800883e-01,-3.522030835216352962e+00
-1.616101701475591623e+00,-5.630282464037540402e-01,-1.293670725404512778e+00,-2.478059415539946464e+00,2.292782604505799071e+00
-5.394333764104672913e-01,2.030496525589288836e+00,2.756011184415871451e+00,1.974441505940319086e+00,3.034445303164655661e-01
2.180290905501345744e+00,2.598013223511874692e+00,1.300079465395631129e+00,-4.494027748945944589e-02,1.674644025744378872e+00
-1.852172940189273920e+00,-1.119470635959826765e+00,3.224955682911496702e+00,-9.542958649669369686e-01,-7.225745787232097650e-02
-2.716120420076955089e-01,-1.881673349661319161e+00,1.607386643944047178e+00,-3.902970556163715687e-01,-3.106365833101156770e+00
3.015093971464873901e-01,6.004599492078828149e-01,9.565108388124282657e-02,-2.902741611947176725e+00,-2.667111159523028796e+00
-1.263720068642168570e+00,-1.869385655993588413e+00,-1.869139565190277130e+00,2.425839496917209459e+00,-1.236943360996458408e+00
-1.532293319867094272e+00,9.834026693515196538e-01,3.142447419654927909e-01,3.500187509806115815e-01,-3.530401321084049027e+00
-6.662369426950230655e-02,-2.634884860869116441e+00,-7.247834240271029405e-01,-7.509309501988152835e-01,2.822008991766978614e+00
2.353444567372218632e+00,1.922048058265002579e+00,-3.411398321242465892e-01,-6.167228538966267326e-01,-2.504057999816649893e+00
1.900567807577925983e+00,1.844856733991098841e+00,1.199539785420824733e+00,1.864776384059290359e+00,-2.016942978989106017e+00
-1.021059720926201342e+00,-2.345253805136319425e+00,-8.125398280081903568e-01,-2.800888037468969749e+00,-9.757186404181121819e-01
-2.036345724336380059e+00,2.595394035463020277e+00,-1.257930638204162177e-01,-1.823260668978174071e+00,-1.333087592662933751e+00
2.403827229658761500e+00,4.558668667739740332e-01,-5.390381692863441820e-01,-2.881681244531239638e+00,1.191281287814962564e+00
2.779435389921664612e+00,1.101114952407431513e+00,-1.845862661864312859e-01,-7.709884933351791592e-01,-2.536491558889145459e+00
3.162806560991621385e+00,-1.549779805577233605e+00,9.428618710719852691e-01,-1.578561212649469470e+00,-4.625939925794745888e-01
1.079645977387270861e+00,3.328660715486240207e+00,-1.093128021053011656e+00,2.658282806331428438e-01,-1.577589572574080057e+00
-1.534303696423017893e+00,-9.796949579217433257e-01,-3.239343600055837769e+00,9.305877051706484826e-01,1.151854817382766516e+00
-7.287340035402186667e-01,2.278880576263853097e+00,-4.135135740948093774e-01,2.501023977644967644e+00,-1.962023358295169384e+00
1.307784910568165593e+00,9.439484240949939098e-01,-3.107342086803511982e+00,-1.884696630325029876e+00,4.370397780063823290e-01
-9.982733708392356187e-01,1.413555397696614868e+00,2.471548789802203050e+00,-2.155334259568475019e+00,-1.500430679462970707e+00
-2.039618260680046369e+00,2.020844625767694303e-01,1.376360886615670021e+00,3.113099394416003918e+00,4.619113453540559244e-01
-1.046403088553417016e+00,2.831228815372934665e-02,-3.664833282850183060e+00,1.240630289911774514e-01,-1.207412259485737493e+00
4.572308588846821786e-01,2.073355745237279280e+00,1.139122216418545941e+00,4.213109624235665263e-01,-3.164969754101699007e+00
-3.273474037612853049e+00,1.100699578034792570e+00,-1.220483680147342431e+00,1.491469938402077755e+00,5.989700938490486459e-01
6.382739447403025512e-02,9.883462428415000778e-01,3.631595497159049724e-01,3.847322507598830654e+00,-2.921000375716090169e-01
-3.511466452534720339e+00,8.041068149872921955e-01,1.665213138383167202e+00,-2.398921764586325195e-02,4.995050590404891411e-01
1.362513772542147672e+00,3.596192497929805998e-01,2.994358486260301766e-01,3.211564587631098977e+00,1.900110861724335631e+00
1.686564471808368881e-01,-1.221536641054278949e+00,2.245473408244984537e+00,-3.975502570325318286e-01,-3.046178951306732774e+00
4.896277949220360637e-01,-4.246191810236536468e-01,2.233794239237205659e-01,3.387406247820066163e+00,2.013838056732386139e+00
-3.016085264965810975e-01,2.139547985151158294e+00,1.011016511602960355e+00,1.952555090538639293e+00,2.548870523910151675e+00
-1.104941017226893640e+00,-2.214759483278653018e+00,-2.754338924079698270e+00,-8.761209558959927035e-01,1.232872638035353630e+00
3.160854510637909787e+00,1.038204418541069707e+00,-8.264627919058473715e-01,1.608764664662140964e+00,-1.288396621864354996e+00
8.421807963310393719e-01,2.811341095110135302e-01,-2.162961130631925744e-01,-6.616171969407427245e-01,3.837600004553196609e+00
2.704398468079793894e+00,-2.164419939202190335e+00,5.745655654428053483e-01,-1.843968920385991472e+00,-5.207382108983015234e-01
-1.328915553030586283e+00,3.219472345968607208e+00,1.822430861530440316e+00,7.200091529966431425e-01,1.712128529032751201e-01
-1.616975734715534019e+00,-1.483251298607970670e+00,-4.131075781709421801e-01,-8.150444239042095029e-01,3.217203719760270531e+00
-3.624444273183296872e+00,1.410836414465544753e+00,1.562519723832800911e-01,-5.550280037942338929e-01,7.351690678594481332e-01
1.217002678975643182e+00,-3.049710463623870105e+00,-1.206381983059548579e+00,-5.502071945492290617e-01,-1.860130404419207295e+00
1.118721719344098364e+00,2.175008691780379699e+00,2.485715683404043030e+00,9.808411301458551390e-02,-1.956884246295855556e+00
-2.197686924504164807e+00,2.754615365614855316e-01,-1.412964932600702106e+00,2.047347716197870593e+00,-2.214992223904785895e+00
6.137948900399239349e-01,-3.176192148452119834e+00,-1.149951858222932222e+00,-7.352094090017269323e-01,1.916282108082455915e+00
2.004394096944528414e+00,-2.751852668317489314e+00,-5.542057625924435849e-01,9.322659634899671532e-01,1.798178896004313465e+00
-2.626461333399208731e-01,2.205264310150474305e+00,2.163197115866781761e+00,2.500422890258680919e+00,-3.691746724711818528e-01
-1.257670594987510271e-01,1.364358442306178976e+00,3.712671565367911874e+00,-3.193464295875550474e-01,-4.866172965186885135e-01
3.047917205777831429e-01,2.228268773822061455e+00,-2.625157283668572705e-01,2.304035295943255957e+00,2.358903797547591719e+00
3.138458998978217451e+00,-1.733562451109668556e+00,9.522633107164072408e-01,1.345269774889823911e+00,6.544311725969352844e-01
2.326463920331883539e+00,1.752926551978123859e+00,2.529884487500959067e-01,-1.977040779900504974e+00,-1.882052265526521273e+00
-2.282028872100314132e+00,1.915644887391079632e+00,-1.071938833664755897e-01,2.120699967955406162e+00,1.616721995148127311e+00
3.562016931553839250e+00,1.448392880743064381e+00,4.912705820928855438e-01,5.425406725051493684e-01,8.237088540160028005e-01
-1.352290299053259703e+00,2.138353072572891644e+00,-8.633368862467801774e-01,5.788008524206636474e-02,2.974904435554628357e+00
2.511737996361234515e+00,7.307209562314302687e-02,4.639341299335987268e-01,2.559054875072030999e+00,-1.709337876468347339e+00
-1.645542365806185736e-01,-1.213708026200405854e+00,2.073332864434284772e+00,-3.192077131339077223e+00,1.084857188707384901e-01
-1.746501389812476157e+00,2.072524076504997481e+00,-1.732451523660702541e+00,-2.852999816913168729e-01,2.360422099181169742e+00
2.702190069016888962e+00,1.378698762180590454e-01,2.860128500805157792e+00,-6.306287184258695389e-01,3.180143181001501840e-01
1.377811529073274199e+00,-2.321754768204466135e+00,-2.913054176949664953e+00,-3.144250132691746302e-02,-4.735154885946259440e-01
2.879902828981328433e+00,-2.170645760992620854e+00,-1.149393263233789320e+00,1.023158814525731319e+00,-7.915161669866204175e-01
3.245424039417355466e+00,-1.084995210391434872e+00,1.771414386245813155e+00,-1.017429825273166610e+00,-3.419587996317159928e-01
-5.860225431768728566e-01,1.722808810054087481e+00,-1.882646484156617062e+00,-2.861669900078890993e+00,9.772384466258627889e-01
-1.717161227354677022e+00,-3.169058907278003434e-01,-1.418087303185809889e+00,9.803772872137365146e-01,-3.158926518763997215e+00
3.164460263867303169e+00,-1.678663831670671236e+00,1.428378574804020085e+00,1.062057096606794371e+00,6.953361316871883684e-03
-2.783389863946022391e+00,2.760327641383487560e-02,-2.661126757716318458e+00,-9.890867600270860649e-01,4.382815133211971914e-01
-2.063675579105346269e+00,2.509539528739088698e+00,-1.761940990881863733e+00,1.783946768360580581e-01,-1.518944943645754719e+00
-1.960721339271952912e+00,-2.455541961533775352e-01,2.337121768763197327e+00,5.792823791755662421e-01,-2.509495712214896201e+00
1.564087424876295485e+00,2.365140000814820009e+00,-1.139530461111128545e+00,-2.269985769655430641e+00,1.228160509726319738e+00
-7.507063474978128426e-01,2.800979355158664585e+00,1.065515060097174116e+00,6.386598216554965068e-01,-2.459216525788351149e+00
1.920360919897995622e+00,3.433570612626487772e+00,4.996533745639111790e-01,-5.073387448276565070e-01,1.255415816368530002e-01
1.224453344903712493e+00,-3.205618938252323247e+00,-3.929417755807624868e-01,-5.492071232887556498e-01,1.941311290237731191e+00
-1.238425553889225927e+00,3.491526465337754015e+00,-4.953051376789832094e-01,1.166763268581186397e+00,8.178516888768790905e-01
1.026862982516073997e+00,-1.936904674273557392e+00,6.720460344047178847e-01,-2.749437069941271350e+00,1.784069119734177589e+00
-2.072238917227288368e+00,1.543513710195311139e+00,3.180389071034164794e-01,2.657099257890453536e+00,1.470396573599873413e+00
-3.160370237866220844e+00,1.133335371389116997e+00,-5.187952406618729917e-01,7.666433802274646991e-01,-1.967414628741917193e+00
-1.666384029482067985e+00,-2.852853282004083280e+00,-1.198345163657821733e+00,1.141054506026191628e+00,1.531781936393320498e+00
-5.013332393804409426e-01,1.114917240298174406e+00,-3.710493849490287488e+00,-8.128894030751836475e-01,2.776161768359946547e-01
-1.566088255330338130e+00,2.539482754202154746e-01,-2.488752266833210047e+00,-7.649756526587887795e-02,2.698728983571419437e+00
3.194731121324433598e+00,3.465204245459471144e-01,-2.026269698084539606e+00,1.217116163484684543e+00,-2.940680414841655432e-01
2.375610768300108866e+00,-5.918625730311229960e-01,-1.349438571674998588e+00,1.067772368625147461e+00,2.654251284686121259e+00
-3.518168054201856965e+00,4.575388519112600361e-01,-1.395559063696391711e+00,6.818630805045833299e-01,1.000314640783037445e+00
1.679148491856603753e+00,-1.291028101936533279e+00,5.610399479110445009e-01,3.286164350855339311e+00,6.325067733402728321e-01
-5.882122053310561149e-01,1.570937892887228848e+00,-4.441333189994698949e-01,3.437438262179406401e+00,-1.083016309595633109e+00
-3.151524400978801932e+00,-1.254088111473728562e+00,-7.133255333897963180e-01,-1.743571918161952006e+00,9.727695556022893930e-01
-1.139590226186076194e+00,-1.785510057797876859e+00,-2.406525953998498668e+00,1.883545077360299747e+00,-1.474509655501512029e+00
2.743869306802771302e+00,-1.671537658079414568e+00,3.817071215558320296e-01,-2.286066818280417134e+00,-5.525769272407929922e-01
-3.954686372161379110e-02,9.647812030620951385e-01,1.445263013314474765e-01,3.692478589065375516e+00,-1.188422186474598297e+00
-5.040151089568775666e-02,-4.508062953238798909e-01,3.344446931778616516e+00,-8.908437213390547615e-01,-1.953280716247199011e+00
2.115374681811885704e+00,1.265404750790615873e+00,-3.109926807996012510e+00,-4.606947890914296351e-01,2.001407815452368733e-01
3.205836878049985739e+00,-3.233397409645150794e-02,1.074840267411760975e+00,-1.128469658190249136e+00,1.814618156954251660e+00
-2.224192812769653933e-03,-2.562649921724392321e+00,-2.401372703331198510e-01,-1.452426724306552286e+00,2.695479759443464296e+00
5.932284743871469868e-01,-2.247019764206366510e+00,-1.398133015116558853e-01,-3.152379656529939123e+00,8.012096468832957674e-01
-1.093564770465685454e+00,-2.942363851088132698e+00,-8.088656112416365840e-01,1.925960749493900170e+00,1.335298721247696330e+00
-2.414102388669861765e-01,4.029572216376478000e-01,2.869442757950794398e+00,-2.397964056126176136e+00,1.339930303587051785e+00
-2.893829215713725200e-01,1.485928298150020588e+00,5.357985478239094546e-01,3.424936615047005084e+00,1.300385987512920671e+00
2.461488715765361324e+00,-1.945348105151065488e+00,1.702217459615317008e+00,-1.760614759016892350e+00,3.992310639937986516e-01
-2.716903547891612369e+00,1.287782221151636319e+00,1.611759188193085057e+00,2.059724050392814920e+00,-3.461520155196535220e-01
-1.603171066744899509e+00,-1.039241804986936968e+00,3.805184649196872160e-01,-1.322026928170507154e-01,3.491066763524667937e+00
-2.455693480957135577e+00,-2.061074094045787231e+00,1.802845574516867666e+00,-1.414807323775885362e+00,-6.852818233931389225e-01
1.577951724814891987e+00,-7.588029715622284233e-01,-1.520413169581059654e-01,3.019401730340278256e+00,-1.947917614597140412e+00
-5.632884151916599524e-01,2.021503807322788671e+00,-8.604909758672726339e-01,1.528567074615664545e+00,-2.918778254191680688e+00
-3.279043922232100172e+00,-1.611746719168290487e-01,-4.295023931455185795e-01,-7.021134342648794879e-01,2.131773463788372069e+00
1.011127501871859069e+00,-3.651389234767966840e+00,1.164320712360305210e+00,-5.338160213293070555e-01,-6.614805605544077372e-02
-2.205123863205642021e+00,-3.109915095367913995e+00,-5.495633200333255308e-01,9.800131394174407262e-01,4.510113650086031156e-01
-1.644901420954467008e+00,-2.690921910993370858e+00,1.561523856438688407e+00,1.283134466986865840e+00,1.403013816639357536e+00
9.022976616214132273e-01,7.546777918609794966e-01,-2.001075256774405897e+00,1.502630809903078513e+00,2.890349256778431908e+00
-7.525939746915216721e-01,-2.474967013747157552e+00,-1.887287309922477951e-02,2.703032167340663872e+00,1.414708983184919111e+00
-1.008006842064220976e+00,9.698907326464938083e-03,-7.539325978360049696e-01,-7.167586652679317494e-01,3.728494440284439548e+00
1.049638778906387904e+00,-1.031996786387675558e+00,2.442456816928324947e+00,-2.888925538032089402e-01,-2.790015565637373296e+00
6.345657856104795769e-02,2.008249079938352610e-01,-1.270144874510464594e-01,7.778444255071910174e-01,-3.915924921222511124e+00
-1.720135532633007225e+00,-2.302200298483513485e+00,2.311241885552132835e+00,1.363525775406566165e+00,7.348237484643015405e-01
-2.322833106810444637e+00,-2.562990501766608809e+00,-4.482452576407462003e-02,3.947122166105579422e-01,1.969192492802035233e+00
7.309366727478356918e-01,-3.446506822701816741e+00,-1.022675481463817482e+00,1.086907329940912589e-02,1.594157779004484299e+00
8.650790503713366997e-01,7.161815870017216312e-01,1.251736829654207073e+00,-2.038204551035045053e+00,3.002931782188131393e+00
1.020010960733917171e+00,-3.180454811019582273e+00,1.721325000530553595e+00,5.772350660013164658e-01,-1.244236615829967363e+00
-2.626566045953473871e+00,-2.399701336633421445e+00,-1.669656108230552327e+00,7.286785908776315379e-01,-1.544677722021622901e-01
-1.635651103014831742e+00,2.071600811082243254e+00,1.118084703197821828e+00,9.014602313934836353e-01,2.640146131641354366e+00
1.407634297564777537e+00,5.646877005013444251e-01,3.214437599048042937e+00,-1.516628969420469986e+00,-1.032918668706628518e+00
-2.191169927526789074e+00,2.226303409720999937e+00,-1.369892454143114779e+00,-2.018404534471809342e+00,-5.401715244922562498e-01
5.957556402430996823e-01,-2.799469001040587601e-01,6.309439439977283515e-01,3.822416998449139403e+00,7.468219196972775142e-01
1.355409273383727298e+00,2.773323344924632838e+00,8.600040623645940352e-01,-1.627631808923821088e+00,-1.755776475926593472e+00
8.461927522307386429e-01,-2.048614066221857932e+00,2.442493426179469740e+00,2.171891231958710033e+00,-6.358085980553140892e-01
-5.837788226943704112e-02,8.482282207604849855e-01,1.888606192318852184e+00,-2.025151537028893056e+00,-2.758446811300090840e+00
-7.857435353478929851e-01,1.133366947225617816e+00,-1.546152022404787774e+00,-3.405820339291036003e+00,-3.284633916900865924e-01
4.571391977290285014e-01,1.208786373919018997e+00,-1.760645596174925220e+00,-3.349989073214201252e+00,-8.694567351322493587e-02
-1.512916655164795676e+00,6.873972024380458068e-01,9.522514628539933135e-01,-3.448004921594763239e+00,-6.656181283258689740e-01
1.043144585625936926e+00,-2.366610750322228007e+00,-1.908611213635980908e-01,-1.397627539624142434e+00,-2.705773867634646113e+00
2.637887832194774962e+00,-2.928339268260229389e+00,5.052175767093186609e-01,-2.717738558658260861e-01,3.705011284404992611e-01
-3.215347539529730181e+00,-1.700601851396044584e+00,-9.784489151148456632e-01,5.049853345679683470e-01,-1.247846575284924153e+00
-1.091072332010394996e+00,-2.189597636405133496e+00,2.924804837046000916e+00,1.031305064789866499e+00,6.301982906209254720e-01
-4.701726216652371004e-01,-3.371561911020167557e+00,1.796505121955997986e+00,8.223084817949000147e-01,-7.126612754657737359e-01
7.320391867323394752e-01,-2.258765545718133261e+00,-1.886547059458411724e+00,1.960750046336303676e+00,1.720027990122813710e+00
-5.813235621175683043e-01,3.316301024031558659e-02,-1.662873275824764852e+00,1.851861272392341107e+00,-3.076755665833732944e+00
3.304624264633195363e+00,5.059047514301742154e-01,2.505230077205721634e-02,1.967282511991678806e+00,-9.760587852765958417e-01
1.958696393772825228e-01,-9.365795843102163731e-01,3.193736516098990563e-01,1.864242303179298066e+00,-3.392205016256773842e+00
-8.157984559930517854e-01,2.239845154715176090e+00,-6.825011107312196623e-01,-1.942040390967163299e+00,2.465813844514841868e+00
5.385954134044952379e-01,2.102985942638867289e+00,5.039307576947842371e-01,-1.833967541756998054e+00,-2.769473226617998662e+00
6.908403613776233909e-01,1.313991178941847027e+00,-9.217095475179171160e-01,3.448223206519038353e+00,1.027801053119001606e+00
1.196879606875955515e+00,2.246570347186642724e+00,2.804700723000560281e+00,-2.719250922480981880e-01,1.257024852734482057e+00
-3.346500800481967630e+00,4.041882716794243519e-02,-1.282372094706615506e+00,1.669946597470118796e-02,1.776102938834864808e+00
7.060467885669761134e-01,-3.190062939419411325e+00,-1.388910876073151446e+00,-1.733327427143212418e+00,6.256987961757999317e-01
3.679948869982423876e+00,-4.695995512615622203e-01,-1.175862251924766122e+00,6.501394681205610038e-01,6.573577505897003626e-01
2.869736404934327023e+00,-5.281718288474779310e-01,1.790115044336446193e+00,-7.365066661847998741e-01,-1.933570154949696418e+00
1.360994951239944406e-01,-2.078156465265811992e+00,-1.521905123665793003e+00,2.934511450324797099e+00,-8.574321989366640029e-01
-1.272953962924280313e+00,-6.993065404869642787e-01,1.638198087108510448e+00,-3.245997605381841566e+00,8.187582939774663560e-01
1.022288586465873728e+00,-2.405686383597942957e+00,-2.593176658026778103e+00,1.491405768482149341e+00,4.676993946503381072e-01
1.819546912782762593e+00,-4.513160685806992256e-01,-5.935864412607575469e-01,-2.251949610487535836e+00,-2.657431264774312574e+00
-7.375960931781911922e-01,-1.501796883239697511e+00,3.300010098873960906e+00,-1.172982949534730146e+00,-9.667484017315333134e-01
-1.140600652043858076e+00,1.444839876271510004e+00,-3.304815803439391075e+00,-1.163118161766948822e+00,-5.803589678793469320e-01
1.601845377623767330e+00,5.372919117764792807e-01,1.949021087645713246e+00,-3.146029788556194973e-01,3.041011435909512617e+00
-1.012496310550870492e-02,-7.199123842894393777e-01,2.003986902010152615e+00,5.449424805105410607e-01,-3.341960178334800968e+00
-6.397837399208172737e-01,-6.189239345606819542e-01,2.391282948981328094e+00,1.743037023624202764e+00,2.539920810093751591e+00
1.345639463103390332e+00,5.241564652471017993e-01,-5.670228038853127872e-01,-3.394659250910376347e+00,1.438502049133446370e+00
1.321469107024346501e+00,3.584231379939896711e-01,1.710578425787700585e+00,3.344683803033406289e+00,1.107427662941431884e-01
2.142311139768539263e+00,-9.673429996247659979e-01,1.631578174860567554e+00,-1.563607535310712837e+00,-2.316858786447460794e+00
8.610111387829141316e-01,2.924376922171140758e-01,-2.766477859625301683e+00,-2.700419119867031981e+00,-4.769453263446968294e-01
-2.455067785686444903e+00,1.010718250610320501e+00,-8.348200120928607193e-01,2.265940859838523558e+00,-1.766261122453698817e+00
2.933939279043986659e+00,8.276413349053601820e-01,2.072780862645370537e+00,1.289391343539808332e+00,8.649043798563215146e-01
1.148608476192538141e+00,-2.352074260551259677e+00,2.582317444437524312e+00,1.492688785571147037e+00,-5.019582122594313800e-01
1.114158493896614255e+00,1.834969737521297661e+00,7.927565678601016241e-01,3.222970081184709290e+00,6.128113843279600070e-01
1.039483055123619160e+00,-1.517099596891581470e+00,-1.250163138467360879e-01,-1.575964958848752318e+00,3.180972989664529571e+00
8.349437039203525535e-01,1.107570155658667455e+00,-2.529913227489889671e+00,8.264184378436797429e-01,-2.644376862049299337e+00
1.742680544867155623e+00,-2.633076080254489693e+00,-1.499975338083419318e+00,1.740969916808831730e+00,-8.654898081672293131e-01
3.711875475418752734e-01,3.740823242705879181e+00,5.514409747267262629e-02,1.263904618056817419e+00,-5.176538576596269037e-01
-2.517326799764370904e+00,-4.665437699397921301e-01,1.466077082715237401e+00,1.914757104414632760e+00,-1.905183957666373606e+00
-2.110650859316553704e-02,2.597164053236971526e+00,1.653589332925978095e+00,-2.127522169368888161e+00,1.411943742769531385e+00
1.172479895507045899e+00,-9.482488907312425219e-02,7.196792572701998791e-01,-3.522332148566288623e+00,-1.300591072118927771e+00
-9.084271577777593976e-01,-1.422643791676641678e+00,-1.453546867889387695e+00,1.971976193204678873e+00,-2.673827993214721754e+00
1.686387003651527161e+00,1.360838798879052458e+00,9.196551557617100858e-01,2.277803509244756830e-01,-3.225921131025101474e+00
-1.360283371858774348e+00,1.454134773576628348e+00,-1.596973184602623386e+00,-2.734930319528371179e+00,1.415963983830226924e+00
1.010897691154694633e-01,2.048035971886831064e+00,1.854844620907513120e+00,1.420069095359594691e+00,-2.517595025641097273e+00
1.387006551064203341e+00,-2.402260043227054442e+00,-7.344493460494166959e-01,-1.791392127029044268e+00,-2.134679816114274153e+00
-2.343032758509093316e+00,7.130305604942769326e-01,2.963852780623394412e-01,-2.919757161164042714e+00,-1.178540962009250848e+00
1.071372716586237006e+00,2.010977286892731364e+00,6.650914279988743294e-01,3.217534079235992550e+00,-1.151464072977790160e-01
5.843157324228219762e-01,-2.250918398175354440e+00,-2.599993550877164883e-01,-3.152395539775696420e+00,-7.659922883131031757e-01
5.793228601725991522e-01,6.715033189641728129e-01,3.171675314366488418e+00,7.143279952318210002e-02,2.269105852905954013e+00
-1.518013518617763680e+00,-2.489271728195438793e-01,1.776413001098256172e+00,-3.130051217823504039e+00,8.251099582822124523e-01
2.402430200517072123e+00,3.721573591543331228e-02,2.910456752462312391e+00,1.183760953506018732e+00,-5.957311622240540894e-01
2.725186006197538036e-01,-2.061800799857181274e-02,-2.829824179712956411e+00,2.112504546085154922e-01,-2.805846907335112217e+00
1.024788983172164381e+00,2.657832111706170064e+00,1.114723840367399799e+00,-1.266008008929162543e+00,-2.245072490365568108e+00
1.779654031175688544e+00,1.215772581681662023e+00,-4.881390996655366604e-02,-3.367452428176250123e+00,1.122938338239680284e-01
8.120670334660652634e-02,-2.283496808862448102e+00,1.424331104435958339e+00,-2.952008234477190296e+00,-1.896736243174028114e-01
-1.551065847491491123e+00,8.537219364304272640e-01,-2.547524135686700220e+00,2.524958930097943366e+00,7.534680840174644463e-03
1.774725390490134114e+00,-7.553689027889659569e-01,-1.911995703766146359e+00,2.553970463424305226e+00,1.449577493542540063e+00
-3.874059127766373845e+00,3.036632438269484466e-02,1.237984683010519976e-01,3.862563996571650726e-01,9.089684779373393697e-01
-1.565532061457231672e+00,3.091275971159756608e+00,1.774177883790902133e+00,-3.414832118181791998e-01,-8.537003498847529626e-01
-6.816409211187468564e-01,3.141749171499761850e+00,1.377702219542427997e+00,1.683049039408946124e+00,9.664679628675959533e-01
-1.694797710232456289e+00,-2.754296504383349831e+00,1.230631850370726754e+00,-2.093911498432625695e-01,1.995798607713944683e+00
2.452902064900746859e-01,3.687504464811496518e+00,9.167712493055644174e-01,-1.031977421336121692e+00,-6.608302466552939958e-01
-1.035491936950400982e+00,3.718611784902892681e-01,1.938139228457642860e+00,1.381810432905828945e+00,-3.020544979150076248e+00
-3.910908749370450299e-01,-2.251294236224875345e+00,1.166733328288882543e+00,3.648041556211249481e-01,3.047026986782876534e+00
3.123418673837869086e+00,2.183891447795352381e+00,-8.586449448927016004e-01,-8.578902469549267717e-01,4.033751302486334595e-02
-3.073548526902640798e+00,1.317235438194102937e+00,2.137562772323871929e+00,-4.128839511238820981e-01,-2.802543316696599063e-01
-1.080146671092836019e+00,5.654795726674047840e-01,1.273482449933768468e+00,-3.578280290875937464e+00,2.960888911500366150e-01
7.381991065665907681e-02,3.051500890768572116e+00,-2.119354995864982438e+00,1.165306345110049158e+00,-9.128463495997846122e-01
1.716038854247935674e+00,-1.328683247851445870e+00,-2.535384312914176874e+00,-4.799387269141036638e-02,2.204389813894800820e+00
-1.702075205741978570e+00,-4.170162327850701067e-01,-2.496548377108942063e+00,1.808309857534913800e-01,2.581391835994349293e+00
-1.736521755867242722e-01,-3.146928935199879707e+00,1.009808161420062689e+00,-2.080600304137763867e+00,-8.473919106688604375e-01
-1.935451481693690745e+00,2.774482086018689397e+00,1.222148806545340083e+00,1.668965696602567217e+00,-5.264812575911802517e-01
2.892302598947912085e+00,4.378667481867219990e-01,1.173824837223479634e+00,-9.869071565778865240e-01,2.256326196001845918e+00
-1.608343980747209079e+00,3.070415625852996877e-01,-2.885954086336721680e+00,6.856547026170303205e-01,-2.126053094063017124e+00
5.033241976096811676e-01,1.404627555348185508e+00,1.087956701457972519e+00,2.052190327409984527e-01,3.542304553142020307e+00
-1.817509419921773617e+00,2.355778878691051556e-03,3.122950310091953341e+00,2.307435831085702382e-01,1.700174319989654625e+00
-2.279598319391972439e+00,-4.792727324843261139e-01,-2.755777672409657431e+00,1.407722380471148726e+00,-9.988674936603719745e-01
3.233907674910772467e+00,1.534621686862934098e+00,-1.175313314824206312e+00,3.257957572396936730e-01,1.303561722713856286e+00
3.220149519263702409e+00,1.748701384752457400e-01,5.771372575739401878e-01,8.948940300799640424e-01,-2.113323157754787296e+00
2.438746433692634774e+00,-2.603543429545851051e+00,2.614613988353958196e-01,1.683299148288138314e+00,6.100978256899077801e-01
3.230224181917682902e+00,-2.839759504060668793e-01,5.852039886462797602e-01,-2.254956145287914993e+00,-2.402466829031382201e-01
1.887691071753060390e+00,-7.266186466703883351e-01,3.165050125364898825e+00,-1.053654985225415563e+00,8.836948771900511312e-01
-6.210913845062855376e-01,-3.271022332839849778e+00,1.272256574772803628e+00,-7.158338834649525806e-01,1.668413452770586503e+00
-8.433615714019426779e-01,-3.410536631601112756e+00,2.168305059844873039e-01,-1.899204803423980348e+00,5.465153900091616890e-02
-2.375709241749692779e+00,-3.744540470901602802e-01,-6.667913055255454413e-01,-2.645349857948446903e+00,1.665323767082717676e+00
1.841741161584381725e+00,-2.377652109690922888e+00,1.871793561418663154e+00,-3.456696406350908135e-01,1.825283896270101014e+00
-2.012570752447459643e+00,-7.722126032614737845e-01,1.358018263820797378e+00,-2.776029141184610083e+00,-1.342644876421231981e+00
-2.584769525378380006e+00,2.315022021902626737e+00,2.949104605661165834e-01,-1.289588256181041004e+00,-1.486482253022120226e+00
-1.655066786193598372e+00,-8.967447768865416391e-01,-1.208924199543395028e+00,3.291929835204401300e+00,3.978730679689007066e-01
1.576126286382031338e+00,1.777090639916178771e+00,-1.535850648881785352e+00,-1.617223757408539631e-01,2.823611772962428379e+00
8.672520965931583836e-01,1.815824800702177944e-01,-3.990201460654411725e-01,-3.501016108682730277e+00,-1.672892923550179045e+00
-2.817234494114309040e+00,-6.160681422339137070e-01,2.632469486328561814e+00,-6.577886628286837567e-01,5.666289155170581848e-01
-1.072028966238246728e+00,1.980707264312227434e+00,2.412925598993465925e+00,-1.264819937848586262e+00,1.872317603183191626e+00
1.541890197405898222e-01,-2.706690505712143757e+00,-2.092350816692436055e+00,-8.679022558487710093e-01,1.875864064013776700e+00
1.966059171377108339e-01,3.259425766053400508e+00,-1.574138702760504049e+00,-1.241899838611222995e+00,-1.147720316219304593e+00
1.280560260597227495e+00,-5.843161171371203944e-01,2.696357311567061821e+00,-2.192915153839828601e+00,1.392666676075596355e+00
5.416249925943372734e-01,-3.173660483975802027e+00,8.494064842287127881e-01,-1.890849652566009453e+00,1.156597473535578624e+00
3.764188199635112864e-01,-1.113389010889557884e+00,-9.413129312753960587e-01,-1.240858600868159911e+00,-3.491829560627620843e+00
-1.934929514064716471e+00,2.705020434256911521e+00,1.280348720520270156e+00,3.963792106048180108e-01,-1.772710608395019483e+00
-5.936203787110510000e-01,3.325058871802162752e+00,7.557747298976191797e-01,8.835491704626119436e-01,-1.799928822495958425e+00
-6.108619243737640758e-01,-6.315552585731898372e-01,1.694092804926851659e-01,-2.765936875777494919e+00,-2.747522403842435512e+00
-9.150510212214441053e-01,3.174073788486873049e+00,1.654351789078216672e+00,5.676148155280043017e-01,-1.424384355772343680e+00
1.894346891775528230e-01,2.343375886941619246e+00,2.854017860064327117e+00,7.437764781592737240e-01,-1.331946904350022942e+00
1.274468903145530962e+00,-2.574884066155284312e+00,7.617901157433053516e-01,-1.835082293232104922e+00,-1.948807290985042018e+00
1.125169177883798222e+00,1.744235689280718038e+00,3.449161866149996203e-01,-1.895092868071460712e+00,-2.825118055405007045e+00
-9.106046897992893241e-01,-1.190019364598133622e+00,-2.608660586483506627e+00,5.074675943016599966e-01,-2.586893812288824090e+00
2.299732000915211128e+00,-3.012153756801024818e-01,1.213914683199911193e-01,5.891591588082666087e-02,3.256116559291982071e+00
-2.128492469787469865e+00,-2.473657861257285706e+00,-1.274783910752711691e+00,4.089992164266148533e-01,1.886314452403549780e+00
-4.128529696280294203e-01,-7.658170712767996546e-01,1.259388915554879196e+00,2.070780574358003001e+00,3.060863278725364456e+00
-1.045574740075005504e+00,1.538780349444654805e+00,-3.166011555235399566e+00,1.495019289316780409e+00,5.293549430833217606e-01
1.407024962297243720e+00,-3.663984454739731778e+00,-4.377715157806250645e-01,5.997360868731341776e-01,-2.101699240406767755e-01
2.436449679231155852e+00,-2.070660508223634899e+00,-1.943890658662797088e+00,-6.426229751924571465e-01,-1.258730645998479947e+00
1.525833514629762577e+00,1.751344562451279563e+00,-4.582077384949820309e-01,2.597139016037233183e+00,1.910376640603990150e+00
2.238313461523399273e+00,1.194277427965546590e+00,-9.089004165549526837e-01,2.087822503645524908e+00,-2.092498864772141420e+00
-2.400043859186713036e+00,1.775360797375318933e+00,-2.364763753099337507e+00,-1.203092321179508373e+00,2.198744456944856651e-01
-4.280783075020653805e-01,1.142091622863197625e-01,2.987007263489274145e+00,-1.508337748483006280e+00,-2.146254894987908557e+00
2.398766920507290124e+00,-1.119746773731526535e+00,2.479273389820879192e+00,1.552825983457341685e+00,6.588014476484056470e-01
1.768868125551219084e+00,-1.390509154876544473e+00,1.466542353635279072e+00,-2.718158059808978955e+00,-1.182565064384542675e+00
2.576041256913746746e+00,-4.763734308846424570e-01,1.599701562427979562e+00,-1.575443816686185938e+00,-2.023860540812084441e+00
-3.244298617608548874e+00,-2.977578342453111593e-01,1.752276366758087400e+00,-1.423847518150872071e+00,5.367052556901995564e-01
-1.623609842303777237e-02,-7.746453006669736796e-01,9.272244590798250918e-01,-1.091973393208544696e+00,-3.653424415294685534e+00
3.148678630090544051e+00,-6.456188035908421163e-01,-1.545316438660527592e+00,1.811226860004108818e+00,-2.129814231961396978e-02
1.020553683066124095e-01,3.177322735315238234e+00,3.603199413293295406e-01,-7.927550775797284066e-01,-2.266255471984718550e+00
-4.638741118374661299e-01,1.818872303348017416e+00,3.052541645625446609e+00,1.071117176321116249e+00,1.418175535253886954e+00
3.098051868949225351e+00,3.185580861685696763e-01,2.467343096670387315e+00,-4.415671208446224072e-01,1.335360780418575477e-01
7.459322862269415766e-02,-1.577478736147463145e+00,-2.987694514604881668e+00,-1.955475032904245403e+00,-8.693650385967265359e-01
3.233521910643077479e+00,1.667871252375311641e+00,1.835955745269710893e-01,-1.524320393366510373e+00,-6.366172651383475989e-01
-1.663431519183214302e+00,-1.634484253406892851e+00,-1.542177455544731846e+00,2.741138128249433148e+00,8.181120117804824288e-01
-1.828988954412640311e+00,2.503752360834551993e+00,-1.709401538069227566e+00,6.522576028306245055e-01,-1.743137952500653842e+00
-1.580139169336498339e+00,-1.046409072999287648e+00,-2.084656479339727309e+00,-2.838605893112075673e+00,6.864549664485690428e-02
-8.096968584104680122e-01,7.847710847139984791e-01,-9.607318678984969607e-01,2.616020086571526626e+00,2.638552354366992869e+00
2.997298496098199205e+00,1.916385401699846724e+00,1.046587373780480057e+00,1.212603660061897681e+00,-8.819954365454252265e-01
-8.808953573074337351e-01,4.009677065460990897e-01,-6.275440480548322153e-01,2.760322251142749650e+00,2.655194494830566132e+00
-6.223814549100516874e-02,2.832537390770689889e+00,-6.426056834300988285e-01,-3.818851463941133062e-01,2.722880829878291831e+00
-1.787824839735324467e+00,-1.224307498251044013e+00,-2.386867823422287316e+00,-1.532711134275905884e+00,-1.805107216906977285e+00
3.910340221800729932e+00,-7.805992266502687071e-02,1.838311581065085742e-01,8.181302472417457672e-01,3.873254229816003487e-03
-7.892848743176251736e-01,1.490903402435989733e+00,-3.217471305271704107e+00,-1.398986408601205600e+00,9.192126305053134327e-01
1.284439820819456846e-01,-1.823514629018440747e+00,-2.499529430233711214e+00,1.386370227142548872e+00,2.118637949700449941e+00
-2.853001855461460234e+00,2.155328549925072057e+00,-1.253294197515080644e+00,-5.149924371621641406e-01,-1.174297959954012205e+00
-1.560972603176613349e+00,-2.211711301757035564e+00,1.516820509946586792e+00,2.323399049990884091e+00,-9.862910548712587877e-01
-6.130509508149707409e-01,-3.661675562688541330e+00,2.191210357392152919e-01,8.795739483967142114e-01,1.180947181847182836e+00
-9.278391928613224371e-01,2.681939150850110032e+00,1.291521424997415790e-01,2.246844036332452443e+00,1.697447620344398445e+00
-1.636814819762889117e+00,1.831102669938282079e-01,-1.690090648062030576e+00,3.189446814757926685e+00,5.082622286672602296e-01
-1.806659462691025064e+00,2.983023766985084979e+00,1.922219047109027246e+00,1.629320976458678571e-01,-3.407020075653660052e-01
-2.394053700563022691e+00,5.564195980737681735e-01,1.643164378525587166e+00,-3.290328681650110942e-01,-2.674070363044259047e+00
-1.105129591419657276e+00,5.186563231570160415e-01,7.056926914158051511e-01,-3.480325041573861800e+00,1.378049213523988570e+00
1.817322883120452426e+00,4.004228632364854601e-01,2.274393135353181883e+00,-2.122783869520683986e+00,1.690539434099475491e+00
2.331003576402122413e+00,1.028971679328238187e+00,-1.845213789338454591e+00,-2.290053929588433679e+00,-9.265412463310734870e-01
1.059197832031324671e+00,-1.897424914489624914e+00,-1.539464200819035344e+00,3.885656221522477138e-01,2.959213641860321431e+00
2.963294668497930218e+00,2.444503076198275338e+00,-8.761337431330656900e-01,2.990212275809024933e-01,-6.215025242978193809e-01
1.602396284010648708e+00,1.413563697589198531e+00,7.423226827731040922e-01,-2.981610746002754553e+00,-1.411778387640303611e+00
-5.917628422431094881e-01,-4.295392757957851027e-01,-4.392373952374932222e-01,2.527407795448386008e+00,2.980703456437908461e+00
-2.544578963680374617e+00,-1.587593101853234989e+00,1.775688844420001411e+00,-1.827018087510750455e+00,-7.166589678879737857e-01
-1.082697962036212269e+00,8.439936340594483832e-01,-3.598129342181864310e+00,7.920428525282509069e-01,-7.359165885877114732e-01
1.980421910705429500e+00,-1.588041302757143836e+00,1.036432876105142675e+00,-1.394582129855901353e+00,2.556756040914003769e+00
2.294435153248407744e+00,4.000307004004879929e-01,3.188933804754126466e+00,-1.732968854077618637e-01,-6.133613491893599168e-01
-1.808306639905881807e+00,-2.054741730265097654e+00,-2.702069144260008660e-01,2.453807776165467802e-01,-2.893931584428383275e+00
1.879611307417421884e+00,2.699344358106914865e-01,1.852392535086954561e+00,2.167624815717828834e+00,-2.065003943732435232e+00
-2.829017042917938429e+00,1.384500359520015600e+00,1.848922796431987869e+00,-6.513140377791165614e-01,1.495692429075833774e+00
2.569594468721323910e+00,1.040255367236271322e+00,2.484598248943523213e+00,-1.324407405621564449e+00,6.227114922132418462e-01
1.477941972690808958e+00,4.812202453710554551e-01,1.951653176487007535e+00,2.810672711700491710e+00,-1.369409868233101513e+00
-2.362123436563854373e+00,3.661253525615590365e-01,1.030364741545226837e+00,-2.706125066676239310e+00,-1.378970891474651905e+00
2.155346765232994066e+00,-4.373332061610235022e-01,-1.318896352715237086e+00,1.967261680446522609e+00,2.356610676337896670e+00
1.239765611356528296e+00,2.735629260794702144e+00,-1.195162744083048345e+00,4.693346533177169544e-01,2.308814582146566874e+00
-3.351733034809967759e-01,9.608493784544480665e-01,3.488581263507443797e+00,-1.097850915566978447e+00,1.260536181016192581e+00
2.978100101386995657e+00,-2.360501792842220503e+00,1.034132430648250889e+00,-2.971986252024876318e-01,-6.333988989307809403e-01
-3.154922671259409395e+00,-9.839510590118071276e-01,-1.842707848439911533e+00,1.033695209757742983e+00,-7.837124794621961321e-01
-1.334761492630371471e+00,-1.438768943056023097e+00,-2.953296565966431420e+00,6.308169972365479383e-01,1.740248544242157358e+00
-1.026723372277903668e+00,-6.459907955630989074e-01,-6.192117113436973463e-01,-2.103939216328981843e+00,-3.117459164029874330e+00
-2.116661744600523587e+00,-6.234882880838436003e-01,2.457745463717875278e+00,2.809924235829698858e-01,2.238645998596053843e+00
-1.313510864034188153e+00,2.057478840643769402e+00,2.493024514370151490e+00,-1.455398062791728453e-01,-1.950670901486209807e+00
-2.604430563552203370e+00,1.971918314390140425e+00,1.873389202363929806e+00,-8.352220416157598581e-01,1.058912951414485271e+00
-4.496334628169422198e-01,-2.925991077311576594e-01,-3.478093847939661920e+00,4.477133457282914120e-01,-1.847872142831107789e+00
3.090737786041394042e+00,3.208304035136793075e-01,-1.456103677321181511e+00,-2.051560604172674829e+00,-1.235676268913928899e-01
-1.877448201161616481e+00,-2.425899737405534939e-01,-3.198619572626501206e+00,1.445312279947508216e+00,3.102315258628073891e-01
-6.068427382692856975e-01,5.728436748319389871e-01,-2.935705494498984436e+00,-2.581971121446507755e+00,-1.365664409714568706e-01
2.472569659431347766e+00,-3.958011811695269500e-01,-6.387507737718823853e-01,-4.863837847360819588e-01,-3.014161403640485570e+00
-4.053638938870298691e-01,-1.375677141256731184e-01,-2.550274808882196265e+00,-1.257025066328199214e+00,-2.780780757155523197e+00
1.944268372720602489e+00,1.633843029689932225e+00,-8.968880102959556622e-01,2.899682792923137242e+00,5.812134260190805479e-01
-2.216822098175958544e+00,2.989950156977991824e+00,-2.191100817482369845e-01,1.260283213898415466e+00,-7.138451069161896312e-01
3.548242430341420839e+00,1.408471106329322486e+00,3.577350858883533713e-02,-8.438050306635261899e-01,8.443329464556204034e-01
-1.474760838987094314e+00,-7.533322862439830736e-01,-9.558946968567840763e-01,1.079409145202625098e+00,-3.343458113999113746e+00
8.852299876617424346e-01,2.701354763002393966e+00,8.089896390968824846e-01,-2.375727585750133208e+00,1.272990383109160462e+00
8.782941549306213513e-01,6.974422540050773112e-01,1.019149844401287863e+00,3.532434698934329376e+00,-1.106983456138612931e+00
3.330657758337008723e+00,1.353899845188896167e+00,-1.315835548863863114e+00,-7.216314222698140268e-01,-9.063658228143632867e-01
2.923830940752129015e-01,-1.840682358543607178e+00,2.263699785198476810e+00,-1.845792153065886065e+00,-1.998778424793032693e+00
-1.596137834033528380e+00,-3.376310020053308492e+00,1.156709783153519577e+00,4.697287352820051637e-02,8.442100982361110395e-01
2.445858990668297928e+00,-2.213312590458468510e+00,-1.910358987573368861e+00,-1.211263294233805743e+00,4.889729363268845858e-02
-2.461207015028979317e+00,2.828849619518730041e+00,-4.559101180119289332e-01,2.498221700186609162e-01,-1.292209234985725486e+00
8.369199071251360866e-01,2.453918484246101261e+00,-2.177867720474229607e+00,-1.790204290477124038e+00,-1.153217209465177362e+00
7.841137456256425109e-01,-2.502593498669197558e+00,6.113435373736014755e-01,1.333264638299195060e+00,2.640237848738638871e+00
-1.519521419045287702e+00,-2.170784818853808584e+00,-2.197078638217722923e-01,2.831633372986745112e+00,-9.551590563141898471e-01
2.151896142544607926e+00,-1.673136951458075172e+00,-1.559521196126267606e+00,2.189199115543321028e+00,-1.159851975341876118e+00
-2.284238262734165748e+00,2.004320728493986792e+00,-2.451509324209461216e+00,8.647798722193117404e-01,8.492221328342806907e-02
6.464500605767251606e-01,2.997360157320068996e+00,1.195725176767616471e+00,-2.205690243596532429e+00,-5.505508672572243523e-01
-2.181352486731163332e+00,-2.404566594204209373e+00,1.383682365110021628e+00,1.804955309698619281e+00,-5.360226349168843996e-01
2.726472971945719692e+00,-5.769350212669025479e-01,2.320651812948016257e+00,8.437350532981320317e-01,-1.461566774862619544e+00
4.113605882142903902e-01,-1.796685967381290494e+00,2.231428751009028932e+00,-1.133884466321183337e+00,2.517485600214023567e+00
1.895117239704056933e-01,-1.626287936868988870e+00,4.219994397105459316e-01,3.605208277773464864e+00,-3.790284944827311819e-01
-9.201928562082197782e-01,-1.068963015044709142e+00,2.014778195375429348e+00,1.517110561117817280e+00,-2.765792390732607409e+00
1.371997259915178402e+00,-1.636099618855228144e+00,5.931097960779012634e-01,-3.189479767839030089e+00,9.572048559785589772e-01
-4.373850079601764307e-01,3.599896045798578026e+00,-1.518960735029286857e+00,-4.006612736096825667e-01,-6.177957943561886989e-01
-1.720841358718262715e+00,2.810973404428703581e+00,-1.468732076867770076e+00,-1.645174628183365462e+00,5.228384711176121691e-01
-7.334160486405699730e-02,-2.577493850030265765e+00,2.205426052510873980e+00,1.659990293999553224e+00,1.315931082080556536e+00
-3.872240171872199377e-01,-2.326880390992214220e+00,4.707217921104171476e-01,3.147628844408272730e+00,5.536595152354126803e-01
-3.645760289664574660e+00,9.992413683703974536e-01,-4.804881145477177262e-01,-9.280280426970518581e-01,7.860303567855311258e-01
-1.515138287344329981e+00,-1.664631144114470773e+00,2.119834355842199258e+00,-2.929734653002386557e-01,-2.520680062342005368e+00
1.391504038530086085e+00,8.993386787275111649e-01,-3.353521032353388609e+00,-9.026332030173989107e-01,-1.092728895048140414e+00
-9.901690458363268110e-01,-7.154308910867952787e-02,-2.896543995996019749e+00,1.154283749309556600e-01,2.571216835778066034e+00
-1.082806154810923793e+00,1.802373652035974327e+00,2.106614634880557890e+00,-6.219307930365395309e-01,2.598914565415738842e+00
2.201998292955968495e+00,2.987789082618741876e+00,-1.055281016531119054e+00,-1.170173163714654102e-01,-1.047381897600644152e+00
1.310561959694875211e+00,1.658029627491230285e+00,-1.733978091348016282e+00,1.148604016082139800e+00,2.684658990845408599e+00
2.534569079064589392e+00,8.069610696331388500e-01,-6.624219009455338536e-02,-1.469099095126560561e+00,2.600410205428369981e+00
-2.269305054710507807e+00,8.125693494612541423e-01,1.496624441713938269e+00,-6.439803660518321760e-01,2.745066518244256404e+00
-1.304784969413402385e+00,3.039602315602784599e-01,3.353998394227536206e+00,-7.033108544685977570e-01,-1.568818974492739216e+00
-1.177013907892570987e+00,3.712966054171066510e+00,-9.023017238870965906e-02,-6.377500215566526132e-01,-6.431599856925137582e-01
6.914955063237326893e-01,3.043540517233841447e-01,2.569394944091562216e+00,-2.693390502344509940e+00,-1.254216807051615090e+00
5.102141265057986708e-01,-2.374793884705967972e+00,1.481314373303032284e+00,2.181566486458201559e-01,2.803239368012394817e+00
-1.462411840415859032e+00,-1.703478186918426784e+00,1.870156831576812451e+00,-1.441015686268290574e+00,2.320668199665758991e+00
8.412871889606801101e-01,2.697795468616446701e+00,-1.690317712412664264e+00,9.467602079139960658e-01,-2.064123691792201232e+00
1.532826706984117493e+00,2.539874219491883967e+00,1.385542945206791110e+00,8.909521625157474922e-01,-2.118007607779755386e+00
4.021230663012214657e-01,-1.735787074796173002e+00,-2.827955136457275032e+00,1.963875462549380835e+00,-9.854964151636569358e-01
-1.189872164573072988e+00,3.291533725110287190e+00,-1.603934059875244400e-01,-1.840814572287851503e+00,5.793838401303600394e-01
-2.243697452273531567e+00,3.218017083887986018e+00,-6.857367433691254899e-01,-1.053408504069845847e-01,-3.589654781387301430e-01
1.700415789362165198e+00,-1.817309676882970626e+00,-1.252825982150360007e+00,-7.095909971627316626e-01,2.780805523007666480e+00
-1.502051399926045416e+00,-1.520064837362993249e+00,1.790261593111188043e+00,2.386562408015900250e+00,1.591391775481187487e+00
-8.511187624788510986e-01,-9.008186502006053364e-02,-1.613071967630480774e+00,-3.540643503322330687e+00,-3.596171844852226740e-01
1.102882209720594364e+00,9.271119008023793739e-01,1.356520755081874752e+00,-3.047371505031679195e+00,1.672570687960743818e+00
1.751037878786781521e+00,1.765650623632824823e-01,2.929430546589018913e+00,-1.482893325611682522e+00,1.456761882866937308e+00
6.701199306207162865e-01,1.478636338316005494e+00,-2.173147697371725862e+00,2.926694633680341440e+00,2.765166616878251271e-01
2.827090558129950360e+00,-9.878348989044447581e-01,2.262035868670476901e+00,-1.044236278492457926e+00,-9.080228588352562413e-01
-9.554849561802420954e-01,-1.234815908641465620e+00,-2.993067236281406807e+00,-1.993121777699655484e+00,7.945390290208150796e-01
1.019900308000027067e+00,-1.050439038985259588e+00,2.682162328933681117e+00,-7.611437894123727066e-01,2.466383295476435311e+00
-2.479800082339548517e+00,1.674330518119991673e+00,1.077208778699047853e+00,-2.249067934268966784e+00,-9.102326855577288489e-01
-1.287917924693163352e+00,-1.603504359250038647e-01,-2.697778222128150993e+00,-2.642381264324812573e+00,2.353063431125408389e-01
4.016457102658383960e-01,1.142192630342255377e+00,7.295805253109396427e-01,1.937667475248116666e+00,3.201130070938932093e+00
2.754701019957066954e+00,-1.532333150626625562e+00,4.622019555523206313e-01,-1.601201337968231497e+00,1.812760611253049658e+00
1.655386731197068029e+00,-1.128827397200083960e+00,1.922488914648296854e+00,-2.852301165902111357e+00,3.922472556373592933e-01
2.073369159060606925e+00,-2.413395956390061325e+00,2.989946752323210388e-01,2.094973554125461934e+00,1.182517771381919491e+00
2.480599149904441525e+00,-7.319521032936289195e-01,-6.535287961715042782e-01,5.667659113044722918e-01,-2.926183605028096490e+00
-1.308328567469883463e+00,-1.547303230073823643e+00,-1.926439544946775717e+00,2.541631711199355603e+00,-1.312656847023016882e+00
1.127815139670965028e+00,-3.745086434600112923e+00,-7.237141564475751965e-01,-3.929706103753963786e-01,1.554751659968111044e-01
-1.145819442587108439e+00,1.021692607656340401e-01,2.538658779479904037e+00,2.831818947443474954e+00,4.611640677825034063e-01
2.717224479027119610e+00,-4.123288192585032319e-01,2.663882284553530155e+00,1.130895613488240636e+00,-2.673618537106704496e-01
2.128408498366388013e+00,-1.060485281099834864e+00,-2.474847198936604098e+00,-2.054051993939030485e+00,-3.535506700709447475e-02
-5.087920957537334088e-01,2.723869501969237827e+00,1.753975948023267950e+00,-1.756084771051830140e+00,-1.470170122868811546e+00
-4.350804714768697345e-01,-3.402454361791703352e+00,-3.449239839877552560e-01,1.776211996064434695e+00,9.798508506762074743e-01
1.441755801296394024e+00,3.950487938280980438e-01,-1.552025358973319280e+00,3.267739229658447986e+00,-8.236347928409233354e-01
-2.112480425392756267e+00,3.002896023999877428e+00,3.493534230690334419e-01,5.301601071087458372e-01,-1.454965418145242495e+00
1.185082262017122190e+00,2.045165141085487193e+00,-4.699609572268200197e-01,-3.166535471265258472e+00,-4.062873193228154767e-01
9.358798760944099238e-01,1.892321203009058372e+00,3.764951419401575960e-01,3.108009004819877852e+00,1.319765417116949502e+00
-4.631494582307641439e-01,-7.834884658334823060e-01,-2.251866247441042468e+00,-2.084074598158551783e+00,-2.399451994975626334e+00
2.994494102221421983e+00,1.818632116471921245e+00,1.196757420362235091e+00,7.480512147817464097e-01,-1.316728276285376698e+00
1.299725695952422377e+00,-2.128873496577410762e+00,-1.883205309303929154e+00,-1.133301719494996584e+00,2.224359621655283004e+00
-1.041296070951621466e+00,-9.972626728664943929e-01,9.041195552372576216e-01,3.054658485970993986e+00,-1.942369433926220967e+00
-1.000595746304819844e+00,1.114322745540454074e+00,-1.534743815151525137e+00,-1.279936967465983511e+00,3.124646500392645798e+00
1.409179691057312889e+00,2.865491318351104377e-01,1.892099163733764522e+00,1.206781246810919167e-01,-3.215198242438186860e+00
3.653609287488182034e-01,5.457202297991669004e-01,-1.209541192084641725e+00,2.383209914300478349e+00,2.902761001453980416e+00
-2.768109345292938617e+00,-1.603369597122071832e+00,-7.348034324366261583e-01,-2.204334494243430420e+00,6.064238952205119881e-01
2.159937270160991463e-01,2.730942507659008811e+00,-8.443068715449716377e-01,1.030668399625548126e+00,-2.592328738109052289e+00
4.269848495341329458e-02,2.531804828471138968e+00,-1.759647378318866640e+00,-3.698929614494956275e-01,2.520904887328867972e+00
-2.254447598442273215e-01,-1.014672280892770617e+00,1.484639986033340575e+00,3.045454510426174877e-01,3.552845479719996202e+00
-1.487124600294122967e+00,2.087541406315360337e+00,-1.754224797820699844e-01,-2.565188674048030304e+00,1.679185909969991730e+00
-2.369508304611967375e+00,-1.742187520918582866e+00,-8.308108495841562968e-01,-6.990834089084112524e-01,2.484199822061971208e+00
5.581735994900705045e-01,-1.701658101228840092e+00,3.481940399117359419e+00,2.017637799481663552e-01,-7.925808308620806431e-01
2.458469747925718263e+00,3.251708188028131774e-01,-1.224012748542491869e+00,2.888570466505181233e+00,9.024349601304459956e-02
-1.780085232013616015e+00,2.217368084799194339e+00,-2.094043043025262563e+00,1.073259942587670102e+00,1.541970224380222243e+00
-3.142058637359726792e+00,-1.203972784068802593e+00,3.143087640621803902e-01,1.900795520972819341e+00,-9.829056124054448285e-01
-2.379465130422610208e+00,6.448139883203958256e-01,7.503454364281821887e-01,2.543528473556209590e+00,-1.699942717802419789e+00
-1.411834715078308378e+00,-8.884861715355216738e-01,-2.629467743671451085e+00,1.888720976065731971e+00,1.654069986382249891e+00
1.588187405353137960e+00,2.097341621344223750e+00,-4.720001326479099091e-01,-2.181973407161807543e+00,-2.023617259778611288e+00
1.469198847948288700e+00,1.354659687676402102e+00,-3.002883820838513351e+00,-1.260824947981268984e+00,1.182945934887227324e+00
2.120787012003708227e+00,1.126271397483942893e+00,-6.054061598305565672e-02,2.764169194409312968e+00,-1.609185721854662576e+00
-1.773846570117029037e-02,2.064478749413151404e-01,-8.187267245068818866e-01,-1.695641535108358466e+00,3.523003116200777107e+00
-3.832343654688516121e+00,5.644800383957434553e-01,-4.137887131377283173e-02,9.127436885895622298e-01,3.996137467231647977e-01
-2.076432762135747456e+00,-8.200196788292467565e-01,-3.249330100886356210e+00,4.026066150319945192e-01,-5.438350114404467694e-01
-1.701676898298401186e+00,1.552795926039313712e-01,-2.391992705743079206e+00,1.641073727708944441e+00,-2.159961087106354150e+00
2.857341435518066408e+00,-2.636438713531358946e+00,-5.559937278610561640e-01,-5.758783638592980259e-01,4.939897926906721692e-01
-2.833132527229959674e+00,1.376106277864405758e+00,1.139134634129830292e+00,-2.173283810889307777e+00,-2.426960193865965731e-01
-1.390508762955316113e+00,-7.285104694158263117e-01,-2.704685556899444787e+00,1.091377637569422632e+00,2.242616500119655853e+00
3.115316784713265008e+00,-9.759102810003711381e-01,-7.259424790821263074e-02,-2.258891701845858524e+00,-4.842920697514440098e-01
-2.019641721338241602e+00,1.524464701779707720e+00,-1.515917152024835124e+00,2.685264636718781794e+00,-2.973276129828420489e-01
1.847466496120542256e+00,-1.618064538161576138e+00,-1.865974388300794651e+00,-1.418687576515144377e-01,-2.542980049836007783e+00
1.160960937075316890e+00,1.527438893331923619e+00,3.783384170881448627e-01,-1.490120228718920359e+00,3.155234044542505778e+00
-3.774210751939918396e+00,-5.683532845960205249e-01,6.650023525188705209e-01,9.623810063840719797e-01,2.527892670300267430e-01
-2.909930034407866017e+00,3.746048599241193489e-01,-4.644198935285566709e-01,9.715533490235170877e-01,2.496472841083671845e+00
-8.125245176350638365e-01,-1.651452709199902946e+00,-8.606445490172789370e-01,2.629168454656486187e+00,2.226942310614326015e+00
4.520427147751084340e-01,1.508419959037458069e+00,1.227339326523756213e+00,1.106879215266747041e+00,-3.284628318634372768e+00
2.934905579332340420e+00,-5.334474317200995630e-01,-1.002889284793049729e+00,2.304321295291044347e+00,8.866112612135149673e-01
3.719095834942533596e+00,5.465683790719084723e-01,-5.354784030549927243e-01,7.281662350744411150e-01,-1.025975629082384932e+00
-1.659911293046323122e+00,5.085078971739441789e-01,1.744203118080598136e+00,1.315673041077091598e+00,-2.865811255053251738e+00
-6.842818217355604027e-01,3.593669536424113353e+00,-8.918866070494399501e-02,-1.590481884644870947e+00,2.823303186654286812e-01
-1.923607050910065785e+00,3.193276147042845903e+00,-1.003776111142405059e+00,4.482970803057282350e-01,9.456144081524298084e-01
-3.986468857066624571e-02,-3.568047961389015033e+00,-1.436217620683297502e+00,3.882816613362941593e-01,-1.026625953958692161e+00
2.217648361367699383e+00,1.645480155039023007e+00,1.659955196967827895e+00,1.374159576181295028e+00,-1.931492947940699256e+00
6.480858127305003658e-01,2.319022150449007835e+00,-8.315112964249552485e-01,-8.085543491875564204e-01,2.976062814087076180e+00
2.449667716039103382e+00,-1.065086569426584528e+00,2.582566187927357593e+00,3.904664955004080173e-01,-1.429197845467469641e+00
-1.744972031076023722e+00,-1.116362662891207780e+00,-4.720646372010622316e-01,-3.143867169261973515e+00,-1.265725568994243710e+00
-7.345535806954087144e-02,-2.935227871894278362e+00,1.317427617095793924e+00,-4.613039329461506854e-01,-2.330370100560760882e+00
-2.365057517213297711e+00,8.564540921208823043e-01,-7.163589665634535752e-02,-2.754539351508101586e+00,1.442348982620305975e+00
3.279463349043409082e+00,1.160388201606749714e+00,-1.405485333757710009e-01,9.624489301913898842e-01,1.718300768315083937e+00
6.399347495128346885e-01,-3.599970502474447276e+00,-1.048144463849363939e-01,2.417373296430791463e-01,1.600397729617820675e+00
7.895374959578562724e-01,1.233849079648860148e+00,-5.885911854937770915e-01,-2.749572945295807536e+00,2.438781668371038602e+00
1.162454855200827364e+00,-1.547848444518039601e-01,-8.557878428664364989e-01,3.069566077068154097e+00,-2.114268579926044112e+00
1.177725020614504570e-01,2.397982211686477516e+00,3.113199612308789277e+00,6.587865946879546408e-01,3.313598448413273556e-01
1.508472817400777544e+00,2.715972257351431107e+00,-1.554984363820167415e-01,-7.235224377499613890e-01,-2.408389498153367558e+00
1.113328791175853261e-01,-1.651511958225906129e+00,-1.593515774963081277e+00,-3.269923117321886785e+00,-1.685927744950768969e-01
3.907435261226233081e-01,-6.546278271838810170e-01,2.421250179815249037e+00,-2.784459155507451822e+00,-1.342801803217854806e+00
-1.512741592207136714e-02,-1.095050121453981173e+00,1.836432902798637246e+00,3.379816644371903323e+00,7.064019207473661022e-02
-2.447073005724541561e-01,1.072873961684911448e+00,2.138753536015937762e+00,-7.490157933326025974e-01,-3.107051408152546657e+00
3.230973891563033717e+00,-4.453569168977006831e-01,4.880708160395942352e-01,5.413080626240724946e-01,-2.198007595182058349e+00
1.280927766261124923e+00,-8.469392991964782569e-01,-1.068277142534883373e+00,2.176282067719571778e+00,-2.786484916441787085e+00
-6.304539053979394403e-01,2.588507317825700316e+00,6.361091007536292530e-01,-1.199924648719302711e+00,-2.656633920596805698e+00
1.048089371637308753e+00,2.261581125581174856e+00,1.108403355483370101e+00,1.580490073297635023e+00,-2.461758032633739379e+00
9.567783389548824013e-01,-4.422779220065807260e-01,3.197470531627002011e+00,-1.937775812374513129e-01,-2.151185231029391520e+00
4.522508085447357606e-01,1.372212975480992414e+00,3.393661992634637858e+00,1.249865708658892238e+00,9.129045657449267326e-01
1.567231651321874475e+00,1.550135134056704667e+00,2.804200305375937230e+00,-7.104618927564309017e-01,1.665103769597666705e+00
5.195759202623140283e-01,-3.802671077187964044e-01,1.977008078230986454e+00,3.350381270179909166e+00,6.721772035020445735e-01
1.426340798630785445e+00,1.184177987972879098e+00,-2.111661479837779964e+00,-2.139829347291474448e+00,1.877575718313712505e+00
8.715361851446246089e-01,3.698847439790354574e+00,9.086903420093818129e-01,8.243548815571277721e-01,2.316747434048413989e-01
1.206916610360201592e+00,-2.144688015521904134e+00,-2.535394639855860222e-01,-2.995590923468753441e+00,9.517449086529892188e-01
1.128358544909028177e-01,2.650295766688981924e+00,1.475687212000630355e+00,-2.604895140764254435e+00,8.305237645792279064e-03
-1.936985505446227274e+00,3.013197021908144091e+00,-1.770293881264843661e+00,9.331164355183177439e-02,1.615034674210661936e-01
3.690546951350428539e+00,-5.074366991570999907e-01,-1.050717962922363524e+00,8.654226680201351218e-01,-5.190438943825421703e-01
8.540877393135675177e-01,2.401422667345503470e+00,9.892017758871329836e-01,2.304404391771399219e+00,1.793015212450769225e+00
5.150027529396669079e-01,2.006811449798507230e+00,3.265462665869006020e+00,-4.142826940382958456e-02,-1.021037338069506362e+00
7.346994136053315305e-01,-2.005551803628326191e+00,2.283149096669165434e+00,-2.459875353838105738e+00,4.173993059047637622e-01
-2.598884987130755775e+00,1.342747770150327424e+00,-1.017616421124343473e+00,2.522509340237079734e+00,-2.103061989040563851e-01
1.163272499557867212e-01,-2.091136214848630548e+00,5.915879973168488570e-01,-6.963493397139881580e-01,3.283098923330943553e+00
1.678858868199843757e+00,-1.177965108283244744e+00,3.295051140313618454e-01,-2.685211000279891458e+00,2.115395794676973029e+00
-1.664084779167534167e+00,-1.562085025434845731e+00,-9.247533432227731387e-01,-3.101471456681277772e+00,-5.625106920270679378e-01
-2.202959605539130727e+00,-2.253164392443490205e-01,-1.962935787090567485e+00,-2.658016589548563680e+00,4.219388391851135456e-01
3.253787455789158845e+00,1.572502238429033472e+00,1.125718557548663457e+00,5.730083508390911851e-01,1.159535709559655015e+00
2.983727135876401260e+00,2.602980973929825748e+00,4.169482741114153845e-01,-1.466270301885480229e-02,3.844496974245590892e-01
-2.083889254026653759e-01,3.717978468018574567e+00,7.925611083929747780e-01,-9.070462552009842527e-01,8.260291444667932081e-01
1.318887796213184416e+00,1.332683738253443717e-01,3.409555766191977533e+00,-1.449012508788619091e-01,-1.611430304499283261e+00
6.597625094125042500e-01,-3.112355757460297578e+00,-1.783245265184309480e-01,-7.034397369009502965e-01,2.313293749174139435e+00
-1.216001986204521934e+00,-2.553660970957154941e+00,2.430195306391930821e+00,-1.438394783433740276e+00,-1.591415556605121351e-01
-2.218085921809398453e+00,1.243786618965126989e+00,-1.084195573225483322e+00,1.877206084028732347e+00,2.198569300030822848e+00
1.069585038513884978e+00,7.710932286755258769e-01,-2.865175427012667253e+00,-2.455475535564132894e+00,1.510388849495988284e-01
-2.979637850934140797e+00,1.118096872431849631e+00,-2.007663143176467990e+00,-6.940755923988785048e-01,1.165832507998305401e+00
3.279739003912290896e-01,-9.177456324477871463e-02,1.545967008062357539e+00,2.508637220168169257e+00,-2.683418688496641558e+00
1.782091148812186665e+00,1.376720723159592652e-01,5.745734480129681687e-01,2.820492934130382601e+00,2.126001528500994553e+00
-7.630010999836264185e-01,1.389765170992327770e+00,-5.678579149834283024e-01,1.124927514033229325e+00,-3.449414090462630256e+00
-6.990587547981306216e-01,-2.124181990715229063e+00,-2.087421207381288557e+00,-1.661135488417591066e+00,1.970398264249048959e+00
-2.367597891218232498e+00,-1.585544268777406174e+00,-2.544677839971043909e+00,6.150521175088020653e-01,-1.013338630840815435e+00
-1.165040689810596941e+00,3.228994326232302203e+00,-6.382934338419300468e-01,-1.820558229156652663e+00,7.031536523474227751e-01
-3.257413929940129460e+00,-1.481623024984377146e+00,1.271164982490247120e+00,5.210254829728080406e-01,-1.143118425296202112e+00
7.327877672508069651e-01,-2.750457837482929602e+00,-2.045031668403872960e+00,1.871156933511294751e+00,-4.632720343320749223e-01
1.397866735223742829e+00,2.969652827624265634e-01,3.955229348044170257e-01,-3.389893134447301559e+00,-1.519857347404518277e+00
-1.086134415897154648e+00,4.607989045250486249e-01,-1.833040708470578817e-01,3.814237349485346318e+00,-1.611504253613912363e-01
1.286008010650578681e+00,-1.440938938737236663e+00,1.982906449381577785e+00,2.738196472593854569e+00,9.166463122976423739e-01
-1.241075309094787915e+00,-2.174240628146915100e+00,-2.951945349385003414e+00,-1.008599501595533798e+00,-3.399217109973894091e-02
-2.201292330812467113e-01,1.952668800508845948e+00,2.539489011938094176e+00,2.111530091821032240e+00,1.109533192762771403e+00
3.268805452298620295e+00,-2.940501040568006541e-01,-1.107161180852457960e+00,1.869229314622259386e+00,7.131769347764885802e-01
-3.452909408317620610e+00,-8.268516615380876456e-01,-1.504133608224365704e+00,1.750008600979618967e-01,-1.049137615062143869e+00
7.722064671590038731e-01,7.502051675391390173e-01,-1.938193568048079074e+00,4.221837682446061835e-01,3.302431821746396601e+00
-3.382625226737192015e-01,1.948650171454811453e+00,2.643923752535141336e+00,1.894756309058566179e+00,-1.227968523662884781e+00
-9.903277750476243702e-01,-2.685281085602521323e+00,1.850042744670472139e+00,-1.008144949359023768e+00,-1.835620329275256202e+00
1.917921233687341243e+00,1.870714113796109634e+00,6.302186103866618261e-01,2.900071685467468185e+00,1.200648495082734801e-01
-4.327402558841028091e-01,2.198580014563575880e+00,2.843928064232232433e+00,-1.699199848697374948e+00,-6.143964646799839058e-02
4.521892685487695629e-01,-1.934816596659381771e+00,1.726416204765828466e+00,2.573471224523373291e+00,1.564845854125209934e+00
-9.411518659215744043e-01,1.150354409226979069e+00,5.954902426844480567e-01,-3.286747926771665385e-01,-3.650791989414162941e+00
-1.466083612260498548e+00,-3.557152188283458027e+00,-1.005847281413531302e+00,1.286000965091136858e-02,4.305496694647437672e-01
-3.140696489584101636e-01,-1.379132196719467518e-01,-3.698772198901727926e+00,-1.464951691373528597e-01,1.476469974464075907e+00
-1.906877719618922162e+00,-1.621837266247239118e+00,-1.783497737002578187e+00,2.340170317166354597e+00,1.037400574991564017e+00
-4.358578080737537247e-02,7.587750096721268545e-01,1.447813192724257125e-01,-1.096358231433198327e+00,-3.768208826799130939e+00
-2.373346596995179247e+00,1.043146336595973445e+00,1.914500861750291882e+00,-1.364633737250795731e+00,1.936887416576430931e+00
-8.088569686763490418e-01,-1.028511984223470455e+00,-1.299157327465009226e+00,-9.708869233526432607e-01,-3.414305540382878590e+00
2.593037854955607902e+00,1.513451280307727131e+00,1.983239707607137081e+00,-4.727869659036891270e-01,1.681919335742372290e+00
1.214532596083287785e+00,-9.187219529722577827e-01,-1.156370010456562797e-03,1.934256985981530175e+00,-3.152698704470199953e+00
-2.959169685830002283e+00,2.099127198083674983e+00,5.890800487011955688e-01,1.577283817800768428e+00,4.626263131486945540e-02
-1.565238453262165708e+00,-1.118769244132878482e+00,2.874664946221532347e+00,-1.797381599931227925e+00,8.967189046772821026e-01
-2.387190925986330647e+00,2.844003321823870500e+00,-3.059330020259969363e-01,-8.733412390253388891e-01,-1.164750903340435961e+00
2.194280827295420622e+00,1.374182725782546743e+00,2.588067466849246046e+00,3.885704344735145810e-01,1.564504167975964366e+00
-2.532226529965717621e+00,-1.908630631234284003e+00,1.106016053318169545e+00,-2.106665199873837491e+00,5.325862746025541439e-01
1.648454833195468483e+00,-1.077487745928261909e+00,6.346064497232859480e-01,1.968275932215539203e+00,-2.800853678598650198e+00
-2.330443466400546004e+00,-1.783516867334915101e+00,-4.026642531633345956e-01,1.623363969765732273e+00,2.142580629692548477e+00
3.868758384607043355e-01,9.876477807085727312e-01,-2.284009794198222920e+00,2.479759082953329752e-01,-3.097851861498295278e+00
1.108659043735787053e+00,5.907899202251867266e-01,-1.780224678787709403e+00,2.914891376148627700e+00,-1.660135763482229576e+00
2.222317458612069530e+00,-2.326114753208529784e+00,-7.375169343756071694e-01,2.243405490688907822e+00,-2.714697845243180807e-01
-2.830027603382311963e+00,-6.114149524325120932e-01,-1.340709385424729838e+00,1.471153361157242934e+00,1.911889550111591118e+00
3.955400909773739704e-01,-2.698934452027908826e+00,-2.837926548956593020e+00,-6.082910006888495591e-01,3.680432329152317217e-01
2.921593415072405442e+00,8.936613753886081257e-01,-3.777859614666270738e-01,2.372293025355888485e+00,9.461315089936697120e-01
1.091150800326116110e+00,-1.245806798105689062e+00,1.298302782796713073e+00,7.843332116835755041e-01,-3.310073511264329582e+00
8.291753736084129800e-01,-1.339735444613561421e+00,1.754151945462849360e+00,3.229381683670524694e+00,1.078055269904165392e-01
-1.184900175749189932e+00,1.077036046354195920e+00,-5.043438459404427920e-01,-2.425868481722205594e+00,-2.701259765889253650e+00
2.823142020955661469e+00,-6.850284191655883204e-01,6.103479006859559020e-01,-1.088591010126940706e+00,-2.450112292783523049e+00
9.542474787769521516e-01,1.593103888559259440e+00,3.435615840023773515e+00,-1.173381280295018592e-01,-8.568589808092540450e-01
-1.543925935322020049e+00,2.890782697669199930e+00,-9.860721692100518077e-01,-2.069706949135950769e+00,6.035663098736358811e-02
-4.763059369376432262e-01,2.502916092760694156e+00,1.040019337724438442e+00,2.521040298428285809e+00,-1.439187019777948162e+00
1.566067720151261833e+00,2.508476450931530266e+00,-2.018266703875914558e+00,-1.711471253019801742e+00,5.024375116717169076e-01
-3.156975461653372506e+00,-2.846454776209928483e-01,-2.183658711178481759e+00,-3.392574251018773968e-01,1.033935161988393636e+00
-3.595473889302755577e+00,6.722045331304112858e-01,1.561334654292492852e+00,4.275569828436534547e-01,1.173459449736991358e-02
-2.561517054147858241e-01,-1.483867601949692139e-01,3.327420497256747822e+00,2.200042542495405762e+00,-2.129128596266837911e-02
-8.913764892610781532e-01,-2.892241259766568984e+00,-2.174762119574876529e+00,-6.735782977468549593e-01,-1.287280252999759567e+00
-2.165685455358183908e+00,-1.836619040052939189e+00,-2.489522485235909688e+00,1.143700214203327153e-01,-1.313710129317029907e+00
3.549599435834755123e+00,4.985663799395810836e-01,1.520158413070094472e+00,-7.372556635909668366e-01,5.452961540216298975e-01
-4.148549600850541808e-01,-7.953686542682844030e-01,-2.324192312684990824e+00,1.835608142423045042e+00,2.534552604904166451e+00
8.629652916314440869e-01,-2.557349451459245415e+00,-1.435710005635870257e+00,-1.040491054848979413e+00,-2.360374934847610628e+00
5.574497535210897192e-01,1.206554111467266432e+00,3.353372120349838337e+00,1.475823768271740555e+00,9.001758582995552649e-01
-2.401526911457370073e+00,-1.087371469823318781e+00,2.084694193536230866e+00,-1.741817220321472570e+00,-1.292445229241146354e+00
2.127015075786129916e+00,-1.524573986821667448e+00,-1.499845943542409188e+00,1.818864653514499774e-01,-2.620851099442039533e+00
5.813603196903119885e-01,-1.238258777579514858e+00,-3.853903776822678595e-01,-6.948662974755762667e-01,3.673876762203567292e+00
-2.628602272507234994e-01,-3.851914589110679632e+00,-2.891630716000183621e-01,-1.736267955665489471e-01,9.898974457034120933e-01
9.264483878844705922e-01,-2.788293718117216269e+00,1.219938046343390869e+00,8.879992717851666884e-01,-2.256173748293163417e+00
-2.038436097625266896e+00,-1.722907600910994708e+00,7.401171283232623743e-01,2.429162683123217814e+00,1.558128033861637229e+00
9.073746498478834077e-01,-1.549404222868397518e+00,-5.044770294486449203e-01,1.037843147000654165e+00,-3.382957630233263124e+00
2.321735487008683929e+00,8.282323110510875219e-01,1.846995662089593315e+00,-1.777822406721228377e-01,-2.545697559887927230e+00
-2.207815280919100398e-01,-3.199704472045590720e+00,1.205424255417807844e+00,1.293429452184783557e+00,1.608458711032473287e+00
-2.959959920234743525e+00,9.573801791436253872e-01,-4.458419398108433018e-01,-2.384532978546422655e+00,-6.612774774004360756e-01
-2.403884176362034233e-02,-2.656216476446107588e+00,-2.044606167462879931e+00,-1.645119321485744246e+00,-1.434260855768546561e+00
3.121763524682272806e-01,-8.070400196501724688e-01,2.225317446800456622e+00,2.989295576529104714e+00,1.167607189405625467e+00
2.532002060027580992e+00,-1.893101919219229712e-01,2.536259711483906276e+00,1.691911725841647174e+00,5.078864116253607452e-01
-2.495431620055235555e+00,5.394129303625151417e-01,-4.263367626294419233e-01,-1.561927337126471471e+00,2.619250785731271680e+00
3.752421831087618953e-01,-2.147353380333818063e+00,2.153405513266328342e+00,1.314889363380854492e+00,2.209519726430783759e+00
1.790049814189109689e+00,2.688539270499803457e+00,1.491701420554623070e+00,3.693825674800468861e-01,1.790492011838949571e+00
2.021133645010834812e+00,2.407315247170857889e-02,1.853609460899853456e+00,2.476206452880487241e+00,-1.531983303274183861e+00
1.204398923711266223e+00,6.479700298271714454e-01,3.385719445378181813e+00,-2.660448089775051539e-01,-1.611112059980029043e+00
-2.335043035492554875e+00,2.949979720836701347e+00,3.705234085754641749e-01,-9.498355901187263139e-01,-8.976181952764562544e-01
2.274110258766253168e+00,1.668452610538909031e+00,1.624405358324893855e+00,2.535517318341441451e-01,2.311213354169031398e+00
7.168918852472336845e-01,-3.951127225033186918e-01,2.576247960894272548e+00,-6.588456835322015204e-02,-2.947635939023625973e+00
-6.043514359831398536e-02,-1.815173895234455381e+00,-9.792366345424387275e-02,-1.935826232413760506e+00,-2.990732197558329197e+00
1.068654490187836315e+00,-2.975635424457321321e+00,2.192127793231358091e+00,2.978118749805966914e-01,-1.053306805531623036e+00
-3.851852506664469544e+00,-8.013779035780369542e-01,5.856390424856804389e-01,4.096405212279816688e-01,1.012288389938052480e-01
1.753609886913809479e-01,1.703491459379361972e+00,2.099545381720393511e+00,-1.951697606724427159e+00,2.202305840129717751e+00
1.240252010166645658e+00,-1.974707527857623601e+00,1.543231008519347691e+00,4.098183511578710192e-01,2.830687567376278135e+00
1.170753789373020881e+00,1.064237040332294493e+00,5.452658216631571797e-01,2.156731351011462294e+00,-2.923684345127521400e+00
2.834307744968870058e+00,-1.963621029656612116e+00,-1.416029239159783737e+00,1.324822150441697488e+00,-5.921144502909753138e-01
4.257651567573949580e-01,1.641341026480289456e+00,3.193987492760795188e+00,2.415381455150352186e-01,1.692579949790481209e+00
3.377889785873516626e+00,-1.967144109094651983e+00,-3.847483320993991818e-01,7.423966460018611713e-01,1.449847905729824415e-01
2.490115745834821315e+00,2.689212338459582519e+00,1.425875222164994183e+00,-6.336461870892194925e-01,-3.644625240343018491e-01
-2.902933479929398874e+00,-6.312047102196329806e-01,1.259883506419225530e+00,5.731092206574522896e-01,2.293206749587080484e+00
1.134736872369876304e+00,-1.066576534519670383e-01,-3.775391208268317644e+00,1.503108201926208441e-02,6.687239090596160951e-01
-1.651998505959201502e+00,-6.451697005356897829e-01,-8.667274332154694116e-01,5.466835382438709479e-01,3.435779046933044700e+00
1.382187840296681181e+00,-1.358447548338319599e+00,-1.306487737572384233e+00,-2.536861493070691864e+00,2.025240871871229142e+00
1.997902296623654594e+00,2.981147854841665890e+00,-1.424211595909340655e+00,1.009295078622355346e+00,-2.721923126484740441e-01
-2.551236734788012939e+00,-1.559231502918224432e+00,1.032444885463750017e+00,2.323361535088986241e+00,7.720343121418034027e-01
-2.650205795602908587e+00,8.850514255505753658e-02,-4.867429253146799972e-01,-2.950727448773105444e+00,1.576861706274050867e-01
-2.460885354546261006e+00,2.806635765826188234e+00,5.087513358694985000e-01,-4.520907773967347554e-01,-1.266343143468147359e+00
-2.656218681068790999e-01,5.520169652450762632e-01,-7.549426567902345342e-01,-3.366588658284008773e+00,-1.928954298094437858e+00
1.033460560150059604e-02,-2.720558187791196847e+00,1.118619632671905340e+00,-1.911655185707253901e+00,-1.921645365599198962e+00
2.196604085034694176e+00,-8.968988239650334954e-03,-1.995615161509264768e+00,2.293357244356451385e+00,1.390281528242026221e+00
2.138830333519752713e+00,-2.552315367954799630e+00,2.202956229541183308e+00,-2.409639846448987655e-01,-3.357937951037739954e-03
1.087698262995222764e+00,-2.222190730070544795e+00,-1.981205090189796625e+00,2.157606380025644643e+00,1.139448088920416158e+00
1.588335965989033927e+00,-2.582149827470173964e+00,2.295706600585283308e+00,5.095959953464777870e-02,-1.239687642467190765e+00
-1.183378776914679298e+00,1.535090200142291250e+00,1.891704938698125504e+00,2.685959186875942706e+00,1.204237692117657854e+00
-2.479353126354768289e-01,7.329273092898075381e-01,-2.795989556754701066e+00,4.313959122052322126e-01,-2.719868674310731205e+00
2.892087655765269716e+00,-9.686786964677978062e-01,-2.134987784359816398e+00,6.085387744524893838e-01,1.330036952494861868e+00
3.525635755141812933e+00,-4.174367780982742859e-01,1.639762105493479005e+00,2.429640213217295897e-01,8.048526449526752780e-01
4.202528526392001473e-01,1.154109080335163684e+00,2.991254629883377092e+00,-1.358818758786235481e+00,-1.922869493883667680e+00
1.479855385726795536e+00,3.812647781199604013e-01,5.988208074780455581e-01,7.920278553140598365e-01,-3.560726151115596316e+00
-2.270204145617471525e+00,-2.132528132231004570e+00,9.513610750630308033e-01,-1.222458361312950492e+00,1.974589719960974987e+00
-8.404948512103438407e-01,3.492181958703886036e+00,1.649475025739130185e+00,8.061192353391939680e-02,6.090709561611441503e-01
2.887118800083731340e+00,-1.031391391754837406e+00,-2.426317050080741389e+00,8.438949449178874129e-01,4.004654350403460267e-02
2.317996020927865775e-01,-1.611150384215871201e+00,5.208694822753429099e-01,5.017524688327235083e-01,-3.581536377920118142e+00
-2.693034854715068427e-01,2.707099959658420207e+00,-1.058923291255290389e+00,-4.324595066872518462e-02,-2.734208604353022043e+00
-1.621364566444798427e+00,1.672455927049246727e+00,-1.563446362795896549e+00,-1.783196846837117322e+00,2.224839902295345340e+00
1.840308792287779438e+00,1.596529751870886749e+00,2.032527750456464055e+00,-2.243470040002813359e+00,9.486988055508120965e-01
-2.166071143989552805e+00,-1.098939938775037151e+00,1.125510322993432122e-01,-3.099692188721201447e+00,-6.926091325199439375e-01
-3.031340047960063178e+00,1.597789718956680871e-01,-2.454862006521336681e+00,5.569668685248209579e-03,-8.712460625461779795e-01
-2.383153837888525306e+00,-1.402765778357613735e+00,1.271709894826103859e+00,-2.011314545703771550e+00,-1.640180995398911268e+00
-6.938376621233227626e-01,-1.145127386839762895e+00,1.157821001878949430e+00,2.574280253275535557e+00,-2.497960022044478201e+00
8.347712238236799642e-01,3.375434949663401074e+00,1.437214312976994535e+00,9.824181021102992295e-01,9.374783174488949822e-01
1.442919012402378076e+00,-2.751591139203759737e-02,-1.070636760212759775e+00,-1.385216165599727045e+00,3.294258748263458436e+00
-1.222148170805924750e+00,9.429643668933193057e-01,-1.519943063564851871e+00,1.740151312007099271e+00,-2.877293614876013539e+00
-1.571503270692929055e+00,-8.215805730769923376e-02,-2.931962395356217943e+00,1.357155375880850334e+00,1.756517384415988703e+00
6.011657657520717013e-01,-1.842865568867361414e+00,-6.667952770442338029e-01,-3.393700063734406136e+00,5.297453662765643223e-01
3.926363834281770271e-01,5.341806784942787489e-01,2.321802504124679256e+00,-1.396786359055306237e+00,2.866829027362674864e+00
2.863345200602632534e+00,-4.020761143852121799e-01,7.668337122708680509e-01,6.209549841047846269e-02,-2.654750321071416952e+00
2.491353930420501239e+00,-8.421877675210552860e-01,-1.138021934455373391e-01,-2.640462451840280167e+00,-1.448752034961407587e+00
2.758783267671745865e+00,-6.506724297187217454e-01,6.513362843179441031e-01,-2.690807228678612883e+00,5.486873190079745166e-01
1.215320616496678552e+00,-3.098736819064832115e+00,5.419456352834479684e-01,1.462178409975881888e+00,1.577705660472737970e+00
-2.043988120282489884e+00,-2.239153002374684398e+00,2.152456927766114081e+00,-1.212678196078934345e+00,-8.394326434961248973e-01
6.399695807191816410e-01,-1.915148894785905664e+00,-8.850407199059584507e-01,1.678004029364015492e+00,2.885073490935873508e+00
2.122043115866357077e+00,1.926097530031551486e+00,-2.602186393325124913e-01,-2.244913633274430165e+00,-1.636988197298042680e+00
1.753179415246162165e+00,9.346098614867702770e-01,-1.070897386337277712e+00,6.129954943769251319e-01,3.245039546227192151e+00
-2.887291559417864417e-01,2.239407158877970705e-01,3.318296515168797090e+00,2.161160331617901775e+00,-4.298607783185442455e-01
1.872229705327032034e+00,5.821899067081911516e-01,1.461882343302546294e+00,1.520786863988152549e+00,-2.775953560793029240e+00
-1.536802106530382517e+00,-2.080511831304133530e+00,-3.103616386617073005e-03,-2.674928245792214554e+00,-1.467807566609331760e+00
-1.421678165565623653e+00,1.775896673382512336e+00,-1.209826673267798025e+00,2.559043718710567017e+00,1.677091788007041728e+00
-3.631096587109206020e-01,4.650123253508946508e-01,-7.230502631233816369e-02,1.999370753871952122e-01,3.950533136435913750e+00
-1.966245612168462165e+00,-1.794710737648702370e+00,-2.267598033431098281e-01,-7.447428489959857512e-01,-2.882157115990358065e+00
-2.165008816516301948e+00,9.378938167801004200e-01,-1.690794477549447672e+00,2.532792451992471161e+00,-1.076693290900708089e+00
-4.406448156810058303e-01,-7.153450494756595779e-01,-5.671211369785358336e-01,9.408366606837875734e-02,3.868285858927106524e+00
-2.155440232492993324e+00,2.061561818039359117e+00,-1.046760090532892207e+00,-2.399091313241068502e+00,5.026872369094105286e-01
-7.252670118188631054e-01,6.921621080959737826e-01,2.437438624577084489e+00,-2.907041981053000157e+00,7.764658714320226141e-01
2.583232024236981950e+00,2.029654217868214428e+00,-4.588885751380450961e-01,2.222295890173916710e+00,2.413261630452955275e-01
-6.339534965827544610e-01,-4.756926278054228185e-01,2.139521299179041325e+00,-1.259090973085993159e+00,-3.034626504180484297e+00
2.701493818813802239e+00,1.606590733377210256e+00,1.982615049418455122e+00,1.148898654858610868e+00,-9.327737180156977503e-01
1.244015433704639184e+00,-3.646358269242378380e+00,-2.120766213078062457e-01,-3.106402167967042827e-01,-1.007483565838941386e+00
-1.844269678063933604e+00,-8.043261033639285962e-02,1.032279107798837581e+00,-2.615368572808835612e+00,2.164820320889088379e+00
2.485649903812042760e-01,9.434332389948948405e-01,2.920742129823594269e+00,-2.003586097666105292e+00,1.582105347133696549e+00
-1.836651001630245750e+00,-1.757095886327899592e+00,1.848977834455798330e+00,-2.209811672134244454e+00,-1.112358074475389147e+00
-2.425730818130201083e+00,5.168520026732432715e-01,-2.170968512103688575e+00,5.063325246891512421e-01,-2.208894995060256328e+00
7.738061771653776955e-01,-3.009572143299732883e+00,1.578956721215052372e+00,4.414356458247442050e-01,-1.911996275514170174e+00
-1.410405662464929710e+00,1.043206706938537121e+00,2.435309939964459769e+00,1.147336936493853488e+00,-2.382301216125390475e+00
-2.125455824224443457e+00,-3.176825648491492071e+00,2.719993245563118722e-01,-5.741559809901924938e-01,-9.932661351778301340e-01
1.096798608719122159e+00,-2.821262565019952540e+00,1.835929490315286516e+00,5.428154369625342035e-01,1.781074018426708205e+00
1.275250801036074355e+00,8.308125227063840601e-01,-2.408168415143958074e-01,2.957471742891557120e+00,-2.208812822629412143e+00
4.543550111809515069e-01,-3.575562631930015445e-01,-2.644690358336230229e+00,1.163577978515862310e-01,-2.942412074110070552e+00
8.596469170983926655e-02,-8.944141906952872700e-01,2.034906480923191818e+00,-2.665447775854159929e+00,1.986750385768938365e+00
-2.451701361424152736e+00,-1.707776619910219562e+00,1.843263547891964560e+00,1.546555775804880239e+00,-1.132786024020546067e+00
-1.673718252722037891e-01,-7.678162557701193602e-01,-3.880869240489849936e+00,-3.867034479819629333e-01,4.144384767595817864e-01
-8.798150647028694094e-01,4.317887302733051658e-01,1.225825200667413961e+00,-1.520277635998308119e+00,-3.350461525107092609e+00
-3.960766304030233394e-03,3.359507697906093160e+00,-4.726686618974698106e-01,2.072952582554385526e+00,-4.394818159846296535e-01
1.128333988228317208e+00,1.331999776152214432e+00,9.376307987518105458e-01,1.166365060356829852e+00,3.273084178347706263e+00
3.205412724664529645e+00,-1.686538859920730493e+00,1.643615531888054981e+00,3.754753286717552596e-01,-1.961178202794918723e-01
3.174602708924020522e+00,-2.066247522529989222e+00,-3.362744951231441681e-01,-4.793373588734061719e-01,1.144409881313900090e+00
-1.341900243851761099e+00,-1.050498221754417205e+00,-2.152947125666317518e+00,2.824836899128470247e+00,6.934496297848780078e-01
1.264281043512097469e+00,3.429228609746882039e+00,7.948972678730567010e-01,-1.369325956534723110e+00,-3.675178137147204760e-01
3.017926786191453381e+00,2.461339684094178415e-01,-7.595444625427284491e-01,-2.498119135622619336e+00,1.184439801760024669e-01
2.298748880845193909e+00,2.401971536301277244e+00,6.378066166391792580e-01,1.093111908557821144e+00,-1.828823500710719641e+00
1.856126121942852647e+00,-2.292394969371116087e+00,2.832423726142249340e-03,1.182880190850762236e+00,-2.429096036658922486e+00
-8.103052743670213776e-01,3.091375806445738839e+00,6.485158846500284069e-01,1.479501379166983543e+00,1.782499313339147129e+00
-1.963424979159502204e+00,-1.680604161679385200e+00,2.058102345810911782e+00,-1.053713362308136559e-01,-2.252474998446595489e+00
-3.503147909508132152e+00,1.127159657174335583e-01,2.906241211884711406e-01,-4.775883178853294608e-01,-1.844640033715000849e+00
4.731484465858974975e-01,3.269158648399484779e+00,-3.448388506120845243e-01,1.913580598503630714e+00,1.143690403573986991e+00
-1.015770498201705063e+00,1.139091821356126966e+00,2.942864518654133565e+00,2.226895173207256828e+00,2.261999776645424176e-01
4.908257625898990173e-02,3.979030218232787686e+00,-1.411376883042880226e-01,3.511411879726319407e-01,1.472733585799214373e-01
2.668580335281750537e-02,-9.737018692547905196e-01,-3.689029225519378508e-01,2.241986484489490117e+00,-3.144614407969320347e+00
6.482315945255889833e-01,-9.207163693342752531e-01,1.775740579899807381e+00,2.811029251691662623e+00,1.917534121242600698e+00
4.804546888699547380e-01,-1.192575380229595972e+00,3.013895316419760828e+00,-2.383516612104698285e-01,-2.281786747633167689e+00
6.772081772408462541e-01,3.524738110403076441e-02,9.696140273007296528e-01,2.242697792179082938e+00,-3.093590463817110336e+00
3.409880427886757381e+00,-1.586881832259689151e+00,6.537800799657356166e-02,-1.339542920780246060e+00,-2.363725817790299499e-01
4.020765021174320109e-01,-1.090257894392956173e+00,-3.285735954432339234e+00,1.598054397682830974e+00,1.140102447131843943e+00
1.782707875570577638e+00,-4.645884378561239147e-01,-2.259924651141905549e+00,-2.453791825597236631e+00,1.215630067735393727e+00
3.484571526741776726e+00,1.339615315765418646e-01,-1.502282936506295963e+00,1.229252019524934125e+00,-2.681436821072630261e-01
1.302377698128007188e-01,-1.308190208357431494e+00,1.881429719611031615e-01,3.770906373408357215e+00,1.286228873949179785e-01
3.494437925579866322e-01,1.325078712739869991e+00,-1.396647591018205015e+00,-2.445799166237466071e+00,-2.487870050027030988e+00
-2.014437637452425545e+00,-3.220294278644347807e-01,-4.959343042791688472e-01,3.248013988115723727e+00,-1.021172047819621342e+00
-2.476624438839866826e+00,2.488689871201334114e+00,5.810148714236867962e-01,9.707168792882374664e-01,-1.546895139746203629e+00
-3.304265570801393714e+00,-2.857456970924614481e-01,1.988462441305903106e+00,9.024457929188449690e-01,-4.814427739290810804e-01
-6.149559559968321709e-01,-1.657641580504758183e+00,-1.968765829566607284e+00,-2.717405463203267146e+00,-1.270323667279192659e+00
-2.383384957135077808e+00,-1.959556891724042904e+00,1.743693360809698278e+00,1.530051668148779020e+00,-1.047897080090572475e+00
-2.078144563926267896e+00,-2.316281382773570208e+00,3.188505633499090774e-01,-1.257917828553526185e+00,-2.152239016024680485e+00
-5.785672582702767741e-01,1.848702897161640935e-01,2.812998308469436992e+00,1.624019216403549182e+00,2.254037489692211071e+00
6.487093013122695595e-01,-1.242898467887116221e+00,1.806131946271898769e+00,2.433648952830604451e+00,2.202185234706060868e+00
-1.501008548665494713e+00,-1.816014453422984953e+00,4.232899530387764231e-01,-9.725824460772458657e-01,3.053518272915810350e+00
-1.945050249594871161e+00,1.635673619849272953e+00,-2.250985251471296689e+00,1.030183605508608657e+00,-1.847468124888787422e+00
-1.137247359800592328e+00,-2.498430762314892029e+00,2.844570709834199018e+00,-3.168473513884530190e-02,6.098571331531278394e-01
2.476738844223313585e+00,1.847307594451148005e-01,1.668037177139697125e+00,2.643727897506866320e+00,-2.449367748092324826e-01
-2.991332451633362144e+00,-2.179399227513081350e+00,7.820425998543776291e-01,1.243467773067998827e+00,-3.799295201413543932e-01
3.063129900924961735e+00,1.086705099949346831e+00,-2.230541316896196502e+00,3.995291632549215488e-01,-5.489709620110315713e-01
-8.342522187233538666e-01,-2.484324165126414741e+00,-1.596338601718119588e+00,-2.547302594038509227e+00,3.083978618496388546e-01
-5.730898440491734025e-01,2.286894436264417685e+00,2.674485890795186283e-01,2.448979124055070677e+00,-2.091089278383966299e+00
9.732950355392274711e-01,2.851424977986568354e+00,-2.041411265749132564e+00,1.487271326959834328e+00,-7.367064631076967185e-01
3.224051211137171524e+00,1.226182048968311511e+00,1.312346188506702482e+00,9.362393077742823255e-01,-1.226040297397714696e+00
-2.577504699889597628e+00,-1.345447438196163636e+00,-2.245804736109688893e+00,-2.222809764450836556e-01,1.566267208325682780e+00
1.457234919760672431e+00,-3.194773831523384899e+00,1.380000760832410078e+00,9.897358805635150247e-01,8.865141515343285539e-01
2.653336426895283484e+00,7.374225497767952220e-01,5.006992734617633500e-01,1.564365980868114292e+00,-2.391249276894541254e+00
3.379538227019303953e+00,7.955285571661586674e-01,1.808968608179259752e+00,-6.690176448775224660e-01,4.752932277161903696e-01
-2.840190834023399002e+00,-1.525071264885674127e+00,-9.647100607389863525e-01,1.431032029045784304e+00,-1.621405407016877520e+00
1.199792012577662881e+00,-1.194573949609884611e+00,-3.945204942195209008e-01,-3.512687638619676811e+00,7.992942753439338244e-01
-3.445618735949295131e-01,1.991761983528732016e-01,-1.735236076145712625e+00,3.220586081901741782e+00,-1.567924426232868651e+00
1.411150024669735492e+00,-2.514161742067495542e+00,1.285572596531248557e+00,1.996765079130417675e+00,-1.431041110664520666e+00
-1.329521558224019406e+00,-1.401552765688071300e+00,-1.957858684300262997e+00,1.275135968068142667e+00,-2.609375386267499319e+00
-3.383521787654855673e-01,3.303049709192360517e-01,1.275014534049959458e+00,7.348074708110982067e-01,3.689283446431332880e+00
1.734785224679688431e+00,4.994394599306628546e-01,1.257392907020111750e+00,-2.875634519395538824e+00,-1.700226349146932714e+00
-6.602529515624607770e-01,3.572426137234492316e+00,-4.968908416087997743e-02,1.506833398927451384e+00,-7.272012353873540391e-01
-9.486051851079123631e-01,-3.831065263926765607e-01,3.425309666813869391e+00,-8.347731817655800191e-01,1.588642506562804702e+00
1.494505859116826707e-01,-2.804383568350537814e+00,-1.752978798437679453e+00,-2.229630190400616829e+00,2.625107049593522479e-01
1.706205868824822169e-01,-3.188989015410050865e+00,-7.972331228477735898e-01,7.071789765525417215e-02,-2.271707728056477027e+00
-1.474868790989686929e+00,-2.592300845769193618e+00,-1.368677258996689183e-01,2.546612791711062140e+00,7.750928261115481721e-01
-2.416651269075862807e+00,1.754528059014929031e+00,2.304842193977110654e+00,-5.544273047831431711e-01,-1.209024713716393862e+00
-3.159907347154289337e+00,-1.047487911538730054e-01,1.709976521168354302e-01,5.185115626232288388e-01,2.388706514109401713e+00
-2.947326351260779909e+00,-4.142634316099328418e-01,2.457695773733267863e+00,1.049389459929491730e+00,-1.290091303375011725e-02
1.661944443948191852e+00,-1.518012859897742484e+00,2.813735054899733079e+00,-2.896909567832632315e-01,1.712469507115734091e+00
1.187883456098818513e+00,6.699705399050328580e-01,-1.002014113207259083e+00,-2.011367997972146160e+00,-3.015035466466866598e+00
7.876145205696801765e-01,-2.445208243426065131e+00,2.880099753479799851e+00,-8.170405571478494000e-01,6.618837898378675533e-01
-5.611648132958593216e-01,2.248790955810801684e+00,8.387863533512446290e-01,8.610944027758636876e-01,-3.030344398302271536e+00
-2.590549638011787170e+00,-9.380689069706823480e-01,-2.672279668823734244e+00,3.841245413317186802e-02,1.125399997214591608e+00
1.761236241704311034e+00,-7.997626729473881202e-01,1.266039247157248582e+00,3.057571111320586343e+00,1.143166694643710457e+00
6.343023268914295132e-01,-7.491561025566790821e-01,2.441582990654008967e+00,-1.691012015076355235e+00,-2.493105805359780103e+00
1.585090644247985514e+00,-1.049380336042709860e+00,2.281179693969113575e+00,-1.011462114070401208e+00,2.481824360317951950e+00
1.969547775810113421e+00,-1.985388859796174632e+00,-1.127867045007250768e+00,-1.167706891004077985e+00,2.354461547718900594e+00
1.549177040362142765e+00,-2.095343742861374814e+00,1.868975214540059104e+00,3.339543454873393213e-01,-2.367486270167482587e+00
1.013822536794395102e-01,-3.803865728547124903e+00,-1.025663165948133004e+00,5.306101775716497437e-01,-4.321979492063323103e-01
-7.519609956911915694e-01,3.414089944836829815e+00,1.900805374490375677e+00,-3.477540668874585794e-01,-2.110700044887957594e-01
2.605004361225773835e+00,-2.254531832209002662e+00,1.090971586313139507e+00,-1.569712476240763932e+00,6.905231606126598365e-01
5.884802543753583359e-01,-1.136236473354194976e+00,2.103451307003993409e-01,6.492295383599885339e-01,-3.727856434915572947e+00
3.301942184175545858e+00,-1.873403813954542585e+00,8.835112606717794304e-01,-7.308065274178872084e-01,5.223654218764602897e-01
6.497586038089350202e-01,-1.847387594679731126e+00,-3.202559485839903353e+00,-1.256327610679263573e+00,-5.746533790916792395e-01
-1.040660239690933908e+00,1.983675989069786594e+00,3.955885465385609034e-01,-3.271375943054956270e+00,-3.516603147402584950e-01
-2.740031268244195406e+00,5.561928561714268859e-01,-9.077247150171763312e-01,-3.733274340506238104e-02,2.712474933304419800e+00
-4.098274544778273132e-01,9.738155787663882457e-01,-3.600335809758296257e+00,1.143476003839486665e+00,7.834343378506316569e-01
-1.344104847104600209e+00,-1.447060107025569975e+00,-3.048878424276276755e-01,2.056823245760768248e+00,2.788533798590762558e+00
-1.591463560799305288e+00,-1.434396183582473672e+00,2.793410835878079368e+00,-1.356739947601763641e+00,-1.328858133794771135e+00
2.519062303759752819e+00,-2.071418742199142848e-01,2.314269649498222670e+00,-1.902513586325514705e+00,-7.975057347627476645e-01
-1.268132319572180311e+00,-1.974477101532855494e-01,-2.452971695775094219e+00,8.848841481595669245e-02,-2.885819551181488141e+00
-3.010409521023627022e+00,-1.291084057786408223e+00,-1.988897363453128175e+00,1.010281039545239290e+00,-5.423614756273376081e-01
-4.951880134537470779e-01,3.292162624210108302e+00,1.909648586931333103e+00,-4.933986393496990197e-01,-1.013042024895697057e+00
4.908944275930663403e-01,-1.787208257496153418e+00,6.007975476865312636e-01,2.808648080825203452e-01,3.482106628403308868e+00
2.491741468928360126e-01,-1.019358914789269682e-01,-3.524343406713488669e+00,1.253975844820428787e+00,1.390708255066703591e+00
2.691674142082127741e+00,-2.566404238242829261e-01,-2.423712403730547305e+00,7.482837081359622333e-01,1.501571071194008011e+00
-3.249970209704550861e+00,-2.184589449002827699e+00,-6.275578033759083851e-01,-2.638193382364852901e-01,4.492584284495367841e-01
5.493699187769348624e-01,2.304872416828772863e+00,5.580043535260120757e-01,-3.070167833152991577e+00,8.052679381445635443e-01
1.362830038171743308e+00,2.871401023248012496e+00,-2.195925455951477923e-01,7.596674535674187434e-02,2.417386733285764588e+00
-9.211007040602124940e-01,2.942828785953301551e+00,-1.752454860743737353e+00,-7.643685632447879685e-01,-1.684035299547827824e+00
2.698633407438682852e+00,-2.246077681179652785e+00,-6.398388095283130683e-01,-7.654391039003423103e-01,-1.636221885443460033e+00
-1.639722645637308185e+00,6.906496370008951002e-01,3.167452597133165515e+00,1.165438706602203611e+00,-1.201378121310051839e+00
-6.532137064931581305e-01,-1.910213994946377225e+00,2.237636074690978027e+00,2.319773402057600631e+00,1.239366978545149989e+00
1.403645815011148823e+00,-4.694542444043937612e-01,1.557267022994532520e-02,3.668455350581489416e+00,5.929451670638153926e-01
1.102948925708602701e+00,-1.633878648898864583e+00,-2.631152926715041307e+00,-2.145651298911932958e+00,-7.662630146803797171e-01
2.496539169637739530e-01,-2.462052942514324272e+00,-1.637770479989274941e+00,2.646204773668409338e+00,-4.373515527483822218e-01
8.416286103344382541e-01,2.348083547967591667e+00,5.520829613338136266e-01,-2.900582703371881177e+00,-1.029557826804889276e+00
8.125472365428151322e-01,1.208023395150453538e+00,1.303638072987664653e+00,-2.821822242694194571e+00,2.053848453622886261e+00
3.210837467880859331e-01,3.656160761821282135e-01,3.718303155124405457e+00,9.699001502549413622e-01,9.983714025917606039e-01
3.534647561313694064e-01,1.186190015640735451e+00,-1.633278119340717316e+00,-3.007864672528222538e+00,-1.659267491879100165e+00
9.996871777195963649e-01,-1.190557019286668128e+00,2.237200144612868424e+00,1.952284564375122988e+00,-2.183281938545058143e+00
1.261119607800875730e+00,3.276163259202494515e+00,-9.018718776418135352e-01,-4.775004975309530830e-01,-1.623253530736458394e+00
-7.175389513844798728e-01,1.639672285023120778e-03,2.904728514029967457e+00,-2.063180823900020666e+00,1.670620337597189975e+00
-1.458105275837611625e+00,1.597198517653772187e+00,1.200802926843708596e+00,2.016606956915273585e+00,-2.411276552364663317e+00
-1.266179053421728984e+00,-1.340261508889792452e+00,-3.340754870168858304e+00,-8.447226892437434964e-01,8.522265943893027051e-01
1.328880358250714711e+00,-1.033660678926341170e+00,2.579748966198558868e+00,-2.431825027843610432e+00,-7.724926534588408833e-01
2.854644199311829333e-01,-2.221034208502019602e-01,-3.533545195799872918e+00,1.835546731698618705e+00,1.183498220959833397e-01
-1.192210626440233012e+00,-2.171941507085722645e+00,-1.389548245298127815e-01,2.744522791439711451e+00,1.519733567441692301e+00
8.827731285096733771e-01,1.735292737825041343e+00,2.234300274712170520e+00,-2.592917462128595307e+00,-7.029594829310109594e-01
-9.709373445537311520e-01,-2.174554062579944436e+00,-7.801931390588908721e-01,7.559786430296747683e-01,3.024630598753582422e+00
1.207928835500397258e-01,5.332226236272538111e-01,-2.853528594779553562e-01,2.673155713152792323e+00,2.910995532762301607e+00
-2.049276984968872117e+00,-8.416205706349374482e-01,-1.323620431526428165e+00,-1.534095325608174853e+00,2.643240272686905978e+00
-2.016790109050553781e+00,-9.395683399163475835e-01,-2.459615509576274839e+00,-1.171453724338525015e+00,1.904667085725990638e+00
-1.248001004896981625e+00,4.620147990138415706e-01,2.285848685637849265e+00,-1.061866070960783448e+00,2.806487493465514849e+00
5.347745225490483506e-02,2.548616447357724191e+00,1.624419772313745236e+00,-8.750884349186627276e-02,-2.618262204590076969e+00
-3.820786053699004037e-01,1.328992341870272043e+00,1.765073712587444388e-01,1.834544767591133496e+00,3.269722608748957260e+00
1.978084408411117545e+00,2.365419869399600028e+00,-2.127388053897265152e+00,-1.015493222041132571e+00,-9.669356228695594746e-01
1.814395592103065002e+00,-1.525167040464460166e+00,-2.183083982436848647e+00,2.297188280332409960e+00,5.821550174729561711e-01
1.570209778811270773e+00,2.616451581921402259e+00,1.121746898765395795e+00,1.907670292284991742e+00,1.338319962127878515e+00
-7.031561044705582075e-01,-6.371092411425247626e-01,2.178744589415825939e+00,-1.375153964248786886e+00,-2.908897883442918886e+00
-1.126637949173504571e+00,-6.361964473214358762e-01,-1.877534988000478355e+00,-2.697277227697354007e+00,-1.877631203851550357e+00
-2.284174556973728176e+00,4.144484126464062501e-01,-3.144178904783615280e+00,6.714073377449089053e-01,-5.235745487175113011e-01
-2.776227340637875685e+00,1.889749698707568371e+00,-9.393595687416561590e-01,1.365743660340284604e+00,1.404904154803171101e+00
7.212365134496059316e-01,2.447709039670488806e+00,2.781156205640416879e+00,-9.280015065805847785e-01,9.447336727323699668e-01
-2.587013908012678165e+00,-9.989068595388007621e-01,-1.987459483704478780e+00,-1.147286566172046163e+00,1.744500633828942826e+00
-1.629562773222964778e-01,1.827919239815265717e+00,-1.849316578845562997e+00,-1.277766521183407278e+00,-2.753088704154705191e+00
2.338895130006337642e+00,2.214335860396071110e-01,1.121241309419871657e+00,2.389623549783214340e+00,-1.874314262384554786e+00
-3.071054287734434340e-02,-1.722398075811082396e+00,2.144690391493159431e+00,2.898537826068890766e+00,-1.765880134188338446e-01
-2.671215145745925224e+00,4.105312054771407260e-01,-1.240685424961367689e+00,-2.614334849809843320e+00,-5.674740027747846582e-01
-8.009511871737275968e-01,5.302856022817373921e-02,1.970958298058632430e+00,-3.246818884177033127e+00,-9.639272214386052084e-01
-7.454460679628208131e-02,4.978637975577042130e-01,-1.713520410522452853e+00,-2.639941568702022678e+00,2.416843200797494262e+00
2.645202770901841083e-01,-3.681184012083956181e-01,1.997858153030952266e+00,-3.056666880368074324e+00,1.568396712738381327e+00
1.997280706805321326e+00,-3.107556591678206193e+00,-1.216267875440359969e+00,-4.669696387801030579e-01,-8.103046460251487337e-01
-2.499035773477920053e+00,8.527712515307365182e-01,2.075331281225263336e+00,-2.067692715114675117e+00,-6.672692893202308850e-01
-1.025821753989367036e+00,-7.168550157747509699e-01,-2.372755619720094966e+00,1.463216506216570512e+00,2.581247148264349978e+00
-2.193285868385250748e+00,5.966066737547494059e-01,8.617688128705127681e-01,-2.274612646971664542e+00,2.217442083972692490e+00
-5.841055975311192361e-01,-1.328213468853217005e+00,2.660736518527401451e+00,-2.569166522622106985e+00,-4.631783566858856394e-01
-1.310822432170626550e+00,-1.974606829745328085e+00,3.112070454456082214e+00,-4.662187307939740788e-01,6.930584396714030149e-01
2.311815586506895670e+00,-1.960622682774556980e+00,2.429379799104931070e+00,6.295756643266804398e-01,-7.163907204606858592e-01
-1.093694284161622843e+00,-2.783412113605108651e+00,1.616720435580832671e+00,1.047911405520556061e+00,-1.828810142683978235e+00
-1.465829813599449638e+00,-3.108028741126850000e-02,1.894331886639335050e+00,2.879919623573302001e+00,-1.402835214241610062e+00
4.954891240306473488e-02,-3.814015717510426118e-01,3.284363377788082072e+00,-3.130720076221948922e-02,-2.250345486402121953e+00
2.395602605543401264e-01,3.851658144712127640e+00,-1.090951048725141877e-02,-9.076751020939053394e-01,5.323037755413908556e-01
2.307155814860886167e+00,-9.761237972638051597e-01,2.724261045298462247e-01,7.207971409883803249e-01,3.021663428888557767e+00
2.357190759865010588e+00,2.305198351978201998e+00,-2.205696818027588435e+00,5.144004430461206478e-01,2.451689401753277733e-03
-6.945676580624000618e-01,-1.467512450660501067e+00,-7.205175390483594677e-01,3.472121392623837011e+00,8.883751945758763258e-01
-8.395309990795171151e-01,1.405682901031773513e+00,-1.431681443569947199e+00,3.543709979771044183e-01,3.338255940346939177e+00
2.769633106127395994e-01,-1.851180076191500934e+00,2.980247421354998316e+00,1.251411768391168078e+00,1.431264316443693785e+00
-8.983290808615885803e-01,-2.567975123799622894e-01,6.767624400945387864e-02,3.633376312065117908e+00,-1.386021789523777636e+00
9.729850045393633184e-01,-1.304507953092098882e+00,-9.779140322797509333e-01,-2.551250113398959574e+00,-2.426183460831672800e+00
-1.256235729977545290e+00,-2.616077027482528461e+00,-1.722691261749289326e+00,6.062158749410520020e-01,-2.059817930465714930e+00
3.336152102862426361e-01,1.394675061201924526e+00,-1.773119939169807369e+00,2.732723343736894961e+00,1.825335906906171202e+00
1.785489589438018720e+00,-2.252196934080261670e+00,-1.337156083232112103e+00,-1.230391681629348782e-01,2.436495612206402317e+00
-3.003534730290114751e+00,1.836361029589778981e+00,1.099719417807429739e-01,1.640247688429128825e+00,-9.508159577799090156e-01
-1.081016340256650693e-01,2.498966471444230120e+00,-2.565691118013483596e+00,-1.504973945669837720e-01,1.771457093043415032e+00
1.330454102973604558e+00,-1.384514012370085201e+00,1.921162835621506915e+00,-1.100520998029969277e+00,-2.722315139978001231e+00
3.295047238642724974e+00,-1.788265835726749131e+00,-1.214692262215132379e+00,-6.651342459168354537e-01,1.639760315070230567e-01
1.444362186610277377e+00,-1.858216626507506408e+00,2.522288752953565805e+00,-8.379240625158475009e-01,-1.843038674320841341e+00
2.063128520357579099e+00,1.860115769589794077e-01,-1.243897303372815788e+00,-3.186710763875749031e+00,8.058788857300819286e-02
-5.600576775913197469e-01,5.074610869430925542e-01,-3.547770762498648089e+00,8.843122075696961959e-01,-1.435316403902821003e+00
-2.323397015454936820e+00,-4.028023071616085860e-01,1.795760628768025002e+00,3.069579016921230100e-02,-2.685866367218022077e+00
-7.420530084793334202e-01,1.256119606242913633e+00,3.354847484596118257e+00,-1.483626839894846450e+00,6.444925309587739015e-01
-2.110555152938692114e+00,2.065609193946528421e+00,2.514928201565158616e+00,4.052446688330894886e-02,9.758634703910011865e-01
2.810598125433361183e+00,1.926060461681145253e-01,-6.774392802987384554e-01,-2.755252550324432725e+00,1.144573882674132237e-01
1.022119499120317965e+00,3.152653262955608326e+00,3.468751029844056033e-01,3.347492249396878949e-01,-2.187160202734409697e+00
3.419368165221850830e+00,-1.230479290743511367e+00,-2.032552210418683003e-01,-1.629870138160862236e+00,-3.099237221792021657e-01
-1.686037276225069714e+00,-6.353557497497578366e-01,-2.789257015111747950e+00,-9.961746090307422863e-01,1.995315219811601315e+00
1.553286047940742876e+00,1.258950360488787057e+00,-3.128913807440233397e-01,-2.146791321325295598e+00,2.701061356140632252e+00
7.646631207360407023e-01,9.024163210415435676e-01,2.945176397274072322e+00,-1.394558513633977759e+00,-1.995514378874473138e+00
1.490470586610311621e+00,-4.478881909879070533e-01,2.242957688732763355e+00,-2.598000362591393220e+00,1.340682110476851152e+00
1.068107570442252463e+00,-3.391116115794583497e+00,8.328953462680860342e-01,-1.347279514868885419e+00,-9.222803034554252211e-01
1.162552891883635864e+00,2.900366069706169281e+00,2.426056178294364596e+00,-2.201634669818333667e-01,5.496607161117342821e-01
8.184304727050285555e-01,-1.757818470307460190e+00,-8.880718181046547421e-01,-3.382154412771288143e+00,-1.122753795529399246e-01
-6.360833900182042422e-01,7.281218905347438541e-01,-3.622602762658570508e-01,9.326794679611739580e-01,-3.750215051933755817e+00
1.834020660028446770e+00,2.573279413248551251e+00,-4.341490328717796665e-02,-1.784811110009874913e+00,-1.681417773100396751e+00
-4.500377652350565083e-01,1.380725705574177509e+00,-3.690497840157225706e+00,-3.436370380814198211e-01,3.914100326798057861e-01
3.078073164385378035e+00,-1.646530395384638190e+00,2.130814789011934718e-01,-2.526952164259402278e-01,1.924875233024162968e+00
-7.768468709403785200e-01,6.083474257250490735e-01,2.278688104947455884e+00,-1.933727022471825485e+00,2.468745161343525840e+00
2.514733924636364026e+00,1.531814738920443286e+00,-1.926663276792546453e+00,-1.797252726805129708e+00,-6.225015243030496137e-01
9.198920299638948528e-01,1.368128493911449084e+00,2.115058260545281676e+00,2.501291801370256529e+00,1.597526511909458158e+00
-1.491268265447199814e+00,1.676112825815940566e+00,-3.372483058900400676e-01,-1.268735146504808231e+00,3.040286082559192860e+00
-1.718025177417292770e-01,2.610675498786292972e-02,-2.640800180355984850e+00,-1.880265320329593259e-01,-2.993429932857133657e+00
2.165420067253798209e+00,1.466845024408632847e+00,-3.033424190160878831e-01,3.254899567316262843e-01,-2.993553285243892859e+00
-1.237272542333230918e+00,-2.600684808059097186e+00,1.780411675999258758e+00,1.694458289736027634e+00,1.290170745843064015e+00
1.283749130775500569e-01,-1.926241810132838017e+00,-1.706414065860656359e+00,2.393699261072639306e+00,1.905640903728114122e+00
-3.476332061884576330e+00,-9.184112237837153137e-01,-1.383470807423633930e+00,-9.327673239078247969e-01,-5.362740568010556652e-01
3.369250930469132044e+00,-1.007761326335308461e+00,-6.509597348957301133e-01,-9.473144143313252941e-02,1.788810401977881215e+00
2.634398105751443175e-01,2.818308695285012266e+00,-1.988307378435873352e+00,1.182614892294449493e+00,-1.623512041737257494e+00
-1.113153360833085692e+00,-8.652365749492890723e-01,-2.376369617926361144e+00,8.366393350578079646e-01,2.768602052781615974e+00
-3.634860515837492478e+00,9.314415071314113836e-02,-1.399564816591852168e+00,8.618042652999690079e-01,2.786125088048364562e-01
2.362735375612621258e+00,-1.448944130422547660e+00,2.535213337345975759e+00,1.104697300766621371e-01,-1.370595572961841535e+00
-1.807524672007766231e+00,3.440448708988990134e-01,2.219498667187481455e+00,2.711163306138870688e-01,2.759494390014017640e+00
-2.091467607216212610e+00,-2.136424847045595321e+00,1.636197584287479856e+00,-2.077024455525746660e+00,-2.651018619536386622e-01
2.937640920975391756e-01,2.840008890073948855e+00,2.405728689406026799e+00,1.000455530320006614e-01,-1.431961075861466481e+00
2.477000534925266173e+00,4.933107716643899132e-01,1.976884100063625582e-01,1.557935209863172021e+00,-2.674858876082545134e+00
3.672189047131445783e+00,6.041942620544097503e-02,1.293866729270906069e+00,3.244554886457479137e-01,-8.555785281540830844e-01
2.951810159350535923e+00,1.473821383103226301e+00,1.110425300278160332e+00,-1.191202569238441200e-01,1.966579093439979609e+00
-5.521865554885748567e-02,3.189567517213168113e+00,2.023427729726069657e+00,8.563147897635174643e-02,-1.312256615758492506e+00
2.310086441689745307e+00,-1.072255234353655995e+00,1.421995381641538714e+00,9.159325248159116972e-01,2.579295657519098839e+00
-2.440024235667530572e-01,-2.136928670142871634e-01,7.580828872278515540e-01,-3.754150088214442516e+00,1.107459085985818437e+00
-8.142391421840698973e-01,-4.920118062319966401e-01,1.764569769153409018e+00,1.018068805270972099e+00,-3.308287841072433011e+00
2.119590141928381133e+00,-7.338948434001181520e-02,-6.578624664646794962e-01,-3.184228905114800501e+00,-9.642898261812902216e-01
-5.939805205613485350e-01,9.896021117058624306e-01,2.223526158695270372e+00,-8.045176791243788816e-01,3.012732568163850377e+00
1.992522207650217203e-01,1.538311130585409581e+00,-1.933456070455862985e+00,-2.902599316967348742e+00,-1.196061138401921520e+00
3.685815598221819478e+00,-1.082746233008842873e+00,1.000015400303626567e+00,2.252249774653166392e-01,4.377977609481548127e-01
-4.676112162356942381e-01,-4.492316765547806345e-01,3.262683255900872936e+00,1.883969550252638792e+00,-1.176897343278208607e+00
-3.252315095480858620e+00,-2.812036346733556846e-01,-1.928867357376784941e+00,-1.182802331473911783e+00,4.730966052087110518e-01
-1.681371998632660514e+00,-7.783486921258745417e-01,-2.921465466310931625e+00,-8.256612023866716221e-01,-1.830432906092436252e+00
-2.611330188864248725e-01,-3.608874834140603838e+00,1.222382138823552289e+00,6.524221287873710473e-01,9.939613928657394792e-01
-4.885125056683742861e-01,5.588510650549215475e-01,1.929979505868400391e+00,-4.540330517008746014e-01,3.393828828002929843e+00
1.270764466655610603e+00,1.716419335126018186e+00,7.483620552999379338e-01,3.249664130851384058e+00,-5.645348590974790248e-01
3.699857861125477321e-01,1.829058125108142141e+00,-4.714708146878016648e-01,-3.175611394750132543e+00,-1.486897586749440281e+00
-4.777664477586170411e-01,3.251322643412326130e+00,1.571510667886369284e+00,3.688747952259915364e-01,-1.610877368391745890e+00
-2.168925771995827034e+00,1.359088285912585903e+00,4.943208694731684449e-01,-2.756880973306453431e+00,1.266449447744223189e+00
2.370777848003362831e-01,-3.201774695915250213e+00,5.002261084039433259e-01,-6.523192604488246005e-01,-2.239796049525384358e+00
-1.252577929309953708e+00,1.907291793151228987e+00,1.007802046137278307e+00,8.605026031241708173e-01,-3.006186430114007546e+00
-4.650541189530358888e-01,9.014994208065394421e-01,3.091017164826392438e+00,1.224620075186767965e+00,1.979126579814554088e+00
-2.941962295712876596e+00,-1.634507331572710775e+00,1.191356870129998802e+00,-1.662420666316118956e+00,-7.001928090447687714e-01
1.563737280300772303e+00,-4.829940625744770233e-01,-1.939055782111160475e+00,1.192850491007134917e+00,-2.852825412407962613e+00
-1.895787916155713404e+00,-7.630686019670348541e-01,8.347395463100927560e-02,-3.382146146788172825e+00,6.146820530276051464e-01
4.590310284542689634e-01,3.420005824719116738e-01,2.149302393271868894e+00,1.682522724721133622e+00,-2.867393000545595871e+00
1.675418859639298708e+00,2.750027584186783169e+00,1.012836259400345051e+00,2.124528838919396367e+00,-3.014296853670500043e-01
1.691047288364870171e+00,4.551821950228124303e-02,-3.338325286347234577e+00,-1.331532830459473349e+00,-4.699912383762054890e-01
2.928879070731660761e+00,9.027230189425171636e-01,7.307148320250030915e-01,9.259076808032054018e-01,2.283748966281025972e+00
1.833269213540102527e+00,3.767320204571115716e-01,1.499696025343130623e+00,2.006853893295778679e+00,2.494122342224204480e+00
5.149487426745968932e-01,-1.158268218450528630e+00,1.163707411627763921e+00,-2.786400747216937965e-02,3.610851864000445666e+00
1.001955436292495116e-01,-7.580044071533179606e-01,2.526439376595416952e+00,2.749126608542534989e+00,-1.214412260463705984e+00
-2.098934284668485972e+00,1.821450818041647546e+00,2.187561342662362573e+00,-9.001703900814431725e-01,1.637394401788545339e+00
-1.941174652035243975e+00,-1.455934707489618063e+00,2.198794543547384350e+00,3.457206515830636984e-01,-2.271095525106374247e+00
3.410525718380054694e-01,-1.147192966881718013e+00,1.713245487080676588e+00,-2.586489994059113506e+00,-2.223171350033456672e+00
-1.679044730138509744e-01,1.028436064863050836e+00,-2.381063622730876794e+00,-1.221249930908244519e+00,-2.784459010148158331e+00
1.024609222799224423e-01,3.666680758495291403e+00,-5.434973878967109817e-01,-5.870377272309380556e-01,1.380199721360256593e+00
-1.135924016997889918e+00,-2.658321504767812815e+00,-1.296079456739032798e+00,-1.622954724586906483e+00,-1.824609385226453995e+00
-1.448339743914944355e+00,1.916470575960450562e+00,-1.778634510227252719e+00,-1.314389259539206156e+00,-2.310474555391349050e+00
2.740647387980467808e+00,-2.351899358021305175e-01,1.976308621738389171e+00,4.573998106383068141e-01,-2.078106646378809153e+00
-2.152876605228860818e+00,-6.645873961874836366e-01,-2.796140085962783850e+00,-1.223067528683906557e+00,-1.268523691319194180e+00
-3.234296801297978696e+00,-1.723594890928584311e+00,3.002718166412352008e-01,1.592993187473976807e-02,-1.574207078652609448e+00
6.949275962080043723e-01,2.078110428266625842e+00,2.650097969819179333e+00,-1.835983800583731451e+00,-8.970378577922136776e-01
3.181667264865132960e+00,5.486177558549994865e-02,1.933372827547782391e+00,-1.450318701790387577e+00,1.806343660607423740e-01
1.997949050891871525e-01,1.825460427801740781e+00,-2.702983394458195576e+00,2.823928951154734968e-01,-2.289522055910761633e+00
3.117978594400097059e+00,1.082006145422288457e+00,-4.451658931622767823e-01,1.384883039330497612e+00,-1.729565980548574355e+00
2.835875802127474365e+00,-1.657171685693156427e+00,1.041262216847948396e+00,1.766739160478181914e+00,1.002993605982861469e+00
-2.501217657306597508e-01,4.558464517236284763e-01,2.601514897158358486e-01,-3.677374799790301463e+00,1.462490649209295501e+00
8.192199136692898120e-01,7.705905374397013785e-02,3.867569848440107094e+00,2.570306517259322576e-01,5.466071228899906931e-01
7.041663112348646170e-01,-1.706932893406822194e+00,-9.368634951312848624e-01,1.722687921433317060e+00,-2.957222179743323132e+00
-1.312077624413161003e-01,1.701109833971788721e+00,1.092670134851219943e-01,2.139556414619575797e+00,-2.915367716817877763e+00
-3.802000552339981354e-01,-3.616552731314961022e+00,1.460604223204275520e+00,-6.727226132306709516e-01,-4.359745960767585915e-01
1.866496737239873971e+00,2.138923719773682564e+00,5.221584325303744167e-01,-1.487181046060704614e-01,2.765217667302561022e+00
-1.237558293147929672e-01,-5.744447285294729255e-01,-8.017948519214845859e-01,-2.080757070414072984e+00,-3.268374638551914568e+00
-1.967036743176254487e-01,2.776658547843866121e+00,-2.523324423469819333e+00,9.775926148590339260e-01,-9.636500954647996275e-01
1.006606872863107238e+00,-7.778901028791767036e-01,-2.141208040416769709e+00,-2.921646889914597089e+00,1.122870059113840746e+00
-1.959068593395874913e+00,1.216245926854824466e+00,-1.713952931946362002e+00,-7.018810080755761849e-01,-2.693051148670266404e+00
-2.146774228881033864e+00,1.112983588896405696e+00,-2.737126322247318999e+00,-1.524517017798178609e+00,5.801855733850449504e-01
-2.904087258478058153e+00,-3.774091229588307228e-01,-1.346374916099719377e+00,2.426978647829245717e-01,2.356313196665529297e+00
-2.202459615670345539e+00,-3.163289337128286416e+00,5.208776055570844832e-02,-9.782813558648286723e-01,4.278138203930338945e-01
1.405393355768201014e+00,4.196058791587251036e-01,1.993292940859139550e+00,2.365394254235835270e+00,-2.068935401525926476e+00
-2.389015187101293680e+00,-7.396121491817290172e-01,-7.960932692239722774e-01,-3.018002805388174004e+00,-5.894809536834677566e-02
1.857156860859527914e+00,-7.023634372324583097e-01,2.307770960856702303e+00,1.682500570998037626e+00,-1.975104811654105452e+00
2.729160440881940097e+00,2.156445317842913489e+00,-7.754804845472474950e-01,9.189850113437897372e-01,-1.567010991055994173e+00
-8.294970429144313817e-01,-9.205518799886709402e-01,-3.671107082006296984e+00,-7.707910734695030408e-01,6.271943921532431299e-01
-2.027587718104040704e+00,-4.337013528832363018e-01,2.383093487455089310e+00,-2.187413608800651055e+00,1.112150311776133105e+00
3.638384805857731052e+00,-1.082673221793715862e-01,1.492075982353949504e-01,1.207187096550692118e+00,1.127328966186020631e+00
-1.146950334866285282e+00,-2.529474434561993501e+00,-2.486136707475051999e+00,-8.885293613439986249e-01,-1.147128528117982604e+00
1.673006046310421047e+00,3.395374441452275960e+00,-1.238599068960205996e+00,2.189200336632114996e-01,3.007150421465946133e-01
1.771876280738674536e+00,2.733097703983650706e-01,2.383143069992174734e+00,-2.243905087813768073e+00,1.439192579188842469e+00
6.624308976294005502e-01,3.661056381264715220e+00,-4.180097997282142819e-01,-1.375014717365528938e+00,3.040621867746621243e-01
5.808997837459809466e-01,7.703450201416076615e-01,-3.032418085769589045e+00,-4.148542970313408018e-01,-2.387773116633788550e+00
7.754718837645735441e-01,1.239784430466772003e+00,1.669006503906644845e+00,-8.077817278293206726e-01,3.228542069350375243e+00
1.469061009761956083e+00,1.691693713033820101e+00,-2.478054693295486666e-01,1.507123474108451155e+00,-2.940612761660512220e+00
2.057859183373173639e+00,-2.962385848562563151e-01,-2.272813119108462399e+00,-1.747724717511189851e+00,-1.859364708619036355e+00
1.734069831077201584e+00,-1.866041047292283261e+00,-1.310494965095640785e+00,2.466045376443624093e+00,-1.308478421124400271e+00
3.187292924203939393e+00,-8.544748257740875097e-01,1.468629977447337698e+00,-7.073895621653338850e-01,-1.566449036553827279e+00
-2.510521604935331386e+00,1.224952103161445205e+00,1.604855102215639429e+00,-2.030704993848541640e-01,2.362197301091780943e+00
6.729240177697013436e-01,-2.035462722542263236e+00,2.260077961472591657e+00,-1.514259399729436906e+00,2.000782559361826696e+00
1.590316698781282456e+00,2.771847738055015498e+00,7.380535594499626484e-01,-1.983764408100454624e+00,1.143550886997946270e+00
-2.799228009326369282e+00,1.283640514303553692e-01,-2.680859443047112212e+00,3.884269838321172119e-01,-8.999790814009664963e-01
3.105592025443482118e+00,1.073645620519243726e+00,1.650851095849594330e+00,-1.358295099258883809e+00,-7.951781785884148857e-01
-1.022083617415360524e-01,-1.002984781849225682e+00,-1.229293720449922134e+00,-1.977761667726289252e+00,3.092065767849042413e+00
5.113784281760633821e-01,1.815211229647608837e+00,-2.993281553025157748e+00,1.704368082399057238e+00,7.608516800113244161e-01
-2.460784608079278901e-01,2.219930679035994281e+00,-1.536897881898654505e+00,8.253103991138512896e-01,2.822793087906223519e+00
2.174386226834039260e+00,2.841521845280210901e+00,-1.701118797985052611e+00,-4.147250493775307967e-01,-3.633126861402851682e-01
1.654016371696869436e+00,2.937647889267452905e-01,-2.993944015515322299e+00,-1.892106263307533842e+00,-7.963449072216987057e-01
1.531424118255316325e+00,-6.141229847061896452e-01,1.717607238527017577e+00,2.426222405601138110e+00,2.107335602698370725e+00
3.005104545587967468e+00,-2.405001345632474252e-01,1.481716420299224346e+00,-1.802430562790271473e+00,-1.211307917705812587e+00
2.408616472477409953e+00,2.379381783693510055e+00,1.312594302575002425e+00,-1.675222902276702008e+00,8.850672558191120809e-02
-1.916978385801423324e+00,1.406324818724808745e+00,2.951264899645260620e+00,4.903684102147656265e-01,1.181955450511607886e+00
-1.878592101052616981e+00,-1.724334697769218661e-01,-1.348624041908497384e+00,2.773989196190114637e+00,-1.710951650214089570e+00
-1.273159644382901856e+00,9.764378719030669673e-01,-2.314993730084717594e-01,3.221245060937734994e+00,1.730786497494461340e+00
5.108415660336764752e-01,-3.213088408196242085e+00,-8.149073956641130767e-01,-2.166091169598110877e+00,2.430612207001054403e-01
7.676621339693495694e-02,1.780480199216027071e+00,-2.174074865648824684e+00,-2.174670910683984548e+00,-1.835266225227089043e+00
1.763943289248483426e+00,2.218320882375511616e+00,2.355460315050593501e+00,1.014175171336178405e+00,1.179326910232680214e+00
-2.683572530271136625e+00,-9.680080214850639297e-01,-1.281376371258675206e+00,1.282255034124643034e+00,2.138994055100831737e+00
-2.562102582360006320e+00,6.277644381758101799e-01,-5.121599710342337186e-01,-3.797667280843861626e-01,2.938539018617293941e+00
1.486260671106175713e-01,1.193613652472135245e+00,-2.019969039422206403e-01,1.935773001159239781e+00,3.281032898278843479e+00
-1.222835382033691243e+00,2.947444885943846682e+00,-5.167240859551526233e-01,2.315129517636206113e+00,-4.363643068965875060e-01
2.129263488663489134e+00,-1.211303873482197702e+00,-2.652254940387829496e+00,-1.621174592787742563e+00,5.799280928007006786e-01
-6.462809950191792385e-01,-5.332354468338867948e-02,1.860930633423340641e+00,-3.475974489173998982e+00,1.844342789656480686e-01
1.617994754046771178e+00,-1.166145867954103243e+00,2.320494855900583353e+00,-2.544643531274487280e+00,4.028519740705453489e-01
-9.357967177536987702e-01,-2.030092353369969516e+00,3.087711745104632755e+00,1.066463546086105607e+00,-5.759350864833099326e-01
-2.310769744268757808e+00,9.711089624343435256e-01,4.764235286859770380e-01,1.232121662986343846e+00,2.823506224708201451e+00
3.490142486141069700e+00,7.572558203723965820e-01,2.565454358337463936e-01,1.778599880566068769e+00,1.274203796431380153e-01
-2.292370465177070660e+00,1.462255714151487140e+00,1.308878182543965263e+00,-4.597537656576247689e-01,2.585016490283809976e+00
2.246184674803973103e+00,1.848723536412537616e+00,1.521704898924138627e+00,-9.145288103595513585e-01,2.094021716268175126e+00
-2.263830887045148899e+00,-2.212703659059010786e+00,1.040776368412908992e+00,1.753279505179077713e+00,1.349743590360586110e+00
-7.009044966830283441e-01,-2.493429636230510393e+00,-1.460839003263416203e+00,2.587268490305875801e+00,-6.808323591836671351e-01
7.892570602120055900e-01,-3.539461626302146335e+00,-9.119314309667423402e-01,-3.227413815052533330e-01,-1.383294529273900508e+00
-2.803078078926693806e+00,-1.150530427351201812e+00,-5.091400758538503490e-01,1.507058189063258613e+00,-2.070889909463224487e+00
2.981671706642561315e-01,3.468304856736444286e+00,-7.317981737916203766e-01,-1.808212103498703538e+00,2.771248467252708791e-01
1.580224625131768423e+00,1.133119404370442673e+00,-2.599606726678139079e+00,5.358705456771781783e-01,-2.274602860820268191e+00
-3.736985239485308252e+00,-5.930279141247563057e-01,3.192205088872868690e-01,7.541646144406648489e-01,-1.006276907202522830e+00
-4.126717520757604007e-01,1.494727265812776595e+00,-2.033851318810685704e+00,2.412486794301203386e+00,-1.907576658005889270e+00
-1.418971947239949571e+00,-9.167223352360862609e-01,-3.433217492468675580e+00,7.197050344688873391e-01,9.171592477823029554e-01
2.428399192561257358e+00,1.599064258660845006e-01,2.263850856148356350e+00,-8.745211646626659396e-01,2.046338029311867146e+00
-7.422021807523597747e-01,1.158426662772590876e-01,-9.365424694542123785e-01,1.281363777809420679e+00,-3.593982675442772390e+00
8.811322346513611459e-02,2.941462918285020045e+00,1.045762784330009243e+00,-4.297054382136458739e-01,2.462065270354285573e+00
-2.842344107842190160e-01,-2.898168909685562844e-01,2.228267437507891913e+00,8.855294225259133789e-01,3.175827268322130248e+00
-1.269657402859129647e+00,-1.503760037129774130e+00,1.367781478736101120e+00,3.156992231330152165e+00,5.378194007694617751e-01
8.305107872438390881e-01,2.561994579363739533e+00,1.854113737498599646e+00,7.079315838685197315e-01,2.192608202247455562e+00
2.341896890825430955e+00,9.458112022188919221e-02,2.674649945669234974e+00,-5.876300943510819330e-01,1.734217951926529722e+00
-1.834217576721901111e+00,-2.529043262990912311e+00,4.401647217405980639e-01,-2.196017483011478255e+00,-1.106050761587219489e+00
8.195656650019486067e-01,4.076762105237642375e-01,-7.605697822741297465e-01,3.652223343595216942e+00,-1.115755565933934657e+00
2.530523177030888693e+00,1.304751292976560062e-01,2.618766114310868254e+00,-1.643454135368329849e+00,-1.433570180429005192e-01
9.646001632490037725e-01,-2.252976876739333445e+00,2.628610323104001889e+00,9.003871586036957808e-01,1.507764057082709996e+00
-1.643637705975820040e+00,6.378418951206610288e-01,-3.520311532633146001e+00,4.695016860267992587e-01,5.278140660796089012e-01
-1.133043298760295192e+00,-2.764068925756732575e+00,-2.505931706071262255e+00,2.175370091324262678e-01,8.655170656693614850e-01
-4.589864254673298172e-01,1.847112208672061939e+00,-1.455623523424191879e+00,-2.733483736611526105e+00,1.669351601534490914e+00
8.173418834634373908e-01,9.910409422600306995e-01,-3.483881269639693024e+00,-4.669201068323502457e-01,1.412213514023349825e+00
7.608454807291827049e-02,2.237546108515717780e+00,-2.690104756197708280e+00,-1.309783436990934691e+00,-1.426675261815872231e+00
7.391586393961245838e-01,-2.842694774084654430e+00,2.583382661655663437e+00,-4.624553347639746015e-01,-6.964194239128514985e-01
3.574921584548477416e+00,1.249412546558271025e-01,1.116804245041569388e+00,1.382649229289709902e+00,-2.129665096115710976e-01
-2.243998850962095393e+00,2.259308095613448586e+00,-6.586817096674110195e-01,2.321459944449533186e+00,-1.922452018707223598e-01
-1.730332412674793763e-01,-2.605904014459385465e+00,-2.113672751570544683e+00,1.334477212142673452e-01,-2.166541707378800474e+00
-1.728933939136917397e+00,-7.403970959386146911e-01,9.362262601585994437e-01,5.581216960422785700e-01,3.357764157385461967e+00
-1.620292339485622790e+00,-5.625383975098828815e-01,1.905616322255582640e+00,1.455962428549053334e+00,2.703146892963434578e+00
3.251991290175335170e+00,-1.998345433827355189e+00,5.193891307587639172e-01,-9.682154254181143394e-01,4.732462324807223952e-01
3.218521555865017980e+00,-5.587546300400244581e-01,1.452755356443955925e+00,1.792256973694202671e+00,7.892447281392019065e-02
-8.641303851674762004e-01,-4.589927006738215298e-01,-1.384216656981936078e+00,6.470852760507872503e-01,3.564804240096570709e+00
-3.253305231622529270e+00,1.408297558435969987e-01,-1.629767737694217011e+00,1.417520699555955943e+00,-8.547890016068209196e-01
1.193095190534529282e+00,-1.635832261275676824e+00,2.240309717102792142e+00,2.567538206429750502e+00,-5.379001852308546994e-01
5.264751123998292481e-01,-2.339293205855514035e+00,-6.002413716577120750e-01,-4.873840495008583962e-01,3.106879195769354229e+00
1.218840091761935085e+00,1.282785257246614963e+00,-7.613943841432221360e-01,-3.048574926002692642e+00,1.730710931047509060e+00
2.022366283802850884e+00,1.053155873025125366e+00,2.158014682991653110e+00,-5.934787357764521598e-01,-2.406585327683968600e+00
-1.703630936434030740e+00,3.304522310476270430e+00,-2.536259965801032634e-01,-9.539718198085920253e-01,1.096989313010528155e+00
-1.319284048357124872e+00,-1.643973937810234043e+00,-9.181790015106185976e-01,2.802212711206619300e+00,-1.691564522531777470e+00
1.904368062460571887e+00,2.409138642691568855e+00,1.233193427363835193e+00,9.446726728823831021e-01,-2.038690951269046536e+00
-1.663164054343148623e-01,-1.186075650701830186e+00,-5.946567719296308452e-01,1.735176848542982375e+00,-3.346805645981599131e+00
1.130656034262574883e+00,-2.829776792228504867e+00,-1.168150436822326332e+00,2.060675234117199217e+00,-1.050248720445977835e+00
3.059544218672342719e+00,1.132404496291927964e+00,-6.222562999498697511e-01,-2.080658335977965567e+00,-8.003169477554319400e-01
8.604806737344430356e-01,2.515044040329518893e+00,2.570729805171853677e+00,-1.999455485884151229e-01,1.511785874961546927e+00
1.601991014026120208e+00,-2.678901764103280847e+00,2.323490474018283791e+00,-8.932690096072667396e-01,-2.461150602572595714e-01
1.630337144908989400e+00,1.561454054069741471e+00,-1.493944075812837280e+00,-2.717473966525092433e+00,1.134604940303577836e+00
2.089858733501274379e+00,3.017030146892903941e-01,2.915803331565106071e-01,-8.126363156922296049e-01,-3.285737191661917134e+00
1.298535488970208984e+00,-2.817856321793661856e+00,1.378655559997262747e+00,1.645359543525772184e+00,-1.328755866602170821e+00
1.878071181978685500e-01,-1.739521535431920229e+00,-8.129932080590052124e-01,3.346511665613064679e+00,1.038602440632788060e+00
9.535545622973060631e-01,-2.151468890479788065e+00,-1.321349399425850724e+00,-7.491235156446517385e-01,2.855654921898793219e+00
1.439793601101490683e+00,-1.025998360941996035e+00,2.444230272513443047e+00,-1.165826139906755987e+00,-2.353913663669615630e+00
1.355049137099158862e+00,3.040988128290920578e+00,-1.925796691942360139e+00,1.075938617850142442e+00,2.233746439573943421e-01
6.933523252729771880e-01,1.807734150778854687e+00,-3.071735760886815214e+00,-1.373344960122543146e+00,9.642213588909546162e-01
-3.314614543891074572e+00,-1.334245371663329571e+00,1.335587503733792758e+00,-4.566940180456448561e-01,1.113892412835372214e+00
2.321797734039183325e+00,-1.379067552370320193e+00,8.756028707255253396e-01,1.260340276389904368e-01,-2.815113320075083525e+00
2.113566622420947727e+00,-1.392095070365935827e+00,1.183101811473026732e+00,2.517587418252549281e+00,-1.362692607595960892e+00
-3.218672050424083775e+00,1.843892885436197782e+00,-1.395773736683959321e+00,5.129562052061342747e-01,1.700025481586072973e-01
1.594651578268503123e+00,-2.982704357943567253e+00,-8.803046205322899720e-01,3.176019000854042873e-01,-1.919571271185799510e+00
1.224201340063739929e+00,-3.864871718087224406e-01,2.105186138797158213e-01,-7.506541086732793078e-01,-3.707311568691728176e+00
1.119568272220189953e-01,-7.258005256164762331e-01,3.121598534620459997e+00,-2.182121249142089603e+00,-9.770612614115792294e-01
-2.231910879204071829e+00,-4.218382982771560347e-02,-1.396314148535204858e+00,-1.647639613111413270e+00,2.520393789807071183e+00
2.433152755767333364e+00,2.585140788381532051e+00,-1.169662621347684839e+00,-2.953918417126792303e-02,-1.424019508352500907e+00
1.314789384445510745e+00,5.835750683460252386e-01,-1.834317395702437015e+00,2.875920926837107761e+00,1.514967830865774800e+00
-6.158132466893882252e-03,1.239266401357769887e+00,1.483110536707972882e+00,3.473944186389377631e+00,4.430302355680875714e-01
1.001299365828749011e+00,-3.413505385023674510e+00,-3.876852347247629615e-01,-1.026730450480662249e+00,1.463183278758167560e+00
-1.070219245764305604e+00,-2.408729569502078949e+00,1.988530213933045829e-03,3.066306850112571758e-01,-2.993096439435109168e+00
-1.064703217488952358e+00,2.965852468965642363e-01,-1.148526334230920432e+00,1.311246782002650546e+00,-3.426362996860921495e+00
-3.081558280021851282e+00,-2.219190864709318645e-01,-1.868373949387026389e+00,1.543488352200113711e+00,7.626093218438813048e-01
2.748938747821140005e+00,1.118290191666439393e+00,3.067137899411466195e-01,1.438019817769450981e+00,2.242941921386382376e+00
2.110806401953180700e+00,-2.719356637051196124e+00,9.026846435518547374e-01,-1.640824268650382889e+00,8.015310148102036125e-01
1.265358459523723722e+00,-3.023448518142227481e+00,-1.910088860679654221e+00,-7.820748878110913571e-01,9.987724671906423879e-01
1.671551081323558563e+00,-3.007213884593555431e+00,1.397317852488378698e+00,7.101075855781309176e-01,-1.306074910124010335e+00
-1.414763291614912877e+00,-4.912112962122123366e-02,-2.221796814740461645e+00,-2.440010965240720697e+00,1.762383995285323746e+00
8.322415528755161551e-02,3.202666798577470386e-01,4.554586078172690455e-01,-2.644823330077664014e+00,-2.947536259826436744e+00
7.544265062639871067e-01,2.879392387152921451e+00,-7.226340301335807403e-01,1.402958834254146581e-01,-2.568668380900674286e+00
-1.242863268359203355e+00,2.570924468562655107e+00,-5.815445207036186170e-01,3.755815270776986514e-01,-2.714108096606855813e+00
-2.600261113712100780e+00,-7.123366584207869723e-01,-2.667409206439004254e+00,-6.262478040022952941e-01,1.106327455581464614e+00
-1.489481060908482091e+00,3.712156496660232174e-01,7.003109106296467878e-01,-2.440056715946345545e+00,-2.683157274938646086e+00
-2.297712484941936584e+00,2.762497634976905481e+00,-8.414109633087941686e-01,1.534467189141305088e+00,1.629791077454501302e-01
-1.879169648851575225e+00,-1.826708377264705918e+00,2.844674033133981261e+00,1.002505542979877484e+00,1.861994005733126345e-01
-1.226354610105487630e+00,3.241306407005003276e+00,-9.898491027700062617e-01,1.696959171797846722e+00,-3.612692474843543500e-01
-1.470700725137182585e-01,-2.169933280191858493e+00,-1.012547825327587914e+00,1.013511208247940276e+00,-3.036000969279618378e+00
1.037154664768483503e+00,-2.320174935101265934e+00,1.895668818586017323e+00,-2.287429307648250365e+00,8.456981521969593185e-01
-1.597754978682268456e+00,-3.310535289798494762e+00,8.058858363601053565e-01,-1.238292637732381962e+00,-5.520094973700832020e-01
2.812899386127641344e-01,-3.753005220334980407e+00,3.444456901832116391e-01,5.311773212572450387e-01,-1.197929716832253133e+00
7.132689675387340333e-01,-1.331054990017416673e+00,-1.603455841964912310e+00,7.590730194016720445e-01,-3.251503883986759824e+00
-6.200161347376934584e-01,2.127485839919288857e+00,-2.135765728082739123e+00,6.141078695230361983e-01,2.480072634610715365e+00
1.073676193274338608e+00,-2.695598128082130174e+00,-1.640197114150876434e+00,-1.671712389912480390e+00,-1.447791862119787609e+00
3.923876728538520098e-01,-1.741189193529881996e+00,-4.321346599626578744e-01,3.498473305985264847e+00,-6.230860851395950695e-01
1.224828451675885388e+00,2.640645437739803647e+00,-2.609483876440107597e+00,-3.626318230995874137e-01,-7.654273287411393900e-01
2.804333388540073635e+00,3.935556852415930118e-01,2.703866447406567008e+00,5.821410821893555632e-01,-5.753661126185337649e-01
8.216444680485152086e-01,9.143542935703086183e-01,-2.176307913830728413e+00,2.066544383469972157e+00,2.341353191917286303e+00
1.112319999130533810e-01,2.327511269977749375e+00,-2.455878294296001574e+00,-2.103977451199552817e+00,-3.350513673625352129e-01
1.627895618980441661e+00,1.259439636246937111e+00,-3.068057357192794488e+00,3.935768430115498817e-01,-1.481853224167189120e+00
-1.410351693401961093e+00,1.901156349797929468e-01,-1.276221022718465603e+00,-3.423573341356000554e+00,7.906766872637599475e-01
-2.725076497573989176e+00,8.825009249990581894e-01,-3.191837529800048978e-01,-1.729209271840826290e+00,-2.168664848647436028e+00
1.959776079797813653e+00,-4.210303370534436707e-01,3.213023973954608703e+00,1.264080315113691233e+00,2.461484756564244203e-01
1.388229569125970064e+00,-2.220616314170476002e+00,-1.665057326579986618e+00,-2.232270069741385310e+00,-1.177385358998215725e+00
-1.303277989009026028e+00,2.881198216754583097e+00,-7.533338920572529851e-01,-1.529076672671615178e+00,1.759140669561184644e+00
2.251733600128079105e-01,-2.762769832543121140e+00,2.722657211904705221e+00,-1.617415633486360416e-01,-9.366841428566146099e-01
6.241889522433528015e-01,2.043041875259249629e+00,-2.402397812773795494e+00,-1.607045589237266592e+00,1.755635859490014772e+00
1.171789001120751461e+00,-2.341095218339745432e-01,4.869073528515941440e-01,2.005292298241201365e+00,-3.211514797878514571e+00
1.688048106379586688e+00,-2.376774250828083135e-01,4.719582741009170079e-01,2.650688086714341196e+00,2.417666454789131780e+00
-1.358719272532351308e-01,3.202059697016435558e-01,1.832476639578600963e+00,7.405592640043143771e-01,3.460145704771408592e+00
-1.257474109928049089e+00,-2.476443115072637369e+00,2.168129662860045048e+00,1.683236268283246684e+00,-8.671319339248597657e-01
-2.028110069097557033e-01,-3.179864048608356253e+00,1.749925506631903049e+00,6.921462083048791625e-01,-1.518560724967092934e+00
-2.976677257492902129e+00,-6.641653490165319029e-01,2.448374200585116345e+00,-7.571858003700002726e-01,3.611237066678338326e-01
-2.651288724217763626e+00,1.232592194839400745e+00,1.275146484070103670e+00,4.697706541566661759e-02,2.413126432979697977e+00
-9.400178824099040265e-01,-3.238410596640869166e+00,1.540607779308362790e+00,1.420092115667286325e+00,4.888038887610219874e-01
2.176094393214900169e+00,-2.972554224109738907e+00,7.020576235342714799e-01,1.385527397183083709e+00,-1.263467508031119180e-01
-4.104992898758506037e-01,-1.483627691478967670e+00,-2.040527374171532848e+00,9.671726026921092512e-01,2.920815707631450930e+00
-5.788957978742748089e-01,2.535298080165504508e+00,1.329021113831929002e+00,-9.021956076928230317e-01,2.580094816932379409e+00
-7.854567226943858227e-01,2.682686350201938463e+00,2.512657983653567406e+00,3.736793946882605022e-01,1.316497341577947955e+00
-1.115934292773853809e+00,2.155373643898560676e+00,-8.878263940676330845e-01,-3.011333475478244814e+00,-5.026829048811404244e-01
2.158732467718142090e+00,-2.809289606235477077e+00,-5.490940983730141500e-01,8.750217726428248799e-01,1.542918860358440947e+00
-2.973814927523046880e-01,-3.400167862964996734e-01,-4.465557207175671617e-01,2.780628730077167599e-01,3.939444359266179863e+00
-2.595642510606594122e+00,-1.599117144971760052e+00,4.890364630990368666e-01,2.472946297549668770e+00,5.923210793009427988e-01
-1.979979804250731057e+00,1.455358665644094662e+00,-1.987821011936014903e+00,2.405405533465379442e+00,4.735007636463663405e-01
-3.323327067355205777e+00,-1.088416920620137063e+00,-7.680945553993037689e-02,-1.531282786128902895e+00,-1.191687520592956462e+00
-3.006264612107480971e+00,9.109435536212866225e-02,1.609355743167639741e+00,1.254706565767775395e+00,1.670257592757472320e+00
1.413892845323735825e+00,2.775641684416843891e+00,2.896426775394939090e-01,-2.427360550845748310e+00,5.663463050250752140e-01
8.682950801100659532e-01,-2.931064281650704650e+00,-2.540748383436225222e+00,-2.998816289543935754e-01,3.310505873276192723e-01
-2.051772699818583262e-02,2.595187523076928571e+00,-1.606329263544735486e+00,3.458916375130212106e-01,2.562156516515541327e+00
-2.026208596649834881e+00,-2.521429458405208823e+00,-1.113008312919522957e+00,1.103503697240692638e+00,-1.755096662493800697e+00
-2.097331655486402546e+00,-1.271120079327275443e+00,-1.326678051670804992e+00,-2.779908901292407641e+00,7.053265332850321423e-01
-3.157385844744733827e+00,-1.448820258516232862e+00,2.633026179032310066e-01,1.655328995508671130e-01,1.958342430855780636e+00
-3.575488231971987174e-01,1.114545586391154197e+00,-2.554058357004155067e+00,2.847229857400841890e+00,-3.875955199845875030e-03
-2.932746749263558605e+00,-2.099264145168318496e+00,-1.323084429106287763e+00,4.700680094588693403e-01,-1.010232752109445631e+00
-4.103644771873659614e-01,9.299648499674940672e-01,3.259660874886816107e+00,-5.559999603094460952e-01,-2.008044172461274535e+00
2.069696320939734768e+00,-2.929131681428636669e-01,2.953601569943050897e+00,6.090486462118049893e-01,1.592437291573690628e+00
5.111941914513709051e-01,3.692247264220219538e+00,5.955785892443629104e-01,-4.692030787062423380e-01,-1.237386460832252011e+00
3.052863524423932606e+00,-3.498933333217955632e-01,1.076925879750499693e+00,-1.474884563648524383e+00,1.795144877154420726e+00
-9.654114143704045636e-02,1.007304193800865777e+00,1.230596500179528263e+00,-1.946414126316828419e+00,-3.110164364110266089e+00
-9.399787363234735071e-01,2.392647522357413070e+00,1.844648985913504902e+00,7.393821066126098351e-01,2.332865625835752521e+00
-1.577443474083166375e-01,-2.558248660715817024e+00,-2.216812678342266363e+00,-3.110346506086421603e-01,2.102255813660221406e+00
7.491833107992046381e-01,-3.447821955339783973e+00,9.274744597666492729e-02,4.995238334892342924e-01,-1.814696112889956359e+00
-2.168045723040930295e-01,-8.686135817861668773e-01,3.436270440355158939e+00,-1.008018024229265786e+00,-1.540925483771014681e+00
-7.970354047425222410e-02,2.631319969886813936e+00,-2.325932647834233702e+00,1.101554346603542234e+00,1.564102906118519432e+00
2.523782213050155931e+00,-2.026335080365363250e+00,1.523239535735085193e+00,-1.281784364901498829e+00,-1.249503758233633910e+00
-5.480766908906403723e-02,1.701995025151890051e+00,2.528429820436549402e+00,2.585730684830701342e+00,1.457687292233544873e-01
1.831606534507800754e+00,-5.161269234507137593e-01,2.742576716436238016e+00,-9.652271712120060743e-01,-1.981272309414714661e+00
1.215392691558408345e+00,2.174538775330499829e-01,1.724141138321929834e+00,-1.800531864722968445e+00,2.874188016764985143e+00
3.373810083739309795e-01,2.820842477789188951e+00,-1.300159436958938208e+00,2.330751282894722998e+00,-8.978895625075263842e-01
-2.749194835148429661e-01,9.244757712059837873e-01,3.385425391306290610e+00,1.661077598210998874e+00,9.216723705619379592e-01
6.531190193088860507e-01,2.003170906910039850e+00,-2.788884872411373728e+00,-1.941155703979513314e+00,1.215630111053701556e-01
-1.595927064065892464e+00,-1.602690720426293902e+00,-1.205570699478464292e+00,3.012781986365938636e+00,5.950993631565966169e-01
6.634707813996441050e-01,3.000501105836312465e+00,-1.306527243394857596e+00,1.822728205279228186e+00,-1.235899707925611324e+00
1.201695785580266573e+00,1.338443354045563138e+00,7.884976943548559492e-01,7.874330822503688987e-01,-3.394512800668845198e+00
-8.712228411651767868e-01,2.462566153800191948e+00,1.302441405003084807e+00,2.599874028722095609e+00,-8.491408131162558881e-01
7.980511390016630235e-01,1.059837646774323794e+00,3.483106049504347101e+00,1.325719086721387052e+00,5.918612109496967921e-01
2.193327188298060726e+00,-1.300725815696817778e+00,-4.587593795227060123e-01,2.895748155257357848e+00,-9.495318059317038317e-01
8.448117495961916523e-01,-1.887823164180574276e+00,3.017647878673988870e+00,-1.616976528685642345e+00,4.006238312393889389e-02
1.197454565966130612e-02,2.454689697262089076e-01,-1.413296048225105350e+00,-2.675460654944036509e+00,2.604631674359260796e+00
-1.312180827526023830e+00,4.313115927697397378e-01,-9.664408390830507845e-01,-3.082739640748188403e+00,1.911768866188517491e+00
-9.371851729272067111e-01,-1.298894052811346400e+00,-4.818986307026215665e-01,-3.495113562487042191e+00,9.932336513946695700e-01
1.169225141360642484e+00,3.229566422809653226e+00,-1.714942025778185553e+00,3.456489034877636701e-01,1.068790893116219998e+00
-1.119742959801272697e+00,2.797380218105828820e-01,-3.596937297584468229e+00,-1.150096754264785304e+00,6.381550565531344255e-01
3.609944558698954253e+00,-1.129343954475593298e-01,1.688598880487345077e+00,-9.061264457680630324e-02,-3.097890813188695636e-01
3.325060564523826256e-01,-1.552880113879517410e+00,1.532646859333251177e+00,-2.546002679254226297e+00,-2.155659304284016198e+00
-4.352016241566356580e-01,-8.488657502719397785e-01,-3.262263007435085793e+00,-1.977687628926570129e+00,-7.324057598476911846e-01
6.006072792495568136e-01,-9.667078051588067211e-01,2.107076426964815230e+00,3.190580633007616296e+00,-2.918408312135137850e-01
1.588900051281101344e+00,-5.836104672510210589e-01,2.374880379795189511e-01,-2.285714206086340017e-01,3.609175804397943832e+00
-1.695085875896800820e+00,-1.448885281674646031e+00,7.259021094471590496e-01,-2.225412236091635965e+00,-2.355423915314512229e+00
-1.558092973662302816e+00,3.092075419361872246e+00,-1.621410857198446465e+00,8.295091543508292808e-01,-8.332810338711880149e-01
1.401067502412264965e+00,-1.685923127488880180e+00,-2.106507332779386843e+00,-5.822604710718107812e-01,2.533431006097516480e+00
-1.618015858308553989e+00,-1.575085106353002473e+00,3.013965737852655202e+00,-5.443947158612852943e-01,1.233197678557493848e+00
3.340709295797753331e+00,-4.515343596290566364e-01,-1.372217600571624008e+00,5.163387409557942398e-01,-1.576766084209860530e+00
1.981797048435875119e+00,-1.243569212050627204e+00,-1.830030579877113706e+00,1.490919829618325698e+00,2.225794737170553539e+00
7.958476391175325904e-02,1.550866371711641767e+00,-1.952949693346383020e-01,-4.326916971249155086e-01,3.655559811114957203e+00
-2.892721033332235958e+00,-8.163749287808574895e-01,-4.753967898773774903e-01,-2.496979335287242918e+00,7.104851091318484801e-01
3.162190789192395268e+00,4.044904150376628094e-01,-4.663575854769697604e-01,1.453277220247226165e+00,1.872814150007422240e+00
1.829497116899321707e+00,6.802144297799562755e-01,-2.062263519334552875e-01,-3.473201659711131928e+00,-2.908428295905801098e-01
1.034392416508288726e+00,3.185262254711667129e+00,-1.583112262010900384e+00,-1.345734528588257373e+00,-6.832941107717527274e-01
-2.983452051681803940e+00,-8.984674470617036723e-01,6.023863021393641715e-01,2.275430389145843169e+00,-8.667856649902071497e-01
6.184894107270387797e-01,-9.766485179236156222e-01,-2.794000448781685630e+00,8.637478440471433316e-01,-2.472069917168156383e+00
-7.157411582866556043e-02,2.711345587738445584e+00,-2.834635748183901224e-02,-2.936117299645761847e+00,1.479659978947722720e-01
1.040509030605815788e+00,7.601649565768267003e-01,-1.362230017353045053e+00,-1.781847739196875890e+00,3.051038873918456407e+00
6.844752455560333404e-01,2.807318181407623126e+00,-2.651841056838329269e+00,5.448339361083851529e-01,5.668802853252357110e-01
1.283100713641134316e+00,8.498032260443713071e-01,1.555788247063819352e+00,3.067865499168669352e+00,-1.341346802645331238e+00
1.065248725951423510e-05,3.007606763091399849e+00,2.174905877626848394e+00,1.315994931345616292e+00,-7.016005434933998419e-01
5.233059577317028532e-01,-5.702396909985739670e-01,1.734611826919927768e+00,-3.279134901387079193e+00,-1.280380286409869672e+00
2.004126575600849947e+00,2.976772163095465551e+00,-6.750585581249128886e-01,1.199138393050984824e-01,1.628564021534241402e+00
-2.386493020576813784e+00,6.955535805315493647e-01,-2.148844201508179008e+00,2.878106665112424838e-03,2.281077945510542992e+00
-2.847843947826219413e+00,5.943730604417627461e-01,-1.760659524435242762e+00,1.238882410308340676e+00,1.703453529244260745e+00
-1.013885717046808299e+00,-2.034620215140941824e+00,1.169019250406985844e+00,1.705161280455961270e+00,-2.560893463758299848e+00
-1.323914827243881376e-01,-1.236712516988283106e+00,2.899961350370885427e+00,-6.266806228234742537e-01,-2.377080185639347754e+00
-1.244741854163202710e+00,6.686321189533578346e-01,3.455135180248824156e+00,-9.421760882122361958e-01,1.085308210144155350e+00
2.962084200797929778e+00,-6.288448646599419101e-02,-1.045719859813898145e+00,1.872796964885189874e+00,-1.619013351351008323e+00
2.135683448488644665e+00,3.012300824698298296e+00,-1.357927240500451882e+00,-6.051896954439290877e-01,-3.932925010840070956e-01
1.103063736229593417e+00,1.291671158163545829e+00,-3.513538421491659403e+00,1.034776635400515704e-01,-8.713071483890437730e-01
1.359632759538436986e+00,-2.196728304914819407e+00,2.817670944871898620e+00,1.174776145801474714e+00,-8.009349072485559551e-02
-2.359446946889548702e+00,-2.308110144053955537e+00,-6.158847759921367571e-01,2.138721551824762646e+00,-3.901201535299244627e-01
-3.549165463020317990e+00,1.258651650351762241e-01,1.177966441873567582e+00,-1.126761375682123312e+00,8.546264332590557400e-01
7.713443536565083303e-01,1.155387463399845771e+00,2.642129162681662979e+00,4.882466187260579571e-01,2.617417892601476836e+00
1.384175422330327920e-01,1.427479162802821389e+00,-2.030986127728685808e+00,-1.161631514438210555e+00,-2.910129103219228686e+00
-1.629344687647167778e+00,3.009557442553107087e+00,3.850253147733314618e-01,-4.856134785981169322e-01,1.975787171027459266e+00
6.327613592946722543e-01,-1.516412565019354730e+00,2.767104806258197769e+00,1.380351866560044938e+00,-1.933356074421357373e+00
1.021424652224931284e+00,3.061838663816789374e+00,1.713472737606242247e-01,-2.095109405424851801e+00,-1.078421238505121060e+00
4.513543396507992966e-01,-1.560150219147925288e+00,7.154608956506745832e-02,-1.786055620921308762e+00,3.188588563896950667e+00
-5.297683087899804910e-01,-1.990273238119173171e-01,2.497888838036423087e-01,-6.519103917491102518e-01,-3.897736781522800786e+00
3.037337401698069428e+00,-5.879149817205537795e-03,1.976172082069549696e-01,-1.878599591114603617e+00,-1.790630603761697026e+00
-2.819291794317853928e+00,-1.571852508151371008e+00,9.319508498490598480e-01,-1.994482786319294654e+00,8.569594504128532630e-01
3.350338304108604892e-01,6.103575519785588849e-02,2.829307881492077126e+00,2.996463233597199682e-01,2.790923854513316815e+00
-2.560877163032759807e+00,-3.616070017700358241e-02,-2.745980270176599181e+00,1.373622369997081982e+00,-1.155616721255157270e-01
2.408820318155024509e+00,-1.937880333774106845e+00,-1.727882075007266982e+00,-5.329928732883805198e-01,-1.781164399685627009e+00
1.030820499513382726e+00,3.756200200144659274e-01,-1.222249435524340289e+00,2.037067250381623840e+00,-3.025356513393156366e+00
1.103722270347157419e+00,7.061529573186804409e-01,-2.808018400600620912e-01,-3.580242417661067211e+00,1.177352839300571663e+00
-2.164498614714391422e+00,1.891213408638265259e+00,9.811437688566145843e-01,2.577490212171574147e+00,3.635363817830170596e-01
3.208103354453505140e+00,1.950809897682994176e+00,-1.127654279460818199e+00,-7.121133563088959118e-02,7.910362709368033984e-01
6.649039735895801995e-01,-6.753755205999756317e-01,-2.884436859629167405e+00,-2.131489905088397308e+00,1.496176927839077075e+00
6.580827846061118036e-01,-2.996310063817833047e-01,-3.068186170890746522e-01,-3.680085515302079280e+00,-1.356459083382571595e+00
-1.085256630708845815e+00,1.652946031689014772e+00,-1.097818405783982154e+00,3.051196189985524665e+00,1.254983673186929272e+00
1.338247241871868276e-01,1.709216642321115032e+00,-2.261912887580352916e+00,2.734718276491955979e+00,6.824481299172379112e-01
6.679080824282557227e-01,-1.735131121083286487e+00,-9.262300864426519231e-01,-1.658281749948760098e+00,2.989216996276880867e+00
-9.232686370098108775e-01,-1.555008834081222924e+00,5.076638328054757787e-01,2.760364015015610573e+00,-2.202768822938883542e+00
2.738894609092937138e+00,1.652244868083168894e-01,-2.521044055915103055e+00,-1.217950993382486802e+00,7.950405241837140702e-01
-5.923489969792664622e-01,-3.503448568004437824e+00,9.294550485905133108e-01,8.602643768178516170e-01,-1.330800252386927340e+00
-2.915254610162355320e+00,6.221232320909791946e-01,-1.846290892130258765e+00,3.621484039592071658e-01,-1.890585019819648105e+00
-1.308398709826526174e+00,2.557529259081709583e+00,-1.540475283052939570e+00,-1.305310306907686790e+00,1.915786472978858512e+00
2.383756087431893267e+00,7.550913334077644645e-01,-2.852795066010975766e+00,-1.108641005274365821e+00,-6.164571571581877185e-01
-5.363645348136584362e-02,-1.731849579914261472e+00,1.502078802026393545e+00,2.953320484881690522e+00,-1.421083231021275761e+00
-2.453576533437236418e-01,5.861235776141461296e-01,-1.221687336764831988e+00,-4.309996721038077405e-01,-3.730680649364847223e+00
-1.891548828761403733e+00,-2.756320674709009211e+00,-2.164303250076796026e+00,3.508488586737809056e-01,-1.320450175408287297e-01
2.469278484477577251e+00,1.676237124028006287e+00,5.153158196055779294e-01,2.510264013415505868e+00,7.252013921261762919e-01
-2.405839520732806047e+00,-1.795652884754149081e+00,-8.112045955828403043e-01,2.509596143163464799e+00,1.773167230652214488e-01
-8.616046213858048475e-01,-1.628129581940218396e+00,3.282069687265532831e+00,-1.259929982451846999e-03,-1.354565805462015105e+00
7.528760676549318687e-01,2.174912534387201557e+00,2.538365119721758489e+00,-1.659058839564658383e+00,-1.227664196904104665e+00
-1.492089211148091010e+00,3.370745769196422437e+00,1.275154894424782859e-01,1.225545634330778677e+00,-9.452621030935817181e-01
9.157612054142045821e-01,-1.024695371087275486e+00,-6.133504057244960617e-01,1.241163270548356623e+00,3.492090466578713581e+00
-2.295236153751081254e+00,2.077972362021661468e+00,1.159969462758771330e+00,-2.194028699822207162e+00,5.046095233065456265e-01
-9.763599876517009557e-01,-1.036310538717916341e+00,6.951224118657436390e-01,3.672692778961292426e+00,3.023616613406283557e-02
-4.806275520385805966e-01,3.724180800681716530e+00,-8.673918789714019084e-01,-2.861928928718656118e-01,-1.032085014143304003e+00
-1.043514639610529704e+00,-8.357862218362364093e-01,-3.643665768859256637e+00,8.257285336994963920e-01,5.043914568913465679e-01
-7.538814379404783494e-01,2.083462900202964541e+00,2.033082866183725024e+00,-2.490923771801237585e+00,8.675931899872868502e-01
-5.832327266336311267e-01,1.708559205084923205e+00,-1.076998776735672791e+00,2.219099951946156501e+00,-2.579987222349270581e+00
-1.113683170743088091e+00,1.606128862456190909e-01,-3.348478711415455944e+00,7.640010277812884221e-01,1.714032101426953281e+00
-3.985712801506988701e-01,1.742740799455298806e+00,-3.276809855940916894e+00,4.005722221718415188e-01,1.380599327605848137e+00
2.731454473393162274e+00,-8.137455388752378171e-01,7.630599024469461034e-01,1.564878707830476889e+00,2.201333430627355980e+00
1.540887008137267644e+00,3.855792281163659962e-02,-3.152979716393541132e+00,-1.896593764229132173e+00,-2.929701627133904362e-01
1.299589857939682513e+00,6.927331462224586289e-01,3.404784349487293138e+00,6.614631096225883633e-01,-1.342049580812815668e+00
-2.776836190809218660e-02,1.433890180825122762e+00,3.659063136042318476e+00,7.441679517738192251e-01,-2.566891932188235595e-02
2.256751452424449411e+00,-4.864568875863037323e-01,-1.563746785296280084e+00,-2.399761490843963951e+00,1.570437313947263380e+00
3.047679674924424820e+00,-9.320029710595304495e-01,-2.824009383504046400e-01,1.581994165637264027e+00,1.805702974161927710e+00
-2.225023297527824795e+00,-1.529643449098181174e+00,-5.798679940063945493e-01,-2.218299918584216712e+00,1.858052966098029612e+00
-8.317502691620359823e-01,4.263491012095769334e-02,-2.766276313816425247e+00,-2.766285436030258893e+00,-4.188073797049490787e-02
-3.681478174308140616e+00,-4.489052817107365145e-01,1.242221714129229770e+00,-7.131856719758185026e-01,-4.398339577377377019e-01
2.220137236696991589e+00,1.463676180722395470e+00,-1.755799878760362587e+00,-6.958013399647747788e-01,2.315528010900681721e+00
-1.230087087994079287e+00,3.187205256543079734e+00,8.175918486139004404e-01,-1.539440453149715449e+00,1.135902755037027534e+00
1.141534045767420791e+00,7.684270611235475279e-01,-3.113560181346532119e+00,4.631462186654923818e-01,2.048818794172900581e+00
-2.198534504440266435e+00,3.049115476860834395e+00,1.120922484179583956e+00,-7.735707766063173452e-01,-1.202575552499401818e-01
-1.390187548716074639e+00,-8.370373936286278349e-01,-8.766114154377855350e-01,-3.548144122441471371e+00,9.472430401109573073e-02
3.975320629412576467e-01,-1.709715855507859095e+00,3.044394747289835834e+00,1.712750923280667470e+00,8.467495791755509371e-01
-2.473845135260353878e+00,-1.268465444895250371e+00,2.242184141960100963e+00,1.748711892029875425e+00,4.309323079920084898e-01
-2.713457397608258770e+00,-7.100080895255372893e-01,3.080660006282535113e-01,-2.827279733416303564e+00,-2.112394670596900725e-01
-2.669471076743799021e+00,1.234415054286874369e+00,-2.223767597125903439e+00,5.749743055148794912e-01,-1.440279787454091576e+00
3.252562919000059893e-01,-1.784537409852435363e+00,-3.041828184176638583e+00,-4.416932967734038540e-01,-1.806051745369085415e+00
-1.086177404837233462e+00,-2.276256662715644641e+00,2.078625249259505647e+00,3.569861154833464112e-01,2.278322241728913067e+00
-3.394712446892544477e+00,-6.117344459223936215e-02,2.088091182630966713e+00,3.237211551129453579e-01,-8.523520012709488725e-02
2.335338997988134047e+00,-8.839547107127165848e-01,2.364425632668916588e+00,-6.608336805088761423e-01,1.933288935510639517e+00
1.175217209405435614e+00,-3.316414736456575696e+00,-4.475493816498897215e-01,-1.810109452539345964e+00,-3.787626266455997315e-01
-6.851141814064222180e-01,1.777070354932770213e+00,-1.201897774623293724e+00,-1.664107926420007377e+00,2.856365883537437256e+00
-1.446347290665706220e+00,-1.194629242005391223e+00,-1.213147404808373464e+00,-2.074834308078452150e+00,2.589261759103725247e+00
2.465977933070310490e-01,1.863599081745854091e+00,4.810457169919986065e-01,-1.688859981672278909e+00,-3.063092387003969908e+00
1.799254471077416095e+00,3.613594560447735277e-02,2.894902502470149575e+00,1.651015780728156024e+00,-1.286492881722188564e+00
1.351213637825010930e-02,3.331148899213968839e+00,-1.195779734186904752e+00,-1.861794291173539451e+00,-8.424534466409940026e-02
1.679523200635166136e+00,-9.874897294995411690e-01,-1.381493793847886342e-01,-3.215064527771425151e+00,-1.359536937307195048e+00
6.973849703589464211e-01,-3.466488653168933176e+00,9.131881077656304191e-01,-1.619172517360611741e+00,2.036626117578201334e-01
2.324168162567037399e-01,-4.184143027279610405e-01,2.560930886525622174e+00,1.578944290020517727e+00,-2.592195945187104389e+00
-3.026725512724813549e-02,3.395828538555242027e+00,-1.374299990029848484e+00,-4.609001480963806907e-01,-1.538279240219253330e+00
-6.529687589679329385e-01,-3.457854805322660319e+00,5.303646352710829071e-01,-3.216678151971039679e-01,1.797808420115713623e+00
-1.043062566177461514e+00,2.228727306066921710e+00,-1.528042525683549924e+00,2.499096817592853181e+00,-1.168073719518969433e+00
3.098998452472357279e+00,7.586343187324022797e-01,5.617397887827338954e-01,7.258623444537557479e-01,-2.231200311181805063e+00
8.626062908957006226e-01,-4.420615504484214364e-01,-4.970186921910473288e-01,3.936495169768645663e-01,3.828642638053189273e+00
-1.339120070622622505e+00,6.180989461777101068e-01,-1.320810531662261145e+00,3.157639511505939023e+00,1.452406067192043571e+00
-3.715499905437905426e+00,-7.316196405917030354e-01,1.063227377707113508e+00,5.754365561981723554e-01,-4.452117106234084742e-01
1.617122114285210799e+00,3.836226105479048631e-01,2.846015269584914353e+00,-1.102850389417586952e+00,-1.980320141799582823e+00
4.467895023066923432e-01,1.368310568216898782e+00,-1.632636179471685711e+00,-3.355909887330665864e+00,-2.175461171483790770e-02
1.746034521878906176e+00,2.866091480988170459e-01,-4.352752389963249202e-01,-1.958005947583789652e+00,2.974217009597041717e+00
-4.797948897981594435e-02,-1.806053330165837689e+00,3.186607675362949532e+00,-1.401134152237785369e+00,7.862721844151431272e-01
-1.545803527605169592e+00,-2.462626415349429831e-01,2.091882106091988991e+00,2.945954709967459895e+00,7.037231461735031779e-01
1.793689560771870584e+00,-9.393107965316395136e-01,-3.346147117101718749e+00,7.599162004047116392e-01,-3.552461487073870772e-01
1.058634916034583595e+00,2.210159208571764802e-02,-1.409542670919889051e+00,2.066228694707641811e+00,2.936442077447213084e+00
-1.781335485015632436e+00,2.659039120480010343e+00,7.961408164001823051e-01,-9.667247364598322568e-01,-2.046450080006676497e+00
-2.486389137340938860e-01,2.530694307026613021e+00,-2.702435352132970703e+00,-1.126735937552132832e-01,-1.489265874104569898e+00
7.402093051507447896e-01,1.153163452320261184e+00,2.444291608816449912e+00,-4.936233617221593706e-01,-2.811419346990532198e+00
-2.630794328484384437e+00,1.058375870677983055e-01,3.853849501537113809e-01,-6.149129036096330214e-01,2.922512646259628255e+00
-1.244498840907581894e+00,-1.547335124244931581e+00,1.149985098233452741e+00,-1.464196010778292756e+00,2.930979522978544694e+00
-1.967805404569632211e-01,1.695256432962264137e+00,1.460482323438543895e-01,-3.517697891895375406e+00,8.317779154206950132e-01
6.724863510121282806e-01,-1.913806726439650774e+00,1.723536588733040276e+00,-2.571060607433081291e+00,-1.517950889107104517e+00
-1.336362541725913289e+00,-2.931376914340332984e+00,1.595299397560588250e+00,1.243249147811263722e+00,1.237140223157341401e+00
-1.594278940465365890e+00,3.071488155382178675e+00,-3.897522568324804926e-01,-1.944019113323519843e+00,3.051524810032416601e-01
1.155771559930933057e+00,1.176110956350890469e+00,-3.619587276385732633e+00,1.030729712101518675e-01,4.109976044195882694e-01
-3.571664804251508230e+00,-5.949292202433191790e-01,1.708762576460303995e-01,-1.294138796887277509e+00,-1.088703737449149278e+00
-8.638780696158849803e-01,3.374953174723671623e+00,1.377944159455039674e+00,-1.339077889852693382e+00,4.141811772530777924e-01
9.193647388965539013e-01,-1.765876994715428250e+00,-7.754954628476126155e-01,2.716812678327036323e+00,2.013450415181044839e+00
2.227959615642731706e+00,-1.091096300535704833e+00,-2.645723612143858983e+00,1.645912894771014878e+00,-3.698947485344218356e-01
2.196672785349208734e+00,-2.279640065535115945e-01,-1.921288547373823041e+00,-7.626707652429650652e-01,2.617182589617337296e+00
3.352963977112260796e+00,-6.901568388763302808e-01,2.614891398462010907e-01,9.209417234193296720e-01,-1.834340720190141383e+00
1.731957582887674096e+00,1.587200866742555894e+00,1.162414065135413566e+00,1.287975932971070270e+00,-2.733318107530155139e+00
-1.481292434165605520e+00,2.535084321646619454e+00,1.153749581821286174e+00,7.369028221681189761e-01,2.346264337143856959e+00
5.431240679346004407e-01,3.120898319160423373e+00,1.363041754334221034e+00,1.579420588533312575e+00,-1.269865232515006603e+00
-2.931300429646788164e+00,-2.018762628503923295e+00,9.502337448994084834e-01,-1.494071126471007815e+00,-4.437144802782373443e-01
2.397568774050752083e+00,-2.253122537934657110e+00,1.168087695003305476e-01,2.108446543913035764e+00,8.461156455099133611e-01
1.000349658167908773e+00,-1.170206302965299372e+00,2.585022355364997360e+00,4.711168016159076460e-02,2.635404652374884193e+00
1.363646239630653234e+00,3.896670482490291465e-01,1.474671674126673881e+00,3.320682461303132271e+00,8.871527317053548023e-01
3.246550630639764012e+00,-4.785687063138823194e-01,-1.731639588512899230e+00,1.784621218924080377e-01,1.483393610129874807e+00
5.868178691735088659e-01,-2.273970916315271040e+00,-1.313887141722327234e+00,2.938700856860041011e+00,3.499127218003665885e-01
6.616902734151229870e-01,3.672731130460316518e+00,-1.265881790710943477e-01,7.778412755943669987e-01,-1.205052035522406806e+00
-3.565140613944425496e+00,5.162119117978201110e-01,-4.235563662982879118e-01,-9.722519567377444494e-01,-1.377905585339511241e+00
-1.559701017024938796e+00,-1.468580684492240440e+00,1.211543061811197475e-01,-3.342493844288761284e+00,-4.729271039105115704e-01
2.157928597949679173e+00,3.796122083756138244e-01,-2.824958109692205177e+00,-2.577847794223700473e-01,-1.775499203994618247e+00
1.979573626435815470e+00,-2.204582218562610718e-01,-2.897226079481308059e+00,-1.655680871363269135e+00,9.473586050228626210e-01
-1.788295043258696593e+00,-9.038803397954230379e-01,-1.959354104828832724e-02,2.934298356542991426e-01,-3.449422588533443967e+00
2.277277353273751803e+00,-1.367765397922348081e+00,6.273023988002801588e-01,2.418814359492290400e+00,-1.642879930879347583e+00
1.111175508659971056e+00,6.140391569206949951e-01,-2.767138887948129788e+00,-2.140670265364508662e+00,1.465850637859059447e+00
7.309218232467666609e-02,1.358144672148228649e+00,8.008862612910191414e-01,1.283020868718177887e+00,-3.444203714838502517e+00
6.979175244239840259e-01,-1.700292946206829692e+00,-3.345610151813090738e+00,6.199520510078523339e-01,-1.021991777225993436e+00
-4.143345839529357089e-01,2.116154834764472081e+00,9.070824201493712935e-02,-2.603939215251628969e+00,-2.135764066077709522e+00
-3.649850222184396198e-02,-7.610212060251279054e-01,-3.699670392474962988e+00,1.191832858207908297e+00,-5.581111076261975334e-01
-2.715520714393078738e-01,1.078189752088057229e+00,1.717409624316938110e+00,-1.855473849892933513e+00,2.893352260900211359e+00
-2.052857021460137599e+00,-6.968989176075502945e-01,1.315170438152824861e+00,-2.175524315649258522e+00,-2.199438705376208336e+00
2.836062650655089890e+00,1.036941691274984034e+00,-1.485073272792666987e+00,-5.321549843415579462e-01,2.095917225830331798e+00
-2.035712840474053209e+00,-8.097413671363384857e-01,-9.861740158983878235e-01,1.612778154441737000e+00,2.761629878242119585e+00
-1.135935631906862975e+00,2.971959202099838215e+00,1.713678308252799098e+00,-1.679276623682577796e+00,-3.470524718187648072e-01
8.845690644497824495e-01,-2.719025010364490402e+00,1.052373520035925880e+00,-1.446331838358096089e+00,2.150598695923928716e+00
2.127078085333337309e+00,3.413798376622143027e-01,2.993323547191433232e+00,1.967796555335374065e-01,1.536323707533597371e+00
-1.138146400293497118e+00,1.068749648615741510e+00,1.229984759839832797e+00,-3.337090063024993114e+00,9.557009793362554184e-01
-1.633789380983454054e+00,-7.470830468057635398e-01,1.165426066189240384e+00,-3.281085687446314569e+00,8.055172100226901666e-01
1.998384266502510442e+00,5.957474354347723766e-01,1.253151473103788494e+00,4.401276335020128105e-02,3.174778666094409285e+00
-1.978214548168631515e+00,1.390516589493989041e+00,1.896252409097138214e+00,3.948396953913153595e-01,-2.530110517683482385e+00
-4.742231240692943439e-01,1.232701266181550404e+00,-1.466064943838396306e-01,2.052156712817994499e+00,3.165867871341582873e+00
-3.167088881907680342e+00,1.229783147649966768e+00,1.694454203539228931e+00,-5.170750931006740103e-01,1.148320392597843576e+00
-1.016862252710718728e+00,-1.978021385037744606e+00,1.682124730371240828e-01,-4.963982697789767751e-01,-3.283095472419378158e+00
-9.820250829911545409e-01,3.557124678544369090e+00,-9.459365284694390974e-01,1.219572694985113781e+00,-1.836527758489026399e-02
3.251739052902398619e+00,1.707615174050240325e+00,1.125883459011277621e+00,5.848545655272807675e-01,-9.489863661241270121e-01
-1.951925555790896327e+00,-1.412228826485575128e+00,2.972231042153337111e+00,1.156264253189885682e+00,1.564991218790041383e-01
2.697463283513767074e+00,2.046373758331465620e+00,-1.051667247915955450e+00,9.612369648034170266e-01,1.583055833653339795e+00
-9.201600079890831507e-01,-1.458331238846536593e+00,-9.700888040096834475e-01,2.799810807102870225e+00,2.060718979935617590e+00
1.146158587497177583e+00,-1.474550136709380510e-01,-2.657574206667453698e+00,-9.987626004099189325e-01,-2.569893016319560353e+00
-2.065779329156958610e+00,5.342651205348014631e-01,-1.689032780841928760e+00,7.765208003847710039e-01,-2.826888794420278739e+00
7.427851127876784476e-01,-1.575336786399145206e+00,3.249708715133348580e+00,-1.100076645882205106e+00,1.093530486822167136e+00
2.173016569289446809e-01,3.730193618162658264e+00,-1.151339980298548837e-01,-3.769989658409740874e-01,1.372243237610230482e+00
1.377142739759193990e+00,1.841505621302419016e+00,-2.268926511660529055e+00,2.174039223605128246e+00,-9.153473985053587336e-01
5.522874265824216922e-01,-3.074148272377215108e+00,9.886049595321948491e-01,1.677892911154402089e+00,1.565862896477627109e+00
-1.078887772813894808e+00,3.544193916081797013e-01,2.284339840696894441e+00,1.251387808036210858e+00,2.815352218573721643e+00
-1.041772338479912685e+00,6.990584679245125388e-01,2.662677771169986718e-01,-3.329920652518005841e-01,-3.774154926410631550e+00
1.356133776892592957e+00,-1.314988587295957911e+00,1.686114308694595110e+00,-9.494634501581352692e-01,2.947413084262463734e+00
2.839495334238653079e+00,-2.559732303684858490e-01,2.315922962108358352e+00,7.796548830793122997e-01,-1.378543814697766656e+00
-1.416389609378387648e+00,-2.161451247604545767e+00,-2.057242409409004991e-01,4.874613047103465435e-01,-3.006996506777663392e+00
2.472706311770561438e+00,-4.097432447816705126e-01,2.859274094568419189e-01,3.103931572277069062e+00,4.108868735693851915e-02
1.368147875664010638e+00,2.574010540187142704e-01,-4.850644794786382330e-01,-3.436692345917720992e+00,1.419779651201121373e+00
-3.153374522071909491e-01,-3.444057039603443116e+00,8.950376343000779888e-01,1.532911008717492196e+00,9.424037731952707997e-01
2.668836182844644966e+00,2.429046502355139969e-01,2.469672392186239573e+00,-6.855141166843840006e-01,1.499699780333621169e+00
-9.266907339497573171e-01,-2.233069027406554330e+00,1.801651453941847780e+00,1.109290632663739951e+00,-2.382891800574023833e+00
-1.354308924535983172e+00,-1.524308975172042446e+00,-1.553629268698346166e+00,4.448768719590806553e-01,3.038198503944713469e+00
-8.176322861049902802e-01,1.226859287910213370e+00,-3.330912924533117714e+00,7.699306400626210189e-01,-1.462367816610501414e+00
2.220155093518835443e+00,1.348585642101583826e+00,8.768714492331874943e-01,2.906291160080918257e+00,1.918235673608054415e-01
1.330552826446288917e+00,9.602258709759323718e-01,-3.520732989717959560e-01,1.524242113931841169e+00,3.295500845548672064e+00
1.038871292612895347e+00,-1.627460582692354052e+00,-2.490913554881100112e+00,-1.074018472597783047e+00,-2.216743663980073720e+00
-3.571692016584669283e+00,1.650120077229607907e-01,-7.128527648691007634e-01,-1.102202287922498247e-01,-1.641791586272764780e+00
-2.990359253238497939e+00,-2.489364958144973272e+00,1.284775297960179946e-02,-8.097331424014911905e-01,-4.527480702010225344e-01
-2.766810560678400588e+00,-5.852538948326868606e-01,2.797312843484932809e+00,-3.768807210582001410e-01,1.877204774938929788e-01
-1.358235604758305293e+00,1.236900256867264014e+00,-8.032083383547907740e-01,3.408080229443231968e+00,6.042510334323286658e-01
-3.705778054986602621e-01,-1.987323955406662623e+00,-2.529701959015479229e+00,-2.156973493308893985e+00,-9.280565360228246741e-01
1.069110861625199194e+00,-1.291536147497810649e+00,-1.397177901730570548e+00,-5.455047627839575419e-01,3.307454430518630417e+00
2.291502151835435264e+00,1.090924354021245213e+00,5.484805039788308578e-01,-1.084181892081472975e+00,2.842995023487495665e+00
-1.201585969255315467e+00,1.015357673012343920e+00,-2.318229922958078060e+00,-2.727512005222517022e+00,-8.436398757838267093e-01
-1.834948266376100534e+00,1.658196720849564709e+00,6.681570689037574784e-01,-2.943889087613354771e+00,8.777423686891520083e-01
-2.874971235725040999e-02,-1.227375670960595411e+00,-3.771764417357547305e+00,3.097814111703862117e-01,-4.129782967931455717e-01
1.463509727384266323e+00,1.610425835583602083e+00,1.730871739863481640e+00,-7.211916825729028924e-01,-2.783636736908412956e+00
-5.928734651119325072e-01,1.759147353872821284e+00,-3.653815980212168357e-01,-2.956620830858440740e+00,-1.918017516106102827e+00
-1.190016247091476714e-01,-6.415806659212422436e-02,1.386138520144313491e+00,-3.749248319115983996e+00,-5.898644239011235912e-02
-7.408610491388204489e-01,5.301573832460236835e-01,1.857548741961376093e+00,-4.739691417962408476e-02,3.423057735216076036e+00
-2.000780000318421070e+00,1.978739116690583444e+00,-4.562573226463788600e-01,-2.553783515804824322e+00,1.162535981524657647e+00
-3.300948806031329230e+00,-7.024708368385684798e-01,-1.077323937324538017e+00,1.228131400260431105e+00,-1.393319095223190640e+00
-1.236164289273669503e+00,7.594784900451004850e-01,-5.843638059293181364e-01,3.849985468440648151e-01,-3.661336550268371237e+00
-1.759235701465878599e+00,7.625839061396531005e-01,1.248977148113130431e+00,2.625275182623225678e+00,-1.967623396836504668e+00
5.051348532628487931e-01,-3.415212420138298288e+00,-1.381486685712786544e+00,-1.199002037812689325e+00,-8.573514774417468898e-01
2.550748867367791384e+00,-3.455277441927152582e-01,-3.011314046404167222e+00,-5.131977592141676731e-02,-5.510397337246731864e-01
6.731503781017604549e-02,-2.261749236741863900e+00,-1.997481826278594719e+00,2.430890070466857011e+00,9.903529142556088960e-01
3.118315462696079343e-02,-6.696720013410547567e-01,-3.360394157347034394e+00,1.915792196453622198e+00,-7.668496519935938949e-01
-1.526516532384178393e-02,1.988708350009310011e-01,2.101265520145866983e+00,-1.946343694705022331e+00,2.785075726374740768e+00
1.832943706039869447e+00,8.758341629678829676e-01,1.307025413053723772e+00,-2.732978345862357106e+00,-1.641872656495128480e+00
1.495337792331355553e+00,-1.966594719521229440e+00,5.770323422536121072e-01,-3.045625751539932757e+00,5.363464864496938489e-01
1.430184231014035356e+00,-1.540448036304400636e+00,-2.519155985279146304e+00,1.230152170223927977e+00,-1.929293049987565345e+00
3.467741205773390289e-01,2.782658852266708394e+00,-2.211900683122949018e-01,1.165372372080510477e+00,2.594135618904875429e+00
3.176507396027816732e+00,-1.073116261232398116e+00,1.955600304243428900e+00,-1.780964805543624463e-01,-9.498059520324856342e-01
2.741584303552455193e+00,-1.520613565081921692e+00,1.911724213737999056e+00,-9.213234288058540500e-01,-1.291481150596051952e+00
-3.432528900506039093e+00,-6.668106643197873051e-01,-1.831862390125717388e+00,6.361844869182891049e-01,-1.125094102180555916e-01
-1.023050013393667218e-01,1.161861940270620952e+00,-3.530221960879229570e-01,-1.716606717479543520e-01,3.805984558730610701e+00
1.411073764063705271e-01,-2.499445299852812497e+00,1.719838367502698473e+00,-2.306875732852398997e+00,1.205546450457117391e+00
1.477714882252260109e+00,-6.577282003269768751e-01,2.411137377016859151e+00,-2.678021828235041646e+00,-6.311639865468647859e-01
-1.346753448442251200e+00,9.402042745777174915e-01,1.823076435940530038e+00,-1.574889589280919600e+00,2.738318126417681686e+00
-4.838768238261345611e-02,-4.536682964320953304e-01,-2.555116771335858683e+00,-2.683577403300287934e+00,1.435839236941357733e+00
-6.792584024819225963e-01,-4.884213563172745132e-01,2.632961658356344881e+00,-2.431476439269599776e+00,1.566999627394064065e+00
2.121597491932021851e-01,-7.961451560956964713e-01,-3.796189738583830575e+00,-3.458308191821841127e-01,-8.890925960901051583e-01
2.240215282414562470e+00,-1.443789476732937782e+00,-1.715508561360631123e+00,-2.347961528621659077e+00,6.640892043411703582e-01
3.074457542660018472e+00,-1.021802060763697728e+00,1.950735150356065706e+00,1.134655631020155431e+00,6.409526809051744323e-01
-2.963306554660634973e+00,1.404787934502460534e+00,-1.646602519703883383e+00,1.579257922501918765e+00,2.000741824958263415e-01
9.917401844802790079e-01,-1.682423729330678741e-01,3.543243352654687595e+00,1.877208612890245154e-01,1.548655330453535317e+00
-3.841043950227786968e-02,-3.387268167600185897e+00,-5.706903610961533424e-01,-1.706862163799740317e+00,-1.133963431703389535e+00
1.237375455106059396e+00,-9.307381638410470170e-01,2.985661736734004368e+00,-3.769899346612574087e-01,2.132212709003831197e+00
-2.145542282896168995e+00,5.140908344350954007e-01,6.066433769205807902e-01,5.549884670370127671e-01,3.233624984587548212e+00
6.395836905238379000e-01,3.031572854080863522e+00,8.901894040572027045e-01,-9.910916386564093683e-01,2.150767054310055659e+00
3.298309293004200615e+00,-1.978700310017467379e+00,8.390312371135756342e-01,5.134767118052960821e-01,4.881282007835615055e-01
-3.183276572350903333e+00,-1.271550905181655089e-01,-2.333243161963228118e+00,5.902252948338799765e-01,2.412307927427611576e-01
4.246262072741993632e-01,-1.218819819422980455e+00,-1.638834514054869684e+00,-1.826441759165791545e+00,2.883141128664285180e+00
2.587582804308175888e+00,6.902589583047266109e-01,2.359343954228648510e+00,-1.802777415506139347e+00,1.069929769397983677e-01
8.304639428423730985e-02,7.745909185539654462e-01,-3.982358015398421158e-02,7.555509608518451437e-01,-3.849762204774430430e+00
-1.067710967316447546e+00,2.337964453371087270e+00,-3.208279581191393892e-01,-2.761258921594141214e+00,-1.290904370684084368e+00
-7.484979205343142983e-01,-1.022962176289425429e+00,-8.470217296564831466e-01,1.530778800994485600e+00,-3.366388227871620842e+00
1.306730615908325843e-01,-2.048413166336434443e+00,9.829825297357788205e-01,1.085703795733630850e+00,3.105144226137951158e+00
-2.102461276596943318e-01,9.906621871518156430e-01,-2.410226135460040275e+00,-2.521684280749083129e+00,1.675202483558338118e+00
2.293509923310082854e+00,-5.204943441552198902e-01,2.339733187091004307e+00,1.972285843388643434e+00,1.051016191394937183e+00
-1.884806698866227315e+00,-2.358234042144253362e+00,2.106529157385464757e+00,-5.401465737517394672e-01,1.468677125283196050e+00
1.575894946820709297e+00,-2.133799115732095686e+00,-2.320118804986104788e+00,-1.082836939847256374e+00,1.551763301131315442e+00
-1.797723089379326344e+00,2.230528586444408656e+00,-9.811244716446474445e-01,2.594643886690351398e+00,3.132918629124573640e-01
-1.098066712747491236e+00,-9.024759969992774966e-01,1.561223338572180763e-01,-3.539241899111741585e+00,1.195482816956800365e+00
1.876767119613445001e+00,3.403731227824458028e+00,8.805731339732197904e-01,-1.726554664326175326e-01,2.951947714746598894e-01
3.288706457397954086e+00,1.112050668960462119e+00,-2.390462097513434969e-01,-1.526480537612682653e+00,1.249186625219307789e+00
9.423053780863578366e-01,1.119021879880488068e+00,2.311538830942494904e+00,2.103988193587761124e+00,2.022343324232208417e+00
2.870728161153653257e+00,-1.582428771491192210e+00,-2.117482468174998633e+00,8.453465778265434327e-01,-2.376892261855932387e-01
-1.217517623384082981e+00,-1.357548103473911194e+00,-6.576733008816706416e-01,2.993138170089316485e+00,-1.811988881744407420e+00
2.012439580825991836e+00,1.096819549988498510e+00,-1.926679723821952406e+00,-2.607099050396062268e+00,4.878663664624247609e-01
1.270967698733847850e+00,-1.060286429443700607e-01,-9.656005952585413610e-01,3.640299481006433080e+00,-4.350105914471597557e-01
-2.179595552386862867e+00,-8.992069699713983733e-01,2.391004354719909131e+00,7.685182084805368685e-01,2.033044021194465145e+00
6.027700420053631047e-01,1.237890486828869152e+00,-2.583806049896736567e+00,-4.630816102702714487e-01,-2.685851287362342799e+00
-2.434838131849289766e+00,-2.987029864043153626e-01,2.370248102228310394e+00,1.709707268817129311e+00,1.200485229581259805e+00
-2.711978896925938187e+00,-3.683047619494991265e-01,-1.958269017778467402e+00,-1.844692900289344628e+00,-1.127746701429329867e+00
9.241236042421064889e-01,-1.998861245729131708e+00,1.041914109104019825e+00,2.178973496819787137e+00,-2.305870502394201438e+00
5.994124283917778850e-01,-1.425301001051725081e+00,-1.976095923418450973e+00,1.879103690704775120e+00,2.484599770208291591e+00
3.167809602083230036e+00,1.318741646423419844e+00,7.368979659909832280e-01,-1.810671936271699423e+00,6.358862491469523537e-01
1.848264689887873846e+00,9.746834441136091876e-01,2.513606290547993893e+00,8.537141817004917366e-01,-2.141696834747049749e+00
-9.626823718403051400e-01,-3.161297713115764352e-01,3.078802013999221820e+00,-6.211883381765866963e-01,-2.260178715444015385e+00
-1.751850339867346174e+00,-3.974845299704737878e-01,3.565573259613232349e+00,-1.585984767633403236e-01,1.859039769349460358e-01
5.947866009122857456e-01,-5.821476621752069702e-01,-1.845383925394034952e+00,4.583049724663088020e-02,3.449607330149125684e+00
-2.949745696494935121e+00,-2.675846274472362119e-01,-1.634071027724690595e+00,1.818234133175892442e+00,1.118586298176593941e+00
1.451912913341591782e+00,-2.847006220116508057e+00,-1.406661029187146639e+00,-1.306283146536559636e+00,1.449632217057328365e+00
3.406314740982685940e+00,1.813296561186355627e+00,-9.996952449913868444e-01,-1.645130589048720282e-01,2.872635325710018450e-01
-5.214454670979407069e-02,-3.116108128462181437e+00,6.094139540121100707e-01,-1.051707593432330112e+00,-2.193097546520093033e+00
-5.548900836683513110e-02,2.994706382450561533e-01,-1.973440506106738601e+00,1.106032122255350006e-03,-3.465944265612141528e+00
9.927498614137877930e-02,-3.111849040944798972e+00,1.504787655072851171e+00,1.637154013880301184e-01,-2.003834175770607295e+00
-8.132598700182608331e-01,-2.729541633758596930e+00,2.768159036759739067e+00,3.767265661017706324e-01,2.891081026102413354e-01
-8.407379034590571898e-01,2.595791997298971587e+00,-5.085046032108920810e-01,2.874219141536980882e+00,1.879124247665465153e-01
4.549337276240232320e-01,2.913703866198368964e+00,1.606201060337576925e+00,1.748462755242071287e+00,-1.290876148541189927e+00
-2.713369745533921851e+00,4.939605603389281563e-01,-2.157546306032084082e+00,-1.068534026137259119e+00,1.611476515858992764e+00
2.883088909213425310e+00,2.067489270179673877e+00,1.771539356632365836e+00,-2.016339176238701736e-01,4.840232746766328087e-01
2.724397283951594861e+00,7.467952758211783282e-01,2.439564785749735787e+00,5.307949924754197246e-01,-1.336688665060493886e+00
-1.335047482857804058e+00,1.128186826473971616e+00,-5.093957398423496485e-01,-3.245075704630972613e+00,1.467938130348105608e+00
1.161726815207450692e+00,6.766455097268884167e-01,-4.871513750396109788e-01,-1.161046073280170177e+00,-3.550661517874113660e+00
-8.839610907531886275e-01,2.804737938050619217e+00,1.963305357690530606e+00,-1.537267312081854298e+00,-1.065034822229903533e+00
2.120608011940706028e+00,1.572998844538675334e+00,1.936545208223949155e+00,1.567630285694397552e+00,-1.679590497309221941e+00
1.641550844892805117e-01,2.632413827330005951e+00,-2.482765042291774193e+00,1.616744295644167106e+00,5.152340994092725612e-01
1.519078870653233659e+00,3.624471264799561165e+00,-5.143175269347598499e-01,5.383403245913179758e-01,-3.570170561464026254e-02
2.399158671806717269e+00,8.068945543520468222e-01,-4.602662984184330841e-01,1.099198321844757631e+00,-2.858824378909188280e+00
2.111359327670975894e+00,-1.369926793639247409e+00,1.393909307355521987e+00,-2.558010712063674585e+00,-1.085845481346768837e+00
1.423559675921629297e-01,1.595719699267532432e+00,-6.280230897144968294e-01,-2.435008620859251849e+00,2.666408339881012335e+00
-2.359305843713999984e+00,4.984930825614579120e-01,-1.279898780046320184e+00,-2.637952203227279302e+00,1.260257064562475549e+00
1.513989258296860152e+00,1.304542726181148193e-01,-3.694134194102272506e+00,-4.615870432137780810e-02,-2.050856857441059056e-01
2.185684056282660936e+00,-2.112170662802567822e+00,2.181171551945619402e+00,-1.059126855176731219e+00,9.392876358893049726e-01
-5.842151544539051500e-01,-3.047802386607253444e-01,1.630275024610398305e+00,1.189208722151507303e+00,-3.390248902177929402e+00
-1.350936395418797176e+00,-1.413404772693219735e-01,3.757263351472009294e+00,-1.739187713332500107e-01,8.785268169727446230e-02
-4.444404420601923839e-02,-2.242001686503825919e+00,1.405976990366340162e+00,2.716462494110309933e+00,1.271028475409192504e+00
2.307762436506829301e-02,1.315303871948437564e+00,1.179449797308273373e+00,-3.051587311797720581e+00,1.888426911954960596e+00
-8.578057912536576346e-01,2.434504618336989612e+00,2.425008857960357922e+00,1.771948167939590091e+00,-5.629282518553212489e-01
-2.400349945838524401e-01,1.724829093415866543e+00,-3.299289476885542083e+00,9.665524863899787045e-01,-1.071360368245439343e+00
1.933695702495627389e+00,4.844017055549749151e-01,1.074159255422687309e+00,3.687075997612992428e-01,-3.276646535357973455e+00
4.743843849227971088e-01,1.048720034158492576e+00,2.353716993501352217e+00,-2.574371194956018627e+00,1.583595595592417471e+00
-7.902698859419640121e-01,-9.268602911228663865e-01,-3.281395486871019784e+00,-1.723467466031691098e+00,8.823304711873657391e-01
1.510934256024484723e+00,-2.789174397856036602e+00,7.589646380103827195e-01,2.105453672657306152e-01,-2.305911355383996497e+00
2.594971166152275188e+00,-2.424599679026075538e+00,6.934911126161179551e-01,-1.514055695938042678e+00,-7.836749770312829710e-01
1.570222685266476237e+00,-3.011457440564139443e+00,-1.894219230672321563e+00,-3.395308794338477432e-01,8.730275427542125710e-01
3.200033855362043322e-01,-2.595380957818110623e+00,1.455378651122387901e-01,1.280997979601446124e+00,-2.738513907782119894e+00
1.366338934179329057e+00,1.244256949784757538e+00,3.318004323820729073e+00,9.517205452042032388e-01,-8.185461934437102682e-01
-1.979267595987825201e+00,2.900287345569418362e-01,-3.185540483385348232e+00,-3.761569586693943590e-01,1.307371748112032606e+00
1.282333733256830310e+00,6.990711281524781828e-01,2.355403141588305438e+00,2.669246705884837922e+00,-1.092756980327330263e+00
3.031367147441228926e+00,-2.523951980831589115e+00,-4.081544806552101640e-02,2.038539367290954363e-01,-6.302834977607963962e-01
3.633310018257265295e-01,-6.989964681133592483e-01,2.915263460583426003e+00,2.143607932675065886e+00,1.511812986793352742e+00
-3.545254182239788943e+00,1.578598901754032710e-02,1.112114686873255209e+00,7.007350295088214942e-01,1.305026791879038806e+00
3.081094438882729492e+00,2.835701730076403693e-01,1.541881282382866036e+00,-2.004034750073422799e+00,-1.813610961641267949e-01
2.065515704650472628e+00,-7.559078527107989665e-01,-3.015537589846951860e+00,-8.523903982800586920e-01,-1.158538667974620573e+00
-1.459364329429338469e-01,9.401680302535556644e-01,-1.409271619841112821e+00,3.616648902954207490e+00,-1.690882807872085003e-01
-1.008293666290521973e+00,2.955434302866895457e+00,-7.103546977591601586e-01,-2.395557711841715953e+00,7.383370885480544654e-02
5.976274941493315840e-01,-2.375530145962398976e+00,-5.714622544133085569e-01,-3.093348209685875538e+00,3.229948130770848858e-01
-9.573833988170022957e-01,2.836606585254328738e+00,2.371442524929387563e+00,1.123918734867684677e+00,-3.874882405071626290e-01
1.803377423957626791e+00,7.641009903155895344e-01,-6.035623286013760413e-01,3.240895643958697114e+00,-1.138546215057393951e+00
-6.198230375978832640e-01,4.295299598814940056e-01,-3.381912155041525647e+00,1.991179390094728996e+00,1.708748889436463303e-01
1.965118202632737843e+00,-2.637681509277737923e+00,-1.202673903430621749e+00,-1.517518080530325886e+00,-1.196520397889773824e+00
-7.622354463918890044e-01,2.960183193568567628e+00,-2.035717112649813476e+00,9.896331191936260652e-01,1.238060867420401667e+00
-1.945888602566086423e+00,-2.062288911999134111e+00,2.314707629751513007e+00,-1.464017593575478449e+00,-6.776895043605370983e-01
1.130337315301594434e-03,-1.145517898693324321e+00,2.425218241912248107e+00,2.856288319775948104e+00,-8.048111452498261098e-01
-1.606937786153176617e+00,-2.046020329017628647e+00,-1.106079506905969900e+00,-3.064527128104942433e-01,2.813223528959875708e+00
8.754168287413822691e-01,-1.804934431116978155e+00,-3.746977708353736447e-01,-1.284819739673157324e+00,-3.191347190827411584e+00
-2.127458116415813283e+00,-6.837388799172651188e-01,-1.933024935115320142e+00,-1.626328170129771822e+00,2.150556762852522397e+00
-6.241103464516810639e-01,1.460862765042977296e-01,-1.201510420376361854e-01,2.259664963937375592e+00,3.235525158783383315e+00
-9.899055874312558956e-01,3.632270768591333798e+00,-5.603447336645117627e-02,1.095961199557637711e+00,7.889392742588147156e-01
1.068169598757799266e+00,-3.660751899936685483e+00,2.880218959810694757e-01,-1.168136701697487734e+00,1.020258250754823848e-01
9.297528164549455632e-01,6.142437864239052026e-01,3.412296839143418303e+00,5.763712090021575474e-01,-1.668020018506656710e+00
-2.839883579927359847e+00,4.621853590839337111e-01,1.685283024000714835e+00,9.670203482730146405e-01,1.986489043853089775e+00
2.521841706788236492e-01,1.160291364275643389e+00,1.692337759266994146e+00,-2.949729286269785700e+00,-1.739315135427708769e+00
3.805100402089365286e-01,-1.303430407164188898e+00,-1.013794601676904383e+00,3.574282972367015532e+00,-5.941405743070984347e-01
-2.391518851604115259e+00,1.243115325095659029e+00,-1.489539961008150781e+00,-1.792933136677232531e+00,-1.817130524453052232e+00
4.358536215616057308e-02,1.282928222412890840e+00,-1.286335172597005694e-01,1.555384168324664973e+00,-3.452018105326883468e+00
2.431347905846227064e+00,2.660246495476620954e+00,-1.602397314057749433e+00,6.682712273781520051e-02,-6.629426276900725057e-01
2.072543957351823174e+00,-6.934351005106910160e-01,-4.258083162365665642e-01,-8.142347963967572211e-01,-3.221710458806731570e+00
1.491805357593255499e+00,2.114102870805710577e+00,1.308691344107701049e+00,6.613180296811631276e-02,-2.754639609313871862e+00
-1.450557607876364230e+00,-1.872125802356962465e+00,2.034088145803205627e+00,2.401867140575638437e+00,-6.960942899544467766e-01
-1.451535231658066749e+00,-2.018086544048824038e+00,-1.781358054473225705e+00,-2.315944592518212719e+00,-1.132932609705208149e+00
1.986049996278853813e+00,2.644779010348453863e+00,9.869215554601014073e-01,-9.128530427187688812e-01,-1.803727962988963984e+00
-2.137591709765161330e+00,8.133622028504091661e-01,1.713107615462191147e+00,-1.890384020846698210e+00,2.064183654835610504e+00
-3.224453481664133481e+00,-3.152149503368414929e-01,1.471094830634052997e+00,7.134133935203286203e-01,-1.682397280340099499e+00
-1.802870968337529634e-01,3.002702483018592439e+00,6.266880241983600053e-01,-2.139340501460826882e+00,1.407749516187070338e+00
-2.038915049071829522e+00,1.908361578125597591e+00,1.416783185689924007e+00,-7.994990806487008994e-01,-2.356800401941282708e+00
-4.786338168216555666e-01,-2.367019867901648256e-01,-1.949728541911983859e+00,2.082924436812031210e+00,-2.752247489276605119e+00
-3.180395814169367785e-01,1.189826646254783737e+00,-1.302067948720850854e+00,2.541078231958937561e+00,-2.516088999318694341e+00
2.562771779479791512e+00,2.561193711829734543e+00,-8.761465189746658888e-01,-5.860650584474992320e-01,-1.327170901331593100e+00
2.868388708867096071e+00,-2.333361563725737386e-01,-2.681225248508265935e+00,-4.778180667591152009e-01,-5.482896267607058061e-01
3.209671608911564888e+00,1.363769676482118332e-01,2.256937113473376222e+00,2.551207082245252056e-01,7.214968993028354483e-01
1.649672099326441765e+00,-2.540019095815756245e+00,1.502897054486899808e+00,1.735443076580245769e+00,-1.247566723329653460e+00
1.600495140356726909e+00,-2.954607618030511418e+00,-1.835221282407880850e+00,6.795218709505754795e-01,9.375084003184022130e-01
3.267346930685122164e+00,-8.454059784803065192e-01,4.179425670413202676e-01,-8.270184277400135509e-01,-1.936774973228850838e+00
1.626232739023276919e+00,-2.284311037950573997e+00,1.991544535473219302e+00,-1.992163292659751006e+00,-4.498065573464183342e-01
1.115684767037426806e+00,1.393193434885754423e-01,-7.068600249607173147e-01,-1.687896126286951848e-01,-3.769309829784723398e+00
-4.564593020898060627e-01,-9.863096147128644908e-01,-2.203968364691647253e+00,3.132244871829453547e+00,-3.878192359813589785e-01
2.030138085704861872e+00,5.118521733451047995e-01,2.371439544016701095e+00,1.150228833211171420e+00,-2.160970806359034491e+00
-3.895515484700131648e-01,-8.123229615722380448e-01,2.210131433285873026e+00,-3.181833862032397597e+00,4.238317109571335672e-01
2.802233590424226262e-01,1.742650509777288859e+00,3.331844881370736200e+00,-1.308730165434632164e+00,-2.658554313626093069e-01
-2.958946036758046017e+00,-2.434845291079762220e+00,-6.183885889246709677e-01,8.589416976628514444e-01,4.426979480010883594e-01
1.019900474264495260e+00,-1.205669472430786815e+00,-2.418685321994186843e+00,5.791630435700175772e-01,2.705678404388835556e+00
1.314684485362737965e+00,8.318639670822244314e-01,-1.041012489989375345e+00,-1.215797827978376988e+00,3.319297468047405442e+00
1.286872145852089089e+00,-6.636290880680912885e-01,1.946053613420059669e+00,-2.660632155623985362e+00,-1.742833434340284038e+00
-1.511764185672963556e+00,2.248273439138626373e-01,-3.695810335400604885e+00,-1.892770796438249942e-02,-6.818664797806879563e-02
-1.547279586956315178e+00,1.376990883424234757e-01,2.182066245211196076e+00,2.302593944303357176e+00,1.877128890093960667e+00
5.999034994388818820e-01,1.911078954516188144e+00,4.554352557393079870e-01,-1.892335851161080829e+00,2.863483328955563234e+00
-2.003167051924634290e+00,-1.618753264745108389e+00,-7.443208223425065162e-01,2.952400516003199193e+00,-3.102858947680976476e-01
4.848225977745587029e-02,3.078365404468136335e-01,-1.453916008885491218e+00,3.281591708176402999e+00,-1.737863698564123149e+00
8.946245388399527432e-01,1.957094081953047571e+00,-2.644883593931742993e+00,-6.451041817977466453e-01,1.989437372240585811e+00
7.546681089935193265e-01,-1.304272037638381843e+00,2.586778747566119474e+00,1.625546530929354860e+00,2.096550663357927391e+00
5.538464544712592419e-01,-2.559368474344787092e+00,1.850037284586363961e+00,-1.030324804176298237e+00,-2.158397544693524850e+00
-1.769759517540789306e-01,-1.086418385230983885e+00,1.107036279574806215e-01,1.693693672067747791e+00,-3.450727612647448872e+00
-1.922124556401030082e+00,-8.801254258705393241e-01,8.210439430761383717e-01,2.886725108908986037e+00,-1.588559540448118312e+00
-3.394860882687716352e-01,2.257379581808969249e+00,-2.857270484430155300e+00,-8.131579943806080957e-01,-1.401344381115185556e+00
2.383762834579493894e+00,-8.191151118280900478e-01,9.950456389792281531e-01,-1.664230670467328421e+00,-2.426302873483991540e+00
3.536090249483233583e-01,-4.288259733834955401e-01,3.893106978973298826e+00,-5.289960859183693298e-01,5.049258691919348285e-01
-2.665304076219349394e+00,-5.787620144299563396e-01,2.680825971008692576e+00,4.868543384091741227e-02,1.171320004797374636e+00
-6.011928914235548094e-01,-3.097828141742512198e+00,8.445362659206928635e-01,-2.029393522499660651e+00,-1.100158324020263478e+00
1.379145158747661082e+00,-1.472706373007263425e-01,3.153085946025444120e+00,2.025514720389042456e+00,1.777895524378536596e-01
-1.514194296845722487e+00,6.326716505604546015e-01,1.958284042225036048e+00,1.489974282188680776e+00,-2.692961652597395172e+00
2.402403452900314207e+00,3.058845729516370238e+00,-7.539143690140123200e-01,-4.502021606390504416e-01,3.175713955353156592e-01
-2.323489542078699177e+00,8.576549655650406168e-02,3.479371594195799777e-01,3.232027471526624396e+00,-1.642521958561880824e-01
1.353490763357584781e+00,7.133909355393081020e-02,-1.852690921526853218e+00,1.584113867059668168e+00,2.867244860962846253e+00
9.905871917084216327e-02,1.966306542862747975e+00,-1.420789880625554558e+00,6.811254934094010949e-01,3.105036252121897267e+00
-1.851425362279858877e+00,2.061063116290680342e-01,4.530917485290346103e-01,-3.464077178712435590e+00,5.697556349454994118e-01
1.684181860821994059e+00,1.739139075753957542e+00,1.712542341683441549e+00,-1.679166856633750760e+00,-2.094403048696205527e+00
-1.887853537723638842e-01,2.512680336701006212e+00,1.821480303633162823e+00,-1.983010348442679316e+00,1.549411848800326563e+00
6.698646163004424725e-01,-9.360610155157363943e-01,-1.875810384945774345e+00,-1.086510692121551491e+00,3.158464988993141098e+00
-1.072857693354484221e+00,-1.248437715468408538e+00,3.327404704100801053e-02,3.501606019336497955e+00,1.013917039774967277e+00
3.921638174990458442e-02,2.228203947906556959e+00,-1.154974431291379888e+00,1.841621337722351592e+00,-2.511580011356391751e+00
-2.924430396096589502e-01,-2.611652148589416189e+00,1.466686100961288597e+00,2.364138377555437653e+00,-1.163370850747373009e+00
-2.355917698059224463e+00,3.645903816539380893e-01,-2.053261579230534650e+00,-8.831378561365662572e-01,-2.306709792733147246e+00
-1.813283812439897003e-01,2.763984772626178810e+00,-8.292481243823639492e-01,1.056903790253939324e+00,-2.553979271881671842e+00
3.140933406740687328e+00,-4.332127815435774659e-02,-1.510461809696095559e+00,-4.798342089397618082e-01,-1.902872789931098207e+00
2.508595222291099880e+00,1.966987616414023199e-01,-2.387969588560172163e+00,-1.305197976675997573e+00,1.504100759144695987e+00
-3.196029260895458357e+00,-9.888378220006184272e-01,-4.367699139590091595e-01,1.756140973903574376e-01,2.141492109800807508e+00
-2.765799578630377287e+00,1.731927943386615931e+00,1.018935625176708576e-01,1.444012610244947536e+00,-1.804223814590547370e+00
1.752766321968618035e+00,2.637757195254075704e+00,8.113796588992656655e-01,3.432548380438985025e-01,-2.279009952751835488e+00
-7.040685614397114156e-01,-1.867086035916892373e+00,-6.986890418517777146e-01,3.183291113663435645e-01,-3.380647481611964711e+00
2.946317468344145318e+00,-1.773061037695883857e-01,2.122429131790017021e+00,1.031719819486053513e+00,1.310963277862859044e+00
-8.315009386784657508e-01,-6.517124881860409946e-01,1.248499647390301170e+00,3.365271828132390119e+00,1.414238726299050786e+00
4.221047410969497315e-02,2.334411600641918216e+00,-2.328193308103703174e+00,2.084785212952105837e+00,8.842665269143967777e-01
-1.876367823438996663e+00,1.251140734548721600e-01,2.960086902933586561e+00,-8.144287801786391778e-01,-1.743038022787831931e+00
-2.747305522622055740e+00,1.918377291068396495e+00,-1.077318327203101278e+00,1.778226540666157929e-01,-1.892063756868793023e+00
-5.347454876417800929e-01,1.248399600930305775e+00,2.663439731650613762e+00,1.942794766329308143e+00,1.813059014933645630e+00
2.919029378196462243e+00,-2.040250230715547897e+00,-4.123029062503321684e-01,5.317159708888581360e-01,-1.692315255822737008e+00
-4.277702860620570258e-01,-1.264832079205314264e+00,-1.990225314154558500e+00,-1.999192106182389850e+00,2.501888589696183107e+00
-1.275113826985208920e+00,3.119685544204210181e+00,-1.510596709745765320e+00,1.498840926924737582e+00,3.364822280523525055e-01
-8.867757296712370785e-01,4.681723344089535610e-01,3.661188337633334733e+00,1.246627554083516998e+00,-1.899030498373314724e-01
8.452257699347264230e-01,1.534489516839180778e+00,2.034037005376483798e+00,2.964958772730083236e+00,5.146122150600608569e-02
-1.149530806773606306e+00,2.679168626889496529e+00,-6.265058358177353348e-01,6.283716595803984228e-01,2.590998627574312430e+00
3.233439318336441382e+00,7.173792729010007863e-01,-1.562169987220670242e+00,-8.675623743209542882e-01,-1.355432628771183978e+00
1.483937071692427390e+00,-1.062734005329647680e+00,-4.165105165115555730e-01,-2.275149323309283655e+00,2.705317309938612524e+00
-1.657704633783797787e-01,-3.202351581939144598e-02,-3.274639991412843898e+00,-2.290622869230060310e+00,3.569937682670093482e-02
-4.726684181181857736e-01,1.125618949175742275e-02,2.931720208382167403e+00,-2.621155150292300728e+00,-5.576918168411173493e-01
-2.553088104684003934e+00,5.040645151610225749e-01,1.336264619663335207e+00,-2.127139826954424162e+00,-1.708020233222319773e+00
1.221965783726864263e+00,1.040295917015349875e-01,-3.078290533526118811e+00,-1.992868844226993064e+00,1.024001283380080007e+00
-1.309413693238614229e+00,9.516026795691071571e-01,-2.952371560409554174e+00,-1.735189183559326054e+00,1.285499430859337489e+00
6.872499891207496381e-01,-3.228151549494487349e-01,1.528725688501380242e+00,9.049636454303374711e-01,3.502501448672635131e+00
1.882225951981116863e+00,-1.696320093192893730e-01,-1.449545279783212015e+00,-2.753059105980810717e+00,1.657689502873630927e+00
-5.906916470804974839e-01,3.173694507939246456e+00,-2.289904968688417641e-01,-2.350736976692942459e+00,1.858943511452566116e-02
-1.982050080876208487e+00,-9.645455828690670252e-02,-8.552671539186252891e-01,-3.279046842856105926e+00,-7.606207286602372220e-01
-1.027189159297657639e+00,-5.892489795061055524e-01,-2.758802621543238409e+00,2.623150785723679324e+00,3.252016634271434059e-01
-3.802897613516090236e-01,-2.293581578663615783e+00,-7.685600983920113372e-01,-3.162784967974816119e+00,3.114259042307318190e-02
-8.935591675258491851e-01,-2.944473844141909602e+00,-3.122610520067581885e-01,3.644892935061831429e-01,2.510232336978725609e+00
-9.838149562420835936e-01,-1.633527350597762329e+00,2.245387970199422156e+00,-1.726005864077404806e-01,2.700395976070707249e+00
2.675655312509666484e+00,-1.077488505787145057e+00,7.781965397308802102e-01,1.263704337873866157e+00,2.340373615584709466e+00
2.410718670108847328e-01,1.171185004249768680e+00,-3.336760128006330373e+00,1.107355678760056028e+00,1.486608653822985238e+00
-8.769670989072972933e-01,-3.093836431083727412e+00,8.497979346737586370e-01,2.217745196151351905e+00,1.362151250964483140e-01
-1.357367014317372167e+00,8.973151253724156451e-01,4.710674975256073926e-01,-3.581201912885675132e+00,5.526921621843146060e-01
2.921041904319486182e+00,1.371721964451642628e-01,-1.541677234530831830e+00,-2.229394644802343617e+00,3.189495320391591560e-01
1.020516313266592423e+00,-2.842167759526811111e+00,1.402664049931429124e-01,-2.512589268784481078e+00,7.401684829026928814e-01
-3.236484810650745558e+00,9.392772347109883124e-03,4.324344137547223577e-01,2.180607282002981595e+00,-7.635641464414260060e-01
2.298613398806579777e+00,3.478894680333827760e-01,1.356126749357960515e+00,-9.180882635900837752e-01,-2.813073682076648208e+00
-8.401915671674270447e-01,1.574155671348604235e+00,-2.140644970531431657e+00,-1.337387021431117429e+00,-2.538729429826632078e+00
-2.527625522124247848e+00,-1.914864271187524336e+00,-2.288770928562501528e+00,3.665161781096484828e-02,-8.393976044250864854e-01
-1.530378286797880349e+00,7.916744016079148016e-01,1.461885102089999444e+00,1.355684847704411000e+00,3.009352834602203597e+00
2.960927631397164195e+00,1.877067372822889713e+00,-1.050353672578366426e+00,-1.593716494832267294e+00,-2.575859780990494285e-01
-3.634409264885771762e-01,1.542450533464732931e+00,-3.166467527711178676e+00,-1.079606753105069927e+00,1.515483322035603209e+00
1.359757375291112513e+00,3.306784832595704771e+00,-5.567185368149812907e-01,-6.811260075098261035e-01,-1.562807020689608972e+00
-2.716657501994715229e+00,2.122708452886954422e+00,-1.028870256077641043e+00,-1.553063554874573482e+00,-8.020601171839851773e-01
-1.008506067942768203e+00,4.251252461742127120e-01,3.668871717162304424e+00,-1.126112532872949323e+00,-2.709887863010688736e-01
4.945678970539620911e-01,2.718285470338046572e+00,-7.930637853538498039e-01,2.057406668810440209e+00,1.872018784213245413e+00
-2.412570243045969107e-02,-2.322941322832799749e+00,2.683899722878831273e+00,1.749155752761884397e+00,5.835220572257552307e-01
-5.163279637157388580e-01,1.397346765442780026e+00,3.471577101523219522e+00,-4.822920794039179393e-01,1.223263761138882577e+00
1.585106906536392302e+00,2.841824905472936980e+00,-1.460618289587127361e+00,1.733784590047202201e+00,5.215865306186381334e-01
-3.000156066503822938e+00,-1.512003974596028089e+00,8.756547347425325256e-02,-2.144641883870189503e+00,-3.251938425479101169e-01
3.637595579308709470e-01,1.236614164961630458e+00,-1.581707756616722582e+00,-2.651147349696548527e+00,-2.192734068209286846e+00
1.132672652738122343e+00,-1.470684427443513353e+00,9.826803644325784459e-01,-1.167105933126094952e-01,3.402184285923030682e+00
-9.355889679816699334e-02,-2.631745239006547887e+00,-1.680602836815390244e+00,8.402060217448075186e-01,-2.352613796548024272e+00
2.336807774201881571e+00,-1.142856768818925728e+00,-1.026094129152228085e+00,2.860129046593109070e+00,-7.122837460113807867e-04
-2.201442804470511994e-01,-1.211130135320101386e+00,-3.643016413564896361e+00,7.154277282577335972e-01,-8.374335001913285614e-01
1.468469961027464965e+00,-2.133486073222522206e-01,-2.267162209550241059e+00,-2.847875533135953319e+00,7.400397345187142983e-01
1.310561490285817365e+00,-7.623575343816680894e-01,-3.611258015495955043e+00,-7.754734298878279697e-01,-2.422727285633878291e-01
6.626384048885622935e-01,5.980874808310351343e-01,-8.166391043537780670e-01,3.306723072540544983e+00,-1.897863220679564478e+00
2.438874283978000879e+00,9.037280788626470551e-01,2.565529535947421724e+00,-1.348503917968068899e+00,-9.136537472326135001e-01
-1.633433189670565611e+00,-8.385858792394210726e-01,-2.481106932716259816e+00,-1.714692660772132893e+00,1.879523132484510750e+00
-8.517445940914722957e-01,1.532097258632840742e+00,-3.346754437733866494e-01,-2.158860031256555789e+00,2.855612867547651312e+00
-1.142811955498245213e+00,2.032068510694109431e+00,-2.061884356517744710e+00,-9.328136369196361466e-01,2.333060226685087279e+00
-2.185617545696261654e+00,5.531424825928485944e-01,-2.104562662182501764e+00,-1.204551648264616581e+00,-2.244321872082069902e+00
6.527448805417411792e-01,-9.372789783103173678e-01,2.612638933986760836e+00,2.538136821171780522e+00,1.194743284296942099e+00
-1.572464464662238104e+00,-1.635711629719469373e+00,-8.416880633845383874e-01,-1.881340432115649719e+00,-2.569809789501523500e+00
-4.187507910878316558e-02,-1.588902641915652669e+00,-2.502672221194734981e+00,-2.556870750059703212e+00,8.201698561959167577e-01
3.247367350698112443e+00,2.068179913963711147e+00,-7.187569068855863552e-01,6.841736403666262012e-01,-4.387847669743392132e-01
-1.972485643796691779e+00,6.807167889739969002e-01,-4.145631333213463665e-01,-3.150930631798278814e+00,1.243261275963733370e+00
2.019497092754150014e+00,7.912444994646355978e-01,-2.676461387027631922e+00,1.956181838957419039e+00,5.526940302805767313e-01
-9.913490099326142113e-01,-2.112854706662387283e+00,-1.986306192657166236e-01,2.907105459323336749e+00,1.436090475737093142e+00
2.299161538606810051e+00,1.602661716767459721e+00,7.014678682530272047e-01,-1.402956464605837006e+00,-2.384321209323187585e+00
-4.397875555368073175e-01,4.948666605907969807e-01,-1.434782982446282551e+00,2.264365800069529922e+00,2.894086939086091714e+00
1.918815288715006728e+00,2.890795638681098900e+00,1.795700096868404483e+00,5.780887584088149067e-01,6.346046113006416078e-01
-2.194676971498825235e+00,3.226085339137653385e+00,-3.368185070281288773e-01,8.030270194913108339e-01,-1.321638175299003903e-01
-1.212115175558251767e+00,-1.595501923150314250e+00,1.369663529763816223e+00,-3.165297395513955614e+00,3.001076933244650746e-01
-1.315467490597528544e+00,-1.553224321046030365e+00,-2.722987687502206988e+00,2.957149366078675595e-02,-2.107487383157060634e+00
1.452115884556910874e+00,1.560202331612052129e+00,1.582204548033744107e+00,2.992174359957816776e+00,2.548548689316323598e-02
1.142313832371319338e+00,-1.412048968070180599e-01,1.716608976764130157e+00,1.048043637195709588e+00,-3.260373972555489441e+00
-9.050185830227968076e-01,-1.799976297601401987e+00,3.136648388976270851e+00,-1.407844829858054592e+00,3.470396395673931988e-01
-1.462202472879333914e+00,-1.861050637395485485e-01,7.276118429286780875e-01,-3.646233222291075382e+00,5.378780760388803678e-02
6.930261175035614674e-01,1.212798383419813053e+00,-1.205249874802339083e-01,3.493898532520636202e+00,-1.351658852475454919e+00
-1.407658130043867750e+00,9.462453976048026405e-01,1.835942700296131713e+00,-1.135800867160440819e-01,3.120822359821855851e+00
2.116780810593843931e+00,-1.919617708373032139e+00,2.633303231652671883e+00,-5.790492547951382463e-01,7.514804749899547387e-01
1.005870833331445224e+00,7.197046244388136671e-01,3.587378501493149408e+00,-5.963802894244979447e-01,-1.115927935677392346e+00
1.948618643087870250e+00,4.971101540898710258e-01,-1.291975696582245092e+00,1.865837846748688689e+00,-2.608680664165733187e+00
1.503802372975453050e+00,1.626423804845551491e-01,1.874612901771920415e+00,-3.178081973290447504e+00,3.126456759020816434e-01
3.004528221710676572e+00,-7.078965652049655499e-02,3.089804300552065341e-01,-2.119588903253794232e+00,1.542618865604872491e+00
-1.586020316219942661e+00,-2.413821077996926245e+00,-7.508086483782897558e-01,1.821925284132893674e-01,-2.657272966043587648e+00
1.043207593911939846e+00,-2.064442740355626693e+00,6.188968648466982581e-01,-1.534588093103129935e+00,-2.812792232459844666e+00
2.027398359968527686e+00,2.581881241899665724e+00,-7.112183928189078630e-01,2.055967092670296995e-02,2.171932512849107155e+00
1.608545354855437148e+00,1.837037789942365773e+00,2.509846881246660999e+00,-1.676833895483105241e+00,-9.626893161098389884e-01
-8.839847807609614305e-01,2.386623749148260476e+00,-2.044507831082958305e+00,1.647367851063259003e+00,-1.621346625280410070e+00
-9.258261733806695259e-01,-4.083870329898842688e-01,-1.411176622607304365e+00,2.205106159468409821e+00,2.849939173605314124e+00
1.584386915867685097e+00,-6.421828290145413787e-01,-3.216302864270501605e+00,-1.609219707268606525e+00,3.783214690839996064e-01
-2.067249676604085540e+00,-5.095364242546652767e-01,2.634643307460470929e+00,4.330854656928567747e-01,-2.082772918202421053e+00
2.484010321690167000e+00,9.168641874443561601e-01,1.967897254587932243e-01,-7.962952623742830527e-02,-2.990649716369968125e+00
-1.371022577602020454e-01,-1.924125835573814003e+00,1.399478699363516210e+00,-2.175869160285893500e+00,-2.363471071779595700e+00
2.616695033634844236e+00,-2.846745613229330285e+00,5.974338658400213387e-01,-4.852876942301439511e-01,-6.756590444051945310e-01
-2.382135564500004854e+00,1.242781496778577077e+00,1.885970424148093683e+00,-1.482480275011030857e+00,-1.739624125220996964e+00
8.923991682172334183e-01,1.906879368160466770e+00,2.797651150252748742e-02,1.249721697858180436e+00,3.163044070599672075e+00
-2.225503308151701720e+00,2.567789624962164119e+00,9.037882333597730966e-01,1.605699248120410871e+00,-1.028828567434081798e+00
2.047503759636624121e+00,-8.924193776086767338e-01,1.873937199319355873e+00,5.556403658690169944e-01,2.681592654667466213e+00
2.784380151106401691e+00,2.117505943942477042e+00,1.800863673514513819e+00,7.184031413419943446e-01,-6.467385421275535784e-02
1.093012375112806911e+00,6.920307646625429854e-01,-2.065651333798149025e+00,-3.138314227753451924e+00,-4.587872531675455390e-01
-1.467800073067058619e+00,-1.058068694898874479e-01,-3.524886088812849483e+00,-1.129795092467753781e+00,-3.648410089374844456e-01
2.014091010262694326e+00,-2.198389293063786276e+00,1.739790450951511636e+00,-1.626327007844901917e+00,1.199463033550300262e+00
2.133304307355091911e+00,1.680666429037367626e+00,2.254991749698040504e+00,4.939501308476035302e-01,-1.815323266957266091e+00
2.236060630667797255e+00,1.455121120937495460e+00,3.911786642992962082e-01,1.097240551492303151e+00,2.743300531137087273e+00
-2.446109986685771176e+00,-1.049135349241939075e+00,1.868501533188740238e+00,-2.322117767475257999e+00,1.798111410735810101e-01
-1.807244418383826545e+00,-7.163958028845394121e-01,-2.133873905753648437e+00,-2.687938263656155513e+00,6.649922638247169893e-01
-1.253229686276703614e+00,2.504389270831128389e+00,1.958611782486040953e+00,1.234663362352475258e-01,2.075101366898547184e+00
-1.819839981550184227e-01,4.450967640186849761e-01,3.141941086313827736e+00,1.123655815536308999e+00,2.152759743543186222e+00
5.289159736074082740e-01,-5.505497275676877189e-01,-1.694482753893242100e+00,2.484339063679964266e+00,-2.524664433894176607e+00
4.589197160254495644e-01,-1.363473588887482046e+00,-2.052676967045186540e+00,3.071380610743447814e+00,-5.324198339288164217e-01
5.377218327397780273e-01,-1.920675034654928170e+00,-3.002597433378127345e+00,1.702242101100330807e+00,-3.296105643951267039e-01
2.222628705590515619e+00,-1.299104465633013961e+00,3.408881127198119532e-01,3.011020680875255096e+00,-4.356592457474421920e-01
2.466865670554783119e-01,-1.080959784532125711e+00,-1.359009637964865735e+00,-3.577985372224651073e+00,-3.489773086085607989e-01
2.322505819506998748e+00,-2.130625920439512822e+00,8.470976337617375229e-01,-7.503467051645580366e-01,2.187648355296472502e+00
2.979721275400880831e+00,-1.363702026327239913e+00,1.933518380601557674e+00,7.955760794864800145e-01,9.434740473055845955e-01
-1.257410171419990563e+00,3.991134950474701792e-01,-2.389410431410321944e+00,1.863877617503415296e+00,-2.253065932483529377e+00
3.977793987006438270e-01,-1.198884032644515818e+00,3.484951601876298710e+00,5.816079069924021683e-01,-1.386107211345180223e+00
-5.664183481691748012e-01,1.122052991878190964e+00,1.167707724252917467e+00,-5.993422432885069373e-01,3.563343217317758604e+00
-4.244713329305007665e-01,-3.241950280010165386e+00,7.764097022147333771e-01,4.801826483937377543e-01,2.115702027212391645e+00
-2.563973961616713648e+00,9.982103332698458731e-01,-2.809472033657931522e-01,-7.099487014845090593e-01,2.801188170203172678e+00
2.491817614293211136e+00,-9.526773381736078905e-01,-2.350566820424109693e+00,1.120763177379184405e+00,1.449819433371186017e+00
-2.288588451347461472e+00,-2.714578498241685955e-01,-9.682954087241545382e-01,2.946352493381021453e+00,1.034448897877042528e+00
-2.825505318846586178e+00,-2.649732543232049764e+00,-7.970868542426170489e-01,-3.016740266491669265e-01,-5.187315981753473082e-01
-1.071462995111525096e+00,-3.472652752199566706e+00,9.067410918829882371e-01,1.326751340325382778e+00,4.584772469633163205e-01
2.755952823821713249e+00,-1.289144455416333379e+00,-2.309727918045248352e+00,-1.171166669255399695e+00,1.906729749230999249e-01
3.027637474240574833e-01,3.991304749710681832e-01,-2.523250181707399342e-01,-3.560244008175098007e-01,-3.944440098217081303e+00
8.051663959303998475e-01,2.863281602910325851e+00,-5.999962260364779532e-01,2.597855122255600335e+00,2.109000469702399794e-01
1.119331875935196008e+00,-1.668170160986472084e+00,-1.880724303827687294e+00,-2.859038279501569857e+00,-5.030712423169583225e-01
-9.337846371384714850e-01,3.434101579941949201e+00,7.195777224323286481e-01,9.493436067620979191e-02,-1.675764887633847788e+00
-4.021410469004673555e-02,-1.152506872770820978e+00,-2.354380943104361190e+00,2.988193432809830963e+00,-4.446359374355817184e-01
1.253118960954284766e+00,3.311202703405629499e+00,1.411200802722450409e-01,-1.181150137348913276e+00,1.431991271845154179e+00
1.487810008710506615e+00,2.456008326776268624e-01,-1.282873212825338616e+00,-2.798499157132606108e+00,2.061247291402025006e+00
-1.438053952172421823e+00,4.263261821719852018e-01,2.736388439475128553e+00,-2.184240337984986624e+00,-1.221277720775269637e+00
1.994331128499354122e+00,-2.401069206824501201e+00,2.281653810417696437e+00,6.527002016929104311e-01,7.909161460319895642e-01
3.478122086959010151e+00,-1.161756036561215621e+00,-1.477034142484697998e+00,5.979899843928656589e-01,-1.173361846225946803e-01
6.831344548320137378e-01,1.511768000421116476e+00,2.794360594728816594e+00,2.143730521555747615e+00,-9.186147979981824641e-01
-1.730450616506799821e-01,3.189083250037104023e+00,-1.347165144426045735e+00,1.148707662067514956e+00,-1.632611469922353953e+00
-5.667099411183030844e-01,1.642992065367662402e+00,3.212792528760451738e+00,1.549790606388147252e+00,-5.054999102558496160e-01
1.699793366307725151e+00,-1.743882845370855750e-01,9.252406323750642647e-01,-2.904625339817401564e+00,-1.946117325745109872e+00
-3.899623692956305732e+00,1.512142987206030187e-01,2.837411496085011087e-01,-5.912105744928604079e-01,-5.831211759342396217e-01
9.838978820427036753e-01,-2.901857662039416308e+00,1.385702721259469028e+00,1.935745965777302624e+00,-9.715362017166495612e-01
2.626210281491216492e+00,1.604623403072291676e+00,2.042288433414026549e+00,5.720454657365221518e-01,-1.424789539397343097e+00
9.375444039099826155e-01,1.115645384577504950e+00,-2.397343666243033411e+00,1.863311117405971773e+00,2.158045618666043275e+00
1.264411405259894483e+00,-3.253534953273528263e+00,-2.705106060448118632e-01,3.664887929188925253e-01,1.899548389159445128e+00
-3.908657021884419103e-01,-9.084389350731338075e-02,2.141937071035509454e+00,2.064167765944087574e+00,2.643915355609249396e+00
-1.461690870624179128e+00,1.896858807799773651e-04,-2.404754818586900988e+00,2.706982805824149629e+00,-8.676739676910291132e-01
-5.420291702769693964e-01,7.947473493031707026e-01,2.024630676457887635e+00,-2.200922804738091043e-01,3.305602976971970808e+00
1.759299773915889986e+00,-2.109403759505014353e+00,-7.881447319082073300e-01,2.644852190036617312e-01,-2.786423430740478935e+00
-3.739933534675479176e+00,6.341104507191980266e-01,1.086075670304251561e+00,3.198160197357588497e-01,5.735489904027551988e-01
1.679034911632069638e-01,2.009610279337488592e+00,2.860823784059882247e+00,8.552661884118252233e-01,1.737090085848489895e+00
-2.644719799354175560e+00,1.165820703461683427e+00,-2.256153804782873973e+00,1.308116274513440258e+00,9.191958941384326121e-01
-1.085408138442598203e+00,2.203522701687228302e+00,-8.057474372958735032e-01,-2.053912183076325615e+00,-2.258006352438665765e+00
5.660345396747294977e-01,-1.953921090541432593e+00,3.505222720907057998e-01,-3.413681365284249480e+00,2.927643163229232681e-01
-2.759115641580141443e+00,-1.264894860609994787e+00,1.483742388340963059e+00,-8.065199882645180951e-01,1.983773147706229700e+00
2.323380964057161435e+00,2.622420334950872900e-01,-2.016579971877222821e+00,-1.378333023837186255e+00,2.136991648123285348e+00
2.067225963284355483e+00,1.352018707809453879e+00,1.723299496156317279e+00,1.409283808492474588e+00,2.223236430100192784e+00
1.816316730721923456e+00,1.771977417103814956e+00,2.516244919223941112e-01,-2.943896697246444649e+00,9.117274362329957915e-01
-3.211776488390257978e+00,2.107382746601948131e+00,7.977641974373708145e-01,3.892031441540376446e-02,7.781306075209287743e-01
-1.877996330622919041e+00,3.203495616229106613e+00,2.083022049308333803e-02,-1.185720916448267159e+00,8.968710214847188666e-01
9.362251639785729163e-01,-7.352430688782787827e-02,2.011127202496099553e+00,5.596330858480320636e-01,-3.280282732209889751e+00
9.764865490660903369e-01,-3.020061493776641903e+00,-2.223454296462281654e+00,-8.780006366154887720e-01,4.594218834000112772e-01
-1.505801716075164443e+00,2.960492350829158514e+00,1.243469091380699533e-02,-2.102117656246932142e+00,7.409405983639431037e-01
-2.614163956110839293e-01,3.464251684554944255e+00,1.973653892208460325e+00,-5.841175444840461528e-02,1.786060325873531640e-01
-4.165906330180575712e-02,2.720375252594220417e+00,4.616325090007405429e-01,-5.455896445276272599e-01,-2.843773966744834070e+00
3.239636640671970547e+00,1.171176530407719074e+00,-2.026805267965265056e+00,-1.321401574866344353e-01,-8.774597179031140559e-02
-3.225436952985885619e-01,-3.927033618519832903e-01,1.929013027269503189e+00,-2.889647024221098981e+00,1.915880593943154908e+00
2.762235865485940939e-02,-1.303421179532196605e+00,-1.782541615874331020e+00,2.828186882197432084e-01,-3.323084291937089763e+00
3.081831931170644800e+00,2.596342404528649839e-01,-1.720486041757396167e+00,1.863876596730350554e+00,-2.817483771610282059e-02
-1.682905424907541914e+00,-2.513023198456792784e+00,1.010632248886364160e+00,-2.314063278416296665e+00,-6.901284922613087902e-01
1.360750995432243385e-02,1.110281252614517156e+00,3.571461345131448972e+00,1.416760389897929739e+00,-6.741093096605282886e-02
-8.536546504890382137e-01,-3.817624932535407245e-02,3.306815355929001221e+00,-2.045814140781754553e-01,2.071939902239399611e+00
-3.144271818327895041e-01,1.443461838634866101e+00,-1.054655588938888389e-01,2.163989086508592230e+00,-3.020526728418149176e+00
-3.446166011661068840e+00,-2.081235771679134650e-01,-1.902419108214142396e+00,4.686131021220915627e-01,4.917597929071582663e-01
-2.048926466667624791e+00,1.288481705919216180e+00,7.911038752572276123e-02,2.902128289266481254e+00,-1.308857580841080948e+00
2.123301881219045173e-01,-5.028889906551435862e-01,2.775610334535540957e+00,8.224897447222020430e-01,-2.705830084269201574e+00
-3.467826934589338106e-01,-2.609508598982694383e-01,3.570561429633686057e+00,1.638336319469427371e+00,6.152979715189559329e-01
-1.652332074407548923e+00,-2.910021217379215486e+00,-1.235783103636344693e+00,-6.763889573437096292e-01,-1.678366267963357084e+00
-1.082558329544184073e+00,-8.462394580629479801e-01,-2.323070752714274434e+00,4.406874410112435192e-02,2.951837811674062007e+00
-8.755685696339172708e-01,-7.525003384442398024e-01,1.643786738224654487e+00,-3.303423323593961403e+00,1.025905660810338293e+00
-1.610715409332207360e+00,-2.023627529730153363e+00,-5.362212212800897548e-01,-1.410776866622679870e+00,-2.651924381559398469e+00
-2.962518224630191543e+00,1.060543085950326203e+00,-2.253066323653569292e+00,-1.008829398395278076e+00,6.848005350865188356e-02
3.783216522426558481e-01,1.461668047596301534e+00,-1.877413861940198103e+00,3.062086515953125421e+00,9.051754558610396462e-01
-3.101709954292067195e+00,-4.139632652955773651e-01,-1.697421331949263479e+00,1.764156618448432523e+00,-4.631868109731775429e-01
1.267377092021903406e+00,2.913837408853968913e+00,-2.209857855418499994e+00,8.249368315376278682e-01,5.825069477689469588e-01
-8.882541652461495296e-02,-1.298848156045699920e+00,1.048153586188273895e-01,1.316220095039759563e+00,-3.544246311266620264e+00
6.256762826127664212e-01,3.199384931148443467e+00,1.038903394561490057e+00,2.054677888920857787e-01,-2.061777867815189680e+00
-3.018652126139323766e+00,1.446281129232332763e+00,8.982283321570380119e-01,-1.317250168575082148e+00,1.501348758044011911e+00
-5.476684011143517772e-01,-1.462906262198511165e+00,-1.502892824622349410e+00,-3.339214844663022319e+00,-3.884867685288551642e-01
2.643370152609306523e+00,-1.327113465694665484e+00,2.630158303748658000e+00,-2.754422777864038441e-01,-5.077035890122950645e-01
2.014010858937962528e-02,3.501436184184238964e+00,3.817867475440986369e-01,-2.398987665108010536e-01,1.880485704635274313e+00
-2.340339600181040591e+00,-1.340961580690573252e+00,-2.798916408413061330e+00,-8.621826984409476369e-01,-3.838496165967903440e-01
-1.327226573957378752e+00,3.709328038824924345e+00,4.849613024607822842e-01,-3.582521426834958111e-01,3.403278700706530158e-01
-1.302460199266771923e+00,-6.926448627976817818e-01,4.234157177523152904e-01,-3.397456442546860078e+00,1.449775628958862583e+00
-9.051760151732186621e-01,2.739686924261356182e+00,2.137389393512153291e+00,-1.430044732997105772e+00,1.030199291746733747e+00
-2.406213239604745979e+00,8.860073450544952989e-01,7.229301461610906365e-01,2.083331109249364765e-01,-2.976423717941409031e+00
-9.086667536212269525e-01,1.539094241835698762e+00,1.104827859431448678e+00,-2.895986126866151533e+00,1.788332575231621924e+00
2.142475998514584035e+00,1.577014359343100747e+00,1.815030394083881449e+00,-2.306411313514690420e+00,-5.558361518089203201e-01
-2.275143013586415630e-01,2.794340450080635474e+00,5.561604226879303114e-01,-1.380863490164160767e+00,-2.433885843150347394e+00
1.150718241183135815e+00,-2.485077020655470204e+00,-2.208631477013784039e+00,8.307817169795200796e-01,-1.712305016139062275e+00
1.999765278879455543e+00,1.895062479508497599e+00,-1.895118090872858652e+00,-1.080258739438911597e+00,1.910823253380474984e+00
-1.892053955507053242e+00,2.789618904409997491e+00,1.722824885591824451e+00,-1.166633014540296998e+00,5.558777028975164791e-01
7.841153856365824515e-01,2.394764434992024404e-01,-3.370702323371928877e+00,-1.939532273667671669e+00,4.521001013421294124e-01
3.028435273210067225e-01,-1.181361414937109222e+00,-1.628044912313080461e+00,-2.539815981368093833e+00,2.326257842444874768e+00
-4.068244529074826477e-01,2.353219816441793455e+00,-2.063709380267763738e+00,-7.676094026821466132e-01,2.334251434342705878e+00
-1.832303409118619442e+00,-1.145784095192174945e+00,-1.182265766496287229e+00,-2.747207783743444764e+00,-1.544325119412138125e+00
1.048030179430879727e+00,-1.853378489873002577e+00,8.865770439636889710e-01,-5.843925691712673620e-01,-3.215445130381197281e+00
3.521982257429027152e-01,2.837238573371940742e+00,-1.291531670871344684e+00,8.685782583515340438e-02,-2.480007126760197078e+00
1.281818490935743293e+00,-3.468673591053863081e+00,-1.478194529039604577e+00,-7.195228611564004340e-02,3.674352703005288046e-01
1.329006097116347540e+00,-6.219246191606183638e-01,1.445193356126111217e+00,1.863916893377073336e+00,2.878225588778961175e+00
3.642680714423115251e+00,5.181730611814608922e-01,4.851575029301056774e-01,-1.456807415063921418e+00,3.235865327870422470e-01
5.780662487630746638e-01,1.486061390580629471e+00,2.870310181747463218e+00,-8.874000170497646778e-01,2.105065705806703935e+00
2.029954843038159318e+00,3.236510101677988249e+00,1.006109078666588053e+00,4.905788095949145666e-01,-3.890535314881058415e-01
2.429917270708072952e+00,2.410131453497915022e+00,-9.882891774841594534e-01,-1.765559440280721759e+00,4.391500869611262292e-01
2.588155768642450116e+00,-5.529661255585563984e-01,-2.568831263857432656e+00,2.195201084848562023e-01,-1.532512656074000779e+00
-8.996955333917253661e-01,-1.411620063386568535e+00,-3.275584186274909992e+00,9.318126421992831698e-01,1.264970427442004608e+00
-7.857688360847405740e-01,-3.453876250459992914e-01,2.350219821205499354e-02,1.213441508334653696e+00,3.713526905413886858e+00
1.174972257431840861e+00,-7.840496658354896287e-01,-1.274324743571500607e+00,1.273214512546141597e+00,-3.280202367039585898e+00
-2.226719000297526119e+00,1.137146288443368736e+00,-2.596376347503516424e+00,-4.784647620975807092e-01,-1.666889962159668226e+00
-3.833182819830250665e+00,-8.468363598753515520e-01,4.950754077712026247e-01,-1.919952967094749607e-01,5.546312252415003252e-01
-2.270967556226524131e+00,1.303923746269192385e+00,2.534866858427219150e+00,1.400611569549547575e+00,8.690376653362701376e-01
1.767076133405196314e+00,2.728143126371069371e+00,-1.691881909598581757e+00,9.132676109030855860e-02,1.601209557636301462e+00
3.194485779546114013e-01,-3.409786433931292216e+00,1.301019826480429131e+00,-3.188753189918731579e-01,1.573840850614687925e+00
1.218114792014516751e-01,-2.508983388118839031e+00,-1.495568013157225762e+00,2.293900893142084119e+00,1.480357839220423299e+00
1.981944693077024366e+00,2.560759978023734451e+00,-7.690648912237993962e-01,-1.714495330848989196e+00,1.408349573834439150e+00
3.035669619442990519e-01,-2.111519180290395425e+00,1.589459481855619805e+00,1.711303587781137558e+00,-2.448344836183897311e+00
-2.025593889510315104e-01,2.470744392931648381e+00,-3.096663474463765109e+00,-4.705210037925008915e-01,-2.089907884494124901e-01
1.397840460201419388e+00,-5.777569296271931054e-02,5.644851434493604048e-01,2.942089765139674462e+00,-2.251259281782508559e+00
7.077978384579486359e-01,2.889965689328309217e+00,3.121842305607904766e-01,1.220898680304643547e+00,2.357767578239839068e+00
2.249292075805938151e-01,1.303031774071457649e+00,-4.116558999426063181e-01,-3.680612464539832818e+00,7.315369800999906857e-01
1.578520508932164779e+00,3.232427663558196329e+00,1.674960080766320081e+00,4.680407767182815926e-01,1.874325529689764014e-01
1.701967265519785055e+00,1.287877221021140217e+00,2.313879596060984145e+00,2.387804274222101952e+00,-6.237240203914616865e-01
-1.249096515178323985e+00,-9.513474883207091448e-01,1.925165056733012525e+00,-2.989633323222614436e+00,-9.436778842625953567e-01
1.774037528549387455e+00,-1.674900259123602630e+00,8.059296450630804021e-01,-1.983767482415309757e+00,2.337229974180159431e+00
3.661466874951281592e-02,2.836564794446903903e+00,1.516743833708847022e+00,2.750874783600200657e-01,-2.361434850910028693e+00
1.903824361342146831e+00,-7.421361870090968926e-01,1.082375781078985133e+00,-3.036811453510452008e+00,1.196213001707117973e+00
-2.137524021329392454e+00,4.129970724678215244e-01,-1.580081666294238074e+00,2.667552627913007512e+00,1.283717017698240426e+00
-2.248386951780700915e-01,6.326949177208933683e-01,6.122422165454347587e-01,2.986542056736933848e+00,-2.500973953055456445e+00
6.020899097683203305e-01,1.644894808915608353e+00,2.107950369441874194e+00,-1.781244631546853863e-01,-2.908027806564679629e+00
-1.912841458416797424e+00,-1.365150578599787501e-01,2.421431229930803841e+00,-2.499298869877987439e+00,-4.610608980186880479e-01
-1.158822233216855846e+00,-2.790973783225708882e+00,1.278135084611520034e+00,1.319957503718926173e+00,-1.868603560686501464e+00
1.028808327640944542e+00,2.083503394319729640e+00,-3.146857931941193232e-01,-2.135180616942136567e+00,2.437733294565095576e+00
3.754330096372682668e+00,-7.256625393426675563e-01,-3.268017874307759807e-01,-1.124012598161706178e+00,-9.064037384550174825e-02
7.554887337722911989e-01,2.651203957490304131e+00,-1.637482441493301577e+00,-2.390851709129251823e+00,5.323258105485031283e-02
-1.145811302690570743e+00,-2.924503130535986983e+00,-2.054601131678773562e+00,-4.582385117916043527e-01,1.305001744875105008e+00
-1.596442236309820295e+00,1.366502783322838255e+00,-2.671902383028494476e+00,2.101850073663328988e+00,-1.649431802322982310e-01
-1.202482360222293822e+00,-2.058835446943552139e+00,3.144053900224008657e+00,9.125158249104806107e-02,6.494851783851909310e-01
7.864818618981642695e-01,3.175061035951463495e+00,-4.898208225243759761e-01,-2.058644028115887537e+00,9.069145638991327196e-01
1.035630032639676568e+00,3.648310455842823097e-01,3.216352810200700407e+00,2.053270624957875601e+00,-4.832422629197203334e-01
1.215407658366665533e+00,3.293915701819806419e+00,-1.695826288117264546e+00,-7.650822589781358651e-01,-4.601368392292909393e-01
6.646884070286257495e-01,5.007271749698083418e-01,-2.667077334775658670e+00,2.359420177695587262e-01,2.852804141960204820e+00
-8.203962805228428579e-01,2.884800272025666246e+00,-6.929599291350931889e-01,2.549888296581756197e+00,1.508427823709310722e-01
1.103546363504737560e+00,-5.459286096800265442e-01,3.633328631619429316e+00,-6.611009818743339705e-01,-9.197912388947723228e-01
1.731038959586260528e+00,2.780222343115169359e+00,-5.950770289367859345e-01,2.163823319698014558e+00,-4.874626283116985648e-01
1.979130045674804661e+00,-1.221771427994553516e+00,2.204149028712341085e+00,1.401164803496473432e+00,-1.941335389033158831e+00
2.679370160201661299e+00,-2.538881545762935454e-01,2.041053954244250512e+00,2.125696536272388748e+00,-2.683828256991255823e-01
2.358237830461006990e+00,-1.730407810279708247e+00,1.058225799398306632e+00,-2.920688048545519999e-01,-2.497850499094010690e+00
-8.055393637912792171e-01,-2.485973191171819696e+00,-2.877792734951049702e+00,-3.513878959451200990e-01,8.751452150380299999e-01
-1.928909518516374266e+00,2.311209632963454386e+00,-4.604369371795388743e-02,1.999476515158016721e+00,-1.713940414796915945e+00
-1.262177755448815386e+00,1.724486703150526073e-02,-7.235028461227979157e-01,-1.838061311025879219e+00,-3.241093052779153716e+00
1.928270102516901341e+00,1.088903794390869262e+00,-2.195567043866410994e+00,9.776249769524157918e-01,-2.306468664132925728e+00
1.132393030629196939e+00,-5.175287951261074992e-01,3.378179316178925529e+00,-1.597292680717442126e+00,6.974314090038675751e-01
1.026145277009814727e+00,-3.679964756224062938e+00,5.595487195806211345e-01,-8.960030259260048924e-01,-5.375584353038758145e-01
-8.351192315252972675e-02,-3.836433440234748193e+00,4.557253906258803555e-01,-1.649416558200485772e-01,-1.019761166084575121e+00
2.593003082496985634e+00,-8.132439880876108917e-01,-7.183866386761303957e-01,5.678290904107751169e-01,-2.788630486718413071e+00
-1.360569486688564478e+00,1.609358389398872324e+00,-1.586510323618957496e+00,-2.873627801805915372e+00,-8.854741645593359189e-01
-8.934117576448522557e-01,2.455199400856907577e+00,-2.747418164126489870e+00,-4.986956471165925331e-01,-1.173374371762314183e+00
-2.262661940302165497e+00,-9.618281919191462581e-01,2.741413319326750919e+00,-1.557863803597384633e+00,-1.138457517721416928e-01
-3.091505173809197426e+00,2.039512402855703677e+00,1.300371423841070850e+00,4.552931380020626140e-01,6.202638450324968744e-01
-3.124601475519356075e+00,-1.582019525682705485e-01,2.863290831172410900e-01,-2.433244618381972035e+00,4.573554904691344292e-01
-1.656206207144683695e+00,-5.509597494428727371e-01,3.198418890114881563e+00,1.230195058192750990e+00,-1.100073213956095142e+00
-9.928047749756104823e-01,1.840229890990789041e+00,2.425237140103995159e+00,2.205820746288684187e-01,-2.386935480841968271e+00
-1.121134327570409844e-01,3.112830593004903612e+00,-2.296906416633223813e+00,8.862054463081081579e-01,-4.863919177074629840e-01
1.055609543158489316e+00,1.586295833499919095e+00,1.283427419757248167e-01,1.954120341777245695e+00,2.921351716491537687e+00
-1.638580163206975859e+00,5.324170284058158398e-01,3.159833887044553702e+00,1.235525531927486931e+00,1.233091084570937079e+00
-2.175968040155797034e+00,7.497466842018228883e-01,3.502170115347691959e-01,-1.615823114392556548e+00,-2.823031474421654696e+00
-1.270941797578397647e+00,2.465360352356957829e+00,2.620983018120383257e+00,-1.164367326715425532e+00,2.853104053425112308e-01
-9.917653111370583474e-01,3.539670448312205231e+00,3.740991583658276332e-01,5.978260875528732532e-01,-1.410598622472633012e+00
-3.443175219011310073e+00,2.491193568227240418e-01,1.551286125994466580e+00,1.367183827442850774e-01,-1.287362962167049263e+00
-2.052521397486510857e+00,1.305020669513626830e+00,-5.531778624160094138e-01,5.692809428694015628e-01,3.074734204060702858e+00
-1.356680133324741355e+00,-1.573502555493309085e+00,-3.063489901961180539e+00,1.058021279489699040e+00,-1.085877210566114304e+00
-3.298443621116613045e+00,4.434787537150833847e-01,1.450940188656291596e+00,-8.536068551358469980e-01,1.445587831688403213e+00
9.809562115899659318e-01,-3.215559158555179486e+00,-1.601688927087278724e+00,6.255308482543120441e-01,-1.319548387708162185e+00
1.976451532028840941e+00,-6.194902551585441675e-01,1.518139724214867314e+00,-1.679835243392648891e+00,2.565789644168285921e+00
1.354252961927355225e-01,-2.289337011853175508e+00,1.797094633539883857e+00,1.573831538356734505e+00,2.243680280763306722e+00
-2.828620244562422226e+00,1.746968105444596797e-01,-1.828346802029051643e+00,-1.576176746286264974e-01,-2.144922650491625671e+00
-1.669769759384573948e+00,-6.734952918693346557e-01,2.294230638338813577e+00,-2.662433468534647574e+00,6.373592756120119995e-01
-9.511256275354367240e-01,2.977562264054913310e+00,1.396725999164162291e+00,-4.988040537496862270e-01,2.007444645200273659e+00
-2.050256161571155200e+00,9.993530426523682397e-01,-2.656150389665030698e+00,1.909113484711011388e+00,3.128801336899676988e-01
3.455354241904599277e+00,6.474943197902101044e-01,1.672535195384360796e+00,7.690612322331943362e-01,5.024430416155263313e-01
9.843144230017916163e-01,-1.513725621510167763e+00,-2.215681247634671891e+00,-2.775209492561293345e+00,-3.587878770695253072e-01
3.160908142700667778e+00,1.730991724454764347e+00,-7.426940858783110944e-01,-1.042494928091918016e+00,-1.172150665649148937e+00
-2.847644787593526239e+00,-5.024267957434938037e-01,7.234950479634093545e-01,-2.552993076928447902e+00,-7.728309927391537881e-01
-4.577817207222145690e-01,1.401400426140285038e+00,-2.961276822821624410e+00,-6.019580811849484236e-01,-2.166794588534417088e+00
-1.961482848377984922e+00,1.313511436826095169e+00,2.217987260846125519e+00,-7.072823683906963588e-01,2.237757114374566036e+00
-3.382497292169916125e+00,1.213774130359703968e-01,-7.813815351544259880e-01,1.577812045950652609e+00,1.201637065107684643e+00
3.524125942286415292e+00,-1.071909904261283630e+00,-1.459465397562211608e+00,5.231632879538302694e-01,1.667525937020549465e-01
-2.073124922754326693e+00,-1.549882411186927600e+00,1.525624567316664626e+00,-2.545966960112785671e+00,-7.003852395376156670e-01
-2.156957598093564021e-01,-1.904188427444586162e+00,-3.146049869162382162e+00,1.445884540644365002e+00,5.825202896512452488e-01
-3.244515184341810743e-01,-3.375838551436559420e+00,-3.504328519715920742e-01,-1.578722937339557708e+00,-1.372325030813575930e+00
-3.816491085819384566e-01,-1.589748456128276533e-01,6.397817761585764540e-01,-3.924159768032889239e+00,1.439456502587936060e-01
2.358707972162319866e+00,4.915097597425394094e-01,1.932621268262082248e+00,-1.887842558143569827e+00,1.701746269941188716e+00
8.219234620815142958e-03,1.247059616460708176e+00,-3.697093926372932771e+00,8.684930835515132230e-01,1.482936970160098622e-01
-1.231410482990959343e+00,2.820501264862233626e+00,-2.340375445461019499e+00,-8.450545027807008225e-01,5.804537009130972258e-01
2.105715424423942661e+00,-4.760104270578420782e-01,4.215894594662406569e-01,3.174973932739061144e+00,-1.039797806676725278e+00
1.979477058353481311e+00,-1.408558831330629202e+00,6.710711393985890894e-01,-1.787407898475086077e+00,2.540171081732074398e+00
7.076546042704152939e-02,4.343960482319195182e-01,-3.148451401341402001e+00,5.083005338384239957e-01,-2.373852704693779625e+00
2.894172502447391437e+00,1.493519841637136469e+00,4.642084489282243265e-01,2.275435382016148367e+00,-8.267219983991195079e-03
-1.218522612091928581e+00,-1.824934815226726403e+00,2.456112049215182225e+00,-2.205804151476130404e+00,-5.354971624805531238e-01
2.984669444962710028e+00,6.052599616147080752e-02,1.309116078000557515e+00,-1.943125849551324391e+00,-1.264342491265928237e+00
-3.210488309408968899e+00,1.857554795094699784e+00,-6.608657111259388373e-01,4.809987059039993462e-01,-1.254652045447548048e+00
2.933381945301148264e+00,-1.177304822371088910e+00,2.257292937331295768e+00,-5.285411006113180932e-01,-7.965529600986099856e-01
-2.963905380366020914e+00,-2.383058901186773937e-01,-9.413163999089009248e-01,-2.105715918908701134e+00,-1.355861019090499386e+00
-2.521238374687126527e+00,1.154626125243257917e+00,5.095299371988850634e-01,-2.118507090863291698e+00,-1.887459275844332263e+00
1.569846791835259436e+00,-2.973451785772884826e+00,1.646332031308475941e+00,1.177069735166386799e+00,-7.734747630605823820e-01
-9.908785320887425474e-02,-3.355368456542680455e+00,-1.351731342833863092e+00,1.598469453632590964e+00,5.911022760816714294e-01
1.525142645107597339e+00,2.465567514212758216e+00,-2.363885992322578122e+00,8.425688784556962796e-01,-1.138875517908752188e+00
-2.852557532944402841e+00,7.421991284430052849e-01,6.231118291208931348e-01,-1.107204411238294606e+00,-2.387024510792602250e+00
6.752883491447553288e-01,2.153905788823510914e+00,-2.700827668780506396e+00,1.594380625544882468e+00,1.033516242164913113e+00
-1.918019956522076797e+00,-6.009488959563429322e-01,-1.291732707421961113e+00,-2.501741756941597838e+00,2.008176950615407463e+00
1.175771615850086604e+00,-2.659404971045621346e-01,1.007308532706214343e+00,-7.907066940020152090e-01,3.592624278067316546e+00
-1.354732805029076781e+00,-7.034610912233273394e-01,7.693649684047140225e-01,-2.890314162810228904e+00,-2.173477192372433198e+00
2.202044897195571949e+00,7.358592686511158387e-01,-1.391033446081593183e+00,9.601494965473169607e-01,2.784357790162301338e+00
-5.518163458597424159e-02,2.543704383474172381e+00,8.595153176308556464e-01,2.882654800011891005e+00,6.914171818989125473e-01
-3.056107301447640978e+00,-6.323052610574320109e-01,1.321355503747577265e+00,3.108602325190467086e-01,-2.101852460909589659e+00
1.592868117735625422e+00,8.259699930536829049e-01,2.398620738323128165e+00,1.369996444129071511e+00,-2.269421297784123936e+00
-1.967176498373317539e-01,-2.734007484838388180e+00,-9.540039228131911297e-01,-1.212112217584950136e+00,2.471268040162476254e+00
-3.118889598139205077e+00,1.894910446215794519e-01,1.127782575175479307e+00,1.004587420619005966e+00,-1.988851778311272245e+00
-7.162261717904049307e-01,-2.961567863979719384e+00,-1.196107188129361010e+00,2.623631078459395249e-01,2.283994100699858976e+00
2.810868914877459712e+00,6.882606648754768797e-01,-1.272357257447161993e+00,9.708030665234975709e-01,2.250324780117502588e+00
-1.158289292172195228e+00,1.338028913411433152e+00,1.863600633533026185e+00,1.747113196060235518e+00,2.518458397782608937e+00
-2.018824122584180092e+00,-1.747000710441957372e+00,-2.788511045467530813e+00,1.378973932669576852e-01,-1.038040528121744188e+00
3.583091140504518712e+00,1.563700602931235251e+00,1.726409954327517704e-01,4.951467919146301799e-01,6.643214917366115913e-01
2.818345586547637005e+00,2.014295610797228964e+00,5.674695722895743977e-01,-5.110307894430445863e-01,1.848341733521478236e+00
-6.339695714232401746e-01,9.934884221174262731e-01,-3.208827239010449528e+00,-1.528809789650348305e+00,-1.406140716600544627e+00
7.554853589031551575e-01,5.146413008050151339e-01,-3.363000339084865953e+00,4.296968002279682453e-01,-1.915718033317433289e+00
1.628019393103310453e+00,-4.576170105206086025e-01,1.852645949901039035e+00,-2.948290923457800528e+00,-1.007682064112155329e+00
-2.241372536268401994e-01,-2.380341647509177427e+00,-2.100973360131051848e+00,-1.502284912608862211e+00,1.900733309551166705e+00
5.759023240458787107e-01,1.857106881450108604e+00,-3.166219883752695807e+00,-3.876601232865657387e-01,1.429776842927496405e+00
-2.455087794896456399e-01,1.900464992127292696e+00,1.734840257981159262e+00,-1.033516387467640518e+00,-2.872304198551367982e+00
1.341368066761754740e-01,-5.450908821424577111e-01,-1.547686686040872672e+00,2.807675635689720561e+00,-2.325189603861590459e+00
3.146065659426282135e+00,-1.424211834767642459e+00,1.750301043199342876e+00,-1.004784932865268265e+00,-2.729492899222038180e-02
-1.024699547357293739e+00,1.052726557766171966e+00,2.133904671570761913e+00,1.712094342340002129e+00,2.521297572242391372e+00
-1.910938782745871204e-03,2.467328694477701312e+00,-9.440439241575782070e-01,6.100381042830560485e-01,2.940904629923219549e+00
-2.602734561129928625e+00,5.594527072908168641e-01,1.956454595101221106e+00,-9.877518208385864806e-01,-2.027169758639406627e+00
1.017885736690071208e-01,1.862710948189150395e+00,-2.678812081080607310e+00,-1.981147540135652418e+00,1.191204125344495379e+00
-4.513807282130785636e-01,6.541039550082771159e-01,-3.420369662811384437e+00,1.529823621643763065e+00,-1.152872287211663904e+00
-4.841597005432322631e-01,-3.111583478806776437e+00,2.201599077363598500e+00,1.014356896985938006e+00,4.557183635486058981e-01
-1.771977392455181155e+00,1.623924263074800312e+00,-2.606650394499057999e+00,1.812802191067463209e+00,-3.769456795661828563e-01
-7.949322503638273085e-01,3.336024662281926734e+00,1.387186112003380378e+00,8.131818919888892383e-01,1.285874049502738981e+00
2.040691499340042014e+00,8.999118477455940734e-01,2.616699427407371825e+00,-3.782583983089660706e-01,2.008865740044134984e+00
4.457525180134538356e-01,9.435901701142157538e-01,1.813153127387373109e+00,3.215993196295705570e+00,1.131726902381317457e+00
-1.538006607558921823e+00,1.645868907024144123e+00,2.632356472849051165e+00,1.417416479129806617e-01,1.994056147928853662e+00
-1.576724289126645528e+00,-1.324197802500840959e+00,3.046098924904762306e+00,-3.158126442132198897e-02,1.575031637574821008e+00
-1.529326930515576555e+00,3.646170774780497781e-01,-1.014023199708248724e+00,-3.441652938158179964e+00,-8.093179413134132805e-01
2.110906170555599370e+00,1.136931204330786427e+00,-8.796464216626768140e-01,2.057643933895294985e+00,2.289931481483493680e+00
3.851928140902380893e-01,-3.661078660939014462e+00,-5.299856307018033785e-01,3.283461113649819851e-01,1.435072679968280696e+00
-2.409027667352116708e+00,1.973450828758103182e+00,-1.278068462531060545e+00,-4.270145350105855053e-01,2.118083359166763824e+00
-1.218324464071598223e+00,-1.584982528281351444e+00,-2.772976459876358213e+00,-1.869287401410254290e+00,-9.054733840306905535e-01
-2.787621468883278109e+00,2.510732895048253255e+00,-7.715985444260939907e-01,9.768189108795943820e-01,-6.130639261375478988e-01
-2.016641081389443535e+00,-1.520553495886911799e+00,-2.654760598512712289e+00,1.292967549795329241e+00,-9.495034990768578265e-01
-9.615441614949406246e-02,3.973926595335940393e-01,-6.321910728400763624e-01,-2.038534865894896519e+00,3.358205391329713851e+00
-2.290756477924872581e+00,2.518168699426070578e+00,5.353591067545761945e-02,-2.919688293243920540e-01,2.079218427449877282e+00
-2.289818860604170003e-01,2.528611115052151970e+00,2.067729114647439914e+00,-9.402843240854610318e-01,2.096200091358023432e+00
3.465144023200079637e-01,8.388039624963697025e-03,-1.666083629948087896e+00,-6.502806909473499708e-01,3.561061326455372988e+00
-5.879054260579826829e-01,9.365075838894537652e-01,9.983186734000437657e-01,2.410850464255139602e+00,-2.822849733987035314e+00
2.878382959634509408e+00,2.451657260323737431e-01,-1.548779929049474813e+00,-2.142893602262085917e+00,8.149190421277615615e-01
-1.137136445307824761e+00,1.718863195997135440e+00,-6.533158486987342695e-01,-2.792346050379278299e+00,1.878406759722050845e+00
2.122720521187251297e+00,3.213052449605698357e-01,2.586978983193366943e+00,1.994407705746858772e+00,8.489394396920896257e-01
-1.072773972839270208e-02,3.769560217326722196e+00,6.478415485754542846e-01,1.021442924229402971e+00,-5.720632517729798971e-01
3.532093182552363264e-01,9.122246551813867343e-01,3.262220370160531235e+00,1.096967537922892033e+00,-1.788202961978854200e+00
4.638710125345575364e-01,-1.103545231167698315e+00,-1.362011231450798832e+00,3.511319944351330324e+00,-6.185218349416978789e-01
-2.973881366939412629e+00,-2.343762661975768768e+00,1.268390379281983504e+00,-2.295945942561168351e-01,3.575426872566189046e-02
3.711708391202915847e-01,4.366864665678366619e-01,-2.278908918120484017e+00,9.409729770749085676e-01,-3.097205375403598193e+00
2.137826109459975310e+00,-5.216879766793377504e-01,2.308911615604318790e+00,-4.510886308217414431e-01,2.371283909440256465e+00
-1.657695368091512522e+00,1.714674071119677512e+00,9.074279228645001361e-01,2.856528597140147507e+00,-1.152717586820023676e+00
-3.473700764909206207e+00,1.697487411772619303e+00,8.889431283333066869e-01,1.165135204700923355e-01,-4.981407400317163781e-01
-9.502832849326985354e-01,-2.478795623045861429e+00,3.110094562841335675e-01,-2.943243954547533736e+00,4.394565731303172740e-01
-1.904845625584027591e+00,-1.606191817238296515e+00,2.908800258971433905e+00,-8.962552731726948219e-01,7.261670108508048171e-01
1.297587696877853247e-01,-2.176615406452378387e+00,-3.025247603234966665e+00,-8.769886464784756863e-02,-1.444193159637528145e+00
-2.002838409695678390e+00,-2.423285760261241872e+00,-7.683392223705928226e-01,2.420678759480902054e-01,-2.338243445743772853e+00
3.284681713169534945e-01,-1.787567592922801651e+00,-2.608994745605630605e+00,-1.015536136932391642e+00,-2.204210410362523298e+00
-6.669473945899248024e-01,2.498290955387648449e+00,-1.764840386897225777e+00,7.267481100447157338e-01,-2.381364959094020683e+00
-2.486793665341784365e+00,2.049615536531631310e+00,1.468513578825605626e+00,-2.660624381379007586e-01,1.840546675920242681e+00
-2.362920812253151315e+00,1.950323447558138801e-01,2.082367427113640534e+00,-2.452135742468763979e+00,-1.713003751403898434e-01
1.174242451799165643e+00,-1.137006167356376940e+00,1.461109214798275380e+00,-3.333019927860418008e+00,2.907054569545350353e-01
-7.120299351179646408e-01,2.624759138914900536e+00,-6.064031401982199476e-01,-2.249672550233500434e+00,-1.781825323218372503e+00
-3.446561942730190786e+00,2.496524716492944940e-01,1.559705690289312496e+00,-1.080671969045116976e+00,-6.770160066959867162e-01
-1.058338762966331226e+00,1.473245725479250812e+00,3.540796456314877716e+00,-4.062542154129523131e-01,8.475884949206755059e-02
3.304764754628838896e-01,-1.176969675766115442e+00,6.217847837484485884e-01,3.543002214345766010e+00,-1.251417865196325696e+00
-1.426810464282946889e+00,2.334373703250884891e+00,-6.067243412075413317e-02,-1.861034889382696234e+00,-2.246726353791583808e+00
1.407709677319536778e+00,3.306074920906068582e-01,4.760427589683401128e-02,-6.937774982018485304e-01,3.664076795928219443e+00
1.200169266219115682e+00,3.501015257810233816e+00,9.887566937986389526e-01,-9.736438236691329351e-01,6.138923375497948864e-01
3.151600837268897060e+00,-1.245572782542353485e+00,1.433780624278597537e+00,-1.477431273737125794e+00,-5.267167727939330302e-01
-1.787194207787394795e+00,9.173564977453512181e-01,-1.810485997361616528e+00,3.898758231424775400e-01,-2.921391999643672577e+00
3.323140027395514284e+00,-1.146900612377930173e+00,-1.175246215159291285e+00,8.051662963276119411e-01,-1.269591632242707879e+00
2.067906527787176429e+00,1.804964727513914680e+00,1.642154041169533230e+00,2.900413794975932325e-01,2.384338698259018230e+00
6.522642810091923149e-01,-1.923476303300934109e+00,-2.992013080884068366e+00,1.636940158796998945e+00,4.930262251600992518e-01
2.562152457959443463e+00,-1.025048895453398723e+00,2.538648356425159403e+00,1.075896486394067431e+00,8.845116263152712488e-01
-1.831606947823801457e-01,-2.074579329171244435e+00,1.142525070980045410e+00,9.350729103699384481e-01,-3.079423303369733134e+00
-1.425859090757497061e+00,-1.736135844039370102e-01,2.343373906971054854e+00,2.278592968881973935e+00,-1.803717547429050105e+00
-2.055861422154405260e-01,-1.770725908347310140e+00,1.229581736976801176e+00,4.518633395212169335e-01,-3.332598441175655957e+00
3.107279624556951725e-01,1.875014686406808906e+00,6.276511442239390837e-01,3.216170326951820702e+00,-1.284550710675100627e+00
4.517010286000931463e-01,1.933026167004654905e+00,-1.277124173064160817e-01,-3.463778275763798042e+00,-2.128511528026948707e-01
1.146904499465980054e+00,2.572996826912531176e+00,1.869129776762607609e+00,1.100408850141807005e+00,1.832962530427637793e+00
-1.147099294567594185e+00,-1.786313169791547306e+00,2.359248577450808959e+00,-2.339466204671992955e+00,6.738638548147231067e-01
-2.991191671587434264e+00,2.094412284841201122e-01,-7.921059371184506759e-01,-2.521801220256477905e+00,1.483022101375170987e-01
-4.093695973520298237e-01,-3.061198636199172096e+00,4.217947721867816302e-01,4.261114654191081597e-01,-2.470222182656946153e+00
-1.018711581053175080e-01,-1.668782660854103650e+00,-2.299557661603913061e+00,-2.771156180289886528e+00,-4.873547818364828421e-01
-2.196141740483036564e+00,-2.433964104865673050e+00,7.237760670095249038e-01,-2.135565346406091969e+00,4.102304815432865071e-01
-1.855146526797936568e+00,-1.094566441410089297e+00,-1.811123527764550323e+00,2.377351508549650827e+00,1.558328284227298077e+00
-1.345339006343894139e+00,1.376774062360716977e+00,-1.448797744770601970e+00,-2.261876958724730269e+00,2.253764374897734513e+00
-1.403342981076835527e-01,-3.333514204427083794e+00,4.872075360422240542e-01,-1.022632929759740961e+00,1.893367381532746085e+00
-7.450979093405067921e-01,-1.096745469925315852e+00,1.442215561867022655e-01,-2.693348382628541149e+00,-2.639517590814278059e+00
-8.057587963852873569e-01,-3.165592397414617842e+00,2.190319560073450411e+00,-3.871482722473753579e-01,6.183801222015682386e-01
-2.168238735336092571e+00,1.639441322371137932e+00,-2.630798632766577771e+00,7.347356844334568260e-01,-1.072396831841517129e+00
1.967218473555708558e+00,-1.052580871079700886e+00,2.352756507755150661e+00,-1.138952202136583436e+00,2.046814521055159819e+00
3.287736760006674253e+00,-1.690185064421760419e+00,3.987783841388632400e-01,1.099513575183179270e+00,-9.829074947511216021e-01
-1.003962784714262702e+00,2.144818129643178750e+00,-1.375501984793134902e+00,-8.006305857205807675e-01,-2.803354931631309999e+00
-1.036938938175179903e+00,-2.515704054011383750e+00,-1.381798953943565333e+00,1.484514453278904078e+00,2.117271650028244245e+00
-3.009825656989443043e+00,-7.867937929879743608e-01,1.902206727782517648e+00,1.540180237647282180e+00,5.756382911024524596e-01
1.345749383826804646e+00,-1.261696228228256444e+00,7.700220204348000586e-01,-3.064506549961336201e+00,-1.616461232722253616e+00
1.700404937685850326e+00,-1.615700359080496584e+00,7.761718543518530966e-01,2.444714592084991978e+00,-1.979662398824469038e+00
-2.925306827380347308e+00,5.021757369409934890e-01,2.383641169202109555e+00,1.199036187614242355e+00,-2.663953681767006199e-01
-3.748252262468294571e+00,-6.609829384374879546e-02,8.782229357028188410e-01,7.026601082235812701e-01,-8.253661248009924734e-01
1.089725677383986735e+00,-2.922898413736055634e+00,-2.330500338997095522e+00,-5.543378970597578892e-01,-7.284507374195252627e-01
1.086563822763045861e+00,-2.143204779192621867e+00,3.050974526438812617e+00,6.106425102395565130e-01,7.380531804810948060e-01
-3.881570646861083329e-01,-1.340852921983882506e+00,-3.581865393670345288e+00,-1.286212529259314896e-01,-1.097790694833989722e+00
2.013455634502538949e+00,-9.563618046992584665e-01,-2.662864891140496404e+00,-1.105731692432083024e+00,1.648598344741662114e+00
3.207294783824972573e+00,1.093421533068974272e+00,4.943673573398499888e-01,-1.871807136920453196e+00,-8.772847193703353641e-01
3.590655685744785774e+00,8.598530171942639910e-01,1.007326744170367272e+00,5.163698647891287741e-02,-1.162097666875320456e+00
-3.144104889190875163e+00,1.403860981589150958e+00,3.321586400362260272e-01,2.529668864891035374e-01,1.992349663670228255e+00
-8.339040383492317687e-01,-1.756337862166960750e+00,3.128955035553358854e+00,-1.196216224753692714e+00,9.992939997142662456e-01
-8.349721238397759260e-01,3.696352408939176382e+00,-1.104616895921198161e+00,-6.476575160320295899e-01,1.271520792918276292e-02
-7.160493487950233549e-01,1.202949630936943626e+00,3.514458800981599129e+00,1.248306873234953152e+00,3.612406427248299190e-01
9.066235207121603468e-01,2.595478657639236797e+00,-3.250725072263646598e-01,1.946425502224043758e+00,-2.132435217953445150e+00
-3.165932592369320453e-01,-4.038588526209099805e-01,-2.765372454326761709e+00,2.843153054486482034e+00,7.656783254361543278e-02
2.312114441758142749e-02,1.510625148309677979e+00,-1.244177527891910495e+00,-6.034623286950809851e-01,-3.435888905495908308e+00
2.403202395428118088e+00,9.717090320813215332e-01,2.722816581778972012e+00,-1.354410471933859883e+00,1.795604051162472958e-01
9.930408764722303827e-01,2.588836934263383238e+00,-2.748362046491767519e+00,-7.240576303866582686e-01,-4.837765545491757302e-01
-1.568338663125985688e+00,-2.315900912341174234e+00,1.012097098335300593e-01,2.668901213064829303e+00,1.021586859497521704e+00
1.013189766431794370e+00,1.210317143493489400e+00,-3.532549750129385657e+00,5.684616001937673468e-01,-8.405489761635569490e-01
9.421322486346063174e-01,-1.667516637407010061e+00,2.621136454870197419e+00,-1.029894530427269306e+00,2.097793133557264600e+00
3.452481300673599041e+00,-3.007071208339414659e-01,6.112402470181275138e-01,-1.384638702864048776e+00,1.303498798977229534e+00
-4.827580366547411517e-01,2.071182958960665399e+00,-7.125751048859774173e-01,-1.041559115615255493e+00,3.143968377247408963e+00
3.026175325788582171e+00,-4.047603618065112596e-01,1.398953615716422405e+00,1.970161200751367581e+00,9.164199753532800141e-01
3.041077395945414263e+00,-9.097588976350410306e-01,-2.537616245665054726e-01,-6.146073242048546298e-02,2.419920378093344482e+00
-6.049238259135469864e-01,-1.128046972034187245e+00,-2.005289507237813851e+00,-1.007765445841043883e+00,-3.053653548138253626e+00
1.990144876544204688e+00,1.802680027248815708e+00,5.788583121347998794e-01,2.242792624197845086e+00,1.850533001337521855e+00
-2.994391136233759187e+00,3.272422342943229201e-01,-2.550599250173719135e+00,5.503978135227173274e-01,3.435694328973845635e-01
5.347445119427652882e-01,2.398899963712709305e+00,-1.092636267588554588e+00,1.773111861546936785e+00,2.370980300263577423e+00
3.756868276822538100e-01,9.533991652250886073e-01,1.942855087056156449e-01,-3.047363554325148716e-01,3.849581579086077454e+00
2.089787262470706786e+00,-5.380441627166926422e-01,5.302665961354032786e-01,1.988205355103338512e+00,2.666299773008103280e+00
3.174990080022938033e-01,3.306577554861747092e+00,1.461232437899191217e+00,-1.472695393399754860e+00,8.134539288075245400e-01
1.791888314948977490e+00,6.844267606774676604e-01,-8.745583193688792611e-02,-8.130545529995903964e-01,-3.413501142130279664e+00
4.065259793261533638e-01,-3.749404368183928860e+00,-4.443467292468620822e-01,-9.140277025345956707e-02,1.253357502779552490e+00
-1.836683218492901837e+00,-1.025703536296722174e+00,-2.405521704367599600e+00,2.191521054124780488e+00,-9.925864242871580423e-01
1.257872134929444163e+00,8.212642575013299195e-01,-1.439511663697985666e+00,-7.490093798213379728e-01,-3.333177737615553582e+00
-3.115212733255814825e+00,-6.818386993376006622e-01,-1.584166725608159965e+00,8.172853736240345834e-02,-1.820516917335008644e+00
1.288334446219197238e+00,1.080098743970572261e+00,1.647493441296463912e+00,-1.002427879057504745e+00,-3.074814590529268532e+00
2.237207896337119806e+00,3.266468148911508163e+00,-4.451268304159278211e-01,3.463495490522065512e-01,8.361073752017225691e-02
1.669291967614507266e+00,-7.310396366785145705e-01,3.284176736577239186e+00,-1.043378386889454612e+00,8.969894543189843583e-01
3.711172500314662059e+00,-8.053021595171463987e-02,1.486929466840429592e+00,9.788636068648215449e-02,-1.313690451274948136e-02
-1.239316044770842007e+00,1.891029261007804330e+00,2.005471001448396962e+00,1.550243082025337227e+00,-2.112566336039646941e+00
-1.320459976266809665e+00,-3.108529059314115162e-01,2.939843860357299832e+00,2.129120287642296994e+00,9.919278196627629995e-01
-1.650204963724209328e+00,-3.759134883726132359e-01,-2.327023354660156529e-01,-3.553082234794475713e+00,-6.759947357902050813e-01
-2.150769776280163192e+00,-2.110146867605205312e+00,-1.612472747031414411e+00,-2.078579635806383941e+00,-3.013144981051392099e-02
4.971727116817801773e-01,-2.251685775935986733e+00,-2.722458721207716259e+00,1.410072258026629610e+00,-1.132539270696723666e+00
-1.580817608570064259e+00,-1.166500887501715211e-01,1.702820489928621228e+00,2.634417686185210883e+00,1.909883315551820004e+00
-2.362293646722905205e+00,-2.069951643335368630e+00,-1.741614456892834673e+00,1.661095222751450606e+00,-5.851586668588183437e-01
2.100311013173156383e+00,-1.468024820378749651e-01,2.055990447552238365e+00,2.221170940013209805e+00,1.551272256577113762e+00
-7.225754733041023226e-01,7.277392417607017050e-01,8.523032874922202851e-01,3.722980485474165047e+00,-6.010621367957017513e-01
-2.464820622722989629e-01,1.718580121914044190e+00,3.573759469045582282e+00,-2.100077310859020385e-01,4.121516320859258675e-01
1.273119413922406684e+00,-7.233060253059985234e-01,1.587999315442315262e-01,-3.718418744575049395e+00,-6.434262494154584233e-02
-8.037092193501544912e-01,1.742585222339017692e+00,2.396344719111063615e+00,2.439508152414245234e+00,7.897975659054607966e-01
1.276373318139702784e+00,1.899326571128075125e+00,-1.890088233033953458e+00,-2.035633154941993261e+00,-1.745621338892089591e+00
-3.862101126385790728e+00,-9.669474316011004156e-01,1.401019879845979976e-01,-2.528337632458748097e-01,-2.561914815432686510e-01
-2.119311588549812164e+00,8.210618926257373662e-01,2.415447332027941485e+00,-3.327638835748110147e-01,2.211166692744719331e+00
3.111256533839688920e+00,-1.213172149042352155e+00,1.897651045449572083e-01,8.732923656402451495e-01,-2.012373167839233368e+00
-2.549833613886561157e+00,4.129431717037455180e-02,1.202351171829368237e+00,-2.518063526510628591e+00,-1.307803906142291472e+00
3.679718093987368599e-01,5.597809594590027471e-01,3.237399325918961068e+00,2.082581008474703399e+00,8.563550505455790329e-01
2.089576225425066269e+00,5.828000816505981563e-01,-2.970309935725020001e+00,-1.544385549443760608e+00,-2.935088131026217240e-01
1.532309332504296462e+00,-9.885225017527949909e-01,-2.357289690370026669e+00,8.236285145169548461e-01,-2.537651031721740225e+00
-1.450377316320233589e+00,7.355747069155379458e-01,-2.635316230539308080e+00,-1.702233805248101861e+00,-1.874258234122635036e+00
7.124519237627923163e-01,3.278167267427720688e+00,-5.823448851208293808e-01,-2.793554169349992677e-01,2.080592850342144029e+00
-6.838086596238267534e-01,2.288532729222674256e+00,3.385081613811311008e-02,-1.986306214226907230e+00,2.519616123513745531e+00
2.930309810153761685e+00,-7.287110658055131474e-01,1.504075310211586247e+00,-2.002869981220152251e+00,-7.800858277320040779e-01
-2.381340654881324070e+00,6.316559734389569636e-01,2.337565422446027164e+00,-1.970970175402147584e+00,7.624249996479807168e-01
-1.944909090481125480e+00,-2.688596761265542145e+00,-1.247110653390141044e-01,-8.193884243294113912e-01,2.074084339011625922e+00
-1.419581513679363804e-01,1.452273276833058846e+00,6.718677870566254207e-01,-3.058346178246267311e-01,3.650453269925868494e+00
-8.012147252211166970e-01,8.059216869565952179e-02,2.582953849931771906e+00,-1.067146841611396946e+00,2.746107589661271664e+00
-1.127370477008611926e+00,-2.251576461577041499e+00,-2.996755993381779781e+00,3.917198256165325965e-02,8.230178109580350565e-01
2.835895470232894677e+00,-1.703552762356352002e+00,5.568526179419993616e-01,1.370109082634392017e+00,-1.693611859711213974e+00
2.398081560366996712e+00,1.723987013384586930e+00,-1.642236056643841646e+00,-1.851311271770145650e+00,-1.073676355697923857e+00
-7.205014449573451385e-01,-1.770589018355435584e+00,3.280014358752359804e+00,6.861787954053251148e-01,-1.056672448305510104e+00
-1.748505024388146367e+00,1.270944669402051419e+00,1.158589150216973840e+00,2.997949047100302078e+00,9.987004150383732570e-01
2.740161244651080352e+00,-1.033513199667949189e+00,3.836497379666546914e-01,1.278646757673876033e+00,-2.375129926356147614e+00
-1.805911675117291906e-02,-9.471937133526737718e-01,-2.377784688262996049e+00,-1.087355852545536683e+00,-2.875116547878425521e+00
6.678100587720391390e-01,2.279179450549894348e+00,-1.720838180106595283e+00,2.993605851175306087e-01,2.703418198422041563e+00
-2.176998117262600285e+00,4.164748068806908843e-01,1.911065213950478681e+00,9.649998343577983473e-01,2.550261359230974634e+00
1.855131469348475060e+00,1.854423953599485086e+00,-2.720890736630180662e+00,-1.282404223865144965e+00,-2.679403621747394326e-01
-1.060994769191171860e+00,1.856292892594478605e+00,-2.093493408919891774e+00,-1.610312596000604390e+00,-2.110129258273757635e+00
-1.075918420965198186e+00,-2.040615685242771704e+00,-1.462942860281346347e+00,1.494616320438787227e+00,-2.510818077599167086e+00
-4.154500299523527507e-01,-2.636272997621136760e+00,-2.165633303543905708e+00,1.530865953939454238e+00,-1.357920388048138305e+00
2.196298269640325262e+00,-1.286815123549939766e-01,-3.260295593688560256e+00,4.251495489870774080e-01,5.911306809191901879e-01
1.067092385367466312e-01,1.215731181784825976e+00,3.308072664909784688e+00,-9.817232315818129607e-01,-1.613532017747467240e+00
2.662545514677385206e-01,3.136527465918360846e+00,-1.582372224050562437e+00,1.819998736940573680e+00,-5.244108231629596162e-01
2.042612285039917985e+00,6.769528867936542849e-01,2.766001032058240661e+00,-1.904334301018625109e+00,3.036758184024459517e-01
-3.414727800002321789e+00,1.352024214887549702e-01,-7.735215857808134254e-01,-1.389179400366508776e+00,1.339103919433948464e+00
-2.035400901281556596e+00,1.688364349281828991e-01,1.682853072241655257e+00,2.965889009527148623e+00,4.473760719080308590e-01
1.436278890599632430e+00,2.929545707079980410e+00,1.669941174764628111e-01,-1.686534894667471862e+00,-1.575619850200037142e+00
-1.391421851109445385e+00,-2.682805664192070783e+00,1.815185777357625652e+00,1.659619694249833355e+00,9.040254778327819762e-01
-1.187498087171811267e+00,-3.078740622304337204e+00,1.255318089044902941e+00,1.837690715413441866e+00,3.978364027289017502e-01
2.689997765001163277e+00,-1.938333099641655011e+00,-4.052026723960148319e-02,1.536706920677792798e-01,2.231931953591901774e+00
-1.320741762632956728e+00,3.032861601202768487e+00,9.195623175824619855e-01,-8.508613194156269266e-01,1.867573790668427325e+00
2.157765269642018868e+00,1.357555240271948405e+00,7.930282547054868791e-01,2.349732444000095288e+00,-1.830561782510763402e+00
-6.429785075938391214e-01,6.390796718869075077e-01,-6.999014970381685075e-01,5.511191625698136365e-01,-3.792698429198583465e+00
-1.073741245612692907e+00,-7.308753168049537674e-01,1.561840658630532452e+00,2.844394112673758190e+00,1.944987634302790980e+00
-2.084639691509361459e+00,9.392109394682250922e-01,5.527978842116323399e-01,-2.553875813510863235e+00,1.986024419825278997e+00
-1.742145426243731643e-01,-1.839093765073923192e+00,-1.993317473411218455e+00,5.767451616277698978e-01,-2.877748057967701278e+00
1.470404476061414778e+00,3.666406217104507537e+00,-4.615124708663972952e-02,2.160942544150315503e-01,-5.886845195494214700e-01
-4.750167516207554619e-01,1.158112468331030875e+00,-1.053359658532711185e+00,-1.554095246789389151e+00,-3.302780039611833640e+00
3.017133902318370531e+00,-3.868941605976022879e-02,-2.162824649812446154e+00,-3.470343457909277896e-01,-1.448158431101793875e+00
-8.873033615472374347e-01,2.204347643208369067e+00,-5.980724417167428975e-01,2.517552810547514675e+00,1.912532722081367043e+00
-8.864704018870691593e-01,3.667302117029675568e+00,-3.989861889970459652e-01,-1.046752624225563144e+00,7.142719185816768235e-01
-2.433339151409405154e+00,-1.981849069735168056e+00,6.168269037559918205e-02,-2.377556248983609066e+00,-7.032470175088021414e-01
1.658503278066460584e+00,2.356892242047383124e-01,-3.253884884051136517e+00,1.280164494488180038e+00,-9.834782634262525525e-01
-1.358350173428640950e+00,3.754541197026714183e+00,-9.900568162382925030e-02,4.803261238419596207e-02,2.149324296827726799e-01
1.145011630342100739e+00,1.517927076982510837e+00,-2.572452769128537042e+00,2.344336072439670016e+00,-5.209806958090873463e-01
2.067919195959356138e+00,2.897145929536888875e+00,-6.908795470171633646e-01,-1.038022526336237483e+00,1.332460261427161008e+00
2.937677387410948082e+00,-7.673606831961311547e-01,1.388285631693364053e+00,1.961854080436779668e+00,-1.002497242533098687e+00
1.814599212566879727e+00,-2.132007516746781572e+00,3.717937486783610274e-02,2.627490791206899434e+00,1.121018948320793962e+00
-3.031728746289926724e-01,1.498447579121003015e+00,6.934082787249724600e-01,-3.214332921448555425e+00,1.688191307228912308e+00
4.845467103581414525e-01,-1.941044034883080860e+00,-1.001370645007274574e-01,-3.002823640849638931e+00,1.723538595562516207e+00
2.573956229773977533e+00,-2.127323183516179217e+00,1.433095300562713392e+00,-4.007976014966991851e-01,-1.623220423177911265e+00
-3.078062918773426304e+00,-1.323017219505579212e-01,8.300425782526128504e-01,2.230853626602801842e+00,-9.177942783662453863e-01
1.775545436305998592e+00,1.591694175099671149e+00,-2.642663809983123002e+00,-1.574324463911253691e+00,9.229184830215224622e-01
-2.913132139800502340e+00,1.308772685073068098e+00,1.229409611314516759e+00,1.765254933139069005e+00,1.083144599535837305e+00
-1.237024146589488671e+00,-3.427280938147176048e+00,-1.014093817859063051e+00,-6.725395962776345993e-01,1.114818752886002962e+00
4.477163911809513563e-01,-2.566081729530187427e+00,2.807368419589823194e+00,-1.127191393425162280e+00,-2.507921643856697580e-01
1.983624750355797106e+00,-2.531347168911364687e+00,1.086512418024544457e+00,-2.093784258417402455e+00,3.050780308417292974e-01
2.195863174426713194e+00,-4.659753054402469563e-01,-3.251795034593366829e+00,-4.555604531239988986e-01,4.234922200700845796e-01
-7.642779037684555021e-01,-2.328233416122378330e+00,1.946821823189416989e+00,-1.924238273839113944e+00,-1.581897689519938144e+00
-5.454737799038625878e-01,1.819240707821417669e+00,1.832441744529520244e+00,-2.943639941716885033e+00,6.082456320249578496e-01
3.003521470781520097e+00,-2.030650058431268334e+00,-1.241081355538254716e+00,-3.613277647414603940e-03,-1.146744578320504804e+00
3.485915953566175673e+00,-3.388369915286493228e-01,-1.064699920712259162e+00,-1.163702495166807210e-01,1.608244851292043531e+00
2.372282022086721565e+00,1.545165991093054636e+00,-8.797095629483353552e-01,-1.270484636009164170e+00,2.365738773021117680e+00
-2.856521281703030990e+00,1.120938361615201773e+00,-9.203169046224225769e-02,1.808075680571350707e+00,-1.818289266842382679e+00
-1.939715163489860617e+00,-2.514651881112150988e+00,-1.525196371635431314e+00,4.480783202788373720e-01,1.840389319734505591e+00
2.847403936596283547e+00,2.170604843960911801e+00,-7.471498271541580083e-01,1.332964160663318909e+00,9.196407534467251343e-01
1.677385770523485697e-01,6.695657165532373778e-01,-2.388830214956212838e+00,-1.220935450380452147e+00,2.885541951020906826e+00
-2.328544228411301154e-01,2.804407059147115966e+00,1.436926915454204146e+00,2.059251724445365195e+00,1.332592675719480813e+00
2.141986390016136887e+00,1.266289431664390008e+00,-2.303964967582622148e+00,8.893252255957569963e-01,-1.925941705117726999e+00
3.075997405727352030e-01,1.955520750365739024e+00,-3.155098350520795653e-02,-2.934434351896644699e+00,1.862638065845691138e+00
8.601381589282274254e-01,-1.508975464278489165e+00,-3.362740454642189070e-01,-1.898311579957192352e+00,3.044090719329604955e+00
1.286592188029957340e+00,9.326787517222253632e-01,2.404750915774934938e+00,-2.762162714940296748e+00,-2.498420642314238826e-01
-1.050941427269238115e+00,2.357206486709362836e-01,-2.053715439676761623e+00,8.351476203222901740e-01,3.150355414448145819e+00
3.262107198910302763e+00,-8.993983720519421743e-01,-3.794257795089844842e-01,2.037106013844517172e+00,5.059390846439886236e-01
1.424674460056069458e+00,-1.933465200061172062e+00,1.360003312388124552e+00,2.169373400878152225e+00,-1.917348440130809850e+00
1.871586623969798135e-01,2.713991200748034835e-02,1.139976308039905017e+00,3.564937460267115554e+00,-1.398538516365550155e+00
-1.753466985492432739e+00,1.519379730707909104e+00,3.113714347101833368e+00,9.599998127387903146e-01,-4.699882523298293431e-03
-2.702266520377718972e+00,1.431663025713210580e+00,2.265918043188658970e+00,2.763672773645906022e-01,-1.198888311397502182e+00
3.268330435244072296e-01,2.633771124495590144e+00,-1.609500241053088976e+00,-1.690400627712653758e+00,1.873094903445237325e+00
-2.128085257241175032e+00,-2.438652424890939141e+00,-1.551311693274119774e+00,2.803690618279150448e-01,-1.743287901629282155e+00
-1.538988497728165372e+00,-1.283801077214024033e+00,3.181675883598105603e+00,-1.307583234863497035e+00,-3.879869245717449955e-01
-5.361098680958062968e-01,1.308937613788532239e+00,1.549859977478006634e+00,-2.173530909477029205e+00,-2.621634217105756726e+00
-2.699956641132088553e+00,-2.752217557167245587e+00,9.234630032667771049e-01,1.734857366895432851e-01,-5.026444417178835833e-01
4.260384413136442117e-01,-3.521749207955775507e+00,-8.054733587412415963e-02,-1.399499319090269367e+00,1.204444911706368915e+00
-1.087781396457465188e+00,-2.539885835889246213e+00,-2.810145305131986682e+00,2.365901077520570286e-02,6.842771291107301312e-01
6.346817699993801964e-01,-6.227565877356651125e-01,2.030939767512135674e+00,2.592775621689252574e+00,-2.088576433739963711e+00
8.353554334479186272e-01,1.179946376261819641e+00,1.413856974280510048e+00,8.429815921787682242e-01,-3.346684678974364946e+00
-2.670154359822806800e+00,-9.380933177776691334e-01,-2.294176341889728743e+00,-1.355577532904716609e+00,-9.430912397311134177e-01
-8.861920760347314907e-01,-2.584190321036500926e+00,5.924464636478612434e-01,-2.447172516940961273e+00,-1.482220580438182056e+00
2.098825214212698409e+00,6.966864006607117465e-01,-2.965259799719163869e+00,-5.053073064831949956e-01,-1.435778404038591249e+00
-1.874661703302912041e+00,1.005472605135609987e+00,7.438821104285872621e-02,-3.053666456380629945e+00,-1.464327799956295806e+00
-1.265740731867611713e+00,2.945471982908388853e+00,1.494286785797794392e+00,-1.525268179263344459e+00,1.078313118120032721e+00
1.520590845525586765e+00,-5.418340204781197933e-01,-1.211534742509444262e+00,3.346618394457135715e+00,8.523780055409782008e-01
1.845159817484772202e-01,1.753334604329520596e-01,2.111852507305427729e+00,2.048189849353341696e+00,2.698186309083514089e+00
3.807624919423175935e-01,-4.380513845794302696e-01,-2.873430225452865194e+00,1.670869265826729677e+00,2.148191226396630071e+00
-1.148913151794936638e-01,2.861397471660189762e+00,2.032108290913717141e+00,-1.876965805487284422e+00,3.830662526302798243e-01
8.439995419877478477e-01,-1.803814047423779376e+00,1.782184329297302527e+00,2.632836487572776996e+00,1.387771847802686587e+00
5.182667665386592182e-01,-2.268007825979961645e+00,2.950431709671299085e+00,1.516500677094146932e-01,-1.363633031106622484e+00
4.241658763539474242e-01,3.646715322152461747e-01,-2.071706027859605115e+00,1.223950856768321466e-01,3.373448022433576554e+00
-2.826376179561994384e+00,-1.946809609518989070e+00,-1.495648721186985552e+00,-5.314552129769893885e-01,1.304653323799230824e+00
-2.925476615558532334e+00,1.932337952325715147e+00,-1.563322785365779399e+00,-6.167560195506545107e-01,-9.398353530943969192e-01
-1.815200896772791546e-03,-2.269067065005997197e+00,-3.208767255293969445e+00,-7.092424785584167113e-01,-2.282962275472222857e-01
1.796165144363275790e+00,-6.383611232248158629e-01,1.010176592856989908e+00,2.817657397398788177e+00,1.845707423363013744e+00
-2.520350626324864951e+00,1.800965374513822104e+00,-1.356183539120743020e-01,2.522309350317893717e+00,-1.546597671252972483e-01
3.899143952411312508e+00,-1.197622404649985040e-01,4.713571980249832150e-01,-5.185439605963431120e-01,-5.396925022011971329e-01
-9.612524233217218939e-01,2.945160788196230062e+00,-2.499825619357521678e+00,-2.348764210799187402e-01,3.126126196332281171e-01
-2.178201310513919076e+00,2.578788444552818415e+00,-1.255050832285724116e+00,-1.566042495194246431e+00,7.600312630023768889e-01
5.143622441708116666e-01,-8.817014472842090722e-01,-1.542807453099910298e+00,1.030105194568473603e+00,-3.393620852483510753e+00
3.192129211717607884e+00,1.395688730183644699e+00,1.436948561664122881e+00,1.335566593115317557e+00,-1.174937046111116240e-01
1.820257834655773399e+00,-1.092757378997939011e+00,-3.105824386797147785e+00,1.292017982113745189e+00,4.208172267038002845e-01
1.331240621086418496e+00,1.462081624047735895e+00,2.749195504405305801e+00,1.996309854873788092e+00,-7.394503196853984273e-01
-5.782443280974099986e-01,-8.466064508285835455e-01,1.335972073124540804e+00,3.481925279528473638e+00,-1.019934302810959537e+00
2.227562448032816889e+00,4.394167684899428217e-01,2.841936199798892559e+00,9.426136426340302465e-01,1.371042158606632144e+00
2.923552408661605817e+00,1.951585797912371190e+00,1.391279770152918704e+00,1.170061307701223630e+00,5.826245142279885547e-01
9.022908839201407294e-02,-1.493734181374449799e+00,2.828294172523399652e+00,8.661941281832361561e-01,-2.238543435578727259e+00
-5.566522422760443733e-01,5.459062629361637331e-01,-2.717588036415847785e+00,5.661253037996584192e-01,-2.772425298900463186e+00
-7.771022073055887658e-01,-1.206953200712854724e+00,9.515870712802929621e-01,2.913750036938438370e+00,-2.131646992047046663e+00
-1.843572793602099136e+00,1.240813624324341058e+00,2.402477248989738356e+00,-1.275407014079016133e+00,1.913912464274683867e+00
1.796172389786659274e+00,2.953396923521818818e-01,2.732138780816171675e+00,1.809910970938443553e+00,1.395055257660564152e+00
4.705373677668452936e-01,-1.531814878445043826e+00,1.467302390319304317e+00,3.348503155413657950e+00,-2.582403478495818305e-01
4.988201624701287251e-01,2.173228705320902954e+00,-1.421559765117085927e+00,1.233945163622173435e+00,-2.735836728910592708e+00
-2.226555119172846542e+00,2.488726085831892032e+00,-2.158370745589984208e-01,-9.529139821085700346e-01,-1.973338306254874830e+00
9.730920361609450564e-02,-2.046852175641801885e+00,6.640710849555535589e-01,-3.055069377083880600e+00,-1.423547605558833640e+00
2.227235181023939692e+00,2.406874015933893496e+00,1.453309730561021640e+00,-1.158064751292611660e+00,-1.339088413325178140e+00
-6.867867831180142213e-01,3.047023007934909433e+00,2.997044925404693250e-01,7.112306159398510408e-01,-2.376615857001418419e+00
1.515119477609002230e+00,1.049671980869639754e+00,-2.041289806373811189e+00,-2.759733569140207177e+00,9.053221829282952493e-01
1.230898986032408354e-01,6.418658774334914385e-01,-3.391594354059684235e+00,1.532078827456415882e+00,1.312508771863496904e+00
3.351655690006795640e-01,-2.967121024763645032e+00,6.512623056815337597e-01,2.512893442645674824e+00,-5.874358014870481037e-01
5.534257141904239674e-01,5.746667981507999068e-01,2.510110814986821204e+00,2.602504797461834940e+00,1.513205381185996456e+00
-3.300631313282299306e+00,1.216494112042612485e+00,3.081879776410530458e-01,-6.198486162468743732e-01,-1.773917380409913536e+00
-2.162629968344795608e-02,-3.717573087862725334e+00,1.423890433863642224e+00,-3.381446630101896389e-01,1.933309566265483392e-01
1.688874149092022936e+00,-2.492902503748306575e+00,-2.007462289911774889e+00,1.642370250865985870e+00,4.537139285791113585e-01
1.755000790835793412e+00,1.611908890658863447e+00,2.828354418674293047e+00,1.407846531926508771e+00,5.831821133134617030e-01
5.154597843403968538e-01,6.686707847569012264e-01,1.902224495098775003e+00,3.218393572570353633e+00,1.144842947580315462e+00
7.759600321862540895e-01,3.435453837892158635e+00,-9.816608808303539657e-01,9.271202594912510975e-01,1.331289936734216806e+00
2.225480404006332513e+00,-3.206767547103895222e+00,3.901693795017450728e-01,-6.734850628019415364e-01,3.975733840525096374e-01
-1.312738056745478943e+00,-1.105394862660618926e+00,-3.485564048941268922e+00,-8.930332140624858139e-01,-3.288706908269375950e-01
1.579389215315487371e+00,5.933391188113347203e-01,-1.779567220063930755e+00,-2.927017657729898303e+00,-1.191296158494868251e+00
3.676565741201520132e-01,-1.293209959136783771e-01,9.399306407394560914e-01,1.285914477291581370e+00,3.648432412860783902e+00
7.857548256452052682e-01,9.358940608777825965e-01,-1.778695657044090606e+00,1.091617605129234336e+00,3.186111175802465834e+00
3.817553914110926261e+00,3.536516650452766752e-01,-1.009128860238592607e+00,-3.846299614295023428e-01,3.673300271844731069e-01
3.316211985919621519e-01,5.993788538532048848e-01,7.146684805010260488e-01,3.022624003686590566e+00,-2.425647432236195389e+00
-1.451224328839999300e+00,2.089624839365987530e+00,1.805014656538472817e+00,6.310705941756418191e-01,2.423032804758463943e+00
7.204265500372615538e-02,2.314954063538321893e+00,1.334006521462569372e+00,-2.376552358085163519e+00,-1.791151313971716785e+00
3.485577347547155647e+00,1.203010279727289911e+00,1.194637613715264557e+00,-9.808034897410869979e-01,1.199262587801649405e-01
5.537784872506327227e-01,2.246007104286918687e-01,-5.216274794700941353e-01,6.816206200152924444e-01,3.860852497954949669e+00
2.759925050231939903e+00,-1.668277387623655184e+00,1.003042035569732482e+00,1.167931331469683531e+00,1.797083012800854585e+00
-6.284888700514920101e-01,-1.538012080397397119e+00,-7.236933087898183015e-01,-1.751596463390022285e+00,-3.106074436491418123e+00
2.855116455086808891e+00,-1.574913860741176119e-01,2.165067508228343929e+00,1.766086666231870383e+00,1.301040482725075720e-01
2.550223389688946352e+00,1.046305641114726237e+00,8.327578756384946823e-01,-2.669639363567201773e+00,-7.623287723216853884e-01
1.032331864063440463e+00,1.227209303093957926e+00,-1.477804587133847436e+00,2.940487432534685031e+00,1.611792638707187697e+00
9.517553860095027130e-01,-1.604125252714387440e+00,-1.016111536929125370e+00,-3.308673312957080892e+00,7.356236207810706862e-01
-6.839717674569282257e-01,1.903159894452672640e+00,-2.704621701083124830e+00,-9.652289172708933274e-01,-1.914032295642635439e+00
1.886799639817238416e+00,-3.146527448349109690e+00,-1.466158584859831859e-01,1.542659879145165780e+00,3.715594478511050625e-01
-1.089987178310521720e+00,3.652376189114287519e-01,-2.675942077994986956e+00,-3.614347029438598757e-01,-2.717945618215039438e+00
-8.688555147242732479e-01,2.933479427647464721e+00,-2.275237078962794035e-01,8.264545042574820144e-01,-2.430019435486056256e+00
2.691616585599044598e+00,2.309797958836323328e+00,-1.178122787620142331e+00,7.878855215183593330e-01,1.187980070437034907e+00
-1.344966317646613674e-01,-1.274297253233946048e+00,1.434700875534528075e+00,-4.659534945349125823e-01,-3.476003150907021499e+00
1.645859119318114461e+00,-2.901234065483463409e-01,-3.965699438455719816e-01,-2.751192272085674961e+00,-2.341078710762319215e+00
1.026511785445487351e-01,-1.135350167053665871e+00,2.355593638566274350e+00,5.972553324433601540e-01,2.965620915007293412e+00
-3.330535021575769861e+00,4.418563627259422533e-01,1.572395405421431469e-01,2.006028491033551742e+00,8.145089593292613728e-01
1.582023454812785834e+00,2.663118690358455609e+00,1.335164939857398370e-01,-2.126727930136733224e+00,-1.365357933472304497e+00
-1.003237040731149277e+00,1.070354359693055146e+00,2.241703977317619945e+00,1.616183328850280931e+00,-2.492101865978970210e+00
-2.319996905793129560e+00,-4.874849912659053874e-01,1.086257922285580158e+00,-2.738848638984591410e+00,1.303351295470583260e+00
-2.083027624156130297e+00,6.195136816790811629e-01,-1.551621775473054354e+00,-2.902846849763019321e+00,-6.656941849781006226e-01
-2.714271515021193792e+00,-1.491707705542416829e+00,-9.203901842952244561e-01,2.019834978654260205e+00,1.216834759376833164e+00
2.834693590449563594e+00,2.690312149949971143e+00,8.501934442069707387e-01,5.699962687909817388e-02,2.559167948484700542e-02
3.731561094611597351e-01,-8.698803756306781043e-01,3.313549296137566991e+00,1.965503391776649567e+00,5.111263337426077413e-01
-1.121582035858593507e+00,1.986270737839482159e+00,-1.814766896848637678e+00,5.233236911912403366e-01,-2.688779596244779135e+00
-1.618378320443274732e-01,1.379940195328317021e+00,-6.744644588761429249e-01,-3.306949304144340740e+00,-1.636691042001700458e+00
2.746726158791439332e+00,-1.916376943212679262e-01,-4.295900287789646832e-01,2.516671426601768236e+00,-1.378618054584358710e+00
3.303255543846080333e-01,2.303636596926543767e+00,2.217656601553131157e+00,1.910527338655228391e+00,-1.419868988061919746e+00
-1.350989206190040398e-02,-1.550620907270754856e+00,-2.126952730680092607e+00,8.450345356958782750e-01,2.890913523384095907e+00
1.804984405905294187e+00,-2.264417022994582140e+00,-2.574359357571978535e+00,-9.934883016133458922e-01,-1.008628029001913673e-02
-2.439747648029590155e-01,-9.581842814313363821e-01,8.874596942223779428e-02,-3.153973280059974016e+00,2.250985539388533407e+00
1.006020280525031563e+00,3.361073836291452288e+00,-9.429343270668529842e-01,7.053353031865048361e-01,1.518052313685921195e+00
1.726456372038002396e+00,-1.067695860738241853e+00,-3.008078955230990559e+00,-1.077477611680721203e+00,-1.292237184047512200e+00
-1.988838910963957318e-01,-1.997540927352845719e+00,-1.634117997203441863e+00,-1.690844852080650496e+00,-2.537908095030406930e+00
-3.133910640865330000e-01,2.037125504514607222e-01,-2.790911600782738144e+00,2.717849933138641205e+00,-8.272795266981336493e-01
-3.061860140361449822e+00,-1.344863658382053351e-01,1.139051891235137948e+00,-1.239422768589149987e-01,2.300896564244050868e+00
-2.480627181234484890e-01,-2.189301753288977193e-01,-2.059583176778319036e+00,-1.755999352315267936e+00,-2.926622264455689848e+00
-2.543887709890103377e+00,1.533911248120932491e+00,-6.384999183034560932e-01,-2.073844446452679957e+00,-1.570744622337452157e+00
1.387982227971108040e+00,2.254321213453471362e+00,-7.262673205545250830e-03,-2.804020089746204647e+00,-1.062525195601320860e+00
-2.835434093479286322e+00,1.864931396236683137e+00,-2.024032733868929568e-01,-1.288864986822533254e-01,2.103512675085580597e+00
-2.097424969314508836e+00,-1.491872095163853773e+00,-3.495978336367583372e-01,-2.494868501418922246e+00,1.740269710450546681e+00
1.550764848443908939e+00,-1.170216335445145583e+00,3.230595141203680853e+00,1.069772764656750974e+00,-8.028470456555800716e-01
-1.646296135838308361e+00,-6.803512809403050587e-01,-1.036421463135784427e+00,-3.211296612154339591e+00,1.200098240630441015e+00
1.932411692862462615e+00,-1.560874896602045148e+00,-2.335078995782624567e+00,1.989137849541879444e+00,6.482216483740008695e-01
7.676691473785186570e-01,-2.707009834899735790e+00,-8.457044905657711276e-01,-3.759751970380627029e-01,-2.688160783838705825e+00
-8.574236376178220320e-01,7.430706815000587273e-02,-1.169569959279203930e+00,-2.916775924176772339e+00,-2.320307626969222881e+00
1.658510826660252180e+00,-3.145431420874747808e+00,-8.012513431559656896e-01,1.128906836290267446e+00,1.199653556028761336e+00
-1.206780607014231510e+00,-2.550460643608364553e+00,-2.294362163379333630e+00,1.535491013878546029e-01,-1.658660908279765644e+00
-5.574160965864265460e-01,-2.763114259465114575e+00,-4.580992549439901751e-01,-2.583747449680873221e+00,1.081148034865831775e+00
-1.644475476400212743e+00,3.386356923041980327e+00,-1.344018231474055636e+00,1.479774058690651872e-01,-2.208642468853870035e-03
1.782278213900012842e+00,-1.005968357700813387e+00,-2.579559782560633119e-01,2.319086582782168282e+00,2.523253488336792749e+00
-1.616541733538753300e+00,4.186133030488916051e-01,3.778761057581906946e-01,3.534222188108282037e+00,-7.602886951797667159e-01
3.692379527899325997e-01,2.445516286442235288e-01,-2.474071171303901640e+00,5.252805188226542521e-01,3.067068641392836970e+00
-1.104479167773845472e+00,-1.489732932370449126e+00,-3.035748904481892385e+00,-1.464131875170620933e+00,1.096069340512216606e+00
4.033248259825147342e-01,-3.247868922099802269e+00,1.120079525478778981e+00,1.534768567075190715e+00,1.295601733452699689e+00
-2.909380275290028628e+00,3.290530146766561526e-01,-1.229493224384833772e+00,1.010066162796213529e+00,2.212542267449695732e+00
2.729745563390222785e+00,-2.445357130269719459e+00,1.458749255871603534e+00,5.964654536086474446e-01,2.915428540299113136e-01
-7.227031270907091631e-01,-2.217365313005237759e+00,2.162344724079310776e+00,1.984694393288703784e+00,1.395078749845055643e+00
-2.420868047966702186e+00,1.893558164329373739e+00,-1.479900106425851014e+00,1.903696504115067967e+00,-8.600410849815767200e-01
-2.198672633426011380e+00,1.361202677926103277e+00,1.247461687041325207e-01,-2.405601726323956413e+00,1.873628738125879378e+00
-1.905535708015713592e+00,1.931898420105587766e+00,2.171335791087239675e-01,1.624447107381148836e+00,-2.439411151080326245e+00
-3.401640573349885566e-01,3.969358347400617326e+00,-1.559322481919844794e-01,-9.374471133811503043e-02,-3.088361816373903501e-01
2.342747075549119096e+00,2.560442043686743663e+00,-1.237462352574330016e+00,3.219127161185043051e-01,1.523394830662660571e+00
1.143708173086200430e+00,-5.732952921966125714e-01,1.277390930799268354e+00,4.375572613226698104e-01,-3.541197562370195229e+00
1.513396826353331504e+00,-1.587788262273791107e+00,1.940921622787649570e+00,2.723218243509617054e+00,7.391977124553476830e-02
-2.848466138520636015e+00,5.911010016904376663e-01,2.361233970512161662e+00,-1.012162142141595611e+00,9.679577459871916423e-01
-3.341389327816999266e+00,7.198697938852839373e-01,-1.571715322427927664e+00,1.283923427630927261e+00,-4.451476350919411074e-01
2.372035457322644536e+00,-9.207201111792848724e-01,2.640400879875562712e+00,-9.635031498739713429e-01,-1.275016525308377391e+00
-4.231398862784169768e-01,5.760146033679904853e-01,1.087978370280664464e+00,8.442678207413562008e-01,-3.686824477244499576e+00
-2.593222993342592986e+00,1.804695957897173075e+00,1.800790092008922594e+00,-1.491038415757438784e+00,7.431194342815479192e-01
-8.758200541525575922e-01,4.340522417327144500e-01,2.654746014541711219e+00,1.224774653559403736e+00,-2.548879857989457598e+00
1.003146429297484987e+00,-3.673138243998437247e+00,-1.047823070537148071e+00,-6.080824112473302012e-01,1.845407159558979382e-01
2.084677569688845100e+00,-2.059947900042369717e+00,5.402548369850971310e-01,-2.651668465293504973e+00,2.958262003768989401e-01
-1.747635278634647182e+00,-2.035000848807683727e-01,3.405091526467822760e+00,-6.331319157390448149e-01,-9.533385138421494043e-01
1.104516446099445659e+00,1.616014385721063151e+00,2.168471686416419408e-01,2.554772292861046346e+00,2.365302678838385297e+00
2.272127646259815226e+00,-1.499088071682989964e+00,5.365008005957473403e-01,2.293999266589160868e+00,1.743532382345713172e+00
-3.079088166225937950e+00,1.261629109858301456e+00,-1.307089896661127071e+00,1.688558056418809183e+00,-6.064616607132556902e-01
1.678419548825977659e+00,1.532152949939489250e+00,3.126716989748793640e+00,6.420442404594360886e-01,-8.042606638519840256e-01
1.744217599197062984e+00,1.350128159157711227e+00,2.250865613607417881e-01,2.421355326751249759e+00,2.285001825384127105e+00
1.543492948976307844e+00,-1.978062271499114511e+00,-1.759142814077513606e+00,2.244330275071163339e+00,1.254311501426431441e+00
-2.013363641054765285e+00,2.649409280418646429e+00,1.028321940845929872e+00,1.833352943756799247e+00,-7.129994974075289926e-01
-2.289311666925863076e+00,-9.859843373183379001e-01,-1.251405141546933608e+00,-1.767524384416873540e+00,-2.257593785525131569e+00
-1.034631082825638870e+00,3.001683607603781390e+00,-8.647441105006055118e-01,1.834712363026481663e+00,-1.343682332475237828e+00
2.915349347237411459e-01,3.402740365728895267e+00,8.228803357950355002e-01,1.042091807274851734e+00,1.604144009572486596e+00
1.967429605960784311e+00,4.024377940715979096e-01,4.470903657451567592e-01,2.567433230442395242e+00,2.275007995495788471e+00
-1.274272354422781195e+00,1.018268665492862768e+00,1.896553697464683497e+00,3.113098026100750371e+00,-2.259726623949288582e-01
-5.556379674080206277e-01,-1.158800481595552601e+00,-5.019805778866474055e-01,2.992192088784773052e+00,2.267873430389580669e+00
-1.195281709683908566e+00,-2.579323887577584032e-03,2.686972855884646627e+00,2.622125620301162474e+00,6.898761372034417638e-01
-2.009211416398090921e-01,2.589009897786671566e+00,3.549968023035856568e-01,1.393336271346271804e+00,-2.681277633761543377e+00
7.480009770862375840e-01,2.131861108273577887e+00,-2.670719317309164342e+00,-1.877755507596707618e+00,-4.867805821419825540e-01
-2.591333204335072082e+00,1.918479691410825971e+00,-3.970192920071307641e-01,-1.078530915766929554e-01,2.331345381998612076e+00
-1.135282144783103853e+00,5.694719968101039642e-01,-6.868481122470965206e-01,2.538913553161268766e+00,2.732945981329014895e+00
-1.759452539377768021e+00,2.826109003750520987e+00,-1.076739942868513600e+00,1.561010440420509848e+00,-1.149483432210766098e+00
4.472715864667397012e-01,-3.489485207130186506e+00,-1.010684110358190724e+00,-1.590787538975579896e+00,-2.671212310330598472e-01
2.970697594495978588e+00,1.464463105851755431e+00,1.781315862684748730e+00,-1.319673213042012128e+00,3.401176587328199052e-01
-1.652820011442952985e+00,3.287222318076565397e+00,2.204763389142553320e-01,-1.952862687086489579e-01,1.541301040856674964e+00
6.741696907993653953e-01,-2.844372858598286591e+00,1.357850665742038387e+00,-2.366633487070997077e+00,1.016158289587511948e-01
-2.497683535311011838e+00,1.087118988281551513e+00,-2.239765506054689936e+00,8.178133510242141524e-01,-1.701288060126239898e+00
2.923212471477064089e-01,-3.211268188808650059e+00,-1.433119858890099296e+00,-3.166513313908046467e-01,-1.856934116331237394e+00
1.208320175379506312e+00,-2.895754728142258205e+00,-1.976265623488608014e+00,1.166684816073823239e+00,9.422248317533185036e-01
-3.380131403204454932e-01,1.357845577933723957e+00,-3.273199468504554233e+00,1.503766533938357242e+00,1.032886225217989562e+00
-1.228946560987342895e+00,9.653525155801547797e-01,-7.508353159951148825e-01,3.433328005927626325e+00,-1.098312343037258110e+00
-1.337324715182772294e+00,1.310845421251076504e+00,-1.132206208827634342e+00,-2.215878415129980183e+00,2.510226849868276489e+00
-2.233524332061598561e-01,1.001630789164435820e+00,3.028152386997299939e+00,6.120367670635935148e-02,-2.402789354866317062e+00
8.372015843394233769e-01,8.655577309960621468e-01,3.215487661145779441e+00,5.980071352139672003e-01,-1.962888149830482876e+00
-6.290262386374637638e-01,2.375863367694285966e+00,1.728745361775262612e+00,1.210408801886878605e+00,-2.346475922657051072e+00
1.557510857874189858e+00,1.411789182819890742e+00,2.465464144636099419e+00,2.116157816246856171e+00,-1.012113570271573115e+00
2.027064127976337282e+00,-6.646494161358206254e-01,-3.144870637191423124e-01,-3.128963439163377380e+00,1.248974722656166936e+00
-1.795294719309601827e+00,2.575402259315104025e+00,1.059067456990110401e+00,-2.034310987083665978e+00,9.403058028688850989e-01
3.828229076457721480e-01,-3.253314623829756780e+00,-1.496886969291879366e+00,-6.244051692124025221e-01,-1.624450111755386006e+00
-1.548991722124261505e+00,6.429416097721328549e-02,-2.957441108248984207e+00,-1.462362871275443288e+00,1.646671743125755150e+00
3.319499296995559234e+00,-1.549052588877741554e+00,-1.276492983064812181e+00,-4.900647571225922872e-01,-8.436602942830895291e-01
-2.627266603587012916e+00,-1.193097484317032997e+00,4.183881174868635533e-01,-1.755458904268039966e+00,-2.101738329375134828e+00
-1.953111779428811312e+00,-1.604996071865460561e+00,1.647143148570560767e+00,-2.452775425362970996e+00,9.381653091035822012e-01
-1.124020900715727800e+00,-1.273392587038840951e+00,1.298056505093060364e+00,-3.170295706235450428e+00,-1.174445732522106711e+00
-1.575382418837419030e+00,2.776366592952061119e+00,5.350229144845023571e-02,2.302536156253673028e+00,-7.109314523300094280e-01
-7.055630304467075398e-01,-1.947687675049958544e+00,-1.218371978794952071e+00,2.379286102772104616e-01,-3.188675779728032289e+00
2.868231330930059650e-02,3.484300599342482485e+00,1.498891678040538578e+00,-8.691433508090549154e-01,9.256026315704120044e-01
2.767482085013802440e+00,-8.545585978792115123e-01,3.420964762194110276e-01,2.663043431202753553e+00,6.339891137902156082e-01
1.834809069720879871e+00,-6.139209693220758490e-01,-2.742212676509672598e+00,1.855309436543962187e+00,-1.137837094032894791e+00
6.119747265531521041e-01,1.588504262082455210e+00,2.208335865493478156e+00,1.503026300048023511e+00,-2.442602257827743095e+00
6.912344156075580504e-01,4.765743768985337692e-01,5.488715206008816239e-01,-3.096627629021177608e+00,-2.324803051232384732e+00
-1.557966167835124871e+00,-2.365079698852640355e+00,-1.363697797153331726e+00,9.844217918009112722e-01,2.269445194716734004e+00
2.162136860704397812e+00,-5.910843480740403111e-01,1.923070131774056835e+00,2.691763934370072331e+00,1.788621786412029624e-01
-2.119136661236694863e+00,5.751804620110152477e-01,2.316122333920066279e+00,-1.005858386656380277e-01,-2.409125789679730012e+00
-1.914942431870542972e-01,-1.267043768103528256e+00,-1.474285867390569216e+00,2.809276800964542353e+00,-2.071804788417840992e+00
-3.365858043468521021e+00,2.747180621476992823e-01,-1.954173827046502110e+00,-7.880615975267889484e-01,-3.945797634674443333e-01
1.039141454891818972e+00,-3.196380036206175390e+00,-1.361136148431996373e+00,-1.372931337142545560e+00,-9.827042432958235096e-01
4.137681846331592306e-02,1.456391447489278734e+00,3.566641246066243109e+00,1.043257037597735470e+00,-2.605703090065526473e-01
4.123203415768971203e-01,1.606403785021427666e+00,1.136386197411287935e-01,1.613020699595741902e+00,3.261090201477066852e+00
6.798316831822545092e-01,1.486010673624065526e-01,8.035223169496582551e-01,-3.761321782759229126e+00,-8.500334922961096940e-01
-1.014232369598421224e+00,-2.002130413219233240e+00,1.085434232803756283e+00,2.653638778443404789e+00,-1.656152248049818754e+00
-1.943548298999940194e+00,-3.005583870453213624e+00,9.862390609917791595e-01,-1.458044666286478330e+00,3.008718544721695198e-01
1.619212520095065999e+00,3.065088875219200704e-01,3.093399533358846654e+00,1.695738709377543563e+00,-9.162710697011618999e-01
3.482344711663444059e+00,7.010585794913442026e-01,-5.622872552162611060e-01,-1.745932203692963425e+00,-1.317040622016604490e-01
-2.647188461753154365e-01,1.164948994340082367e+00,-2.451185258510191645e+00,-1.124809965090674657e+00,2.701723735684438576e+00
-1.648146013428337109e-01,1.696071934609163709e-02,2.421900627794701499e+00,-2.377991792550009087e-01,-3.170236171110402790e+00
-6.819593877081019384e-01,-8.965291565849571320e-01,-2.548746037601656855e+00,-6.544183434364434504e-01,-2.794064625683094771e+00
-4.063286348819734606e-01,1.176810359247925319e+00,-1.173488836568666732e-01,-1.175375641121709919e-01,3.797687267188912141e+00
-1.358094103163781652e+00,-2.251179595553556290e-01,1.692105154724494964e+00,2.646151801095253830e+00,2.059019937288741442e+00
7.770312443322615614e-01,-3.409037064640360049e-01,2.819212584239592090e+00,3.837112986216774102e-01,2.680450177195190520e+00
1.222339649070126377e+00,1.803454369076175956e+00,-3.014046628481760859e+00,2.940697077540999071e-01,1.443081442362252664e+00
-1.057681255015341826e+00,9.813199996883219534e-01,2.067011093902380026e+00,-2.195849659897578299e+00,-2.196367644501498795e+00
-2.841098871933364745e+00,-1.706822284534267320e+00,-2.030340418279000581e+00,6.446599139822191127e-01,6.906853626096911558e-01
-1.773914202206509971e+00,8.699191517304044607e-02,1.596218426515112920e+00,1.595981045269050602e+00,-2.783988514326180219e+00
2.336723584080611094e+00,-1.723760196715033555e+00,-1.758031166157981495e+00,-8.985015018708093493e-01,1.915827535498830114e+00
2.339124850067537231e+00,-2.917008631610237046e+00,-1.304822266082262150e+00,8.989054321860286481e-03,-5.629508235594307131e-01
-7.203767991967925388e-01,-4.500651757552272952e-02,1.616227617699897090e+00,-3.557224598747302124e+00,4.615117792710411448e-01
-1.165987715172814410e+00,-8.803899792649261258e-01,-2.834078638956959217e+00,-1.467597230926711127e+00,1.918213431414788284e+00
5.397125629169057248e-01,4.344364061307517400e-01,-2.118655583897539607e-01,-2.458958289658757845e+00,-3.070604577822506620e+00
2.983860595054149023e+00,-6.581409282558559060e-01,-1.520530776162134723e+00,-1.431477207416838704e+00,1.517328451993003702e+00
1.689894589688594184e+00,3.133269250250421578e+00,1.021788980447039696e+00,5.263944483703195676e-01,1.416240179255723097e+00
-1.838340268261175803e+00,1.555374590045131677e+00,-2.146105024012616269e+00,1.610174604126219489e+00,1.732883698597844857e+00
9.945422111377167917e-01,9.465590978996070159e-01,1.038182749129289206e+00,-4.270026948351815510e-01,-3.585353112660262020e+00
-6.607363223324421719e-01,4.092944689116540524e-01,2.869276143609893470e+00,-2.599302143337215654e+00,-6.377995997353850255e-01
-2.774730432488235365e+00,-1.538383134734094160e+00,-1.097170468082851041e-01,-1.358159462595078137e+00,-2.019310130116836355e+00
-2.311412241988774596e+00,1.287614341441588817e+00,-2.166923510151809840e+00,-1.111688694690123047e-01,-2.071595215989529670e+00
9.867454160354874881e-01,-1.222834108966872835e+00,-2.858457122630675862e+00,1.793225041363197159e+00,-1.464437453423689917e+00
-3.190104601664954131e+00,1.351763231926886633e+00,4.416377628035280667e-01,1.939876505108218074e+00,-1.944325760814860915e-01
-1.244161607045131568e+00,2.567712977619295511e+00,-1.624382995659678697e+00,-2.494312048471219456e-01,-2.271139783804715151e+00
1.181193969659180221e+00,-2.837379134409923509e+00,-5.346171634160518105e-01,2.062816323743319025e+00,1.418814207969122387e+00
-7.265385103089838648e-01,-5.962469956866203180e-01,1.859772314861340758e+00,3.388555579695603726e+00,4.190099442277728237e-01
1.324072016669899099e-01,3.041459239864365394e+00,-2.351631167950325452e+00,5.746758333629355120e-02,1.094770456296873862e+00
2.960134777715172749e+00,4.384939689808521335e-01,2.319245356720322615e+00,7.544274528220010767e-01,-1.047504334448452035e+00
5.714392170866191556e-01,-5.458527839683156024e-01,-4.254353874665439683e-01,-1.860460241670487180e+00,3.425375071384746395e+00
-3.314778469055248422e-01,-1.295566193969486468e+00,2.252975149679093680e-01,-1.060998356714759838e+00,-3.610422993341937836e+00
-6.224239802020490320e-01,1.077181523075076308e+00,-2.323763126818556124e+00,-2.473993595852759686e+00,1.712235081212003962e+00
6.353314825542807354e-01,3.173704419617238703e-01,-2.374226256619554054e-01,2.144921061948862118e+00,3.292198967965993095e+00
1.305372342701735633e+00,2.336985685271135260e+00,1.699806485801865330e+00,-1.059904112269705934e+00,2.195851119125990625e+00
-3.350501188093912841e+00,-1.149131214932729073e+00,8.250982537661102345e-01,-8.801155250111893924e-01,-1.413594274788526395e+00
1.809939375414605811e+00,2.709125760565498808e+00,1.675472492767471788e+00,1.495117365587993907e+00,5.849556050342339386e-01
1.131684692403958747e+00,2.068626236111735572e+00,2.223577913174612952e+00,2.032309880787642076e+00,-1.168543137733350612e+00
2.191688067053422451e+00,1.008794242338689751e+00,-7.781203036474187984e-01,-2.028929383182542345e+00,2.335982008592981440e+00
-1.082066444765128033e+00,-2.062868386012481459e+00,2.117086847324656684e+00,1.550773877420336788e+00,-1.920091115832593953e+00
-1.844616498234110669e-01,2.085486144103819051e+00,-1.821233846731752370e+00,1.891547467159117257e+00,2.172988011356252525e+00
1.452047157648283404e+00,2.094939198887770804e+00,-2.241590304309882153e+00,2.096648257887157474e+00,-2.865794745819796874e-01
-3.233986831676396001e+00,8.538381880837809801e-01,4.696164535070525559e-01,8.819308624928898221e-02,-2.141021225314396759e+00
6.143197372550478486e-01,1.249478302477259994e+00,1.263734804311041904e+00,1.080150168559955937e+00,-3.361199962779700900e+00
3.125060291162119475e-01,-2.399025511898627450e+00,1.348161299485926001e+00,-2.548670457416435386e+00,-1.354162687821026667e+00
-1.110720054582283511e+00,5.511265420123063752e-01,-1.352018199831474865e+00,3.040100855712526862e+00,-1.841845289229989913e+00
-1.235881476732063167e+00,-3.003721780856738466e+00,8.526118788972756324e-01,1.060900517838426982e+00,1.896785574041201627e+00
-4.573279219155269026e-01,2.382926768896162617e+00,-2.883188853340410418e+00,1.341413048036446343e+00,-1.855414901579909362e-02
2.225785325493164990e+00,-1.742335456904843705e+00,-3.321291364475806307e-01,1.715097964413734521e+00,-2.226718673209061805e+00
2.539856015612938500e-01,2.213726100481006737e-02,-1.998269002029939179e+00,-5.342213719798616367e-01,-3.414166044163783109e+00
-1.118088682421441993e+00,-2.019154626373879324e+00,1.655437934603722239e+00,-9.270876265500757052e-01,2.659497334160489945e+00
-6.868960148739473581e-01,-3.077351826565204895e+00,-6.961191613145768509e-01,-2.333435798836589470e+00,-3.585736831456328710e-01
2.447285625668933928e+00,-1.828617111042143695e-01,-5.814004244823429701e-01,-3.522804056320860133e-01,-3.084676113180393031e+00
4.514647409205174711e-01,5.708810128427438402e-01,-1.886567282781360433e+00,-2.582902565015959162e+00,-2.289050607578203778e+00
-4.408481273968468117e-01,4.604992114606029641e-01,3.510487077015183033e+00,-1.807769069845187815e+00,4.522031662115575529e-02
1.975420727233762941e+00,1.989973296390021185e+00,-1.760532603089225878e+00,2.234161268290001612e+00,-2.162582040121201477e-01
1.432641879165058807e+00,1.206911642894418213e+00,-1.396440821784797448e+00,-3.077290800146525118e+00,1.034956953160306448e+00
2.076271727904629216e+00,2.842642574081367002e+00,1.467420429613033539e+00,2.874344221892179418e-01,1.171553517180941695e+00
-1.882758695378996094e+00,-3.364996978021724150e+00,-2.136361688954264981e-01,-1.002204389058765521e+00,2.862882861216559660e-01
-2.216806231441236508e-01,-1.592170920683848578e+00,-5.401267165376762991e-01,-1.513853995672933328e+00,-3.291254877781193855e+00
-5.327233897326048018e-01,-1.821838577377478785e+00,-2.612419558888674054e+00,-2.163220516888220146e+00,9.449079487763762941e-01
5.257510471183776124e-01,5.573977132374371979e-02,1.207848216578569778e+00,8.557812520647932464e-02,3.775481159341258941e+00
4.303075576796746016e-01,-4.533982976003285148e-01,-1.117885561401012806e+00,-3.771137979175203547e+00,3.716390764846760897e-01
-1.349234525000095219e+00,-1.223761827202718644e+00,-3.147803025614920092e+00,1.613814798544234153e+00,-4.109879496511089081e-01
-8.471469770252398890e-01,-2.340701487583185081e+00,1.906524976272860605e-01,2.274067551276244270e+00,2.143764665891246590e+00
2.955213569486728198e-01,1.381759798120106852e+00,-1.685845994822357419e+00,-3.307503516827920542e+00,4.709041896167939223e-01
-2.075656743727093967e-01,8.414811027446928993e-01,-2.784373678123365004e+00,4.947441502416635162e-01,-2.692827044375705636e+00
3.552202506296862072e-01,-1.601354830023786757e+00,1.192061952298979627e-01,-3.594981988523150651e+00,-6.094059953060981805e-01
2.186874867235787168e+00,1.406279414910284631e+00,2.061653015573355674e+00,6.335044598419864448e-02,2.232830062190791942e+00
-2.648075856998906019e+00,1.744990582760828524e+00,1.761489300281826820e+00,-1.683888978725785801e+00,-6.614736558627423713e-02
-1.101668008589261394e+00,1.835224929972011587e+00,-8.838073290166973406e-01,3.210976351520336003e+00,-5.716577038873204009e-01
9.714645235793301081e-02,-1.393229554738013576e-01,8.886593926268063770e-01,-3.797300808755989188e+00,8.728933111151565560e-01
1.338459617736153850e+00,1.953325259048663165e+00,-2.335198648122801757e+00,2.161926073657476355e+00,-5.157220277411747045e-01
-3.007598885037728209e+00,1.744490579075169467e+00,3.753706420566043506e-02,-1.299917056783798097e+00,-1.489935629660274818e+00
-3.497773093041647297e-01,1.269481432272626886e+00,2.366386078036785204e-02,1.512694689218667010e+00,3.460818909725498216e+00
1.452075711371912936e+00,-1.574903967825521667e+00,-2.690929370095021866e+00,2.010915359619381171e+00,3.553479452283947460e-01
7.755235906221527031e-01,1.235491765324630675e+00,2.601179327163372079e+00,1.496087901248535523e+00,2.206288820141009577e+00
-7.499599861443524418e-01,2.796738817852648662e+00,2.921230089638754412e-01,-2.382995532957679963e+00,1.360811684780875552e+00
-2.035205694308292568e+00,2.593404223819029131e+00,1.205422037145504222e+00,-1.910259350454619698e+00,-1.733760078482489697e-01
-1.178810249556726308e+00,-5.569722191857867655e-01,2.236497140185836230e+00,-1.529574005276663984e+00,-2.637929537898567212e+00
2.264477577279967235e+00,1.746142543757942978e+00,-1.759655956107836650e+00,-2.032574134522190157e+00,-7.716092422206800583e-01
-1.408890617487279506e+00,1.737012723943567094e+00,1.199490936101763161e+00,1.643908837976104875e+00,2.618510884347863055e+00
1.168547458933732797e+00,2.173610110386624772e+00,-5.335454642094834554e-01,-3.098443033877817054e+00,-1.577844342135105715e-01
1.493480517890884540e+00,2.668676553484126135e+00,2.354761064564931505e+00,1.049406812882417439e+00,3.907768480165940694e-02
1.852841196623206343e+00,1.583829448457812372e+00,2.255675462370712481e+00,-1.715595214971355809e+00,1.423771416035511272e+00
-1.538062348428388404e+00,3.191586413486752427e+00,-1.233906181147444991e+00,-4.882969709665502811e-01,-1.298915694671805676e+00
2.628500764571545911e+00,-6.137077074570500557e-01,-4.020782720691787882e-01,-2.657493447772059092e+00,-1.220822762989388632e+00
-8.986818543411067006e-01,1.061018608917938089e+00,-1.063921866710476338e-01,-2.531478574607285648e+00,-2.765304208424001597e+00
-9.185073411630130247e-01,-4.175008287374938343e-01,-9.313727540002688654e-01,3.457883606382835318e+00,-1.468884978494895410e+00
-8.025532973348207255e-01,1.580906574724810998e+00,-1.240352946710856052e+00,3.156043768130111893e+00,1.165141582882376126e+00
-2.028362145196322075e+00,-3.040641493496046177e+00,-2.525853053558795303e-01,-1.555202224858087012e+00,-3.972316947065555603e-01
1.789141349943109471e+00,3.232573147591328855e+00,7.399119741210239409e-01,-8.349965516882769112e-01,-1.051073310771541758e+00
-4.609060162584528997e-01,-1.640807116750959693e+00,-1.716566134110213637e+00,3.178873691854028127e+00,-2.085195632558774215e-01
3.658049634336121514e+00,4.203754028433149825e-01,8.522859563551405948e-01,1.210861643642926921e+00,-4.993797372459586881e-01
-2.368472614988378577e+00,-4.831555037181535783e-01,2.292840915179421124e+00,5.648869524913064932e-01,2.140252671966853093e+00
-1.040316702061010901e+00,-1.357937869683780718e+00,2.862904697555442635e+00,-1.345140113726661646e+00,-1.751605169166265741e+00
1.913248379641289798e+00,6.426667158257897139e-01,5.948770956602159599e-01,-3.005141124102056249e+00,-1.594273563557762952e+00
-1.404278529791011421e+00,-9.465115013533597077e-01,-2.415821360405912444e+00,-1.562090510441024760e+00,2.203587570388441108e+00
-2.553828922506423904e+00,6.270180608746843687e-01,2.246795219429992052e+00,1.434361360827245857e+00,-1.406884826280735412e+00
2.964351349459650731e+00,8.700281693195329735e-01,-2.097721771245525169e+00,1.359075218765830317e-01,1.427152611841897345e+00
-6.976130651219799583e-01,-2.525361328942608452e+00,1.634377008448344437e+00,-2.542494585831310605e+00,2.047547133156708138e-02
-1.576603348865610155e+00,8.753543559788081740e-01,-1.881604562686666759e-01,3.528929559777840730e+00,-5.092430035234768448e-01
-1.267927802418947092e+00,1.649273186099864619e+00,3.120191792033102374e+00,-5.654346669779454215e-01,-1.271591075689764816e+00
1.146187591643910597e+00,2.242951115887359403e+00,-1.739140705887094684e+00,-1.469079519857882987e+00,2.114856795615687179e+00
3.321091024314148932e-01,2.500337332750944164e+00,-1.322619304142828467e+00,2.752173501034967718e+00,5.605675365589412040e-01
1.685201359412268118e+00,2.819678907167385007e-01,3.047992389741569497e+00,1.916665545968978535e+00,-3.416519629867670882e-01
2.054075264681135327e+00,4.704876331920649357e-01,1.720461596554684336e+00,-1.450062707971615072e+00,-2.548871560469256892e+00
-1.546124667560825339e+00,2.688697637803875384e+00,1.705567443415707318e+00,1.650259488480736447e+00,-8.649201358897211644e-01
-6.779551319921508501e-01,2.471460572551745560e+00,8.829698902517524317e-01,1.123680915614337472e+00,2.718448978759880230e+00
3.337013961120661065e+00,-6.675262846289661822e-02,4.981007077863152666e-01,-4.621627334528110032e-01,-2.097184589536477795e+00
-2.861660580152648681e+00,-7.768243792231842582e-01,-7.682578019504000544e-01,-7.479394567357510182e-01,2.461261694059591498e+00
-2.406250898847285047e+00,9.372429850287036235e-01,-3.005202226972385926e+00,5.173439955283513081e-01,1.806847090987254156e-01
-2.848450969069414640e+00,-1.021523380339941944e+00,-1.674486783393547507e+00,7.961374114635579868e-01,1.845284881674048139e+00
-2.722905849675402390e+00,-2.355273384374672041e+00,1.717032779908530815e-01,1.406378331084762401e+00,-1.015425523040558220e+00
-1.330291474140193886e+00,-5.973079987579111849e-01,2.975828851891545668e+00,-3.970739704510464763e-01,2.204613946860042528e+00
-2.126484423407815960e+00,-2.048985950356811525e+00,-4.650106155349886805e-01,-2.520559306153610457e+00,8.427730915534288325e-01
-2.095465547937185868e-01,3.779965333865220600e-01,-1.841723378203030892e+00,2.569405281635329885e+00,-2.412347478910685794e+00
-2.953597017439653527e+00,-6.057888549793638555e-01,-1.912649262675585549e+00,-1.740488039370587936e+00,-4.709126294216832154e-01
-3.642873742780789570e+00,-1.478797802586266474e+00,4.888339284825946596e-01,-4.791507077119635527e-01,-2.721836565404157637e-01
-1.053784537892543449e+00,-2.945733820788120294e+00,-8.960556713069948997e-02,-4.019559203716373541e-01,2.458168563215508140e+00
-2.755999546587978966e+00,1.971356331480429214e+00,1.353987734589410241e+00,-1.464289280254458259e+00,7.353875385483475968e-01
9.400027106280751665e-01,2.217992744614883938e-01,3.608540991540996945e+00,1.310274032796004073e+00,-5.734229304876478084e-01
-2.961730727798457252e+00,1.425537541880492198e-01,-1.592181311510168840e+00,-2.074439427285680981e+00,6.078562798735630546e-01
-1.468246759135392876e-01,2.171174256390401958e+00,2.435278775351477076e+00,-2.078826404152307905e+00,1.006152538461373647e+00
5.995598127958637891e-01,2.738744482433480787e+00,-9.765130968537906464e-02,6.365950435891615244e-01,2.779391599435891091e+00
1.917636085082324637e+00,-9.590297013603252818e-01,3.374482852640990238e+00,-1.182413692973337954e-01,-4.264191503059765881e-02
-3.768744000816716122e-01,-2.390423252012141120e+00,3.157057576515288844e+00,-6.506320852136264488e-02,4.154474699250135794e-01
1.070797900370765499e+00,1.839342495198373006e+00,-2.569429709990973532e+00,1.028786245010866907e+00,-1.951881366633516857e+00
1.471648527497730674e+00,-3.505360069719453797e+00,-7.113231147153790124e-01,-2.875074643185736908e-03,-1.020153201018159539e+00
1.325206813947297890e+00,1.361187827619763313e+00,2.782168478271496603e+00,-3.419367047915245483e-01,2.129228134004484296e+00
1.992940782049495319e+00,-3.182452874934447618e+00,6.976622156223872828e-01,-1.053208929289960905e+00,5.515424935779429383e-01
1.862759427476085472e+00,-1.827698969951200569e-01,8.722813340843057484e-01,3.425170284960377565e+00,6.368887920121084345e-02
-7.912392943492913000e-02,2.482048449245009891e+00,1.786740280386307278e+00,-2.204602881449424068e+00,1.334338864359865262e+00
-3.679825849548873595e+00,-1.010633789898239820e+00,-9.781105663242629922e-02,-6.692515579256304303e-02,1.193086367548645610e+00
-1.402853754198584380e+00,2.106896713696389423e+00,3.078734900899535720e+00,2.994442000896334055e-01,-1.572010278659125571e-01
3.400762450765248524e+00,2.729265088098843939e-01,1.089605191760417036e+00,1.777145166325042380e+00,-1.218255233942086707e-01
-2.354175959603411084e+00,1.331994244857343801e-01,2.245098443037675029e+00,-2.500775585478552387e-01,-2.310218097999100273e+00
-1.534664386051314722e+00,3.580458929362535070e+00,-1.216096228193091627e-01,-2.453463927655265830e-01,-8.661035299134405285e-01
6.206234567292839843e-01,-2.160840117837870000e+00,-6.369807799804685366e-01,1.898540148264191929e+00,2.633514249337616686e+00
1.467164014622664159e-01,8.053076974157504786e-01,-7.815719367471960499e-01,-1.383796645956454352e+00,3.578296516549992035e+00
3.737625398114902131e-01,-2.914541686017932065e+00,-8.819820065269758924e-01,-2.452746336648665260e+00,7.562350643263084926e-01
2.961095990939933920e+00,-1.833654589755665976e+00,-1.453358874373291032e+00,6.523311248200734935e-01,-1.154050893062698036e+00
6.793301788776108241e-01,-2.735792453590063733e+00,1.563441120273569018e-01,-2.604746701741044834e+00,-1.115706635881180242e+00
-7.792676941682507019e-01,2.782243800756820651e-01,3.787537220660089243e+00,3.218358962304657123e-01,9.307612546561976341e-01
3.864096341554900671e-01,1.042846600818761738e-01,2.576367488051140575e-01,7.007011698500401620e-01,3.909277872003900089e+00
2.119557483882022808e+00,8.098267739585164326e-01,2.719711894108465255e-01,-2.714442636384671648e+00,-1.846480304418960827e+00
-3.220411367762851640e+00,-6.351598775715847633e-01,1.815237513440470241e-01,-1.273659987835447316e+00,1.889540133310758208e+00
-1.692453834618545150e+00,-1.122566002398582619e+00,1.594581903607523499e+00,-1.126064546327709248e+00,-2.839847315989897591e+00
-2.883741482915309073e-01,-1.448915356884926453e+00,-9.407049742429330896e-01,-1.967590557533248186e+00,3.010173780452013226e+00
2.121276223095938995e+00,1.858741590278401024e+00,-2.623600359893496048e+00,-8.219067874519918604e-01,-6.974648881515189691e-01
9.588920754554992598e-01,1.258415849881910242e+00,-1.768204159160648548e+00,2.677005006597133363e+00,1.789975916758518526e+00
3.368609524099272168e+00,2.031493472533460132e+00,-3.043323928665849776e-01,-5.849088597671484591e-01,-3.012765600235308705e-01
2.054096583907639939e+00,-2.099160105550683220e+00,-2.522949346213240407e+00,-2.442218773612751526e-01,9.743184008853184030e-01
8.823650742951681947e-01,-3.339780150254285207e+00,-2.833180811231034157e-01,-6.367179088976203660e-01,-1.892517263601394717e+00
2.901587256917958602e+00,-1.388330533372607922e+00,2.254403270528544390e+00,-7.204139181426248983e-01,-2.280337715629881801e-01
-3.557517200113132994e+00,-1.305553178143049831e+00,-8.660163354972618688e-01,8.827554274043820648e-01,3.322060083439200007e-01
1.061575972229405807e+00,-2.836937700371373605e-01,-2.163489028215450194e+00,2.689134052452545998e+00,-1.697188137113508910e+00
2.868774294266508207e+00,1.032297515214115391e+00,-2.281388761310022772e+00,2.842825126739561559e-01,1.191194636234801152e+00
-1.870620818858483858e+00,-1.514112342672692346e+00,3.113564715286974316e+00,4.778424635014829613e-01,-5.344370024747593373e-01
2.178812228496717740e+00,1.265647576317713074e+00,3.016769082876000763e-01,-2.959329983785632834e+00,-8.956955819851013523e-01
-1.372228917360921452e+00,3.372088158825292226e+00,1.055657074387155392e+00,1.272742197312423995e+00,1.082805981947795593e-01
-9.509728423298482447e-01,-1.293631569026158612e+00,1.926267828932221038e+00,2.400776066645210260e+00,-1.986941002097020181e+00
5.093740381197926492e-01,2.335294323371749359e-01,-3.769989624529692662e+00,-1.042315211203970637e+00,6.218997708257323342e-01
-1.333676767033264432e-01,3.629371424122065370e+00,-2.304531700943170114e-01,1.645085673459947717e+00,-2.246343516634084214e-01
-7.828607621549751316e-01,5.335635970252721183e-01,-1.128400764639828191e+00,3.612569916624944533e+00,8.823203652099832484e-01
-1.524217526038947668e+00,-2.123913740586420573e+00,-2.802457879159788057e+00,-9.435206436404860453e-01,6.494228102117858281e-01
-3.685905632227105766e+00,-7.264492927448935600e-01,-1.070190371887541403e+00,-8.230589462182327232e-01,-2.522650081883728856e-01
4.528946365407550689e-01,2.037224798793858760e+00,-2.364417266865012746e+00,1.686266565274433304e+00,1.791825222045968946e+00
-2.798318133589948187e-01,-2.234473693652676118e+00,7.720204381222841583e-01,-2.797943691167418478e+00,-1.582503400560105966e+00
-2.358622309641646098e+00,-3.814854095365947106e-01,1.021046820631397845e+00,-3.016871984827717679e+00,-3.838183164097099254e-01
-1.656942212427280570e+00,5.496169019088481544e-01,-2.868832550625306510e+00,7.649040656719152675e-01,2.034007210558501644e+00
1.349868341279240269e+00,-1.780386804195554840e+00,2.731510805861343094e+00,1.056295149759270524e+00,1.559220177754293557e+00
-3.277483324228640971e+00,-1.694686888937098512e+00,1.416269529469135202e+00,-1.694671118286873723e-01,-5.929594638536380691e-01
2.609842120387305453e+00,-5.925477520805284559e-01,-2.428735453372631525e+00,-1.266295474285112910e+00,-1.155573942892658579e+00
-2.164694026661464932e+00,-1.469423676260335210e+00,-1.410662519900121314e-01,1.395304997795687285e+00,-2.681066598624063158e+00
2.904661896719971548e+00,1.352976018074354969e-01,-6.459513670682155428e-01,2.471033043577699928e+00,1.010631660704396362e+00
2.486501477860052045e+00,-6.945403032267719601e-01,-2.772536714609374897e+00,6.264753942429162059e-01,1.120487801961572716e+00
-4.930262015858670743e-01,-2.754732079377767207e+00,2.423874754230802342e+00,-1.366572047583590077e+00,6.524479672453680212e-01
-1.092387029644627416e+00,-2.661753047446480558e+00,1.580500092807533008e+00,-4.531322391280780959e-01,2.240190153172652909e+00
1.378015941092288310e+00,-1.888380305239331314e+00,3.192278241404491457e+00,-5.833374062065677101e-01,-6.456770752774090849e-02
5.120111523723458458e-01,-2.903947127416351304e+00,-1.646364953270167408e+00,9.995055695516601446e-01,-1.896155773689386592e+00
-2.000596791054662038e+00,-5.762335434460510442e-01,-2.069461517550698737e+00,1.851107877793686463e+00,1.989044000311784854e+00
-2.849381464624071825e+00,2.382899987437520073e-02,-2.287090089078028576e+00,1.231947286355279614e+00,-1.063946547484734717e+00
3.426228883609583331e+00,-9.694020715066324900e-01,-4.999689262079964336e-01,-1.493354470054358618e+00,9.171361733533183180e-01
2.800487496716479452e+00,2.152800219669292137e+00,1.495636164971273718e+00,-2.252214593656756692e-01,1.111336470740400095e+00
-1.001809857388369140e+00,-1.088302540434008758e+00,-6.168747937005462090e-01,3.152133728904298771e+00,-1.869623768068101599e+00
-1.805636518269312818e+00,1.819340118755105928e+00,-4.765103556785028061e-01,-1.388453120808816221e+00,2.697186331796125547e+00
-1.128266391613422348e+00,2.543218341180172315e-01,-3.801037458604389130e+00,-4.629884577199162576e-01,-9.554085560409283570e-03
1.054326040618114024e-01,1.849444822369231689e+00,9.620777471164382311e-01,2.556552233244840266e+00,2.259841786985666179e+00
-1.614118378294990386e+00,2.902425277107782531e+00,8.661920100194203664e-01,-1.853795769443880026e+00,8.852694610267841657e-01
2.399624258909711649e-01,-8.906451852550500980e-01,1.000170460603056366e+00,-2.662745193292881396e+00,2.656805652183697575e+00
-2.766161954740161022e+00,-9.696324084134556598e-01,-1.651093047644835332e+00,-1.840774016599167950e+00,-1.137367047410232201e+00
1.607405752109520858e+00,-1.061831249715139869e+00,1.558434499479877111e+00,-2.042180688580918224e-01,3.133422735028963402e+00
1.892323784028666855e+00,1.195274661942992811e+00,-2.020067421505867822e-01,8.233398595736733938e-01,3.204954591047961099e+00
2.544256945653877278e+00,7.316022347617809896e-01,2.337686582201080387e+00,-1.142471097971116567e+00,-1.490468382181007856e+00
-8.926333866672053752e-01,1.098060707179810747e+00,-3.568950150215218109e+00,1.113732996294096944e+00,-1.402211061123000424e-01
-2.784001441351733885e-01,-1.138548006548010250e+00,-6.052813889752604037e-01,-3.754467733117927697e+00,4.047323531268219865e-01
3.041678100972586396e+00,1.829782405260474532e+00,1.067911666270429327e+00,-1.310544224257855772e-01,-1.497491265707133978e+00
2.933220353633040123e+00,2.131551874489363285e-01,1.267109255649898625e+00,1.445909259032639227e+00,-1.911691338052907252e+00
-1.875216702748347508e+00,1.537111634876261901e+00,-1.605645019517536465e+00,2.386537170162282617e+00,1.359115354336773995e+00
-9.161897659696588425e-01,1.778118371368805906e-01,-2.977506905502484980e+00,-1.627398535181766359e+00,1.901316885392787315e+00
-7.200751743469863131e-01,9.742190369299110753e-01,2.608549838375596952e+00,1.653098646467916710e+00,-2.234976871721294334e+00
-2.585600029346080575e+00,2.627821979720323053e+00,-1.105242288179094645e+00,4.648017741579018036e-01,-9.857093518398903909e-01
1.586492622245039563e-01,2.297880737406511997e+00,3.260252897732879962e+00,-2.388659888276344068e-02,-2.544700404171339470e-01
1.758209503011160635e+00,1.345078218751257992e+00,-1.538339387790042201e+00,2.945510336366296666e+00,2.386309185651624143e-01
1.634685461793973851e-02,-1.390858427084341598e+00,3.555059203130372492e+00,-1.030885637260279486e+00,-6.033858477633322615e-01
1.214222618277241317e+00,1.884976382951405904e+00,-2.003855106377498529e+00,-2.312393393565111310e+00,-1.268829765973611190e+00
2.964843366167678518e+00,-1.447496985300442240e+00,1.888639742728707827e+00,-5.981264518854126910e-01,-1.090752474843971198e+00
1.176183506585556815e+00,2.127004439328016083e+00,-1.022001480602913404e+00,1.738402167233253470e+00,2.454773992146567441e+00
3.673245347933185578e-01,1.514263490746704965e+00,7.177857641581938397e-01,-1.484926822250905554e+00,3.294215338447403774e+00
-9.193725208114842395e-01,3.320945835418353531e-01,-2.478032869310546893e+00,3.653250793252263429e-01,2.961479029233782256e+00
6.707463795719308397e-01,-3.413354706142704309e+00,-1.253208901847389312e+00,-1.063875499227395105e+00,1.093958552605500678e+00
-1.408663601702208501e+00,-3.496487894614945358e+00,7.722733970986213059e-01,-7.693703072037358925e-01,-7.758236852387854210e-01
-8.639827387718956864e-01,2.481122209769225151e+00,1.265188054019908748e+00,-1.902526245141566763e+00,1.969075793819765385e+00
-3.302831678859120323e+00,-2.506482740128362918e-01,5.858091783817078735e-01,-1.693575959867733127e+00,1.348000897084590921e+00
-3.804595639477465596e+00,-7.126761745781624580e-01,5.807800995968572799e-01,9.180623518519455406e-02,-8.193965958869219302e-01
-1.552458979539387940e+00,-1.541052299741784815e+00,2.354500061082080986e+00,3.386354620136157734e-01,2.357262058520303682e+00
-1.845047213851691570e+00,-2.771973202788358570e+00,-1.382521430349472835e+00,-1.726884605855360189e+00,-1.359021499667488753e-01
2.591681819709854118e+00,-1.454561511488416947e+00,2.627960598643762857e+00,5.089228897360834614e-01,4.750514667422939957e-02
2.545383761301170722e+00,2.155209664762756105e+00,1.137303526890581562e+00,-5.629644184432414100e-01,1.807126049811307755e+00
-2.333638733572956703e+00,-2.401547066968149902e-01,-2.814184968010814192e+00,-6.219457877783673982e-01,-1.479865663128275832e+00
2.341310093482726451e+00,-9.886102583112431619e-01,-5.594211729028797375e-01,-5.183825962463548542e-01,2.993199665664578291e+00
1.165016542243312303e+00,5.574382519958426263e-01,-1.261744670215516173e+00,-1.008909042818053031e-03,3.569313438295457441e+00
-5.796886095686760720e-01,-1.517286843020888121e+00,1.174572770263701882e+00,3.391050184045606208e+00,-6.949526664250995633e-01
-1.654267429691137936e+00,-5.756676116758441264e-01,2.684738173378715231e+00,-2.387461084213347906e+00,-1.556167847645448243e-01
5.928213220330695865e-01,1.838649267051727598e+00,1.264003658010345754e+00,-2.254200860193694478e+00,-2.364065351751423183e+00
1.885192113508387113e+00,-2.473431135221100252e+00,-5.847892311199834880e-01,-1.376818711592093125e+00,2.022518456049444691e+00
8.458486284096917718e-01,1.833543363667299975e+00,3.006718131052737775e+00,-1.666680847025839185e+00,-3.232334542169327807e-01
8.967969400688436954e-01,2.721363595132893387e+00,-2.634951501959098774e+00,-6.387443354584522170e-01,-6.625493850361384718e-01
-3.174985223842473392e+00,1.571067352265828054e+00,1.456101849102226842e+00,-6.573742837283761409e-01,-9.480731296477515890e-01
1.398018916855967131e+00,1.469198024641264755e-01,3.536531209287418598e+00,5.071114600457534705e-01,-1.122382578527972408e+00
-2.756613064127249602e-01,4.708817333300486796e-01,2.784140929278241750e+00,-5.053305446297968739e-01,2.774073099964159184e+00
1.651688690296032602e+00,-1.376455084731935230e+00,4.392596779320484535e-01,3.068541456576575843e+00,-1.329812067428221001e+00
-1.555863046341170897e+00,-1.550546373687424540e+00,1.287209249395291799e+00,3.039025733852591227e+00,-5.315176961566525637e-01
-8.720324631931361536e-02,-3.048992344783098551e-01,-2.502888021092745330e+00,-3.041506081993161192e+00,-6.198583368116982184e-01
-6.573992324952888655e-01,1.758827593827393843e+00,6.978632541222100361e-02,2.737768080000269499e+00,2.230270735409277894e+00
-5.396666347743488412e-01,-3.949803591593529783e-01,1.644682197595829454e+00,-1.205505583241932577e+00,-3.375578053737397610e+00
1.381673302663795511e+00,-1.072956149141812476e+00,-3.303503685185355199e+00,-1.216463754957302079e+00,-7.394750310638311674e-01
1.492932143215858209e+00,-1.270793223413624107e+00,2.229510542015609165e+00,2.412909110815601998e+00,-1.167643166837898372e+00
1.634925069129184783e+00,-3.359379799431536084e-01,-2.579536219010578613e+00,1.748956572263205889e+00,-1.871178637948441859e+00
2.557241143901150870e+00,-1.281164721970006193e+00,-4.671993461496347089e-01,-2.081105501893526277e+00,-1.808275241235277386e+00
-1.227444806856887283e+00,2.027507507384672447e+00,-1.517409635841626470e+00,-2.327589186568079505e-01,2.832999088679618360e+00
1.866067441705998586e+00,2.194392470097823455e+00,-3.220833089086705403e-01,-2.590307518353650362e+00,-9.428697113948453223e-01
1.825846164017032924e+00,-2.542271560704630673e+00,6.663844438295641881e-01,-1.681997730845025130e+00,1.711711571331710591e+00
1.035851566767468590e+00,3.357310654874831268e+00,-8.073731851731282827e-01,3.564509147493465369e-01,1.696044805872493733e+00
-6.451941936231456731e-01,1.602948716942416807e+00,1.536542575109810758e-02,1.133223447625685942e+00,-3.424886623643252914e+00
-1.053172600585566387e+00,1.140964977855094264e-01,-1.095064733392062672e+00,7.071896722902633048e-01,-3.630223885610345480e+00
-7.186919636094468711e-01,-2.370953719585857211e+00,-1.659819474993260435e+00,1.212180291149126399e+00,-2.374379618596804242e+00
1.402251022746419551e+00,3.370829677268423641e+00,9.929856843830435764e-01,-1.185247669437363038e+00,-5.294966938109384458e-01
9.071886835741411748e-01,-3.257924943916316041e-01,1.789263587849853065e-01,3.679539249716763827e+00,1.224681269114064719e+00
3.154446116475309037e+00,-5.724325146136356457e-01,1.028887886357047643e+00,3.167606271120991246e-01,2.136081257088837670e+00
4.983988962322929428e-01,-3.780558808436310425e+00,-8.779743323118683884e-01,8.163408851708074954e-01,1.473847590123539275e-01
-2.045545589317684931e-01,-3.462624488008360313e+00,-9.895108862940563688e-01,1.150327037872814540e+00,1.290738160631108133e+00
7.721221902700753370e-01,-1.038717929493526038e+00,2.953089076437480642e+00,-1.249676588309495351e+00,2.010588400816535781e+00
2.981399279343324604e+00,3.020908674163398921e-01,-1.020376700496152589e+00,1.441801617618989395e+00,-1.974851622140407770e+00
2.828382288572862002e+00,1.179288746208211780e+00,8.355386361516756732e-01,-1.590019639396447415e+00,-1.839359784431907174e+00
-1.680438293372604086e+00,-2.478563865174200131e+00,1.729316308251201306e+00,-1.993840301872535914e+00,-2.586779176214509812e-01
1.084973573857212603e+00,-2.027915027004317583e+00,-2.265826920308675163e+00,-1.755040748480193979e+00,-1.579953583387868843e+00
-7.942722376330557665e-01,-2.609042451066078794e+00,1.675648208297154662e-01,2.213510343546639447e+00,-1.906390067875099348e+00
1.940369574531270569e+00,-2.942969329780646515e+00,6.826353539719448582e-01,-1.180909844277695075e+00,1.308953150956677858e+00
4.304507780929464622e-01,6.574579523276742332e-01,7.981409564367556442e-01,3.835916001312377865e+00,-1.765803304282653752e-01
9.200061168991727767e-01,-2.830138676209369208e+00,5.457368030959838245e-01,2.089266389872075358e+00,-1.575132093568493374e+00
-3.156129156589066120e+00,4.948109054718259903e-01,-1.087873712812051641e-01,-1.647540396373520455e+00,1.751509881479875297e+00
1.585010407265855958e+00,-2.547248151468982424e+00,-7.767789068018365883e-01,-3.700194945644077471e-01,2.501793150379707953e+00
7.779423122108859445e-01,1.180589417094444649e+00,1.766241673223323483e+00,3.298481463409266734e+00,-3.774618432790263073e-02
-1.035991789555340103e+00,2.230373990983561150e+00,5.990186453321871829e-01,-2.327086068814203657e+00,2.044015646513801077e+00
3.406908396979582143e-01,-3.256604472838817710e+00,1.667910465093755512e+00,-2.552936315155897029e-01,1.559280892389315776e+00
-3.232172192088366147e-01,-3.783989298055625117e+00,-5.702285587968817238e-01,1.105886698590012429e+00,-1.697339742700831322e-01
-1.580104189386058122e+00,-6.252860100481532069e-01,1.316833509581014416e+00,5.008757950994899844e-01,3.335769941445406062e+00
2.517165640315447206e+00,-3.410347787202653858e-01,1.611699040928591398e+00,-6.930991714245911609e-03,-2.636275892569337476e+00
-2.105981193612703084e+00,2.441523981701191615e-01,9.243845958516738737e-01,2.088086472166059693e+00,2.508114993840320217e+00
2.411277879867244900e-01,-1.169655152739905946e+00,2.411375247396540189e+00,-2.882287211156796314e+00,6.719033131149670934e-01
-1.983851782612248149e+00,-1.093661228864136525e+00,-3.184400879990204380e+00,-2.047763039401639951e-01,8.281877335289441477e-01
-1.374026512999965588e+00,-5.347480782808625710e-01,2.799531856932249152e-01,-1.231062657175080011e+00,3.497457159462761034e+00
-1.997853915526389690e+00,4.356130917374048672e-01,-9.905911856973995677e-01,-4.432730725035350372e-01,-3.262063618713582080e+00
3.202372106701695920e+00,1.814395749732364393e+00,-6.803703345587283069e-01,-1.184593436443170944e+00,7.659083181166510546e-01
-1.620488422513103766e+00,-1.714298839626397841e+00,-1.274478243376621744e+00,2.959669921741521659e+00,-2.263977085898973840e-01
4.186216181348990650e-01,-1.050659243614246119e+00,3.621440677054625024e+00,9.277616602028612158e-01,-8.633057506294211647e-01
-4.626870332309965250e-01,-5.579615796660393479e-02,-2.021116236139376188e+00,-2.480852551394802763e+00,2.354414423224544528e+00
-5.041190733562435078e-01,2.942172927753943679e+00,-1.590066185655296671e+00,1.616011620423819961e+00,1.396308845120243447e+00
-1.368968924478576321e+00,-2.308960124813191239e+00,1.215681549426966684e-01,2.586516381485564064e+00,-1.445607629284405116e+00
1.215297333319553391e-01,-6.124986811632768813e-01,-1.655739231076438944e+00,-4.713898595771252586e-01,3.556177032777160463e+00
2.044030498702124721e+00,2.417641460840357137e+00,9.640995433321980501e-01,-1.807547956386797550e+00,-1.334253178039986443e+00
-2.152146688966101618e+00,-1.719399022806386235e+00,-2.322921381907575356e+00,-1.392491070456130409e+00,1.037755511534979247e+00
1.423648686443985678e+00,-1.010547804720958870e-01,-3.701873340588409445e+00,5.050095229858254653e-01,6.412098614723746315e-02
-1.666482948075301396e+00,-2.122201350987795720e+00,-6.526643626056400915e-01,2.870529871781434927e+00,2.306154692011294638e-01
-2.248216208228431601e+00,4.961418170171317567e-03,2.709185509535228853e+00,-1.765914710587248138e+00,-6.981105752276000054e-01
3.148717611656016047e+00,7.552308386233147486e-01,1.229013620452121591e+00,-2.982018285999803453e-01,-1.978839299337457502e+00
-1.446570664261096206e-01,1.507070723821863689e+00,1.290479354940675671e+00,2.443876328398221442e+00,-2.463725571669612702e+00
-5.429385112921527590e-01,-1.816212732740438041e+00,2.503731811489951387e+00,1.583886246960366728e+00,1.905051299889433336e+00
-2.026642783091887168e+00,-1.875999380053259058e+00,1.803241401184309423e+00,-2.043780759389946855e+00,-9.719187272522621379e-01
-3.157781475545934580e+00,-1.760252375451400564e+00,-6.817629416204497028e-01,1.520004540537827520e+00,3.933360085144276264e-01
-1.361847218420884742e+00,2.416984960671664684e+00,-1.587085886058515083e+00,-8.250220242156280914e-01,2.259215107819371848e+00
2.503421955549744560e+00,5.792684025266715553e-01,2.116144582730025814e+00,1.959391465915337527e+00,-1.039251566554605821e+00
-1.903156285332115116e+00,3.014272409673275810e+00,1.439698010365657223e-03,-8.637828061314876127e-01,1.595630027601818268e+00
-1.321243904066264463e+00,-1.159441726041972709e+00,-7.276932217462560581e-01,-1.858606168664055147e+00,-2.987650433820701057e+00
-3.201268699414053565e+00,-6.142844884877479705e-01,6.116796367212949948e-01,-1.561432109971035986e+00,1.600722046242602836e+00
-3.955921896915836622e-01,1.080797896391016755e+00,-1.829923118803216397e-01,-3.826343020922168048e+00,-3.155355201368992973e-02
1.692185838026076139e+00,2.022029269283676989e+00,-5.444831607122999628e-01,-1.170112996153618079e+00,-2.717034852127821143e+00
2.502016409897217297e+00,-8.617026557011661092e-01,1.155990661828934174e+00,-1.304981188825476313e+00,2.440920339613430912e+00
2.489831803372819508e+00,6.405025357508638273e-02,-1.797991821034931881e-01,-3.487802547744595777e-02,-3.124594523035578053e+00
-3.171731809051850925e-01,-1.220118603103253596e+00,-1.634942286317343285e+00,-1.032903600850693104e+00,3.266616849193817007e+00
3.389884941811375230e-01,-2.669917076450864180e+00,7.709574279737868574e-01,-2.819052765817277706e+00,4.638919631540047717e-01
2.366392817772395851e+00,-2.246278599353970229e+00,-9.872780680193209424e-01,-6.802181789547202539e-01,-1.979141917980401955e+00
-5.861897520584265220e-02,-3.262673433939209527e-02,2.213328705273702290e+00,-1.935923610129578032e+00,-2.710880877151642387e+00
-9.334796252602917122e-01,-2.002973130057315032e+00,-5.308409885070516365e-01,-1.941917068735747320e-01,-3.285911114956503454e+00
3.966258162536220322e-01,-1.418362317708008913e+00,-1.101036379630073059e+00,3.204151964130965702e+00,1.533644476100601395e+00
1.938250850986512175e+00,6.109519153859663820e-01,2.380936693280143235e+00,-1.838166953271478943e-01,2.483399541122511600e+00
1.270737105351773533e+00,-2.244443356839353587e+00,1.223320215022234841e-01,-9.634770601807441937e-01,-2.899042610594494640e+00
-2.064602707544298532e+00,-1.805585182333303340e+00,1.269625669930707135e+00,1.816181587815942411e+00,1.888600780384920741e+00
-5.273736574604364069e-01,-2.713469656631060989e+00,-1.228552706359175462e+00,2.604929872465180818e+00,2.528992985269015725e-01
2.104826366405832427e+00,3.249835409220412363e-01,-1.297671515053140157e+00,1.953085461807177570e+00,2.442457263353798869e+00
-8.992103351382358944e-01,2.291914517879821922e+00,4.138277989630979037e-01,-3.125236136161183342e+00,1.393778856068907980e-02
3.277221920299035585e+00,-6.252245545544322658e-01,-4.120068002554119757e-01,1.391184258627378156e+00,-1.662458269125695054e+00
2.684925547994948314e+00,-1.141826018829906531e+00,2.561530226668264465e+00,-6.202092189219271523e-01,-7.357387899765467365e-01
-5.381032755508996512e-01,-9.789136817367958265e-01,2.904676241444648088e+00,-8.493877138695896667e-01,2.365072792212596475e+00
9.322367235543214115e-01,-3.048359341229741837e+00,1.915613064770270269e+00,1.446844655431108517e+00,-2.747856385002030999e-01
-3.372696081409167324e+00,5.110245364916612409e-01,-1.833178225787235327e+00,3.203904853292264144e-03,-1.001609900631971195e+00
2.124549483106551673e+00,1.691994562425458870e+00,-2.403352248364748256e+00,-1.640048579078861701e+00,3.969666523725642882e-01
-2.127209608989486078e+00,3.296966245925383454e-01,1.308852551691352728e+00,-1.105839025750069204e+00,2.903498658896582985e+00
2.399891775737513555e+00,4.273798042583994428e-01,-1.568815598397734101e+00,2.722289121959956315e+00,-4.310748454061607560e-01
1.530258305275677300e+00,3.490651555214326907e-01,-1.656572571062740362e+00,-1.628680180668940380e+00,-2.853003894535438789e+00
3.064022365049855701e+00,9.900333311249732704e-01,-1.601080668825868969e+00,1.690009077039845264e+00,4.604464802459871109e-01
2.206711219477286434e+00,1.115633035231762049e+00,1.533917989938719195e+00,-1.763779861759801282e+00,-2.102846814184421209e+00
-3.249976548571550161e+00,-9.577616430812189163e-01,-1.063431124145792106e+00,-4.531061853297518871e-02,-1.840490766296722258e+00
1.686755527727508586e+00,1.777839869098134518e+00,2.060740877024695994e+00,-1.190506653853578456e+00,-2.080908968315447805e+00
-8.050957741371559395e-01,-1.159160178545783015e+00,3.476251555178167862e+00,-5.225992856927202945e-01,-1.284808774353222605e+00
-4.485517164921354882e-01,1.091800750500854678e+00,-6.140349629330023040e-01,1.638510202875543165e+00,3.397796029517713645e+00
-7.503207593152444455e-01,2.168296473066994110e-03,-3.396640091302734366e+00,-5.308153729892097772e-01,-1.902126490689900251e+00
-1.149347375467299592e+00,-1.824124236152696810e+00,-1.732060335498870174e+00,2.639169805057414830e+00,-1.177421384149075489e+00
-4.964180320107614008e-01,1.800844306416579998e+00,3.486106295529691312e+00,-9.769449100060773050e-02,-5.899555951407997600e-01
-3.499082011921780255e-01,1.531734645503778358e-01,1.946885874603969002e+00,2.916313579044320647e+00,1.886492152235288877e+00
1.496260118811876483e+00,-1.341582430539753346e-02,-3.845567759470424063e-01,-7.589116368953898739e-01,3.610705593920563672e+00
-1.242497182451718779e-01,-2.862965156614406315e+00,-2.675174108434163589e+00,-7.946058336185756188e-01,6.130111797120630507e-03
1.870752541033381178e+00,-2.373569756061861824e+00,-2.145614712015608827e+00,-7.113933496891735597e-01,1.325408824825672349e+00
2.695687046350778715e+00,-1.131656748007165092e+00,-1.326768478512686755e+00,-2.802172740254300076e-01,-2.369343376674083679e+00
-1.210980194738196181e+00,-1.623867900404403875e+00,-3.016541212695133645e+00,-1.580419004543176742e+00,5.471150630155962036e-01
-3.054748259058389093e-01,2.663846412025083765e+00,3.216329657315034063e-01,-2.737963368823022492e+00,-1.100325520115264633e+00
1.018165841306940322e+00,-9.395130277674020869e-01,-1.738991924381948273e+00,-2.125142352100521936e+00,-2.557407018934234166e+00
-2.795972222415807451e+00,1.534890927275005312e+00,-9.551420513994990369e-01,-1.415350241334046189e+00,-1.706205300909623856e+00
-2.759018358573743335e+00,-1.481633073264460476e+00,1.160276837947575856e+00,-2.027530475304357260e+00,8.575890416139999584e-01
-7.847178863504238322e-01,-2.567025312721555430e+00,9.109609856865656941e-01,2.400370526073051902e+00,-1.484240648549036923e+00
7.975559135018197576e-01,-2.990984055431209487e+00,-1.585440834486282924e+00,-1.680831316297476619e+00,1.038798532676902919e+00
-2.750203322582331356e-01,1.436107317397876448e+00,2.354347427706094731e+00,-2.831537718633474920e+00,-5.490008445990566255e-01
1.002233179343231972e+00,3.842535358027988068e-01,2.194510706735972594e+00,2.820644178351090048e+00,1.440821658499722435e+00
3.122475322300338973e+00,-3.730937126093992195e-01,-2.949619094836122279e-01,2.327904168070036750e+00,-7.776944126536200486e-01
-2.242222714927986971e+00,1.958962702909027964e+00,-1.863489899367106961e+00,-1.913589024710046660e+00,2.201964437367856867e-02
1.548053333551216104e+00,-2.337435713926613090e+00,-2.035932699512821298e+00,1.342137666976329635e+00,1.481070452638607149e+00
-8.381788259523786921e-01,2.591634345168497333e+00,1.171902458351596676e+00,-1.881339971249867737e+00,-1.915226414123190501e+00
8.722564617178690805e-01,-2.914950284405455783e+00,1.884820870059974451e+00,1.460406797120002098e+00,1.028054365852329344e+00
-2.366015829694245287e+00,-7.481594990642947973e-01,6.361105269959584085e-02,3.136059051825036637e+00,5.756487676367643552e-02
2.649243070966853519e+00,-1.950496651586020480e+00,2.180269620550705056e+00,-2.895706704622968974e-01,5.827925630938844970e-01
-1.523584234062875797e+00,-2.158473710215651042e+00,2.871326083942994156e+00,8.589677356039883138e-01,1.932440759321523704e-01
-2.958873659658849409e+00,-1.063913780572053547e+00,7.125590217129650072e-02,1.150034455507887632e+00,-2.187577994320740959e+00
-1.186821067938112151e+00,-7.817583919873043463e-01,4.689139997517272618e-01,4.265974183817827087e-02,3.709259949979078819e+00
-1.698458876213077007e+00,-3.424685123149465049e+00,1.080528153793652191e+00,-5.043743610327825616e-02,-4.654935305569281589e-01
-2.021423095947930015e+00,-9.248652065465485794e-01,-6.604785275499044372e-01,2.395790359842815853e+00,2.209622067960408831e+00
2.275424040843577522e+00,-1.674409778393377124e+00,9.806088934943028024e-01,-1.094746564666798205e+00,-2.420482077091637763e+00
-2.992450944901308141e+00,-1.209673321115092515e+00,4.902245048342909195e-01,-1.649810427050644401e+00,1.618559015975813642e+00
1.891891480766575151e-01,-9.294217604700252822e-02,2.724877551454463198e+00,1.891163887955640721e+00,-2.225783164783512458e+00
-1.217627272576985442e+00,1.399207903099375372e+00,1.506787546312958082e+00,-3.065956404358428866e+00,9.429229479817992088e-01
-8.489220463646363068e-01,-2.857185892724674048e+00,-4.319751886762568382e-01,2.566761289872632190e+00,5.839127081941954955e-01
1.280047222135920260e+00,-2.274110021240854707e+00,2.126039073234141874e+00,-1.878088215763769275e+00,1.068945851427944405e+00
1.393695052470557805e+00,1.358034638134265837e+00,3.079082092655405223e+00,1.392602039802671055e+00,-8.906565262618778567e-01
-1.041340909822786598e+00,-1.744669747075298760e+00,4.888085264921456230e-01,-2.976106690020648760e+00,-1.666010737424155064e+00
-1.577182995941590893e-01,-3.050094410637844256e+00,2.248542439802327930e+00,2.988071455206485760e-01,1.235645665376002400e+00
5.092040910527665387e-01,-1.180158986425962064e+00,7.324287964211937396e-01,-1.114301172341917612e+00,-3.545393760346458478e+00
-3.129664861811651266e-01,1.263808306709135687e+00,-2.746747306610190176e+00,-2.408528347006746451e+00,9.793931680969697462e-01
5.270986344998374040e-01,3.339082262175522509e+00,5.713280450062351301e-01,9.185156294380482089e-01,-1.844616485722867294e+00
-3.115568267321812690e-01,1.868026326205389998e+00,-2.480197020808659225e+00,-1.843297907423267379e+00,1.692420027883451805e+00
1.394527877978884112e+00,2.769729996207491940e+00,1.698218754041411538e+00,-1.104061792164762634e+00,1.510294132992684890e+00
9.889973483191578651e-01,2.638985802889505017e+00,1.322822717752176080e+00,-1.693819499109091353e+00,-1.854387699215534369e+00
3.655578247264834602e+00,5.641791360081428452e-01,3.944195364799061854e-01,1.092111878219941268e+00,9.849743424633715660e-01
2.869646417735954635e+00,8.886172719231537620e-01,1.047763853672333961e-01,1.999151674662666744e+00,-1.722760364060506255e+00
7.937868426257275178e-01,-1.212878560128799604e-01,2.453017684433982937e-01,-1.503896949784631509e+00,3.610167961644596080e+00
6.079781326162971844e-01,8.953600085189210578e-01,-3.780783096657601483e+00,-3.066577221825411703e-01,-6.635761168542564370e-01
9.989281250174897320e-01,3.343146732615090322e+00,4.229422543521763611e-01,-1.942583985443062655e-01,1.899709464453074759e+00
-4.356397862882115807e-02,-1.547579097334231157e+00,2.944710144745949609e+00,-7.660192600390512974e-01,2.084465824603441764e+00
-7.784234366064102240e-01,-1.702661535324409448e+00,4.373435250709600819e-01,3.540279425818292358e-01,3.489755794667927180e+00
-2.436743662642164021e-01,2.244934270466299342e+00,2.431139037551818483e+00,-1.237349111600839047e+00,-1.859952440419890385e+00
1.362568415841255431e-01,-1.162731765277795315e+00,-2.181175979612545390e+00,1.767096155368087285e+00,2.597947543500460199e+00
2.527392611732344196e+00,5.508150084167181548e-01,-2.834070043522275206e+00,7.437727521569656997e-01,8.507282140743612775e-01
1.516765404431781095e+00,7.321482779750355663e-01,1.923073045714347229e+00,3.065667943798702222e+00,2.585570076193368094e-01
-2.440143794991323389e+00,2.283227827586042480e+00,-8.393980019254475289e-03,8.385793344181261544e-01,2.032063775595726263e+00
1.707742290170394028e+00,5.168848383187600870e-01,-1.433939391793310314e+00,2.009781511120728226e+00,2.592497335099976929e+00
7.779724605432585260e-01,-2.551046021654425289e+00,-1.834704051536541813e+00,1.968718055076064566e+00,-1.282549534688744997e+00
-5.036404166172819830e-01,-1.838218170560663944e+00,-8.050730571893986998e-01,1.138780838291666875e+00,3.228364270508770062e+00
-5.707825620326979488e-01,-1.830514406663450000e+00,-1.483131022082118999e+00,3.090655644701455707e+00,-7.560385777786895467e-01
-2.644070295337344945e+00,1.467127121920923871e+00,-9.618875392219315978e-01,-2.144958498559730309e+00,-1.153410457202757922e+00
2.175236946784140368e+00,1.736132285570804568e+00,8.480939956189914586e-01,5.628396474121551973e-01,-2.686659081134016525e+00
-1.175809495433955965e+00,2.865189117319169920e+00,-1.657685407804832867e+00,8.455419944749303918e-01,-1.716187978274356540e+00
8.521790883657295312e-01,-9.232776386477973274e-01,-2.679214936956059390e+00,-2.527250067659840393e+00,9.252911003732687822e-01
-1.894113206622704215e+00,-1.530076072903095996e+00,-3.045567721977620046e+00,-8.486443795170178772e-01,2.748132813186432433e-01
-9.402336552071451914e-01,-8.054252562911705660e-01,1.456921820069000839e+00,-1.179760305395422870e+00,3.309500757238807545e+00
1.540755819643652380e+00,1.605316171399911784e+00,-1.013013604004746604e+00,-3.051317484659923807e+00,-8.439766228907646939e-01
-1.462459044143149978e+00,-1.699151471931868773e+00,2.410705099339412794e+00,-4.403198220054946321e-01,2.229061954725276795e+00
2.470753820119662159e+00,1.914991047566809490e+00,3.552545764360970915e-01,-2.420048549609787880e+00,4.953221694572578215e-01
2.060165769647045675e+00,3.493710385924460593e-01,3.028967430878760414e+00,-1.380132359709451473e+00,-7.444782410023634833e-01
2.023234619411129920e+00,-2.768070256943214513e+00,-1.952178277013948415e+00,-6.238678709728745497e-01,-2.099942422192876690e-01
-3.021331259887864107e+00,-6.183684228925018234e-01,2.772289006988396531e-01,-2.275471346763041414e+00,-1.111104044755286013e+00
2.499509853275412308e+00,-5.909467841484147277e-01,-2.745207542702408077e+00,-1.361043159635889399e+00,1.209522913463541016e-01
-9.948094144713517384e-01,1.367946448977884311e+00,-2.943503232327211006e+00,-1.264153058364899697e-02,-2.115350007585440562e+00
-8.989828582942428481e-01,2.747876537520764995e+00,-6.484920860071298199e-01,1.072315230248409135e+00,2.463859252554704948e+00
-1.253753560161564362e+00,9.874941249830564427e-01,-9.936290955039153161e-01,-8.937033032262597931e-01,3.415692168488942304e+00
1.559815448146752159e-01,-2.024150866895938705e+00,-8.241962422560824564e-01,2.902698553448153973e+00,1.665390250896947144e+00
1.713046423719532418e+00,-2.330739793562505435e-01,3.408845733160116520e+00,1.072670240615758219e+00,-4.902017877794418443e-01
-1.681344135051029864e+00,-8.798809027969629604e-01,2.090405956792125597e+00,-5.991678166562958152e-01,2.769493159354980527e+00
-2.010500508631795358e-01,2.723003366818052662e+00,-2.169686049241289716e+00,5.768419468029256647e-01,1.872043631297571897e+00
-1.377727094293289989e+00,-2.589489774749920592e+00,1.883565367890809528e+00,-1.270567382232942855e+00,1.494741045199422080e+00
-9.171051591725079000e-01,8.906282851358077179e-01,3.482449414861692460e+00,1.895705081844566153e-01,1.484017681866142802e+00
-6.131171523922810396e-01,2.307968016079916806e-01,-3.391692609742465336e+00,-6.437348838732944722e-01,-1.911242222773682276e+00
2.993107846473451961e+00,-9.239094938275961288e-01,-1.202635721316968498e+00,-1.952731718269153705e+00,9.634328336071504850e-01
-2.013933853376513317e-01,3.127197720852638252e+00,7.587520192450529777e-01,-2.002079329770710459e+00,-1.263348269335390572e+00
1.184487332288476136e+00,2.191017764720859518e+00,-1.175758204200121337e+00,-2.401382495572027320e+00,-1.627078876250966033e+00
-3.670618008217691131e+00,-1.458834794435435844e+00,-9.810984618954589342e-02,4.454944336267159799e-01,4.362036771747636044e-01
3.503273846344260534e+00,-1.773194225516789180e+00,-4.734360389175428785e-01,-1.513372776005970088e-01,-5.794911056924960668e-01
-1.663113057918498283e+00,-1.884929370891675449e+00,-1.279927727186780106e-01,3.079823661212734542e+00,-4.235567132000969681e-01
-1.157695710070119510e+00,6.032288818674527153e-01,-2.765841242340984163e+00,-2.534297454728824395e+00,4.725613103998956288e-01
-1.125417307773810105e+00,-5.511207290583255425e-01,2.489716555504319473e+00,2.115235913538659140e+00,-1.938244135471419938e+00
1.418635952616611018e+00,-1.248652891974414425e+00,-3.110122683717297498e+00,8.877078540515699334e-01,1.402658065028596246e+00
1.097420134742355335e+00,6.290527841333165560e-01,-5.919429092612462640e-01,-3.733561786765973167e+00,-3.317855018116372401e-01
-1.772383707704084488e+00,-1.994848036011196202e+00,2.892193028285615419e+00,5.995166792595465477e-01,-3.937468022893428898e-01
-1.321447653271647704e+00,2.300751424375147902e+00,2.641876461566817103e+00,-4.155883934804375790e-01,1.344653870675321716e+00
9.240548708762155172e-01,-2.358458458225175303e+00,2.133590635436431349e+00,-2.114035374741958240e+00,-7.499611530963863348e-01
1.628151013229720112e+00,2.366340075473259308e+00,-9.610506440962796049e-01,-2.400617138016103436e+00,1.031008216006906952e+00
-8.660643048131563271e-01,1.935124422480432260e+00,1.490035311764777770e+00,-1.581997724843391406e+00,2.604285709697124140e+00
2.944762633016382858e-01,1.108352381994495151e+00,-2.403175839118684820e+00,2.173088624386557921e+00,-2.046282102867778008e+00
1.710964592117123262e+00,1.389517412910060146e-02,5.389234429756802891e-01,-2.092069785167314233e+00,2.899174473062742674e+00
2.079197818334211689e+00,-1.390500526757766142e+00,2.264569664849713337e+00,1.169861465938142331e+00,-1.801830486165706624e+00
5.114810017035584799e-01,1.159822157080656835e+00,-1.937301312438200585e+00,-4.779853039498018208e-01,3.226700082572648842e+00
2.259885663882544193e+00,2.579698617768653168e+00,-1.496662867614587222e+00,5.583914096520325998e-01,1.298565024167504411e+00
1.252182802315670473e+00,-1.858573316804519537e+00,1.272997364323972702e+00,-2.920136713696848754e-02,3.058818145334676775e+00
1.203044199599037078e+00,1.202302201247774649e+00,-8.834017279075787599e-01,3.016195903504819587e+00,1.797030252805031258e+00
7.220176005490530624e-01,1.725274325707768286e+00,2.866066368104179141e+00,-1.370096741888577663e+00,1.552616365055907277e+00
8.032463601472353831e-01,-3.564996141725870427e+00,-1.573773290616782061e+00,-1.800143559514857661e-01,-3.693646650431944289e-01
9.122348630733089214e-01,-2.696647732279364273e+00,-1.111126597243355052e+00,-1.739319303979860454e+00,1.906852014784471860e+00
1.999277096846098445e+00,1.968107178667991120e+00,-3.719397116563916139e-01,-1.623608856917892584e+00,2.314087369554764795e+00
1.679472518020768135e+00,1.041735760718796922e+00,-3.178993347397200520e+00,-4.386561933442841843e-01,1.340052501694487752e+00
-3.022594462883661404e+00,6.147901734171528076e-01,2.845280433534376208e-01,-1.790954767247050272e+00,-1.788150041197680951e+00
-4.864054538032133168e-01,5.885823607053063400e-01,3.729126840452993807e+00,8.655937127901537353e-01,8.725486068800318851e-01
-1.014681598968347087e+00,1.470698583639580836e-01,1.541450252160839751e+00,-8.410568725671865864e-02,3.544805927404234946e+00
1.323569948744173636e-02,-2.690726460225984162e+00,9.100566172841879631e-01,-1.420057951991317680e+00,-2.432087230923740684e+00
2.484063694307343084e+00,-3.367247312706883600e-01,-3.026594254820114127e+00,7.444831952666127739e-01,-3.893592981207723291e-02
1.792123569967496000e+00,1.952961438201950450e+00,-2.607914610963438573e+00,1.133949310159009460e+00,-9.418997158808626313e-01
-2.043444206480928393e+00,1.010282221115229140e+00,3.010888001835214656e+00,-9.222546036338064024e-01,-9.421600156974426765e-01
-1.556680665623256354e+00,-5.303444190691755100e-01,-2.713231712760622472e+00,2.429381679184046128e+00,1.787692147766968831e-01
2.985156720515553364e+00,-1.325708854250799984e+00,-1.437769083434852213e+00,-1.774992788766659890e+00,3.369807861987352271e-01
-1.117907790733673412e+00,-1.031979659721174780e+00,3.567872413534100673e+00,-1.461812019680687746e-01,9.665493522175949703e-01
-1.067268393124159775e+00,1.488214034224421667e+00,1.714836920612424320e+00,-1.042445328846715924e+00,2.935779153384294737e+00
-1.084191774823449306e+00,-2.634464666761428653e+00,-1.052488039606650272e+00,-1.019851807431866986e+00,2.395056436152116497e+00
3.400568185719600178e-01,1.058755646832725272e+00,2.046660562735262978e+00,-2.691258828537189451e+00,1.825295674461358875e+00
-2.015827921213219909e-01,-3.755096704479726766e-01,8.288293124277988921e-01,1.215117731785601451e+00,-3.695252052848533975e+00
-7.527815515281842673e-01,2.390297959667961436e+00,2.438637468984069301e+00,1.856839762278674311e+00,-5.700780576147858048e-01
2.145602707006068588e+00,-6.979398156665211905e-01,-3.015671377270486841e-01,-2.764016098067566762e+00,-1.782846406301471953e+00
1.537447099784427396e+00,2.546375372814489335e+00,-1.059513746029583370e+00,1.317971623824069738e+00,-2.071861553496571418e+00
-1.359911514433600921e+00,-2.691604458555791002e+00,-7.531748280050263311e-01,-1.492442757752905358e+00,-2.027621366252584156e+00
-8.150309667935856650e-01,-2.409794490796662025e-01,2.712229098352120893e+00,2.724646722582960034e+00,-7.055260331545162300e-01
-2.976014287528480740e+00,-2.198970144518969327e+00,1.490140980922948000e+00,7.988775402087516797e-02,-2.845471273305487658e-01
7.629668417288721916e-01,1.581163382161630659e+00,-1.959505287331503309e+00,2.180170943506993364e+00,-2.079662867712257501e+00
-8.622111032433660283e-01,-2.037957121551090545e+00,-2.816092497555938490e+00,1.445725166241631054e+00,1.040588570506046029e+00
-7.874848323135120731e-01,-2.918075390052439655e+00,1.822398602376798848e+00,-1.491563959307071530e+00,-1.148391895738456014e+00
-9.368927658377397272e-01,1.988358858621272818e+00,1.660715101707161745e+00,2.156549042490876644e+00,-1.939067449305638124e+00
-3.338072385993380853e-01,-1.835388322568268782e+00,-2.429012632547399964e+00,-2.399130705089952187e+00,-9.295116586995864072e-01
2.051577531542781774e+00,2.245633348659562323e+00,1.512724677262984763e+00,2.080117875437723196e+00,3.646013858186989975e-01
-1.447645676566044592e+00,1.685930282892891263e+00,-1.360002623476656680e+00,-1.251182751017440586e-01,-3.032606034043411558e+00
1.832545209763555505e+00,-1.184274289287700510e+00,1.226805095860016293e+00,3.112449261651590415e+00,-2.165209281365806371e-01
-9.432474994083743791e-01,1.324692698571300120e+00,-3.569082886511248276e+00,3.052095993692136577e-01,-7.238562418582572544e-01
-1.739018899984320354e+00,1.210592533901692525e+00,4.474742660497218472e-01,2.437878733601511971e+00,-2.316633990045806613e+00
1.426786319649084867e+00,1.538314918762950123e+00,7.862413323113649488e-01,2.500465629424583724e+00,2.174250264391183407e+00
-1.428862840317702831e+00,2.036201771601246158e+00,-2.462945412043174631e+00,1.796273146010837873e+00,-7.207884648792480808e-01
-6.090659242095926018e-01,2.461130928440851129e+00,-3.170363876786051471e-01,1.954328019831153229e+00,-2.377385785443568267e+00
1.111108868135344041e+00,-1.020250750885832725e+00,-9.397600115861159953e-01,2.402591573488786825e+00,-2.658746008947118433e+00
-1.638024605349246654e+00,2.664081483273883055e+00,-2.220129355757794354e+00,1.012286371034476939e+00,5.156037135901939683e-01
4.152930944534644619e-01,-2.133173534525482307e+00,1.313863511890184466e+00,-7.752092674672095285e-01,-2.991640951226579137e+00
1.517725664345849212e+00,-9.189691150765965100e-01,-2.971677292267411730e+00,1.940608491413473580e-01,-1.995865484138159784e+00
-6.973340298848472729e-01,3.052141697349452176e+00,1.609944560487833964e+00,-7.154938392806269309e-01,-1.759063213239498102e+00
-2.167810441168185775e+00,3.108198643268118566e+00,-1.203191968235584497e+00,-8.942780624610945084e-02,4.289881585682847054e-01
-6.545481855372834445e-01,-1.411855271409389934e+00,-2.330903609411730137e+00,2.540867483651729319e+00,1.299658478045699894e+00
1.317131594199065781e+00,3.002679916445151753e-01,-9.850146799574172052e-01,-2.245792410973202369e+00,2.856775459121692062e+00
-2.395830420966195362e+00,-8.646027206174879964e-01,-2.499880657988458932e+00,-9.354689719773982004e-01,1.545300368134467250e+00
7.061049393097659221e-01,5.114166785428357898e-01,3.378063717804008714e+00,7.561540377051768624e-01,-1.804656583760156474e+00
-1.480562393426820000e-01,3.496294361212505475e+00,1.299837265986008017e+00,6.187478688418062145e-01,1.296757204145433162e+00
-2.842401255830503182e+00,-1.128379504394890764e+00,-6.697195472119060744e-01,-1.988821478016763900e+00,-1.497858354977603224e+00
9.737312553542916416e-02,8.957311667756598927e-01,7.241766892683438872e-01,-2.539865640948410497e-01,-3.820895588637540197e+00
-1.858758647268046182e+00,7.358654997325321245e-01,-2.244460681746414554e+00,2.550118654181772637e+00,6.803009298819279183e-01
-2.189388615353185852e+00,-1.640745727692931588e+00,1.809202852757157531e+00,-1.682007273238509626e+00,-1.553115423388540917e+00
-8.475318912358146273e-01,3.537327810292596020e+00,-3.710545881581833738e-01,-1.296091940342562587e+00,9.754310999012908434e-01
4.574568643970071125e-01,-8.679217601463518061e-01,2.112123315268699120e+00,-2.020655416237608470e+00,2.548201684602005024e+00
1.315855300828439267e+00,-2.224841000117673051e+00,-2.998483385230385601e+00,-3.418772052199537947e-01,4.591565272599422709e-01
1.152900249873746397e+00,1.915784227497628223e+00,-1.990105155615346400e+00,-1.299491085863210715e+00,-2.313308495395208553e+00
3.337297342671154410e-01,3.322734731345563519e-01,1.377460908083429025e+00,-6.250558943113367905e-01,3.672890602673285265e+00
-2.317635429079037301e+00,1.031402709124752626e+00,-2.826212511661168492e+00,-1.180552671896894834e+00,-4.284771841005296511e-01
1.216583794621695969e+00,-6.245208678103466582e-01,-1.848257784365706646e+00,-1.523090828296632226e+00,-2.897246114437559861e+00
5.672457656858260755e-01,-2.233960508209594131e+00,-2.440410247156285184e+00,1.993269001045470334e+00,-8.711654286742730458e-01
4.850619223109522982e-01,2.301463482230057700e+00,1.418322564566828925e+00,-7.080385324137343783e-01,-2.820465087701580664e+00
-8.236687964196273137e-01,-2.396035925884221207e+00,-5.219615253167048108e-01,-4.552940492270719508e-01,3.016760688305299087e+00
-2.069156593600360861e+00,-1.507816552317715830e+00,-1.438678421626355286e+00,-1.574069023448101401e+00,2.213050235373049013e+00
1.491752382275161604e-01,-2.313056913064973907e-01,-1.800565041388299869e+00,-1.550239836979772357e-01,3.557833262208579761e+00
2.874256307696779089e+00,-4.659498161856861498e-01,1.008937648499707906e+00,1.867854114162876389e+00,1.736291241729479573e+00
1.504321021093075528e+00,2.121251891312105897e+00,3.073846353605644843e-01,-2.181996003845918075e+00,-2.093255073861520543e+00
1.696163749402403295e-03,-1.726791709130047314e+00,2.544481873674278027e+00,2.224204198491527062e+00,-1.263611963485613776e+00
-1.562190333275806031e+00,-2.593409359366437794e+00,-1.857831095909687313e+00,-6.259953637985994357e-01,1.729272298090690274e+00
-2.364510514795367779e+00,6.228575297063713156e-01,1.452441601014061945e+00,2.053490669484554498e+00,1.922167523680963663e+00
-2.781347592751884257e+00,2.363308418373312403e+00,8.580279844917811927e-01,-4.646446765848332716e-01,-1.314067041778874234e+00
-9.056815683095549296e-01,-3.749424522556513040e+00,-3.602154918135658801e-01,-9.569794759413023932e-01,-2.756659728019120181e-01
-1.075981663067146155e+00,-3.257612226211893169e+00,-3.395687863598741418e-01,-3.873766729278229626e-01,-1.991195218199236061e+00
1.258682366327977364e+00,-1.224871512617281555e+00,-1.128274880641509270e+00,2.198339262450730303e+00,2.609541867676129723e+00
2.642730662761658245e+00,-6.618314237779138187e-02,-8.786073938746946643e-01,2.569189976208162918e+00,1.280197777433059292e+00
9.385577427857915156e-01,-1.060983280648012395e+00,-2.537163965712468272e+00,-2.272908091271074738e-01,2.739445517037844446e+00
-2.322502962968822526e+00,-7.106930097951617009e-01,-3.402006954461544302e-02,3.112911960977264414e+00,-6.399353021221713123e-01
-2.851397613705685341e+00,-6.138038154045913908e-01,-5.988301523833724493e-01,-4.945735817501449583e-02,-2.670530460988443711e+00
1.620083803844886150e+00,-1.657382439615701974e+00,5.865127868397308486e-01,-2.161419911513642322e+00,-2.369109249139608853e+00
-1.759380585327248170e+00,-1.578970251004992109e+00,7.237702353520852894e-01,1.146110932708502173e+00,-2.928142632926070021e+00
2.305900848871507147e+00,2.471255393503173359e+00,1.631264443409604858e+00,-5.916091181514003816e-01,1.250876901314760703e+00
1.592102263627002356e+00,-2.214150473527745966e+00,2.473674127043825166e+00,1.530022527492811202e+00,3.204924980231464438e-01
-2.298900718699538326e-01,-2.500411537861961353e+00,3.468524352642620573e-03,-2.740077444857939692e+00,1.478869927242421722e+00
-5.383875519544280008e-01,2.112938234286702688e+00,4.746977553307920594e-01,2.616799339750225606e+00,-2.042707546017442422e+00
-1.229754338826931637e+00,2.214251570749294906e+00,-2.819751684761132360e+00,-4.595372431673453439e-01,1.192736436099579134e+00
1.574575262623580718e+00,1.176404853921579674e+00,1.392506567745618096e+00,1.085005706027306394e+00,3.003410134942800624e+00
-1.157473724858304243e+00,-2.694357781217882053e+00,-2.172969606233391637e+00,-8.144508310569471554e-01,-1.419705482566661514e+00
5.116907587639921706e-01,2.908913750415782928e+00,1.007430656715708972e+00,1.601609258586226936e+00,-1.922582797893953588e+00
1.013247561993659618e+00,-1.318955144009994251e+00,-3.251371803114069703e+00,1.419994405574058094e+00,-8.036690813118430032e-01
-8.125995725282074700e-01,1.979417281041510712e+00,-3.152469388988244692e+00,7.233648855097745134e-01,-9.799332406570981924e-01
1.683874783158112454e+00,1.771397029482892904e+00,1.005987489547355285e+00,3.002436894572478643e+00,-8.952293984430042748e-03
-9.179554992740715513e-02,-2.493747785707258302e+00,2.411046791828121094e+00,1.942524986782876883e+00,4.315618166997344241e-01
1.230598760779473499e+00,1.388115229983552801e-01,3.632206902114611058e+00,-1.123881779128892644e+00,1.015914259371984846e-01
1.877681518699179763e+00,1.401988777277528131e+00,-9.294971161423348782e-01,3.103361238923040943e+00,1.179987904875906962e-01
-2.105162017940819474e+00,1.458204798747584130e+00,-9.944583167470906204e-01,-2.096788063876086738e+00,-2.014066561603208516e+00
-1.218770118770350797e+00,-1.247520655115895716e+00,-1.191144076313637834e+00,3.372865805388679750e+00,4.040342324041540367e-01
2.125719106775261213e+00,1.347385538908172364e+00,-3.172830097032454666e-01,2.854302554383026713e+00,1.190864773359215700e+00
2.422235902242247718e+00,1.604590282755637975e+00,2.675114610029465378e+00,-6.330010232965809225e-01,-3.368658616196072014e-02
2.010301234910541801e+00,-1.902368980914690644e+00,1.041252169729999011e+00,2.690992649870842524e+00,1.184638457269691636e-01
-2.406387636909888883e+00,5.389428110714212794e-01,-5.183077704545245856e-01,3.106430083415832044e+00,1.698173304593249625e-02
-1.876317273952910147e+00,-2.115173860976064524e-01,-2.888751488025856906e-01,3.470034676963021258e+00,-5.568701571486667223e-01
4.616070335584511741e-01,1.547544703307687897e+00,1.846970122695887007e+00,2.375834967197862468e+00,2.082338568134960433e+00
3.968503767671111571e-01,3.182119665839640898e+00,-1.340419959893032420e+00,1.408523609093379703e+00,-1.391387718963817521e+00
2.323251331810655795e+00,1.043035796178699792e+00,-2.844949225812092308e+00,-1.167649511941722285e+00,-2.396624646107820555e-01
-1.065548128408364104e+00,-3.402817480250789339e-01,2.505945545243443373e+00,2.844947859648390143e+00,6.126370199090289681e-01
-4.451113993633716293e-01,-2.636064692074000959e+00,2.160235621358723712e+00,-1.964620245735105852e+00,5.715663842618813328e-01
-1.485526740492122855e+00,-2.896747053056004439e+00,1.001417697978333576e+00,-1.756920411625277678e+00,-1.145626499032056378e+00
3.175367057559498551e+00,-5.420192798509271270e-01,2.557099031092452956e-01,2.312117926317301286e+00,-4.604153454109188859e-01
5.188335473383244301e-01,-2.779099745469269855e+00,-7.039724851035566999e-01,2.049216715597866223e+00,1.820041193935012513e+00
-1.273127765791313593e+00,1.677170280216464082e+00,-2.588398929561295247e+00,7.468056977326924528e-01,-2.075745113064166425e+00
1.302432024089887064e-01,-2.967119614398469718e+00,1.163708813333205416e+00,-3.101510359019665763e-01,2.393496612652227906e+00
1.169755567542117847e+00,1.204290275259991994e+00,-5.372931903778307428e-01,-1.628784134701345421e+00,-3.199958611488159743e+00
-1.783667035798647049e+00,-2.582485757549136896e+00,8.808785657564836835e-02,-2.150485970254658596e+00,-1.231645175658523383e+00
-2.618852539953127945e+00,-1.056889597917716417e+00,-6.477314784330654440e-01,2.662549132202626456e+00,7.182421612856844106e-01
-3.382555946770465088e-02,-3.752161737074523717e+00,-4.171876637297837753e-01,-3.049244712205059771e-01,1.285734673423396757e+00
2.368967000589908167e+00,-1.610798500352389473e+00,7.608244235845812442e-02,-5.313872004670582294e-01,-2.739555191362842201e+00
-2.395345970764241716e+00,-4.210528093286159956e-01,-1.761967493961652753e+00,1.783449196865424025e+00,-1.949310576722590449e+00
1.388958227190205230e+00,-4.338197139631688182e-01,1.966111783888170095e+00,9.253923815043993972e-01,3.026656388228972983e+00
5.301727589778096883e-01,-9.705233256692177291e-01,3.525397592286463877e-01,1.674717707501500452e-01,3.824221521320990469e+00
5.230987571424930982e-01,-5.194958662272274319e-01,2.218412618681940174e+00,2.402332614252414178e+00,2.182644084366643700e+00
-3.202103320473993264e+00,-9.603154863306518907e-01,5.230447983257007216e-01,8.936294882973647713e-01,1.937054198599710730e+00
2.910998670113313036e+00,-2.652719680070748431e+00,5.018691202177326671e-01,4.062529820428312788e-01,-2.687953539722322538e-01
-2.636217534671595475e-01,4.439646906237804114e-01,7.269063882444920521e-01,-3.890434409582685049e+00,-2.636780841150920818e-01
2.373560846913695066e+00,-2.454797427206196758e+00,6.708600284388616108e-02,3.723666606267675983e-01,2.048663231391699036e+00
-1.463803903669884665e+00,5.028461220440257062e-02,2.056566298748810917e-01,-3.610791538546053392e+00,8.801360151300422485e-01
-1.401826338714289077e+00,1.528777043003618719e+00,-4.878325656132384003e-01,-2.117715862472631549e+00,-2.641026804602900846e+00
1.163841809445399278e+00,-5.551884982009324121e-01,2.781760624008235538e+00,-2.376218265513613481e+00,-9.760289746770027808e-01
2.967265574962081764e+00,1.672105176976385277e+00,1.598968087260773663e+00,-2.669437074111994934e-01,-1.330955069778430921e+00
1.943344884402224526e+00,2.077092663520019755e+00,6.279639184486529579e-01,2.305925969564985412e+00,1.482384385856587050e+00
-1.332680450603070277e+00,-2.429626980138839265e+00,1.479289501997132161e+00,2.054457063518219773e+00,-1.382672881560562894e+00
1.480869389688524551e+00,2.758546334956603618e-01,-1.432449716857708388e+00,2.206246609685443616e+00,-2.609883862892804718e+00
-2.799439067353182709e-01,2.631894684474420654e+00,9.423753131883869649e-01,-3.303724344053937667e-01,-2.827993034396514282e+00
-1.509334817533162898e+00,2.488879539284591935e+00,1.215238378656050555e+00,2.457174290415732987e+00,1.134779144767998488e-01
1.507513807272614859e+00,1.960018359282022615e+00,-2.686294223764333911e+00,-5.178006572307114475e-01,1.549656728085820445e+00
1.749956689270660171e+00,1.496182304730026003e+00,-1.638326674869644561e+00,-1.288322373056877579e+00,-2.520952452185737602e+00
-2.202322990436233141e+00,1.912674847196398575e+00,7.336368020429792081e-01,2.636164860766099238e+00,6.213086389582135605e-02
-3.184390159325048320e+00,3.269153736778567659e-02,1.230248763476437635e+00,-2.021704487751164958e+00,5.077297713841673055e-01
1.153530030728814743e-01,4.737524163244488662e-02,5.108502751434258471e-01,-3.279926027376355968e+00,2.228355115884219639e+00
1.213090201136210189e-01,1.285720962664747447e+00,-3.761014719268251483e+00,-6.944934434713186111e-02,4.267912813317695231e-01
-7.655056653983112469e-02,2.281323649003707210e+00,-4.910547577274055331e-01,6.576623202379849875e-01,3.180573520092140782e+00
1.598429836497969658e+00,-1.402481855255635734e+00,-2.955671561064123765e+00,6.973690037752999782e-01,-1.501915043922922299e+00
-5.574895848277398036e-01,2.951592645396022840e-02,-1.585562360845176322e+00,1.197238719788605854e+00,3.426506328697521919e+00
-3.020092818584275474e+00,1.027168501805822087e+00,-4.160814632227098908e-01,-1.751022770351046365e+00,-1.607718790618640314e+00
6.325121349999993647e-01,-3.964905730809009099e-01,2.859105414098422226e+00,-1.096118278969709578e-02,2.695945049158210427e+00
-7.001990186206037692e-02,-1.175845649516882530e+00,-1.096302589042414538e-01,-3.384968938262469251e+00,1.772695889087094745e+00
-8.366099057721846366e-01,7.562868159888500585e-01,1.736365669872500073e+00,1.180583345258817418e-01,3.420410882871018465e+00
2.936930533269379029e-01,1.376747232777668861e+00,3.511523676433508268e+00,-3.667933159346095096e-01,-1.246184408785123043e+00
-2.525571622704739561e+00,-9.238597199969134088e-01,1.212774489263447997e+00,-7.035484613764435569e-01,2.608096776778499937e+00
2.003944905126933573e+00,-6.561208920089947050e-01,1.217813264886713043e+00,2.507912091704085911e-01,3.163501985704123776e+00
1.468769514511474750e+00,3.026123098046873405e+00,-1.368396107744310752e+00,1.573662534598496032e+00,5.799770928408964910e-01
-2.590555648826265323e+00,2.862540913073352122e+00,-8.291010914228789108e-01,4.166315955113245040e-01,-4.836222132394102369e-01
3.272609133448015406e+00,6.088021773478807797e-01,1.112903644572802220e+00,-9.951161049116972190e-01,1.640298382664280297e+00
7.656531167962773443e-01,1.478901883319430954e+00,-2.017246931563554391e+00,1.314850033807547947e+00,-2.725529073399897140e+00
-1.288046000421803727e+00,-8.833658639130470558e-01,-3.527877520109397480e+00,-6.052306314205476712e-01,-8.650886296603411685e-01
7.269359383953984954e-01,1.482018668823844032e-01,-3.291597159144537876e+00,1.730421549103721146e+00,-1.273039572217166127e+00
-7.800678685381416955e-01,3.966053759774163523e-01,1.966662460491814368e+00,-2.223829190919866416e+00,-2.533973321154969760e+00
-2.157391400735962694e+00,-2.398768370520972582e+00,-2.100778001070540579e+00,-3.348735712648424623e-01,1.032552240860030723e+00
1.028119945038712180e+00,1.586510053365359108e+00,9.527560723978110990e-02,2.874716131028374644e+00,-2.037862839804138293e+00
8.046921999713863016e-01,7.547945190788806213e-01,1.738680623924641955e+00,-3.238818884314507596e+00,-1.126852971718333318e+00
-1.418973495203258217e+00,1.413235241414987575e+00,-5.683511997824278739e-01,-9.393506853153702485e-01,3.283881480205518510e+00
-1.233456986329560134e+00,-2.802608847234292710e+00,6.964858164665975737e-01,-2.196769445318556002e+00,1.145896602601879311e+00
-1.614007523317792625e+00,-4.689188055387454312e-01,-2.744910893365691607e+00,-6.718742604221570325e-01,-2.277969278579107471e+00
3.427616445703895565e+00,-9.741963039871343044e-01,2.490052644203511190e-01,1.249079682014565762e+00,1.296218881480804219e+00
2.278607137812646677e+00,-1.904753129149096891e+00,5.233283875357653825e-01,1.318708932342689932e+00,2.273103424630036784e+00
1.933041041592197473e+00,-5.063855172411870775e-01,-2.391208832232343262e+00,1.950444187454158484e+00,-1.576329226947481787e+00
-8.508421973322032317e-01,1.771704467623819390e+00,-2.478721563885953216e+00,-1.428348294178217737e+00,1.988187967443132864e+00
2.108852187530863009e+00,1.963565361725637892e+00,1.503504031614728120e+00,-6.284389332015092311e-01,2.245371607447721463e+00
-2.377397432375197628e+00,1.588854569143699713e+00,2.080027454463999614e-01,3.003613826838842926e-01,2.773092227879554894e+00
-3.669905654669489148e-01,1.654149721424806652e+00,1.100420164580961480e+00,-3.438602264856407409e+00,3.069145638064082471e-01
-2.568439973291622103e+00,1.954583084399576398e+00,-1.320618511885850221e+00,-3.776001673461575892e-01,1.922525924262485697e+00
1.977846553885864944e+00,-2.169418768407870957e+00,-8.287771331594694368e-01,-1.246463162276717274e+00,-2.267422162986104883e+00
-1.631991290976521736e+00,-1.886016011587396735e+00,-8.129013680959528143e-01,-1.974574212482863578e+00,-2.284687303627820576e+00
-2.726370161275085469e+00,1.117864859049714887e+00,-1.048000452051756737e+00,-9.725438105007665202e-02,2.491890956377607047e+00
2.608883566048679992e+00,-2.254278684495886476e-01,-8.797314074441280329e-01,1.987003876093274446e+00,-2.102569157500907782e+00
2.503101245591310864e+00,-7.216078102861749333e-01,2.488632170284233780e+00,-1.397462725852816057e+00,-1.033234810356108646e+00
-1.662517330612941047e+00,-3.144244459482768761e+00,4.127161123224652450e-01,-1.136650800898693081e+00,1.373846160190187460e+00
-1.002088017501902684e+00,1.971480290815043945e+00,2.306685855899248239e+00,-1.685585176187075263e+00,1.716708491305286355e+00
-6.835038928189086649e-01,-8.291748806140913919e-01,-1.486222291027022857e+00,3.537440542783833575e+00,-3.506410611773951858e-01
-1.648617128971791912e+00,-2.718547905336731407e+00,1.762435063967390469e+00,-1.591091377782483551e+00,-5.037953168644733193e-01
-1.814694921894830504e+00,1.478261149376656425e+00,1.106178270828123145e+00,1.168065978750762124e+00,2.816667857083162030e+00
-1.439434467785391858e+00,2.366432810944394394e+00,-1.495152447374296090e+00,-2.336483183862986035e+00,7.958578107132799895e-01
1.664930957494022756e+00,2.526294150605914890e+00,2.443126976644355519e+00,-4.611247064483067204e-01,8.150689249922051793e-01
7.077894799837363138e-01,4.779798920722864164e-01,2.224640353949677962e+00,-1.223818641226396942e+00,2.970490280031958807e+00
2.056958439954562401e+00,1.653577443741440112e+00,-2.330233694907384301e+00,-1.711332311721474042e+00,-8.221655914872185722e-01
-1.404768812107125120e+00,3.278272561136736041e+00,-4.495764183937411146e-02,4.843934196608878223e-02,-1.809747507255986765e+00
-3.732239023113419041e+00,-1.283698771776606407e+00,-2.876635234125466400e-01,5.524217809920687339e-01,-1.859817487606096054e-01
3.377824223769804846e+00,9.478423396427896330e-01,1.866563371509209590e+00,1.633237637545571774e-02,4.556016309414385734e-01
-1.978084933050287653e+00,-2.840528524470198768e+00,1.557322962911823483e+00,1.246983809789439235e+00,1.958424535721287330e-01
-1.798071475621557669e+00,1.801760290706722278e+00,2.397896682236948074e+00,-4.266560241860250513e-01,1.894374556873944737e+00
-2.323142859964924867e+00,-7.268025888531003398e-01,-3.785243105233490057e-01,-1.125268686441274479e-01,3.149416183867478569e+00
-8.053393140396862826e-01,-1.018882896114054804e+00,-3.131685486466873058e+00,-6.426004925122542621e-01,-2.023095858861876817e+00
-6.316748678871963920e-04,-1.234152547420025670e+00,2.397290297580908780e-01,3.502873429690581020e+00,1.466040524181549731e+00
-1.691248336938672159e+00,-4.968212564355045102e-01,-3.130878683289930908e+00,1.646999879671394273e+00,6.146850972970980820e-01
3.548159866453351796e+00,-1.234193521156913498e+00,-3.864783252790159329e-01,-9.729958156088894805e-01,-8.895176003436643386e-01
2.408797808047741462e+00,-1.150838044828612766e-01,-2.216490803783172758e+00,-4.360328953481059089e-01,-2.254216641942188737e+00
-1.204530714058045682e+00,2.574816768205856476e+00,-4.879792279971794100e-01,-1.667857383809155047e+00,2.213493254874142391e+00
-1.896997636985828128e+00,8.586327398722548576e-01,-2.607489891156182793e+00,6.336499536499966556e-01,2.112731404378541900e+00
-5.006444466119126524e-01,-2.850400389751252206e+00,-1.062846361170268900e-01,2.589688113920360024e+00,-9.522561656023245114e-01
9.806258115998688352e-01,-2.212994880704745260e+00,-2.401510274141345769e-01,2.350419062055494113e+00,-2.135154418855178537e+00
-1.851317974890264173e+00,-3.413860164344185932e+00,-3.249309095657523239e-01,8.005672278143174392e-01,4.143579996941861299e-01
3.636245168039834663e+00,-1.422151804256817642e-01,-3.303724211489819651e-01,-1.075132579925866860e+00,1.221654582641737097e+00
-6.381972217452522855e-01,1.404269163348494276e+00,-5.442799420914513631e-01,-1.872051287258409857e+00,3.133674479829744897e+00
-1.821106646676572474e-02,1.863332620128393735e+00,-1.185120340626469648e+00,-2.017914872597346587e+00,2.655403782667982604e+00
-1.020445244991146971e+00,-1.172507669233107536e-01,2.427259748495775415e+00,-1.849407118967046904e+00,-2.373404133576304531e+00
2.034832574815312045e-01,-2.685286543675207582e+00,5.198971402739653858e-01,-1.020254820258615358e-01,-2.909833071987791620e+00
1.246085726915903580e+00,1.585383577917214737e+00,-2.186747390595449758e+00,-2.213798132020234455e+00,-1.500354275641119228e+00
-1.019152812770544703e+00,-2.632190867906830878e+00,7.918090704516653200e-02,2.615509813683488893e+00,-1.088915780772157893e+00
-5.857775571214556276e-01,-2.933510303216615434e+00,2.322495531637646771e+00,8.420960201693227232e-01,9.737919453522573265e-01
-2.364867991288571503e+00,2.100316593826747624e+00,-7.147844113643321284e-01,1.596657306780488561e+00,-1.713428807814842303e+00
6.101389416345386341e-01,-1.667843087922735945e+00,-4.775706743514644415e-01,-3.500040762245098414e+00,6.063586559056248770e-01
4.479101055960640898e-01,-1.223369709187270171e+00,2.189696342615841562e+00,2.687548376112190329e+00,1.511640415290459671e+00
4.915877208841362700e-01,-2.586112634449884151e+00,-9.953443645790744920e-01,2.198558532505332064e+00,-1.801663933607847046e+00
-2.674481251437194729e+00,1.656705077038225227e+00,-6.768948017909913739e-01,-2.339582997279407106e+00,4.130897597086486406e-01
2.879812030057045114e-01,-2.263893233003193284e-02,2.582648042378071551e+00,2.908628136560667876e+00,-8.867726641404051202e-01
-7.869415062004702088e-01,-1.950850515915320438e+00,2.689407384976686632e+00,-3.956521672181773641e-01,2.045837874950086288e+00
-2.329787936174834595e+00,-1.204930676265166145e+00,-2.703701996238664584e+00,1.328534935254336968e+00,2.126515440649063837e-01
-1.947944849158500302e+00,-2.333384311139797607e+00,-2.526650594154110641e-01,-2.487121294951216033e+00,-7.149940930625300339e-01
2.000119142860505406e+00,-2.579392873167754008e-01,1.484161940396236279e+00,-3.106646494284913906e+00,2.810722907865572662e-01
-7.919438311591641133e-01,-6.363869924363629860e-01,3.570379093271713433e+00,-8.827384708356360576e-01,-1.200417630069538610e+00
-2.755323443536557448e+00,-1.054428782297918810e+00,2.383162437388706145e+00,-1.181136187141635041e+00,-4.709848925428687938e-01
-1.891438768545549598e+00,-2.125974210084605076e+00,1.363570727934288081e-02,2.804500422573755980e+00,1.930919215520205956e-01
-3.068868386007987503e+00,-1.605442866792061718e-01,-8.915862415312757472e-01,-5.584458564522205570e-01,2.334413108406237836e+00
1.316076302423674793e+00,-1.472210898364831655e+00,-3.125565994368354694e+00,2.977161132067729921e-01,1.497578234256845997e+00
2.400204432361948026e+00,-7.895551369564133282e-01,1.358197186916580534e+00,-2.689230075447942347e+00,7.341412475361552836e-01
7.471621577502063349e-01,-1.959233003233699533e+00,8.136643212994809637e-02,8.194489702430379774e-02,-3.404382364929068316e+00
1.707850356976609696e+00,1.191301108228972838e+00,2.389949498109058101e+00,1.837123716031158649e+00,-1.605355622966890383e+00
-2.002811735401450743e+00,3.206867838474626087e+00,-4.819569433005970738e-01,-3.763714767087655150e-02,-1.212866344250203898e+00
-5.956992104310766534e-01,-1.343230669275828681e+00,2.359293153764701945e+00,-1.874007591608451317e+00,2.182362293708700385e+00
5.629612321835268940e-01,-2.565066199303052574e+00,-2.389447427817230629e+00,1.812223423125711719e+00,3.315076147293553599e-01
-1.000483238003264663e+00,-1.192755219540811762e+00,-1.748460498554602838e+00,-2.857560635424152284e+00,-1.534145161515414468e+00
-1.740630642061256617e-01,1.042245674408716072e+00,-1.376163345451273112e-01,9.172206680867748263e-01,-3.744755531988210873e+00
-1.566302872923988065e+00,-2.427983213099687898e+00,-2.170623332081546231e+00,1.710776417707528196e+00,-1.150270664460222025e-01
3.704318345162865844e-01,3.276147433349029803e-01,2.867772986902110244e+00,2.736799651100947806e+00,-2.031122873062613521e-01
1.856008568773396927e+00,1.211912744147237930e+00,1.152170962680642896e+00,-2.830633358274809108e+00,-1.321558381983434893e+00
-6.180860187841118181e-02,3.853554618817116584e+00,-6.104866872283468138e-02,-1.068277091855923011e+00,3.679146083161693309e-02
-1.888186370629432453e-01,1.424922842566848757e+00,-1.508176423526338850e+00,2.398761636293456956e+00,2.430080019833696703e+00
1.640924727075768974e+00,-7.810982628273100969e-01,1.025999880386326835e+00,2.733121807208542808e+00,-2.043188923298044024e+00
2.362135675054507278e+00,1.199732760725678249e+00,4.766962903664005435e-01,-1.103654619408389825e+00,2.745116296859892113e+00
-1.715673525723367288e+00,1.389207545031846847e+00,-2.947749750555154424e+00,1.551404918264439159e+00,1.745879080734854261e-01
-1.132457508793033085e+00,2.785440446944940529e+00,1.440464081902854243e+00,5.335981141314137810e-01,-2.144574034311852451e+00
2.214635379504132473e+00,-1.163732929100375901e-01,-2.834865325116773693e+00,1.024975893102975544e+00,-1.412377569757530704e+00
9.764611119753054125e-03,-2.844722729514355120e+00,-2.017198258318078974e+00,-1.111981360182204392e+00,1.613030032516419077e+00
-1.240797614025999973e+00,-1.484905437133149819e+00,-8.039785484948774874e-01,-2.340443665528877837e+00,2.476170241692928542e+00
7.357905068485487421e-02,-2.386881832373624057e+00,6.042037013739147699e-01,-3.088625877106340401e+00,6.266652376669709090e-01
-1.551392633167732127e+00,6.269988986733776581e-01,2.501972540517209964e+00,1.771248794964707995e+00,-1.950093431517881948e+00
-3.204762681844762096e+00,-6.337334983079039308e-01,-2.146250076818284391e+00,8.433059024079805344e-01,1.016059491317296976e-01
3.013832385912984968e+00,1.194070478871747554e+00,-1.863685099111340726e+00,1.359263394828839955e+00,4.124207995940142313e-01
-2.182384119729878780e+00,1.018768233779632659e+00,1.132372846146350254e+00,-1.637060046413800762e+00,-2.497414058889400934e+00
-2.541927204480043390e+00,1.063134149127961336e+00,-9.688524495621393395e-01,2.151129467171959686e-01,-2.724592303302335594e+00
7.164433797002447424e-01,-3.684827019549825056e-01,2.169994470172867729e+00,-7.975564097619137760e-01,3.163219428795686294e+00
1.823700183700830202e+00,-1.013165827119365259e-01,1.328179559149926803e+00,-2.256250990552648883e+00,2.410212255450467467e+00
-1.947736313537220987e+00,2.867705368149420786e-01,3.365691390520480386e+00,-5.223786916422280546e-01,-7.234140435724062401e-01
-1.553747412097480574e+00,2.523153342376318609e-01,2.838374537273102849e+00,2.335125859455251973e+00,-1.141190526248937048e-01
3.782441285877193859e+00,1.001271821669224682e+00,2.613014021326828251e-01,-7.883776310872060433e-01,2.783785314439421454e-02
-2.660366934149063667e+00,-9.974112460011363979e-01,2.603720817890022410e+00,1.659943911733815503e-01,1.058632300008773175e+00
-1.313189302506941436e+00,-4.614827967229563899e-01,-1.614665658071608556e+00,-6.549331012871381086e-01,3.320615143251726575e+00
-1.888425199630020979e+00,-1.627862335693204043e+00,1.800639508397668953e+00,1.104088241102260337e+00,-2.307076287878425891e+00
2.745635551937503305e+00,9.421500634084606363e-01,8.101591438361372965e-01,-1.075052967428917317e+00,2.400362879407455630e+00
3.055968267928881321e+00,-1.491660358516895046e+00,-8.256094679506204015e-01,-1.935620557894322635e+00,-8.803057723405384449e-02
-1.098859312672428201e+00,5.720779079738116391e-01,-1.962882355261245104e+00,-2.506664385900700065e+00,2.080615676674219650e+00
-4.366362241340862593e-01,-2.224290094604636003e+00,3.281641770737483199e+00,-2.997478958541395233e-01,5.348710404953239961e-02
1.883631641856227112e+00,-2.482604373971843525e+00,3.735615741470560414e-01,-2.251587510357051070e+00,1.038947926346070583e+00
2.818843625000266861e+00,1.267702885010977831e-01,2.604999874030406559e+00,-2.827581814057635312e-01,1.082623378141437609e+00
-1.409262894960528145e+00,2.250995310637307956e+00,-9.640734875426933970e-01,-2.184487633737310919e+00,-1.801547749309563518e+00
1.108605219589336777e+00,-7.429999353537027895e-01,7.758938475141246016e-01,1.622816476404795871e+00,3.314121449866090696e+00
-7.992147160710570686e-02,-2.624696552949775441e+00,5.151531027388385198e-01,2.003689236529623940e+00,-2.196457895672848437e+00
-2.436429547446024579e-01,-9.088064109504511157e-01,2.765747387883925601e-01,-3.325147902103129827e+00,1.995396417011408685e+00
1.882371636320822716e+00,2.647067159043651863e+00,-9.520336061220300294e-01,1.808810229926943292e+00,-1.127630277712230011e+00
-3.017706502092733611e+00,-6.605113856631729119e-01,-1.553443212344299384e+00,1.206581874649133468e+00,-1.608771749635777182e+00
-1.850227372935398518e-01,-1.278582099325956012e+00,3.500126979208712186e+00,-2.316706587645909199e-01,1.423528797478474495e+00
1.907455209663947882e+00,-1.466804619727754444e+00,-2.911007370427431962e+00,-1.187015193165288585e+00,5.719526651595588929e-01
9.021217425130872991e-01,-2.651905802088172059e+00,-1.554904706122956615e+00,-2.058473978196038168e+00,-1.224143870018022717e+00
-2.504291981750979001e+00,6.743111297683481720e-01,1.467933212011547806e+00,-2.473199376850476305e+00,1.001140898089855069e+00
2.560734124620808405e+00,-2.288950518204299900e-01,1.400648388264854383e+00,-1.980196558143997976e+00,1.872766264599069030e+00
-1.732428606187705222e+00,-1.620170138028013129e-01,2.060758661795607072e+00,1.447625189046281013e+00,-2.574897407970664798e+00
2.041761044884190246e-01,5.912947935235411956e-01,3.900490558188760115e+00,-4.344366805377485041e-02,6.268721071273247736e-01
-2.113379389513243112e+00,-5.293410032133816223e-01,4.568860017145373043e-01,-3.100627785974449324e+00,-1.196155580423454046e+00
-1.648481477102086368e+00,1.907839606348374462e+00,2.340654742283857725e+00,-1.291619063396345801e+00,1.579782399128133452e+00
-2.193365726159945961e+00,-6.758550516632690908e-01,-1.111604079119785426e+00,2.986341621371557231e+00,-7.605700705367306469e-01
2.249437358618004534e+00,-2.015775353465182995e+00,1.785013659684868470e+00,-1.565105099584507053e+00,-1.113936064596606101e+00
3.561179387701333132e-01,4.186737544621926266e-01,2.234606072016934952e+00,-1.844013280678143074e+00,2.702599308924340082e+00
-9.061512404603504212e-02,1.785003931126491583e+00,3.442575429992146052e+00,-1.042729157222890973e-01,9.712628032712141701e-01
9.584310499747740186e-01,5.012721358120459936e-01,2.253575679125816578e+00,-2.601497142697277720e+00,1.727352148026914724e+00
1.104206807400184953e+00,2.438523859493320955e+00,2.716076222747846991e+00,-9.668348849882856255e-01,7.228339854810128529e-01
-2.693186556264477005e+00,5.337971820802722700e-01,-1.532117178373676669e+00,1.378030634039730140e+00,-2.053157389227575180e+00
-1.818213079711426206e+00,1.737826323186891786e+00,-2.422629098999209418e+00,-1.903886905146248143e+00,-4.244334674597877721e-01
1.495843269538518427e+00,1.418956948649999550e+00,8.472275473181589689e-01,2.581920230546588257e+00,-2.089236103702428959e+00
5.147803399900885424e-01,2.528549608653125613e+00,1.148984979289867869e+00,-1.609706434230457006e+00,-2.330261099341261577e+00
-1.134409989079231629e+00,-3.005376103944677357e+00,-7.361992037861764260e-01,-2.262220627213116675e+00,1.455919526335954228e-01
3.415366308277573815e+00,1.186806704935190249e+00,-1.520761736262836727e-01,-1.540439937195814575e-02,1.703936139442575604e+00
2.153727254417286741e+00,-3.471441344920883632e-01,1.696349241826433651e+00,8.591536256260215998e-01,2.761377221749404587e+00
2.038098182757421273e-01,1.086373105441478248e+00,1.496576544208355175e+00,-5.240926922656954368e-01,3.501976660542859499e+00
1.194312896682117708e+00,-1.891971629290407853e+00,1.675038052039654168e+00,2.795435994701329196e+00,6.114288041353311831e-01
-7.972805803144563663e-01,1.098345878243678131e+00,-1.126610362184107483e+00,-3.570682119175458524e+00,3.727711142492360907e-01
-1.823559712483871831e+00,3.080164061458313007e+00,1.216111652294385781e+00,1.179930627155788780e+00,5.621881302197123675e-01
2.512460348512994379e+00,-1.363600781063798451e+00,2.316106215232186294e+00,-1.322375839876140047e+00,8.456417946783796324e-01
-3.055169457419858237e+00,-4.564112519408822233e-01,1.255389848519110396e+00,-1.372204477263311739e+00,-1.731669586371571867e+00
2.214445875508761485e-01,-7.264238786157218852e-01,1.986607037114775043e+00,-7.503077519452414634e-01,-3.303589169475865894e+00
7.626792919163768447e-01,2.021821219620856258e+00,-1.126918393652017292e+00,1.664438210490538639e+00,2.700048079401657031e+00
6.549122546020602620e-01,-2.146132073359669767e-01,-2.753129832256225207e+00,-9.536934461503205895e-01,-2.652503731857836833e+00
3.154767312572678506e+00,-6.591393265455433026e-01,4.127528725414574690e-02,-1.913468361450752164e+00,1.396393115176779443e+00
-2.712071681080024277e+00,-4.003249506516810552e-01,2.375213242542567826e+00,-1.503533736624731443e-01,1.679334107927375586e+00
3.726249569336107514e-01,2.495064966475116996e+00,-2.810032322908278868e+00,6.341136360084836943e-01,-1.156468631385023427e+00
1.722639583685329878e+00,2.126932031776326504e+00,1.821750454334555069e+00,-8.335115598119202662e-01,2.120178473316811196e+00
-1.746631479223507144e+00,1.593500752273856680e+00,9.351355583301729224e-01,1.718156471166546462e+00,-2.565831961844577069e+00
1.336854256462039592e+00,-7.941716012549862036e-01,2.413016648206396830e+00,-1.154467764615919601e+00,2.535087178122461982e+00
-2.146795815477429592e+00,-1.529714607922428860e+00,2.773715101510195957e+00,-2.490230215060235675e-01,1.138302690575586862e+00
9.206689882913305922e-01,-3.166038386284132145e+00,-1.206027471623062897e-01,2.252559509218250433e+00,-2.000004634527783598e-01
-3.068136908007762731e+00,-1.396762493782484515e+00,-1.366631325578884226e+00,-1.148901043779288145e+00,-1.203301982559848327e+00
-1.848321766073144135e+00,-3.648351419758144032e-01,-7.120436194185472689e-02,-1.525570179470075782e+00,-3.180906715795330797e+00
-1.139260361521454046e+00,2.698309382048800664e+00,-2.885139281322018912e-01,-8.400745204447447323e-01,2.575314897403166103e+00
3.516377378199703418e+00,-1.595783162152765611e+00,8.245481063247704911e-01,-6.384690617182781081e-01,3.230961250023475090e-02
-2.759394638412225209e+00,2.643998659311728172e+00,-5.003439716824239492e-01,-5.829787020604192405e-01,-8.971087236253220132e-01
7.684319670567297811e-01,-1.615436525602265139e+00,-1.917656436177380908e+00,2.673464800446745837e+00,1.405367175265993529e+00
2.517733155158620839e+00,2.951360482365436317e-03,-2.221548389726309747e+00,3.377834777651897991e-01,-2.147472030816609756e+00
-5.890606866442620326e-01,2.397556337583491182e+00,-7.828879203242448126e-01,-2.965311559470506619e+00,-7.062187869523128825e-01
-2.752408702082666636e+00,3.004034254077132537e-01,2.027902142012259379e+00,-7.910678780184769998e-01,1.896267025893863201e+00
2.071754037023211037e+00,-2.939548265183249853e+00,-2.780450778390627375e-01,-1.600209695007554611e+00,-6.549130273780410239e-01
2.583202133931515210e+00,1.723501544335560132e+00,1.073375464576917793e+00,4.814355670702842316e-01,2.229953826591170696e+00
-3.568763022378914407e+00,-1.531535582121547279e+00,4.611699524722663868e-01,5.161212722675811992e-01,6.627747415571538792e-01
-5.247965848866770200e-01,1.317906247028139743e+00,2.439895832447246615e+00,-1.277320065540163752e+00,-2.530429498229602725e+00
2.656531843947609328e+00,2.132747979479978628e+00,1.046999519267091117e+00,-8.464529246723083711e-01,-1.606715304926345178e+00
-1.208437175796325702e+00,1.270273484306139844e+00,-3.254027368355024485e+00,-6.255311526463025462e-01,1.395027429940931762e+00
-1.467650203456373426e+00,1.873440440065653023e+00,2.162473216909176710e+00,-6.850455876470523675e-01,2.278298910770239605e+00
6.252563076129667996e-01,2.303440964819614578e+00,2.395874603592173191e+00,-5.592069814250323345e-01,2.061622348338470800e+00
2.900874521732177858e+00,-6.696149419783372636e-01,3.254964814057008105e-01,1.500247758341248350e+00,-2.186287159279178827e+00
-1.348478981422212897e+00,1.145891246618324866e+00,-3.544799799353008929e+00,4.056974979573587659e-01,-3.719430201576857664e-01
1.281473377079549447e+00,1.636852177865534719e+00,-1.119432307491966816e-01,-3.004249341214459523e+00,1.624960165836415227e+00
-3.486799201258906078e-01,3.586949656403743081e+00,-5.128016016204575145e-01,-1.470815440926681816e+00,7.654743182061813922e-01
-4.011531935515876834e-01,1.972299943204264494e+00,-1.076479019501936474e+00,1.178226976615073252e+00,3.066281650711244033e+00
8.818669366425148093e-01,-1.999940786886523991e+00,-3.103322489636027637e+00,-2.125768062663723756e-01,1.243683312488067960e+00
-4.463638920171052876e-02,1.851406407877840499e+00,3.742943535181417758e-01,1.641073984518669260e+00,3.120429749231403260e+00
1.403829829403825613e+00,1.437897754685454332e+00,-3.314127744433329248e+00,-5.459764856211398731e-01,8.247295483202922162e-01
-2.503057114315985654e+00,1.315907097021959959e+00,1.361281651281116112e+00,1.182020586667815509e+00,2.180099353941971074e+00
9.418311794521636582e-01,-1.603650147475670584e+00,-1.182830353632575493e+00,3.191088019115727814e+00,-9.793517461538023827e-01
-7.744832631794946742e-01,-1.082509058966799831e+00,5.948397883485851967e-01,3.317662919068893324e+00,-1.693407273499891730e+00
-1.315398096041596965e+00,-2.101497996822026426e+00,-1.130430117628106634e+00,-8.526130408908526581e-01,-2.801537572467182269e+00
-6.583292991745417488e-01,-2.075367622592164896e+00,1.532961470262451664e+00,-2.432765530905245832e+00,1.729489163676546370e+00
1.511538227712005300e+00,-3.453822206921793203e+00,1.615139550678162117e-01,-1.320845030143404486e+00,-1.250839630126234225e-01
-5.501868138644820938e-01,2.482241693130650795e+00,-3.076415981661702936e+00,1.083748373758158939e-01,-2.443158798231413187e-01
-1.839588843333564983e+00,1.955433921085381721e+00,-2.284443618837857515e-01,-2.790193796352001154e+00,9.771503569429030867e-01
-1.983492552468186787e+00,1.778695196936336931e+00,4.281364982086583448e-01,1.937409154271630740e+00,2.228260666651223687e+00
1.487140058234673046e-01,2.110176871646280983e+00,3.314475108652409130e+00,-7.143521956738975165e-01,-1.702745121870426481e-01
-5.135105755991949961e-01,-2.226123698005329832e+00,-1.517375162128319133e+00,3.927127794547782269e-01,-2.885139417798699757e+00
1.546374672030033093e+00,-1.708276835090970058e+00,-1.689682771085815771e+00,4.619418436458508914e-01,2.760814643285639747e+00
3.637457083882543962e+00,1.019469024951890290e+00,-3.311271817998041600e-01,-9.512005367029958691e-01,-8.456720395789365519e-01
1.710097070481033210e+00,-8.609750607176884785e-01,-7.500353019697301171e-01,-3.150637742837963273e+00,1.358388314716538980e+00
-1.454706394682382831e+00,-1.584811650527074400e+00,2.788292388364000729e+00,1.484163192110518059e+00,-1.181053137585065693e+00
-1.783885334298056069e+00,-1.241749237725705113e+00,1.097790159383345232e+00,2.300584574863244747e+00,2.185858944338891607e+00
-3.295908692512670712e-01,-1.405466384507443545e+00,1.439066869590439834e+00,-5.544266256403875825e-01,3.396723680630197251e+00
6.376878761552231545e-01,-1.243661485614265816e+00,-3.109551292871294836e-01,-3.583230065478992810e+00,-1.053769181188078718e+00
-2.399932628144738622e+00,-1.189062193275859658e-01,2.797695240176565790e+00,-1.500947724205071276e+00,3.824159563466404954e-01
-1.714920286127724625e+00,3.136045775225089649e+00,5.512089051354855940e-01,9.967353324792724845e-01,1.388147228433368685e+00
1.888132879691898081e-01,1.615567656285423315e+00,2.780906493213855857e+00,-1.254602073504612836e+00,2.011671793163495536e+00
-1.212457717639002786e-01,-8.776073071524027602e-01,1.462729546084766019e+00,-2.633865440293866822e+00,-2.477555245539105222e+00
5.700412425621173007e-01,-3.816423058441332228e-01,-3.000213442794118723e+00,-2.430008393250595589e+00,7.894179112341742632e-01
-2.450655883631483789e+00,-3.158245430932896003e+00,1.289330771311993085e-01,2.054851289418282295e-02,-5.220687936654599959e-02
1.246444640193684839e+00,-1.217503004737274352e+00,1.464355883293947391e+00,-2.259975450007899678e+00,-2.390028243517665185e+00
3.125426039464101358e+00,1.040673572082394749e+00,-7.138996251506478652e-01,1.188957232300105860e+00,-1.795950615462476252e+00
-3.987092480082288781e-01,3.752929657265188013e+00,8.935953628212343069e-01,-7.123367156157642821e-01,-6.712776283343883099e-01
2.875299872250670408e+00,3.463176989374964765e-01,1.565148321955474264e+00,-2.200991168283962018e+00,5.645027045585160330e-01
1.782206826529503463e+00,-2.577061304123401619e+00,-1.877636078933052177e+00,3.383326856864324328e-01,-1.594524258563207564e+00
6.707168883528252801e-01,3.642420532047965231e+00,5.801727886690626335e-01,-4.511116651296013247e-01,-1.320155037965496714e+00
2.895476783489930206e+00,-2.033216260740576597e+00,1.846843341714317299e+00,-2.345181338614444888e-01,1.281278634277324968e-01
-5.405529327227809322e-01,-1.386402537075919872e+00,-3.994036725052293457e-01,-3.290776568914377531e+00,-1.672410479513839032e+00
-1.211254739218943499e-01,-7.886784578003160906e-01,1.019512224807864298e+00,-1.303326806875428456e+00,-3.553202635330010128e+00
3.395109853016446966e-01,-1.050248971440565393e+00,2.642925522483249523e+00,2.588340220936880431e+00,1.047448792130002859e+00
1.456457468301659341e+00,6.840693748969348675e-01,3.384632016494505180e+00,1.390406502113703091e+00,1.477044520544706085e-01
2.736877607504133447e+00,-1.207477441387568406e+00,1.767253455041633448e+00,2.176946263166126549e-01,-1.970005955675987463e+00
1.272532279378264297e+00,6.156827088196096393e-02,-3.789621968164907262e+00,8.836509624507796201e-02,-8.847538713394322019e-02
3.157292634357335981e+00,9.475632861626767656e-02,1.919274248126504379e+00,-6.519366630335942103e-01,-1.383433918584890288e+00
-2.185107309075326576e+00,-1.474745865976848203e+00,-2.500524209238519369e+00,-5.766795181022426053e-01,-1.570111489997834786e+00
1.113308761052569373e-01,-3.687484162159272216e+00,6.482036814410646608e-01,1.307168470855649911e+00,5.110856738525548781e-01
-1.118601411626557907e+00,-3.262479385306963131e+00,-4.359375039910510785e-01,-1.937950513317858281e+00,3.990807473422850471e-01
-6.253338020096594896e-01,6.721912392420581472e-01,3.011950221736968691e-01,-8.010060600486592630e-01,-3.797997817842116319e+00
-3.124927107997118814e+00,-6.393245144699494231e-01,7.995035225148670044e-01,-1.238799377907668475e+00,-1.911089990995824772e+00
-2.653861234743247977e+00,-2.176167419167962969e+00,6.685291474026175407e-02,-7.546090516080413702e-01,-1.909819828544262243e+00
1.666731552599301169e+00,3.408165624634247770e+00,-1.258153276169920454e-01,7.188460218830758919e-01,1.036264400040298517e+00
3.484311156557308831e+00,-2.814919261414013385e-01,-1.258621358122398393e+00,-1.445368735231630009e+00,3.272912401829891627e-01
-1.782800643968680820e-01,-2.387565443120925224e+00,2.838392923451975580e+00,-9.650090111961227013e-01,1.131384414715641551e+00
-1.943637383169320332e+00,1.920364340844568085e+00,-1.775673219992550234e+00,2.232469876103650552e+00,-6.305056615529840425e-01
3.285725008890677534e-01,1.233815637089337613e+00,3.210652322535544112e+00,1.983887251923522332e-01,2.005515560360230154e+00
-2.022928579297679441e+00,1.659006461176708302e-01,-1.108961996179007148e+00,2.548172580225485095e+00,2.038935195413547063e+00
-1.149028879239904599e+00,-1.946182371454581395e+00,2.299336427997829446e+00,2.322009597491053068e+00,4.619850990602729635e-01
-2.286467294738958156e+00,3.180854354380711624e-01,-4.009336684908045845e-01,3.122415418062699732e+00,8.721600291036750718e-01
1.589539129892212355e+00,3.199173203002271926e+00,1.332756459761730961e+00,-7.553682655656858147e-01,-9.443702526410707732e-01
-2.192205686672495712e+00,9.073321660702913238e-01,-3.957791421769929485e-01,6.556774667232990739e-01,3.128007112841005632e+00
-9.527479257048094841e-01,-5.314228269494691848e-01,-1.704286168040563432e+00,3.289282425643794028e+00,-1.042060915128626863e+00
-1.035360184592026389e+00,3.567077873889885620e-01,1.778514024798407034e+00,3.157774250628117674e+00,1.290789869902539522e+00
-2.756301006034763468e+00,-2.511469389292838583e-01,-2.557349368300805281e+00,1.297541524631575793e+00,-3.407054145540346912e-01
3.064672580951527614e+00,-1.621093499469665966e+00,2.431678843097109799e-01,7.710502623096383568e-01,1.823784173243552909e+00
-1.094014814570435923e-01,-1.982720453583345144e+00,-2.972803708413188861e+00,7.781164615498913362e-01,-1.616732446110712207e+00
2.044052440502447610e+00,1.187197025780547088e+00,-1.852134010966027367e+00,2.098372925639484521e+00,-1.605877801334801847e+00
3.015710057480067152e-01,1.389626230502905901e+00,1.225987341033000666e+00,-9.156664666677006847e-01,-3.411232010496726641e+00
2.176114859957141601e+00,1.100072241907081416e+00,-6.988589260334447939e-01,-2.813487612924239212e+00,1.284620112050438800e+00
3.268402154246836222e+00,1.388223515229078942e+00,-4.683519747025530200e-01,-9.641040071146349533e-01,-1.497174913340917790e+00
2.659347053346104023e-02,-1.510609058672029548e+00,-3.479932384334585849e-02,-3.657122929929124577e+00,-5.844603849959855157e-01
-3.169909536019099416e+00,-1.104118115241097930e+00,-1.009208182145887811e+00,-1.444144847711670288e+00,1.276143105207738770e+00
1.734370575825336047e+00,-2.210830390318470506e+00,-2.514882006604153841e-01,-2.823001181574516849e+00,-2.675924227496742080e-01
1.136890163861121739e+00,1.418351174459514086e+00,1.899958589629506589e+00,-6.777084914860296294e-01,2.937112401575046494e+00
2.495502141869788026e+00,8.974258763794442650e-01,1.521077152195146276e+00,-1.283503186397173756e+00,2.237418093228462634e+00
-6.621170623113051823e-01,1.936442705176665502e+00,8.997625130874372656e-01,1.306365555934766887e+00,-3.048873086842768476e+00
-3.113209176827607116e+00,-4.371518652908588237e-02,-1.019468083340156594e+00,-1.379942367589674923e+00,1.833701582309632094e+00
-2.650337574751369593e-02,-2.316741668427598988e+00,2.091726343908459018e+00,-2.365341535244912752e+00,8.135391426906770640e-01
-8.403940930181994506e-01,-1.899702380629142207e+00,3.233634260913607505e+00,5.739585529196546965e-01,9.481823029503189115e-01
1.131450816181096997e+00,2.973883297262327474e-01,1.671767364773137921e+00,2.244620962047093382e+00,-2.607345363914038039e+00
-3.680586591368759208e+00,-1.429660434601237817e+00,-6.226925618192764578e-01,-3.684303036331248310e-02,1.423023181149702387e-01
-2.007524221496977290e+00,1.153169164585482243e+00,-1.831549372169492429e+00,-1.302170262510973897e+00,-2.364281472813636320e+00
1.655597707090594062e+00,-7.894567049048095697e-01,-6.030950264107773906e-01,-3.502386672995859485e+00,7.292684894323307743e-02
9.103397485794288979e-01,3.145951853633103479e+00,-1.590969358743435036e+00,-2.438043663399719063e-01,1.638183264250934634e+00
4.657618531372255122e-01,3.908951178613198629e-01,1.104608798443464934e+00,2.429323660927881434e+00,2.916932096544518682e+00
-2.125520388573310271e+00,-9.373952262971332328e-01,-9.741971794658732531e-02,1.118320142371803882e+00,-3.056684924095911526e+00
-9.245263072435581930e-03,3.630674485869193890e-02,-9.162187466937636859e-01,-1.395055794162526119e+00,-3.634963395244711126e+00
1.496970251885801073e-01,-1.691660232438578992e+00,2.314326569275582557e+00,2.428518033237395013e+00,-1.364576546633212928e+00
9.694536417155963370e-01,2.250559773291246568e+00,7.673061094313612940e-02,-1.573631159217331321e+00,-2.740973865525213604e+00
-1.877220770163804398e+00,3.024712190038238990e+00,-1.989629107136688946e-01,1.213549465794840909e+00,1.347171036553673096e+00
2.343084942559090056e+00,-3.016453675783695942e+00,8.441788806659894506e-01,7.008915022571280407e-01,-4.550530664715486395e-01
2.876014608854712495e+00,-5.432668719531245083e-01,2.250083102887406650e+00,-4.536317704574091003e-01,-1.471307351447955547e+00
-3.787547294145646726e-01,1.663115807583092520e+00,2.151932140276333616e+00,-2.299435372693050095e+00,-1.781116418420488179e+00
2.732904325438133331e+00,9.784619453287267399e-02,2.303235727275867895e+00,1.789813780894085937e+00,-1.154637802022758786e-01
-4.550618778680162180e-01,-2.403779259916256628e+00,-3.015079734665707001e+00,2.282559143175275085e-01,-9.337865859471987662e-01
3.880812843497165043e-01,-2.767417698893420042e+00,-5.797472116879186510e-01,-2.170131513641923693e+00,1.773475283342628606e+00
3.205952002275941348e-01,-1.980396624849627640e+00,-1.193558870877084732e-01,3.225902737540372378e+00,1.246817398828821144e+00
-1.116040423562273842e+00,-1.247059032912090970e+00,-1.862671705434204350e+00,1.952635334622213836e+00,2.432481635936215802e+00
8.472993622999406282e-01,-1.043300888579992369e+00,-2.036041794728161936e+00,-1.137222525754553043e-01,3.167839659124748408e+00
-1.612878159740080752e+00,-3.338175565545877799e-01,-1.793139732210506931e+00,2.991423400323278692e+00,1.059823486027611228e+00
9.178878179484410982e-01,1.550007781180888777e+00,7.082347971460625224e-01,-3.095960277900906554e-01,-3.486762338277247686e+00
-2.068948418098673081e-01,3.113456087742723977e+00,1.176387211638338481e+00,-7.368205744072158225e-01,-2.082497126901797113e+00
-1.561626003015873065e+00,-7.725143576569187820e-01,1.244245740883902773e-01,1.147235855331024679e+00,3.410705823070116161e+00
2.353535112509746341e+00,-1.642443578976931162e+00,5.566057895046184756e-01,-1.446549454262101353e+00,-2.315369567806647932e+00
-2.005235278930399545e+00,1.766463096522495890e+00,-1.071966820302337753e-01,-2.175645660821889482e+00,2.028229384134268010e+00
1.228177216722537102e+00,3.184548314987321049e-01,2.610793389431743883e+00,2.519927213996283388e+00,1.106296505679753794e+00
1.759723316951336436e+00,-1.117200201413559163e-01,-8.685900768618930456e-01,2.601834180494683846e+00,-2.316657648523840152e+00
1.315571044709082926e+00,-3.016818894726739919e-01,3.487336414059723833e+00,-1.066252524372220956e+00,9.380038130680402597e-01
-1.702391448481105352e+00,-2.206661382993091891e+00,-7.560755807763792635e-01,-2.369731809271425682e+00,-1.430115297878550518e+00
1.352078026597427041e+00,2.510431754394366610e+00,1.131301714477718212e+00,5.001538729926338078e-01,2.517860192836582467e+00
-2.477206444332482604e+00,2.237858933690308305e+00,1.302114583868720477e+00,1.352210363441444185e+00,1.153889235818603698e+00
-2.716841366053216689e+00,-8.024494869639962891e-02,2.253887088295882357e+00,1.835654821015139548e+00,-4.033585392771433797e-01
-2.536219856412277540e+00,-7.270702295126315606e-01,3.969354030059485394e-01,1.055515983567344440e+00,-2.786985112190393910e+00
-2.850657996244141845e+00,4.708636666153296346e-01,2.491067341642480226e+00,-1.173313984830728574e+00,2.644885409877086313e-01
7.620275930218645133e-01,-7.788612467705950948e-01,1.912874398603310988e+00,-3.030500214751796317e+00,-1.403448997758592443e+00
5.257736685076122019e-01,-6.295087982244804148e-02,-3.286556309652453489e+00,-1.082043401446761033e+00,-1.935801884776124915e+00
1.147243738624690090e+00,-2.120327956155518834e+00,6.949815040399175414e-01,-1.624780692556787809e+00,2.658031145917763904e+00
6.878929738623505985e-01,2.412512648500921841e-01,-1.494140583746797590e+00,-1.935004479883966289e+00,3.080893159872442055e+00
-7.397908842548055197e-02,3.797723453881608702e+00,-7.089537312292003568e-01,-4.687640567447129425e-01,-9.216661697131524056e-01
4.172733222814519749e-01,-1.491057731763949512e+00,2.167260516947111082e+00,2.028842830945666531e+00,-2.188471711962862276e+00
3.036945805876209104e+00,-8.832191369222524013e-01,-1.192251080847527511e+00,-2.785563546799096901e-01,-2.120808300113556921e+00
-2.392674702990638114e+00,-1.017861456687895183e+00,2.336433767140172202e-01,-8.786434033532352084e-01,-2.900424514259829945e+00
-7.942790803428259605e-02,1.720470100313062911e+00,-1.945067107317979493e+00,3.974702677080327873e-01,-3.015361533161791119e+00
2.252113572343954928e+00,-5.733516843894149728e-01,-4.677497769191569787e-01,1.081308460392734538e+00,-3.035001558969474544e+00
2.499092876546074926e+00,-2.195704351113238140e+00,-1.284643454010911956e+00,-8.150412880275980099e-01,-1.618275653829188476e+00
-8.274431212524278045e-01,-1.815798368190451706e+00,-6.831272112640680572e-01,3.255689963724986313e+00,-9.757224197997632631e-01
1.610402153840790884e+00,-1.579342743180739639e+00,-6.616551633587641756e-01,-7.448219973960602536e-01,-3.149560928044242925e+00
4.128544188487791033e-01,3.072561926337854743e+00,-1.381576294802283167e+00,1.836304551964408116e+00,-1.052685599659858529e+00
1.984723845306112677e+00,-1.049916721619043258e+00,-2.816571912983031112e+00,1.693926467313211059e+00,3.950720413657847208e-01
-1.726435698459319878e+00,-1.539964114252284633e+00,2.462459889941520430e+00,-1.422712515299927816e+00,1.600034591856877686e+00
1.341224162405047826e+00,-1.772025723392735230e+00,-2.477380479641838829e+00,-2.164801060095758789e+00,4.870984614153296421e-01
2.137090103046749956e+00,-2.066978616114694578e+00,2.011324903461059410e+00,-1.418794230542901547e+00,-1.049781099124836192e+00
-1.169618067875365819e+00,-8.011586789313845935e-01,1.445331137783862685e+00,2.247382689507925413e+00,2.617332095001500658e+00
-1.574553187138767241e+00,-2.527915847499447199e+00,-2.591364819792326912e+00,-3.676050717758314601e-01,-5.292623269983105505e-01
1.776641351722419104e+00,2.298546478122715175e+00,1.083336376549782987e+00,1.645538162783908964e+00,-1.918023994981643554e+00
2.102927819422527822e+00,2.447488473168755618e+00,1.956463736834456180e+00,-3.878433710292813474e-01,1.268590527319703565e+00
-2.560010308286253533e+00,5.142407666185498660e-02,-1.428485584237200623e+00,-2.603926962479638618e+00,7.891109525951717218e-01
-2.847367748997726267e+00,-1.581857706999253432e+00,-1.361127250949248912e-01,-1.714011363386096498e+00,1.560083801923876301e+00
2.862840672513062845e+00,-1.309981976954066318e-01,-2.044122429525026430e+00,-7.036667146109009119e-01,1.764482758166516119e+00
-6.730705205164775329e-01,-2.675207026371666519e+00,-5.769279066517198906e-01,2.835452832029275783e+00,-1.326833385431862022e-01
2.876922808206642035e+00,-1.789576372626727752e+00,1.683091347495740520e+00,5.071549636140516570e-01,1.196130812671914123e+00
-2.685693856598909690e+00,-6.010897885707765509e-01,1.121308971643901753e-01,2.869484867366439484e+00,4.233471773366718205e-01
6.018865685848716618e-01,1.559393488059889199e-01,1.608949454372870180e+00,-3.549137743572671866e+00,-6.544603948843815688e-01
2.286473382016977141e+00,-1.515054794188366527e+00,2.313146511402385919e+00,-1.336785422486436614e+00,-1.157154438676802455e+00
2.370829307569704447e+00,1.857492581365910223e+00,1.034691077663594916e+00,2.405713250071639830e+00,-2.661725695338643116e-01
2.218707858733316662e+00,-2.892799776770619280e-01,-1.874783448809174358e+00,-1.836260424091400223e+00,-2.026570306477677885e+00
-2.920413150342209829e-01,-1.644033416143529491e+00,6.330393326028831424e-01,-2.711427773567833821e+00,-2.336511636825118643e+00
-3.176284510623061941e-01,-1.486964861974336749e+00,1.990803748526261296e+00,1.982237659528003793e+00,-2.407380726501757717e+00
-1.546384008535766630e-01,1.138820605991869572e-01,-1.055721271492565894e+00,9.575833002982057085e-01,3.732506485079864600e+00
-1.615972483093174761e+00,1.317772057550599674e-01,-7.832297866088844263e-01,2.324396520886864437e+00,2.712010253849846730e+00
-2.637876073552223755e+00,-1.822358406247197360e+00,7.418965189839803187e-02,1.542290458303917644e+00,1.826596752853996586e+00
1.261647198881646226e+00,-8.418569740695389658e-01,1.952603765816152581e+00,-3.140676537289130543e+00,-1.516990527548302270e-01
3.914677347794283335e+00,-4.965058341861456337e-01,2.648540030936909484e-01,-3.510584220289895974e-02,-5.978320467940018146e-01
-1.864433420110809481e+00,-1.590363155707955167e+00,-1.147067591245049867e+00,1.253672659278891155e+00,-2.665928329762901949e+00
-1.459350095229368316e+00,1.945710982575314718e+00,1.283330307185163610e+00,-2.900926580673838462e+00,1.489777434379528365e-01
-1.539487934876100361e+00,-1.553602973351562722e-01,4.238705684884912506e-01,-3.513773104765493649e+00,1.039024728184443358e+00
-1.496251542154591885e+00,5.993385869540610728e-02,-4.169378343903061834e-01,3.674543624731661851e+00,-2.855367706263243210e-01
-2.197562512231566512e+00,2.145705674026453735e+00,3.831727524287779629e-01,2.532203806855340300e+00,-8.825354173428268112e-02
3.767620155254347014e-01,-2.711339868821820875e+00,1.215236592969117790e+00,2.269606924894630673e+00,1.370682650715923323e+00
-4.127164862191521899e-01,-3.553079833932712539e+00,3.826601565161932283e-01,1.111950246480360116e+00,1.349972832938083789e+00
2.518889863307667731e+00,2.522118127988173697e+00,1.337390289305462998e+00,6.549080630559031002e-01,-1.037591754022325841e+00
4.241304901166977892e-01,-3.635764272342197900e-01,2.647326365018328964e+00,2.824466939926827624e+00,-8.378395617611990032e-01
1.285097582252335391e+00,1.388944182392492399e+00,1.838156973684835549e+00,-2.792157544146856019e+00,1.115523846022510535e+00
-4.965838485853153461e-01,-1.058750990189813113e+00,2.775148017942222989e+00,-2.632412364666877558e+00,-3.754254861589798736e-02
-2.862368349242034871e+00,1.191451297686262789e+00,1.168499175756096964e+00,-4.476829571055711554e-01,-2.195787076351821465e+00
1.371292392654161092e-02,3.101286634372097506e+00,-9.788916257666818721e-01,1.794983558096727494e+00,-1.483791891859722378e+00
-2.209615829459921355e-01,3.242303331124151144e-01,-1.179703463207477238e-01,-2.536437899851037958e+00,-3.065716302520510528e+00
-6.931986069044985266e-01,2.868705835316811559e+00,7.073250994504652889e-01,1.580860078075911224e+00,-2.071370352939847503e+00
2.949114631039302825e+00,-2.449181506285874832e+00,2.004938187785195169e-01,-7.200925137344432736e-01,-8.634244857266833995e-01
1.562405541429738198e+00,-7.290557956247136762e-01,5.239696914833608110e-01,-2.269922112139483694e+00,2.756859796616926150e+00
-1.062567428706212291e-01,1.765416097744879620e+00,-1.379570732740421635e+00,3.297290578650991399e+00,3.109259392897906205e-01
1.973565241099962952e-01,-1.802024404739380747e+00,-2.534928193364446081e+00,-2.493683595410732590e+00,-2.635139988318777049e-01
1.169991209918946007e+00,6.310738670439792752e-01,-1.526305641805617563e+00,-3.189490062208958587e+00,1.315450711318820964e+00
-7.312994850545417869e-01,7.883110116649608146e-02,-2.737546002976121162e+00,-2.666458984210606342e+00,9.245675139003330933e-01
-1.948391414527268939e+00,1.187953792849000934e+00,7.008681235442371094e-02,-2.434968168881822770e+00,2.204212906485758516e+00
-2.696436257968230166e+00,-2.077916608773371809e+00,-1.169859457529595748e+00,8.151264836673103309e-01,-1.542235954369753026e+00
-2.264933867597025863e+00,1.934130355732890605e+00,-1.854716716705782975e+00,1.413398122173769311e-01,-1.915532119464202321e+00
-2.399513113972961520e+00,5.328597118603072280e-01,1.195942735811607260e+00,-2.886964177664765430e+00,4.399501709145989814e-01
8.985514102470892883e-02,-1.769690103023616956e+00,-2.235916107105178074e+00,2.825955193003312771e-01,2.789433979744043057e+00
-3.339901862652633557e+00,1.787738355090385534e-01,-4.935249379213139109e-01,-1.568049917774119617e+00,-1.452841372829531075e+00
4.764826920151928880e-01,-1.011264319453524907e+00,-1.725539256414670986e+00,3.351609506306604036e+00,-7.345316277855292730e-01
2.070814911243163525e+00,-1.675318173620547579e+00,2.050214820998792487e+00,-2.043128206723792140e+00,-7.261411289523477253e-01
-8.649667665340834977e-02,-9.862320963915249816e-01,-1.474806850208514319e+00,1.958641139010519172e+00,-3.001422032991813094e+00
1.426631764383815337e+00,-1.989333934926370340e+00,-2.470296831296148632e+00,1.933839725579357793e+00,-4.064108577054070248e-01
-1.185671863545536109e+00,-4.454646129378670993e-01,-1.718901266377374171e+00,-3.249821744089788744e+00,-9.379661927297979762e-01
-1.146247810174743975e+00,-3.237312838791551517e+00,-1.066229286503235452e+00,3.758644205666973326e-01,1.711082285402969916e+00
-6.465089676016131347e-03,3.475442155995703608e+00,-2.196884838406394924e-01,8.995875294276146628e-01,-1.750354041304085451e+00
-1.811673085037476816e-02,3.242923158230420544e+00,1.066446836567973566e+00,-5.331994556186048922e-02,-2.083979199045798314e+00
4.142307000122054383e-02,-4.266033000833505673e-01,1.088143826512036005e+00,7.684322559375671435e-01,3.747232129784344945e+00
2.064801966413729595e+00,-1.563688835896595464e+00,1.510739408028889175e+00,-1.984685039161981468e+00,-1.752187718351395862e+00
4.961777903523306166e-01,1.548964107364880993e+00,4.005858498303923043e-01,2.646234100460959748e+00,2.488271258711484801e+00
-1.694194726700719134e+00,1.457771097608242750e+00,5.450717102612603199e-02,-5.952746382708921091e-01,3.263017733377451712e+00
-1.823786399984563156e+00,1.585431675962525044e-01,5.130708159862100715e-01,3.305388993028500089e+00,1.208233906902622667e+00
-3.137119290000246252e+00,-7.195388005857742408e-01,-1.619065132821219111e+00,1.506027835199854170e+00,8.667495197839950594e-01
-5.021973653486910827e-01,-2.383606003188588396e+00,-1.950850718713587062e+00,2.494117528352972180e+00,-1.994478775452225294e-01
3.763885051163818662e+00,-6.829882279973077397e-01,-3.530419327994818723e-01,3.523759483925946734e-01,-1.057302693991773790e+00
2.648878928219877249e+00,2.579491218728797164e-01,-1.276067142682896227e+00,-1.813731960803302012e+00,1.999732906136077792e+00
-1.767947990806081615e-01,1.308967291447758141e+00,-3.426112188958630789e+00,1.536199226512777294e+00,3.964787939708891429e-01
-1.704236375109862589e+00,-1.439916879359454394e-01,-3.235807206915402467e+00,7.848720434742528784e-01,-1.410096580594621951e+00
-2.721734892299281228e+00,1.089894632108308725e+00,-1.741711854318082342e-01,2.313864570613160421e+00,1.421261416477831441e+00
1.940354068213349992e+00,1.795121080606887576e+00,-2.912912338409507029e+00,-2.832409797573510191e-01,6.687919348021598154e-01
-2.085683619984677328e+00,1.223589283213511458e-01,-1.452615660543260967e+00,2.440527093223356037e+00,-1.889096974740811063e+00
2.645085642797996073e+00,-4.182246584343469187e-01,1.326450106405901996e+00,2.461988184587269313e+00,1.003869698471787641e+00
1.295288467986997816e+00,1.456240580132069029e+00,2.704911853507668607e+00,-2.129867248383595868e+00,-5.905154752359232928e-01
-1.145588480038666868e+00,1.332460585737003544e+00,-2.091849289732768735e+00,-4.741990717711949688e-01,-2.882963338517496421e+00
-6.157542276815257676e-01,-3.988382569582159948e-02,3.152780488012118187e+00,2.059740906801208915e+00,-1.198623628500621541e+00
-2.264039799545591869e+00,-1.458677331921742537e+00,2.031174780656229473e+00,-2.026627012473745104e+00,7.165864847658521830e-01
-6.137938118466857995e-01,3.300403527697078232e+00,2.493640087494008450e-01,1.242566103820520684e+00,-1.767608774497376523e+00
-1.886156796680226733e-01,2.788958868194651775e+00,8.933235274678597015e-01,-2.531352269127913779e+00,9.901319718881507193e-01
-3.588550194821530148e+00,-8.083489176287984579e-01,-1.847849514450218555e-01,-1.095782606828844097e+00,-1.110853062698011540e+00
-6.996983086639931848e-01,-9.247868737111318849e-01,3.046720414051601100e+00,2.317893204667859752e+00,-7.571355237649696895e-03
6.482811634067499051e-01,2.064796064707257628e+00,8.619554877602391141e-01,-2.412484176935942859e+00,-2.180206774022851679e+00
1.169846905225736089e+00,4.769079268049836173e-02,-2.131459889689840015e+00,-3.175679664445763439e+00,3.348453518107068205e-02
1.061069101099141099e+00,-2.001119535932360360e+00,-4.774100266801493686e-01,1.181745870887841582e-01,3.260025674591255473e+00
-6.216537631163855382e-01,3.141927712525028671e+00,5.556019370830231896e-01,-2.267475036820203904e+00,5.400928558843235416e-01
3.859090522428986758e-01,-7.260896640915230904e-01,-2.551340782693017672e+00,-2.837436382946605384e+00,8.737751349144180502e-01
2.705633967408354490e+00,1.556990834942209467e+00,-1.180454884435301555e+00,-1.122125271781699407e+00,1.898074159392559856e+00
-1.264544012659221339e+00,2.158598557324671319e+00,4.987457876339331242e-01,-7.503325866977218483e-01,2.988249379991649413e+00
-3.320771176456794649e+00,-1.672063886125785270e-01,1.380885671612194443e+00,-1.737111548585307697e+00,-1.418416262194786004e-01
4.391756912433149584e-01,2.104237074367563576e+00,2.985814235248888782e+00,3.960072633449386870e-01,-1.519013708641609561e+00
5.737908837598425515e-01,9.709406907311510793e-01,-9.471801947901963281e-01,2.387718697168938198e-01,3.711317268790923940e+00
7.345334633413510561e-01,-1.724320490170637044e+00,-2.889787992785771475e+00,-1.428437148576347626e+00,-1.447712715882438772e+00
1.007568986546288237e+00,-4.207206693548288801e-01,6.927668826369377808e-02,5.001745331091009827e-01,3.814816513624216032e+00
-1.876604711062418440e+00,-1.955337896701045741e+00,-1.720476743261263985e+00,-2.386346475614776530e+00,1.785335713849948991e-02
1.789646910235045185e+00,1.035383230939761479e+00,2.265253410847292148e+00,-1.221046130203915059e+00,-2.258941972325462899e+00
3.254227746386190390e+00,2.418657236304494196e-01,-1.091635712816793502e+00,-1.768687147443047891e+00,-1.015667264095739153e+00
2.481467905367062077e+00,-7.294470330716054107e-01,2.313036162402365647e+00,-1.599672187695682091e+00,1.183696187333593830e+00
1.651004337204826422e+00,-1.025911020777207971e+00,-1.131499739028631213e+00,1.107657882660392890e+00,3.116808241059619178e+00
-2.859433798889659428e+00,-1.209425225272537929e+00,3.022982832651563978e-01,2.266383833758399913e+00,1.064447763046847850e+00
3.505434715559741399e+00,-1.618307640200952413e+00,9.029268209511632781e-01,-5.264624789133427463e-01,2.383801416363737907e-02
2.390054599350571518e+00,1.183379562828724474e+00,-9.414117108713865312e-02,2.070532653970940551e+00,-2.142728118812293303e+00
3.026603926563139479e-01,1.964089590084218129e+00,1.066404399554610638e+00,-2.104350433156041866e+00,-2.546613374646116590e+00
-9.621419104585500204e-01,2.658466701977008420e-02,-1.469845147723214174e+00,-3.280818371656037513e+00,1.466070343993551628e+00
-5.915491848876058834e-01,2.625315000975303903e+00,6.595509607181727629e-01,6.980064609172275114e-01,2.799208855774501181e+00
6.364859518251000381e-01,-1.224961546964874026e+00,-3.021345455901475852e+00,8.319868437595177024e-01,2.067274623629211661e+00
-3.284067955818115614e+00,-1.537532755087657188e+00,1.765727655476305794e-02,-1.683083021457178474e-01,1.679955721027991622e+00
-2.283490648345318341e+00,-4.607703730999219705e-01,5.708331672907061005e-01,-2.554184223059914327e+00,1.929677064170458589e+00
-1.338352205712714627e+00,-9.647006248147048380e-02,2.778714322075186427e+00,-2.061432479893556380e+00,1.492899778164251900e+00
1.234571654363134874e+00,1.063409415762017529e+00,1.508155895858477313e+00,-1.746560718088440822e+00,2.831957749778315492e+00
-3.440727584768185743e+00,-7.935650676248785507e-01,-2.673472240404969336e-01,-4.323470466144450630e-01,-1.809212443010057125e+00
1.390766201894349408e+00,-4.118725937086672451e-01,2.228642099289587009e+00,4.693362973242947156e-01,2.951102873758908007e+00
-4.825965136156070145e-01,8.416796033372592190e-02,-1.420146139981897537e+00,-2.288465683173008358e+00,2.916526378679495934e+00
2.033381261188768718e+00,6.954291723817098703e-01,6.912548051449525222e-01,3.119055265466964766e+00,-1.084158640685799702e+00
-1.862688914426584644e-02,3.388739732414646877e+00,-3.797133168800728015e-02,-2.075867684945839287e+00,4.532412133980697200e-01
7.942893318709094430e-01,1.662590096063936818e+00,-1.950425805259787149e+00,-2.965841821369918918e+00,6.723167806955768211e-02
-2.567580118217790641e+00,-4.207708562597076152e-01,7.777468947142381905e-01,-7.477865787881783355e-01,2.840142465335465438e+00
8.897675118455399268e-01,-3.984210074626123865e-02,-2.460533270300857112e+00,2.676217706454735445e+00,-1.410801614428139894e+00
-6.350309871561617969e-01,2.352963253174070957e+00,1.831900150534934824e+00,-1.138751842619726951e+00,2.325443109165267419e+00
2.131381558265370124e+00,3.232871502057352853e+00,2.367857941953090128e-01,6.956250180010059569e-01,-6.824901656947955919e-01
-6.991305291974241332e-01,9.519540245181488114e-01,-3.023192020333339336e+00,-2.289896891019958414e+00,-4.708314720128423669e-01
1.742957349514469456e+00,2.447315269823095996e+00,-1.296014178199026201e+00,1.732688220186664907e+00,-1.513567451221673688e+00
-1.935663093859718353e+00,-1.594955406249491947e+00,1.308743181756760077e+00,-2.202059828836898436e+00,1.774105248730452944e+00
2.297522349961460097e+00,-2.154861656723966679e+00,-5.898761793677151921e-01,7.241856464928844161e-01,2.281570409660118592e+00
-2.221235274868119447e+00,-2.453634075318668728e+00,-3.134393521568331065e-01,1.992130633553963692e+00,9.894265963132576891e-01
1.114445135423217437e+00,-1.350172787643656003e+00,2.497156811002270160e+00,-2.460602988764649890e+00,8.029235807880668041e-01
2.967758080455404013e+00,2.202211251547545601e+00,-1.416476667233148357e+00,-2.619473017494718947e-01,5.173538844343341658e-01
-2.839757169798469150e+00,1.465619981375919367e-01,2.505709421861546105e+00,-5.846074106611888199e-01,-1.137520666130688696e+00
-1.743562521205901161e+00,-2.991438669532373140e+00,-7.779749678733097196e-02,-7.419098354814308571e-01,-1.858709704763507942e+00
2.905982718526618935e+00,-6.272604961366954335e-01,-2.791933281113736509e-01,-2.098044786024555020e+00,1.637702009214210719e+00
2.054359211994061241e+00,-2.440469483867848233e+00,1.585613043486253648e+00,1.663534546141982817e+00,7.363430019517966940e-01
3.382178444451266586e+00,-1.684005684231708599e-01,6.442144542483903003e-01,9.430669206090533940e-01,1.796697731571554435e+00
1.838104324194605663e-02,3.070740010066317915e-01,1.576697280631347287e+00,3.435656646732930586e+00,1.271084885507125950e+00
-1.868390177507189609e+00,-1.584716768678065213e+00,-1.288939287919194099e+00,-2.880349130045507522e+00,-2.000382682629726072e-01
-1.151890531904291803e+00,1.224155958462758820e+00,1.121745206240500448e+00,-1.380033345817038848e+00,3.164140649304145292e+00
-1.906621148391441256e+00,4.125294580561730817e-01,-5.630191646073003792e-02,-3.472137881627921807e+00,-3.683800590553116816e-01
-1.059129639133802314e+00,2.142329599357441161e+00,7.802403933925693147e-02,2.177525278510781259e+00,-2.353925276205049322e+00
6.989899987550821647e-01,-3.174504910554893922e+00,2.085659318783538385e+00,-8.876560333782379519e-01,-5.440804415542191963e-01
-6.251309017535966461e-01,-3.755097093842164613e-01,1.132136905304045982e+00,2.316535219791116873e+00,-2.969871111167421862e+00
-2.808369707403537863e+00,1.899041248668969395e+00,7.195088184146372079e-01,2.301907929987418409e-03,1.997249028998494103e+00
-2.950699205282470761e+00,-1.069565353360884652e+00,8.313761686242274185e-02,-6.871912303792677701e-01,-2.381230880109625581e+00
-2.595818719581920675e+00,-2.256137274053042319e+00,1.114725813615637495e+00,1.711292651894559036e+00,2.082296153843762529e-02
-1.130208166773243539e+00,3.714993285370624676e-01,2.148711135540473383e-01,-1.278725600630056247e+00,3.592117619386776539e+00
3.353663890684253523e+00,1.162815485950860594e+00,-1.591193356143589394e-02,-8.555433892633880211e-01,-1.633582251804747809e+00
2.130562486780147147e+00,1.320237654250228765e+00,-1.593023460560534454e+00,-9.418171911696988918e-02,2.677887616034877016e+00
-6.217741961856496635e-01,-3.349061525339142253e+00,-1.904014599751958081e-01,3.299568055107858222e-01,-2.062052263883527026e+00
1.008020474108493270e+00,2.432710895546887464e+00,1.492894509927163549e+00,2.394292511672909407e-01,-2.603795698279792514e+00
-2.939102128768386724e+00,2.380526383355534570e-01,-1.381908506961872618e+00,-1.683005669143398331e+00,1.600884260047618524e+00
-7.941324259052640056e-01,3.034423945409658430e+00,2.430546500678731459e+00,-4.613689218099766842e-01,2.029961469500815852e-01
-2.432165471912470345e+00,8.984702988809817326e-01,1.224355395551319337e+00,1.644752441569622192e+00,2.252346667500509270e+00
2.359064818648579087e-01,-8.935337944420186362e-01,-3.182982030279364327e+00,-2.024092071935511328e+00,-9.579259727404090263e-01
-3.870017973860913618e-01,3.132189286970719078e+00,2.097031878066166311e+00,-9.884670508998602001e-01,8.154814964580201497e-01
2.407237579416793505e+00,1.568457595564970886e+00,-2.419307324568807260e+00,-6.547714560792722294e-01,-1.209700135054003534e+00
-1.762506446218339073e+00,1.819290213739962470e+00,-1.427987741616190798e+00,1.017417929177868219e+00,2.551365499572750384e+00
-1.302622920443042842e+00,-6.507142613503388295e-01,4.904507065984635705e-01,-7.097781778553988730e-01,-3.624281655700762883e+00
3.273684017432348270e+00,1.328960631536932446e+00,-1.246743642924789119e-01,8.678749079681823408e-01,-1.657741246648717581e+00
-2.387228074159777336e+00,-1.612297860406252781e+00,2.377785168240311720e+00,4.574677249581021732e-03,-1.430997727914785411e+00
-1.159488619496388040e+00,-3.345680779251847703e+00,-7.495794942323245891e-02,1.322825653791321887e+00,1.306338340589042968e+00
-1.225116454296614865e+00,-1.951383526061620133e+00,2.123350578278589487e-02,-2.897000599488195771e+00,-1.515958004835297190e+00
2.928655351690696573e+00,2.309827213722023487e+00,1.409147952610681598e+00,2.630092012216352915e-01,-1.811195226597012153e-01
6.812787566927553939e-01,-1.935127417756610457e+00,-2.316937366854561198e+00,-1.734278558792296865e+00,1.848031453009438163e+00
-8.973034980189856791e-01,-2.906963536926065128e+00,5.769351919456957578e-01,2.468020667407914814e+00,5.660646579386187094e-01
-2.443809013608888581e+00,1.037032134693991692e+00,-2.703566176051845016e+00,1.223788364129466899e+00,-3.813578741100037139e-01
-1.591521462289751776e+00,-1.018288361091492344e+00,2.237665859072652363e+00,2.468039928238376923e+00,1.154027150676469216e+00
1.458637024603903098e+00,-7.230083563838209937e-01,-2.067245323493296816e+00,1.722635440001683227e+00,-2.471570525070879043e+00
-2.038799073187056887e+00,2.683197993407351878e-01,1.645118561775487320e+00,-2.880325191674289798e+00,-8.767066398525584781e-01
2.480944135775645432e+00,-1.672859077337545408e-01,-2.546541554015837150e+00,-1.630038592458036839e-01,1.818099963086658333e+00
1.787877059913493438e+00,-2.681456513441286216e+00,2.039223898948938185e+00,-5.271364479374259782e-01,-1.084886925153856208e+00
1.072513541515090818e+00,-1.840452709805300513e+00,-2.031203960050604052e-01,-1.779228734236406151e+00,-2.873244810702936025e+00
8.164200345615810761e-01,3.080085398572182331e+00,-1.072286626198140524e+00,-1.820061238805886772e+00,1.176482359809061684e+00
-1.477541772341886217e+00,-2.945818726782201136e+00,-2.556116117403645638e-01,-7.237358290928917748e-02,2.251321191737076788e+00
-6.901315446639368079e-02,1.670208985470489127e+00,1.718045210012859814e+00,1.198773896522649318e+00,2.969326679692218196e+00
-3.270681693826191783e+00,1.728849194383681454e+00,-4.985840830508845856e-01,-1.415896955133453705e+00,2.457060140111612112e-01
2.558988536264745206e-01,1.886058191157362618e+00,-2.965882407616664107e+00,-1.889697001159065026e+00,9.943371803009823373e-02
-9.108852639649421823e-01,1.545453608643355459e+00,-3.437429725371747402e+00,6.099110414272274072e-01,-7.706793004217892262e-01
-4.081327539504993607e-01,2.721726397975494649e+00,-2.271175756904198373e+00,-1.802992231286565161e+00,1.288905151167295815e-01
-3.486152936035606942e+00,2.167929330222518325e-01,6.343429068543552374e-01,-1.843157043201631540e+00,1.094172663296357102e-02
