2.315256718468525210e-01,-7.207726494982859278e-02,-1.516807959903491154e-01,9.618001922876238258e-03,9.000645154632748446e-02
-2.187941503352808237e-01,3.058988585868259447e-02,1.870025298078304143e-01,1.261697876754618898e-02,7.787325827565004521e-02
1.462541207041309632e-01,4.341604755319090903e-02,-3.527466398934354930e-02,1.646051480668993539e-01,1.959224905472406741e-01
1.969405717853380255e-01,-1.359087872909859052e-01,-1.476219482559052443e-01,-8.358710887240911047e-02,6.296164185788453993e-02
1.745108023853291224e-01,-1.491445440045977844e-01,-1.482376816086672655e-01,-1.225363883521345537e-01,1.767224166288521026e-02
7.286322880205227392e-02,1.813385598932278631e-01,-1.805838528288145062e-02,2.268826179706667501e-01,-2.334302495710432242e-03
1.253558678063973753e-01,-1.603872401018691385e-01,-1.332680127690341887e-01,-1.708215998138584157e-01,-4.026732457758953887e-02
-1.256971903991307149e-01,1.449638221624093282e-01,1.411864471708056956e-01,1.665094966014047939e-01,7.434165229978449696e-02
-1.917961013300015782e-01,1.408255902636179058e-01,1.465245402279288511e-01,9.264862846704642607e-02,-5.769921486194237031e-02
2.119412094407005787e-01,7.698199412892511861e-02,-1.469674912744615425e-01,1.286549635651764167e-01,-3.167259350418642067e-02
-7.681059211208296142e-03,1.852049191121175054e-01,5.253883938233365469e-02,2.270388569537344359e-01,3.651256024393456645e-02
-1.792884582666854354e-01,-3.671476118133936567e-02,1.721609888178542436e-01,-2.172123207487583474e-02,1.624698650524467602e-01
-2.410710757118402284e-02,-1.938841478069713853e-01,-1.729932571495612983e-02,-2.268310631987739134e-01,8.728498819241804069e-03
7.242254633538056097e-02,-1.963264638521808325e-01,-8.010910510124837070e-02,-1.971182429772437295e-01,3.062391123026931075e-02
9.938790771356292852e-02,-1.855343489087350473e-01,-5.545105369865416245e-02,-1.243410545535720696e-01,1.648136279909724888e-01
1.675988874340632595e-01,-1.155752798572445283e-01,-7.807517337984384853e-02,-1.018558058605163914e-02,2.057996328145805243e-01
-6.030032349521190910e-02,-1.701987752055930114e-01,-6.349225884271192735e-03,-2.333570659829925509e-01,-5.385550103163613128e-02
8.808071627748377541e-02,-1.602472331731433774e-01,-1.170679652567782753e-01,-1.933366733847242114e-01,-7.401779458727349159e-02
-6.071385724647376109e-02,1.762083790978268560e-01,9.345590370191653173e-02,2.095013271856045189e-01,5.137725804964402010e-02
2.294441121719447141e-01,-1.045452589612205514e-03,-1.820656869330361527e-01,3.301207920202328672e-02,-5.582646941077287067e-02
-2.176740323093239726e-01,3.466356166179524606e-02,1.870698864800426076e-01,1.771794619572330046e-02,7.814976075502566566e-02
7.589537854579214704e-02,1.422534182062570873e-01,7.470935234616037264e-03,2.274833115404873707e-01,1.104508244483505541e-01
1.684444660227508994e-01,-1.244388532344733733e-01,-1.632429221384830154e-01,-1.262965956404460133e-01,-5.951766102025793370e-02
1.055707985859595799e-01,-1.901434191482908043e-01,-7.023135209494846265e-02,-1.402642621578892024e-01,1.345131242100133240e-01
1.365873961112156476e-01,-1.749054395762747738e-01,-1.229254986543452249e-01,-1.577379111690798419e-01,2.756888809480708899e-02
-1.985122900100830534e-01,-9.008553125142491902e-02,1.476190549525003004e-01,-1.241302765060610797e-01,7.264817164637214775e-02
-1.635333588159659235e-01,1.201129590316835777e-01,7.565832855658695399e-02,1.595710704810098662e-02,-2.070046030447164065e-01
-1.240530748328882160e-01,1.595848231376826853e-01,1.332883982087223751e-01,1.716328316177548607e-01,4.381658204886384328e-02
-2.003965698325735623e-01,-5.332951152473440481e-02,9.785919765634480683e-02,-1.565336315694320080e-01,-1.136572814280433497e-01
-3.052363315906890875e-02,1.944746320663131856e-01,5.988723860388325132e-02,2.183066262304640404e-01,1.913347254604873563e-03
-1.209055867569900494e-01,1.648554172323385969e-01,1.289083258912889773e-01,1.744906091949744165e-01,3.376686717436826884e-02
-2.310365776894600376e-01,-2.205539186142566749e-02,1.735985612232373854e-01,-6.674906238451171203e-02,3.929073264004519228e-02
1.803726539566416209e-01,9.307267568563219740e-02,-8.512188777595859623e-02,1.857416438153310367e-01,8.400886095877360682e-02
-1.644343704727443678e-01,-1.252614794987055302e-01,1.258789561214473940e-01,-1.443459928802627579e-01,1.029058905321435097e-01
-1.210003994156806650e-01,1.621712470793726102e-01,1.306435176186840907e-01,1.741561029473599476e-01,4.075920843652335729e-02
1.261304948973781814e-01,-1.656555365436483684e-01,-1.300615242705780716e-01,-1.706151045903247232e-01,-2.497653817935511708e-02
2.013472642114158273e-01,8.397222075822406706e-02,-1.136485768809165214e-01,1.653446127582835767e-01,4.640156614022940273e-02
2.266454414424690922e-01,-7.812373135185675388e-02,-1.770987578062416523e-01,-3.410652885136886137e-02,1.140677959861410287e-03
1.940144348674361363e-01,-2.761061526149951803e-02,-1.843167932346026217e-01,-3.530280399201977948e-02,-1.279729844536127148e-01
2.263206792974772619e-01,-9.198613632142467467e-02,-1.625633895194923406e-01,-2.850714862789421877e-02,5.547961528368485634e-02
-1.557032634933944726e-01,1.443430456038812260e-01,1.511243124210265854e-01,1.437448797005634049e-01,3.768860143922697636e-02
-2.599606703054599312e-03,-1.249353160236369165e-01,5.996707900282620407e-02,-4.008175573630843452e-02,2.630243546670671395e-01
-1.136995849457533153e-01,4.311554559533995606e-02,1.531339463768062181e-01,1.029800631278766504e-01,2.028757136190124655e-01
1.869399326911877837e-02,1.938199368471116568e-01,2.245001540929311354e-02,2.270661573750854534e-01,-4.617756952375710183e-03
1.758669280158018655e-01,1.221614741560067413e-01,-1.045319368465292692e-01,1.821522736862121739e-01,-6.404781992587367349e-03
-2.109044329701114662e-01,1.189156687349445102e-01,1.520230968692985463e-01,5.748911884872241751e-02,-7.044404243896011664e-02
-1.796549897706622434e-01,9.141738933216693452e-02,8.219339035938667826e-02,-2.058161215769269137e-02,-2.053961766937594247e-01
1.407120376995092126e-01,-1.767070516343813014e-01,-1.185711153905456561e-01,-1.490051811624754641e-01,5.208730105232704105e-02
-1.329918097273523614e-01,1.680839453010790074e-01,1.299411434580824698e-01,1.646883329674316276e-01,7.349700584511814627e-03
1.203208054087247653e-01,8.845217034364456776e-02,-1.368470103349535283e-01,4.543421325152922213e-02,-2.165819599502561699e-01
-1.093357918133919422e-02,1.942238625099425298e-01,4.638197320641072874e-02,2.235888903270469297e-01,3.777401461835192160e-03
-1.668380920363876085e-01,1.585286838010855626e-01,1.390658107480859107e-01,1.282741838037381732e-01,-3.521564295047887455e-02
2.377453375789236600e-01,-3.242599175308221587e-02,-1.510121918403838082e-01,5.383508865114254582e-02,8.199274762928358828e-02
-9.584825867041754655e-02,-1.760502229346533332e-01,4.221669160651687208e-02,-2.178899685872384973e-01,2.368845400949708829e-02
-1.303240805772480360e-01,1.654235734138854164e-01,1.314308778727085736e-01,1.672762712721626577e-01,1.988086496022775998e-02
7.415783938857632707e-02,-1.105092399078446558e-01,-1.250044239609880148e-01,-1.743867537468174744e-01,-1.620230750851153201e-01
-2.111639214321186231e-01,-5.795632103182343786e-02,1.663921951517147169e-01,-8.555280162859170423e-02,8.393580084778361206e-02
-2.056457452078163384e-01,-2.029733883675673145e-02,9.896693038572217105e-02,-1.311316428833526060e-01,-1.425057347576169087e-01
1.838145673146866221e-01,5.669137247354874565e-02,-7.743847226004904605e-02,1.664385401758186611e-01,1.389236786446138294e-01
-1.463907771250537448e-01,1.631108711746237783e-01,1.364027305632322939e-01,1.528357032451801711e-01,3.563507030597054667e-04
-1.341408556393690055e-01,1.795966414500464181e-01,9.116540092398954520e-02,1.242039117465145726e-01,-1.265445977093991869e-01
1.962019607901281382e-01,-9.578346429368476966e-02,-1.774039283887813845e-01,-8.601470558684658207e-02,-5.881866340750721567e-02
-5.716809451894093105e-03,2.025936147907843321e-01,4.791977445233527345e-03,1.840471191149693764e-01,-1.225840129598419620e-01
-6.663032589838606932e-03,-2.028092956928603252e-01,-1.368344737851468146e-03,-1.942684343328524854e-01,1.052705876862729262e-01
-1.843910630854802835e-01,-1.307143211687826143e-02,7.306202935683002442e-02,-1.329730911413320726e-01,-1.811330185670215476e-01
1.835735290706183576e-01,1.156449817432218807e-01,-1.200800824495198982e-01,1.652817281946810657e-01,-3.449234329622773154e-02
-1.324306839957163917e-01,1.099434650391146184e-01,4.037018663205206581e-02,-2.282187584125812147e-03,-2.423625137737761281e-01
-8.999051304064356605e-02,-1.088534585555608614e-01,-6.049944213050151981e-03,-2.116399398030092693e-01,-1.588224360044012129e-01
-1.949526358115653280e-01,2.128313615637381431e-02,1.842631774155845670e-01,2.837788342012838652e-02,1.295464205865173302e-01
-7.962472128064182475e-02,1.444257510818981460e-01,1.190767985622658565e-01,1.913353167001767829e-01,1.096020931041660346e-01
7.812530921414657936e-02,-1.793319141780067016e-01,-1.006811336473611290e-01,-2.013327426101826911e-01,-3.263336786159436870e-02
1.705076164514547910e-01,-1.439948785406227616e-01,-1.532095062084652959e-01,-1.288680045418106879e-01,-1.060718147694925985e-02
1.433274338422906857e-01,-5.921019238541442437e-02,-1.665166857878063733e-01,-1.002933007607772070e-01,-1.678238570722864476e-01
1.635627951682572245e-02,-9.443669416257846616e-02,5.706028408627471238e-02,6.042412639761092670e-03,2.784273624224020138e-01
1.458940899036181293e-01,-7.652674349141594390e-02,-1.661775781967098908e-01,-1.126478865994673811e-01,-1.501800193472617173e-01
-8.087253584086222247e-02,1.236007689445728502e-01,1.259373920575261596e-01,1.796932457927025162e-01,1.415365449670546449e-01
-1.200438727023137170e-01,1.608601152040138038e-01,1.310752494253317191e-01,1.746274624211654747e-01,4.514443841287213433e-02
-1.091671768768728151e-01,1.919884712404064941e-01,8.327710122461995379e-02,1.544591760353824783e-01,-1.021285550353097787e-01
1.193060677710661155e-01,-1.613403897604782644e-01,-1.305165154874380340e-01,-1.752084207406722494e-01,-4.475253413517073231e-02
-1.494555194514298468e-01,-1.115220549157414642e-01,1.364249580109594129e-01,-1.008976395814956267e-01,1.625846737286887889e-01
5.984296633342909427e-02,1.127350849774688690e-01,-9.885620526729582691e-02,4.580469609509084383e-02,-2.486744870132953922e-01
1.773574065223451623e-01,1.163381284948016431e-01,-9.801181509509435119e-02,1.869278611016499392e-01,2.148136531326518342e-02
-5.191013446653411356e-02,1.850273181618682927e-01,8.206603032206291615e-02,2.132012682066591613e-01,2.967516429176956724e-02
1.800708620467775523e-01,4.928904306879170610e-02,-7.166251817206280295e-02,1.627316751062415634e-01,1.533882664399353335e-01
-1.103018207372108983e-01,-1.571535537531555671e-01,3.688850119628150209e-02,-2.243158494796138602e-01,-3.818254884815039385e-02
2.107690644397409996e-02,-1.277285803179263324e-01,-8.784791673599140482e-02,-2.042851643564546349e-01,-1.542448992145983300e-01
-1.164747422982433528e-01,1.647686419291239657e-01,1.273643567548294886e-01,1.775916621883509849e-01,3.904422099359986659e-02
1.619427808195689489e-01,-1.170090182352172686e-01,-7.254086676327345384e-02,-1.098988145840113818e-02,2.114248579207727852e-01
7.178608935516610223e-02,-1.674234350640225744e-01,-1.047876937155093197e-01,-2.031179811205685859e-01,-6.766665174030732366e-02
-1.415891352840459028e-01,1.453231463789596556e-01,1.468001555238409028e-01,1.555281763862677025e-01,5.562733666259514487e-02
-2.983797260680007279e-02,1.437446388209956682e-01,-3.009650784348781236e-02,5.770371454922228194e-02,-2.534001889182131428e-01
-2.184359570607672107e-01,1.047259654012605984e-01,1.647533231561429112e-01,5.209260845459352807e-02,-3.822181951614240375e-02
-1.295149197581557943e-01,-1.152884781221802657e-01,1.291247161729700832e-01,-9.046740883926740473e-02,1.872883017795527183e-01
-4.994702019880720850e-02,-1.369606280089207817e-01,-3.199774225572238340e-02,-2.238594489646266728e-01,-1.327033275711352045e-01
-1.730112237749200088e-01,-5.311869173153859619e-02,6.431022503804206814e-02,-1.674161579297893110e-01,-1.583715443386802257e-01
-8.555978179138946406e-04,-5.903842648404650922e-02,7.686555972469141795e-02,4.361217243517347825e-02,2.805412559577583065e-01
-1.535873295673060301e-01,1.583271211478592400e-01,1.412212966130098335e-01,1.462705665780784925e-01,2.218477244194677882e-03
-1.050639797382099255e-01,1.114495546899089834e-01,1.634021367086144205e-02,1.785371804097829126e-04,-2.574364435402567430e-01
1.300205297727449194e-01,-1.631742426754183850e-01,-1.329601566672223290e-01,-1.675379328005139057e-01,-2.686012242854778423e-02
-1.880900687102153857e-01,1.322308319072230121e-01,1.603707983103964396e-01,1.068557370934057615e-01,4.377730248198292138e-04
-6.875216825594412939e-02,1.403525856696536123e-01,1.142890874877541818e-01,1.941491749290009949e-01,1.217308235885780354e-01
-3.181198122469362094e-02,3.814959555519171347e-02,1.057554521127727493e-01,1.331068629172348916e-01,2.421382943738773774e-01
1.029096820936186152e-01,-1.799595907043356202e-01,-1.109146092719486831e-01,-1.861607490297502165e-01,-8.140516915506929366e-03
-1.853739884784713632e-01,1.275251620086953475e-01,1.063203765245028243e-01,3.654166176590625814e-02,-1.635068865256556481e-01
1.070907979859922615e-01,-1.655806340263568932e-01,-1.231254715049942133e-01,-1.838261130111387975e-01,-4.650476388545489448e-02
1.137219593520718552e-01,1.695568358955021615e-01,-6.914098839960769460e-02,1.983104374152902527e-01,-6.488674361927125600e-02
1.192306957610608509e-01,-1.692647921815068346e-01,-1.252643060187115520e-01,-1.757922312073374738e-01,-2.322533962897453327e-02
-1.790076181271526012e-01,1.353492871113810003e-01,1.591205999423356554e-01,1.186662564083161009e-01,1.535569584588654043e-02
7.157675875631600015e-02,7.364330268778623845e-02,-1.171863211927892251e-01,3.831484418664520496e-04,-2.563603926072574035e-01
-1.135473664586697240e-01,1.326303185205752744e-01,1.403495296299884232e-01,1.683417710980125437e-01,1.071412703660761523e-01
1.051278847965890495e-02,1.604843545365675361e-01,5.384524048349789010e-02,2.273637577577743707e-01,9.767632754614401225e-02
-2.321262986622531221e-01,-3.203113056615490561e-02,1.643068255441490488e-01,-8.899933174086689658e-02,1.318234324011123559e-02
2.170385018918420950e-01,-2.652090362807331750e-02,-1.139120859982892531e-01,8.260724239012216807e-02,1.496362607642722220e-01
1.609926049344561627e-01,4.778748471174427276e-02,-1.641258680942379589e-01,2.080196173273701765e-02,-1.855470702321259657e-01
-1.199647672424452791e-02,-1.946052185872008955e-01,1.948284942122362196e-02,-1.663104165956637570e-01,1.547454598850613872e-01
-1.031071367301445996e-01,-1.480998118969804878e-01,2.207809129107905083e-02,-2.266530587776107442e-01,-7.467471394713190436e-02
-1.054453249933368503e-01,1.924137169854460150e-01,9.216032793141475110e-02,1.705490672555755038e-01,-6.540439256442581728e-02
-1.315874003555270524e-02,-4.436213256844936254e-02,8.756173629266723879e-02,5.635627889893127240e-02,2.775171362650158402e-01
-1.258331093475562046e-01,1.761437279223749264e-01,1.207850441085760868e-01,1.686416159523367875e-01,-1.050686414722145148e-02
1.773800989865476074e-01,-1.405039740054657704e-01,-1.555715773315839712e-01,-1.207133425777898034e-01,-4.550496945839400953e-03
-1.127521227694296135e-01,1.294340308957433183e-01,1.409496531838219380e-01,1.671235783494826321e-01,1.128569682566915033e-01
-2.235407068636300620e-01,7.275801440583225255e-02,1.811160602903293948e-01,3.797387734608775878e-02,2.215357891726207895e-02
-1.606125734658427062e-01,1.375269291919047898e-01,1.557442048609600227e-01,1.377357343066069606e-01,4.541536236749786626e-02
-6.464240289190154032e-02,1.802279403253232715e-01,9.294449203186963548e-02,2.079366478184114797e-01,3.824815249698210878e-02
-1.151999496368931036e-01,-7.648529685586172300e-02,9.992361899737177075e-03,-1.909548253241581950e-01,-1.852441047850454381e-01
6.800731362242763700e-02,1.880765521215124192e-01,-4.491699036436488240e-02,1.929891214947698497e-01,-1.036333864988948084e-01
1.497394962891517300e-01,-1.563302075832891935e-01,-1.423635493639426874e-01,-1.503914980151586644e-01,-1.593632910345399792e-02
-2.062703596658931327e-01,6.707006189407543895e-02,1.068546131264743321e-01,-4.216866097709085631e-02,-1.725051918227930026e-01
-6.436540006382508727e-02,6.406349815118950186e-02,-2.880508899251802563e-02,-5.341603051455515866e-02,-2.794100177364038373e-01
-6.171883871724325593e-02,1.768624066598093736e-01,9.360767167599871874e-02,2.091218619495933961e-01,4.915409154921631524e-02
1.190408402065845500e-01,-1.886281348172379746e-01,-9.292246299609593918e-02,-1.522538594766950359e-01,9.183073158518484380e-02
1.971412880389678338e-02,3.913903128772942830e-02,7.050286296356761406e-02,1.488472425720254733e-01,2.468872901710545964e-01
-1.067394782494098388e-01,-1.585949263630769546e-01,9.266023339772549994e-02,-1.500917989563627097e-01,1.494686125835649471e-01
-3.772126478375063124e-02,1.798659897199634261e-01,7.711875100840499819e-02,2.186789663383829074e-01,4.957358015366828546e-02
-1.081250243014589552e-01,1.925276684005382821e-01,8.720473152094271319e-02,1.611908403228136943e-01,-8.749242148007309317e-02
-1.212463032169397437e-01,1.672069536004515133e-01,1.274168776353597488e-01,1.743272319158420680e-01,2.676049569978681056e-02
9.494800478862246151e-02,-5.803238480511827002e-02,-1.428499895873654446e-01,-1.252279612736167391e-01,-2.037865473740440858e-01
1.780487877050247747e-01,3.606637982591564401e-02,-1.719931737818683193e-01,1.990266776669846055e-02,-1.643778495760066516e-01
-6.439647783782158352e-02,4.256146475815855701e-02,1.259283007295677881e-01,1.250278148560985403e-01,2.292416278676184249e-01
5.478675352026699669e-02,-9.278600209998361104e-02,-1.163885678811395624e-01,-1.697552409510287019e-01,-1.898052393619493461e-01
-4.112071698568100370e-02,-1.822969571438884384e-01,4.807284952390342148e-02,-1.523942789621401672e-01,1.718775463198273235e-01
6.784147889164952872e-02,-5.815116261541940831e-04,-1.266968492455461115e-01,-8.375798368792937432e-02,-2.496591759695734047e-01
4.500873198502327449e-02,-1.893457848072823413e-01,-7.424619150795500055e-02,-2.151572143963888240e-01,-1.781190502346972210e-02
-4.613720241642973313e-02,-1.196045191216456027e-01,-4.032707012775488264e-02,-2.142760695074834576e-01,-1.613245517898641290e-01
1.772114007612554387e-01,-1.294425703901890823e-01,-9.671583167656230828e-02,-3.549339569437198749e-02,1.767116498033116656e-01
2.205616934843241672e-01,-9.294476881312432881e-02,-1.404323686536141647e-01,-7.753483064591980452e-03,1.137208980456292096e-01
8.107333826874449367e-02,-1.963865919506429733e-02,-1.353517204424863341e-01,-9.679930393718258475e-02,-2.352684496857107288e-01
1.136430569874883473e-02,-1.582622703820803778e-01,3.547247750184876619e-02,-8.554704078243495491e-02,2.371651607693337493e-01
1.906056604317853675e-01,-1.371302628644797961e-01,-1.237830671549010331e-01,-6.155697167987728841e-02,1.255120103472558146e-01
1.689317793219481112e-01,5.260758071344038417e-02,-1.652926868697000007e-01,3.293892391226180966e-02,-1.740340522584503669e-01
7.665161452503456430e-02,-1.039961775545191758e-01,9.537109690841722581e-03,6.670778624234104115e-03,2.705066899284485071e-01
5.240196168184000497e-02,7.714262157195273667e-03,4.595894753439071917e-02,1.268421042121667952e-01,2.626659100679529790e-01
-6.215919582668982812e-02,6.266921415017169539e-02,1.238347913456934457e-01,1.432701632600671127e-01,2.152844832861425806e-01
-1.027854995191399556e-01,1.693306452232254400e-01,1.189722877961610359e-01,1.869364722486969721e-01,4.077528364887959833e-02
-1.598606989889129470e-01,-7.198459885512459300e-02,5.349707566520812974e-02,-1.831406450795307062e-01,-1.511963672234465927e-01
-1.471123183648871402e-01,1.568071194761447018e-01,1.415611568097678852e-01,1.528562910202742042e-01,1.910199584095016029e-02
-5.735102984879421328e-02,1.599381676843591171e-01,-1.495698514308776072e-03,7.704827911601340451e-02,-2.349297074962375664e-01
2.933872086520641562e-02,-1.186931120781724580e-01,-9.554612281271950003e-02,-1.962930464279818432e-01,-1.655027581119745683e-01
9.956272416155044491e-02,9.285029753212871440e-02,-1.260866647798246643e-01,3.905727020173417607e-02,-2.324710063960989115e-01
1.232197019764210699e-01,-1.638977562430944113e-01,-1.303287382899203650e-01,-1.727432842752700537e-01,-3.359476531949348588e-02
1.031619712764677566e-01,1.750173617472125520e-01,-6.164650646965224440e-02,2.005890827258528242e-01,-6.848546488625639750e-02
-1.637009315523605957e-01,-9.764325579000985092e-03,5.103701629767994075e-02,-1.340751317043055446e-01,-2.062177125777028830e-01
-2.893123799610654301e-02,-1.027267507221710369e-01,8.426118153659326038e-02,-1.939534714320403919e-02,2.667097147636911525e-01
-2.362794704872691331e-01,1.464769688993444556e-02,1.798873683999326623e-01,-3.136338743892689435e-02,2.478566966170161687e-02
1.521276723470649794e-01,-2.841664843235538335e-02,-1.706858440889741924e-01,-6.733520500207178239e-02,-1.799499324620582319e-01
-1.883634063446842921e-01,8.425725761019301624e-03,1.818074851635290978e-01,2.118947737971377948e-02,1.447248378216924591e-01
-5.224358063627065896e-02,1.585268773879702497e-01,9.767322220359589413e-02,2.086490859087069272e-01,9.521206878200326462e-02
-1.381519137071992032e-01,1.462784797956843963e-01,1.452165487333417493e-01,1.583715197383166184e-01,5.785560299102470577e-02
-2.221718636156703730e-01,-3.387230438698293766e-02,1.261787929972156830e-01,-1.278983333302750880e-01,-8.493090451749120418e-02
-9.899298455383105655e-02,1.091447325109713290e-01,1.389790644462752522e-01,1.621296927318779668e-01,1.506207115722747458e-01
9.478291958076978663e-02,6.526305185142172727e-02,9.732525737284060743e-03,1.822195623913042406e-01,2.084664031528309369e-01
-4.355263806118454817e-02,1.602559068200091197e-01,9.151715789457362527e-02,2.124583649402637942e-01,9.437830802158583832e-02
-1.100117688798796234e-01,1.849614600211437199e-01,1.073592212550768255e-01,1.779012083838576730e-01,-2.262358684721525390e-02
1.460178582174005979e-01,-1.757461802167308851e-01,-1.067032356837434165e-01,-1.267634014723965641e-01,1.016736188133330193e-01
1.054627796240124038e-01,-1.294090436299709657e-01,-2.337426397948590487e-02,-2.507985521668188583e-02,2.468917701878311777e-01
-2.404291928661811406e-01,1.410094375391056018e-02,1.727480448270337920e-01,-4.582960852320421691e-02,-7.261308009767289580e-03
-2.256818302996190517e-01,4.412673786745321437e-03,1.260325434403551381e-01,-9.729209012088621544e-02,-1.170396812048378199e-01
-1.253379982934999526e-01,1.266271298707666026e-01,1.475426410000624800e-01,1.583588220137748248e-01,1.068157700978972086e-01
-6.447436857708129312e-03,1.753879841457853805e-01,5.851360581155708174e-02,2.271792068059840519e-01,6.452326328679629242e-02
-2.305086174679926991e-01,7.988444734166856576e-02,1.697205987825902151e-01,2.177019976420694822e-02,-3.471640962162339528e-02
4.442407904706985322e-02,2.829948571952398823e-02,5.236520789486685118e-02,1.445115840726605982e-01,2.521902602793530956e-01
1.690928682198391542e-01,1.282399515108964827e-01,-1.175040015468165194e-01,1.632013353273328859e-01,-6.723280837159953394e-02
-1.634152425998106617e-01,1.653591419047881483e-01,1.207774399040690144e-01,1.150699614175346164e-01,-9.013060891918603379e-02
8.021888084247470740e-02,-1.924058613090020020e-01,-4.513918974702232911e-02,-1.397096161786207935e-01,1.580778048510501910e-01
1.230403647528891947e-01,-1.783602070906259163e-01,-1.178271529419843561e-01,-1.701246878760873660e-01,1.493511877137496981e-02
1.435000169689213956e-01,-1.682168796342381478e-01,-1.311269662769799782e-01,-1.540982246611936057e-01,1.304923014217849141e-02
-1.980814806557768815e-01,-9.686493223811083741e-02,1.376612850773117902e-01,-1.425516474720431304e-01,4.592722849890588238e-02
1.230359082054446052e-01,-1.647534011295098966e-01,-1.297002423501861790e-01,-1.729321693717484620e-01,-3.147688102407963234e-02
-1.207416801500224429e-01,1.777361380283756509e-01,1.181465117244276247e-01,1.726400922037752139e-01,-8.253014269315236268e-03
-5.252422434293402102e-03,7.879473717673669830e-02,8.567077951207931197e-02,1.753348181510931414e-01,2.137335269290630002e-01
-1.201427539556647744e-01,-3.731020022060252406e-02,1.497445091503092629e-01,1.787380900318730204e-02,2.267835456167348607e-01
6.532480707309652745e-02,1.898093115590447633e-01,-3.976509563549760623e-02,1.980406291631391369e-01,-9.435963753698889400e-02
-1.301555314694712584e-01,1.441729931211518656e-01,5.320891491749329960e-02,4.798363488830564155e-02,-2.171176359455779248e-01
-1.623987221361206656e-01,1.077005365645514745e-01,1.668973502988217450e-01,1.227614755121039930e-01,9.540515743703921470e-02
1.526437625307991985e-01,7.284050395706288816e-02,-1.541752451026985604e-01,4.664697807774378924e-02,-1.882769130229710597e-01
2.323965636245904909e-01,-3.224501656134121097e-02,-1.835987698943953028e-01,6.062291691750635973e-03,-3.473955145291184737e-02
2.212386324629442014e-01,-9.745149888990770060e-02,-1.464540879489423797e-01,-1.877957614259789798e-02,9.876841860121284011e-02
-1.555305064651921199e-01,-8.862147133840249380e-02,1.491272280126742789e-01,-7.084499583527248401e-02,1.752100248469067312e-01
-1.326483288696189422e-01,1.471468314170832903e-01,5.739511893298133299e-02,5.315041745744069485e-02,-2.112653883123750409e-01
2.352940690443094951e-01,-3.817205843453370245e-02,-1.461435901858345598e-01,5.197973663243127956e-02,9.549739815649510577e-02
-9.691818248261582780e-02,1.656327589746971751e-01,3.502580817280795400e-02,8.293893881007981250e-02,-2.122898496150858461e-01
2.172458284134122508e-01,3.857394456739643169e-03,-1.135429864742097950e-01,1.109961261363700269e-01,1.325791112891160362e-01
-5.981901988602900816e-02,2.021042541435897899e-01,6.265315459401750442e-02,1.947047771785150039e-01,-6.115707056605204639e-02
-2.200047177731417058e-01,-7.437553058325921743e-03,1.828720555704738682e-01,-2.872274343227143936e-02,8.529608586106569856e-02
-6.824384060289941101e-02,1.782713312694783336e-01,9.628741352508803086e-02,2.062420521917557314e-01,4.189344306160287801e-02
-1.134555305795655333e-01,1.661752526977123556e-01,1.253246540039616164e-01,1.797758268067290721e-01,3.857474778277836247e-02
-7.209966473253971719e-02,1.941963717439222359e-01,8.322551927106786041e-02,1.995426651540983531e-01,-1.859153765056045446e-02
1.254174457428071099e-01,-6.404943955785398491e-02,-1.580785381450505178e-01,-1.147436805040609742e-01,-1.789223215755390561e-01
9.908664967550592784e-02,-1.330885063720198269e-01,-1.939145167610532849e-02,-3.075400297709984451e-02,2.472801007572712484e-01
1.673867377900106479e-01,1.201893432986426286e-01,-8.387783427865212749e-02,1.969252168916738321e-01,4.148698155264432530e-02
-1.772092386010598319e-01,1.066814420260516205e-01,8.508022138053089600e-02,-1.341842643070329400e-04,-1.999432259570148585e-01
9.205473225299178053e-02,-1.968442356935667104e-01,-8.051072915276465125e-02,-1.752566842114803014e-01,7.470870280317537526e-02
1.330891896491488702e-01,-1.651451147979990930e-01,-1.323522921806555563e-01,-1.649841077836709247e-01,-1.665753854088281027e-02
-2.116863033003341943e-01,-2.912688623765777654e-02,1.083720309891780254e-01,-1.341661954466132067e-01,-1.208117063524860452e-01
5.278544094131554232e-02,-8.722952558623986441e-02,3.259715832466927865e-02,2.368907293032156136e-02,2.792507120554731381e-01
-1.687400559110592002e-01,1.997921364303564470e-02,5.718422912953457365e-02,-1.049738316552410733e-01,-2.164210783630294843e-01
1.546134831935724319e-01,-7.838235684469473108e-03,-1.706080694375731732e-01,-4.559546028984234195e-02,-1.866739765469393186e-01
7.166006378994675685e-02,1.829848750843183491e-01,-5.627515215949916577e-02,1.780623031850912252e-01,-1.284846067894634958e-01
5.763807114602297749e-02,1.654258088555380646e-01,-7.040302010334564820e-02,1.276627372657009596e-01,-1.950840710904237774e-01
-1.355984780082321317e-01,1.532892705859273119e-01,1.407737105882593265e-01,1.620429602468762276e-01,4.516961065503687089e-02
-2.842194725730748731e-02,2.053752301023138715e-01,3.256789748967120479e-02,1.957126127283252692e-01,-8.745920790105125853e-02
1.100929367912351076e-01,1.074258450810989529e-01,-1.205712080039729808e-02,2.105557601642288890e-01,1.478517188840264285e-01
-1.776947932410675446e-01,1.083280861812710855e-01,1.708521472209304226e-01,1.105944598520529065e-01,7.258095782881009150e-02
-4.383799083158152615e-02,1.861969797927853776e-01,7.136833825505198466e-03,1.277467680415994844e-01,-1.924545248461780877e-01
-2.476881526273060422e-02,1.008346065553279436e-01,9.595945699193073053e-02,1.858710690347686878e-01,1.883152044339462261e-01
8.576848287855891317e-02,1.829250179680647348e-01,-4.823911336906724218e-02,2.047133847714942556e-01,-7.033934306529997238e-02
-2.253371002782262600e-01,3.952229516736212311e-02,1.279033806160751741e-01,-6.251066535920334066e-02,-1.318875330205005192e-01
7.845463561656786100e-02,1.133690207381150145e-01,1.501717464157306843e-02,2.138072092660333046e-01,1.582823332491896662e-01
8.450294337105399706e-03,-2.018985890345871004e-01,-4.330858751050254037e-03,-1.796425279412461051e-01,1.299051888448504999e-01
-1.458501698327832330e-01,2.180757842999907908e-02,1.678516476316171402e-01,6.499185192353705565e-02,1.893516333535789353e-01
8.859201031333489851e-02,-5.293107885916241429e-03,-1.387804944010334052e-01,-7.936931126816612614e-02,-2.378317168086958588e-01
-1.884526832847915334e-01,1.360051689872382730e-01,1.183669080105893973e-01,5.610453110043844838e-02,-1.372214882936612368e-01
1.776858551489195470e-01,-1.465836802725266064e-01,-1.119135794231673336e-01,-7.001117175099702550e-02,1.396951972277704068e-01
-7.847330034999421000e-02,-1.744938054642355407e-01,1.618939243700089070e-02,-2.295682016132097880e-01,-2.074119975764591312e-02
1.203039958081352639e-01,-1.660180831394299783e-01,-1.279245880873638719e-01,-1.749906831182446720e-01,-3.128106852065321020e-02
-6.090040416018675795e-02,1.509411931832181364e-01,1.059689694294635581e-01,2.022829364263745155e-01,1.065837141515206116e-01
-1.454175410348259034e-01,-1.074753874938188733e-02,1.649812165038496148e-01,3.216274539246025133e-02,2.012088098964479599e-01
-1.684434801595481035e-01,1.511720981415208553e-01,1.024748026411458485e-01,7.286505807784540711e-02,-1.515367574887384328e-01
-1.481263156281694970e-01,1.748540020962171537e-01,1.105080903258813391e-01,1.283673109494493925e-01,-9.377882501660056436e-02
-1.645329429321781278e-01,-1.000565339490221278e-01,6.760039199430489809e-02,-1.960989080143262508e-01,-9.946359123815078085e-02
-1.279372154091979741e-01,-2.742187210084041579e-02,1.550078402412737311e-01,2.454867718103412658e-02,2.196589214127729617e-01
-5.069216926275263435e-02,-1.419254857022644312e-01,-2.957046671993982315e-02,-2.261426297974261646e-01,-1.235821951976980165e-01
-2.598905067842586375e-02,2.009357790704246246e-03,-6.512484012878723416e-02,-1.117787333861704896e-01,-2.694156671147512894e-01
1.245958348937500348e-01,-1.784327050946850624e-01,-7.521962083311686809e-02,-1.138401344761277856e-01,1.549841285548355652e-01
1.179064883282391896e-01,-1.868171530977625339e-01,-8.096379269659881306e-02,-1.366162811739129179e-01,1.264051712112383430e-01
1.510367763597860180e-01,-1.715501334864980021e-01,-1.237791763806854600e-01,-1.389581694421096192e-01,5.592661734295940185e-02
-1.985055228225356128e-01,9.501941263214605526e-02,1.777848587796922453e-01,8.312543942871153391e-02,5.522294758940562293e-02
-2.410153139445485870e-01,3.489839926234186013e-02,1.677139932471795603e-01,-3.400880385439445514e-02,-3.753848561963057245e-02
-5.936667787698291648e-03,1.630814908297132521e-02,8.836753305380491696e-02,1.210642166846141871e-01,2.592941086673423712e-01
-1.352875386200362851e-01,-2.609581594521959841e-02,2.372770004170773883e-02,-1.508444027627827977e-01,-2.184015858233532004e-01
-2.318438906376825426e-01,7.850476147309395913e-02,1.634638086645745225e-01,1.095023638283183082e-02,-5.696567721063634793e-02
3.515453894878987212e-02,1.987476906369467777e-01,-1.140923907609439625e-02,2.073696928353849500e-01,-7.830168334615270065e-02
7.527993314574181472e-02,5.525949714057090201e-04,-1.309007844258948949e-01,-7.944944715369132993e-02,-2.467496631973961074e-01
-1.171919918092363538e-01,1.691636622355347508e-01,1.246565305618655695e-01,1.772946922262594316e-01,2.601987570147801937e-02
-8.746887919253751309e-02,1.763726412575724323e-01,1.073532766260770627e-01,1.963037967712624454e-01,3.437993541967145072e-02
-1.379657092869215340e-01,1.153999763341383850e-01,1.559955858936104278e-01,1.442552545213365567e-01,1.118217655366366553e-01
-2.402663284129418209e-01,4.261717289739650610e-02,1.670272484754745379e-01,-2.698430361842801828e-02,-4.277398309882280564e-02
1.683520015143183390e-01,-1.503648600838483895e-01,-1.014908167648624626e-01,-7.097654562020622171e-02,1.539803770690004459e-01
1.290845120783579991e-01,-1.340114071199895729e-01,-4.697581838930625642e-02,-3.199391726230069177e-02,2.283589132223234064e-01
-1.904424372015227004e-02,2.014389226540748423e-01,9.524812878808330482e-03,1.735434330373055445e-01,-1.373012454799410753e-01
-1.346807735529316763e-01,-1.534371089737162630e-01,9.692869822513366929e-02,-1.724462916366375775e-01,9.583969316585171094e-02
1.512185273357312398e-01,-1.518602537181369116e-01,-1.457071854189825322e-01,-1.488781130084669280e-01,-2.600276745641075943e-02
-3.934246294417796663e-02,1.957106935704261141e-01,1.437103002468435690e-02,1.509059199765189208e-01,-1.648343770083741666e-01
-2.798919383843195136e-02,-1.820674392007991527e-01,-2.651230727856722369e-02,-2.323769150859543442e-01,-3.696105394925822824e-02
2.510597926400515503e-02,-1.881603278865938145e-01,4.509029635449740905e-03,-1.364277197789027229e-01,1.879694835404957243e-01
-1.758933287530458633e-01,9.326999892804131720e-02,7.862792331336830587e-02,-1.908017123845110255e-02,-2.093223374154669081e-01
1.233806257871379458e-01,-1.663773531509244452e-01,-1.286943731631384202e-01,-1.727228668635591990e-01,-2.646445006885390569e-02
-1.534795335945558226e-01,1.648846344057444124e-01,9.663129719027893638e-02,9.529194360599629876e-02,-1.443569464611842712e-01
-1.556858861759426171e-02,-1.831962620823839594e-01,-3.604481735618398491e-02,-2.311527831844894243e-01,-3.828721164203989502e-02
-3.251545194511545542e-03,-5.407752110374338533e-02,7.937234101304270484e-02,4.855214776969687257e-02,2.800138739315982672e-01
1.006789492287769178e-01,1.308034198162306705e-01,-1.103147228529979124e-02,2.222102910639450479e-01,1.151308286735735348e-01
1.409897948822994851e-01,-1.558363794536273828e-01,-1.408326291967594568e-01,-1.581645817204732907e-01,-3.141713259589313384e-02
-1.994647233241837458e-01,-8.473764945826742223e-02,1.105615101990671117e-01,-1.678027295958313125e-01,-5.149515818195473521e-02
-1.309375323892952026e-01,3.641827275447693385e-02,1.615331169926832178e-01,8.756919936452614572e-02,1.943392895393691588e-01
9.079594335716592579e-02,-1.430070636209382628e-01,-1.255863875719611666e-01,-1.853748222215934605e-01,-1.056849609326558220e-01
3.242329375109598288e-02,1.744364111673842033e-01,2.847222703253575460e-02,2.330940214791550336e-01,5.811349171970621452e-02
-1.023719711216970474e-01,1.293441529598205741e-01,1.358832103043409734e-01,1.726364403814076853e-01,1.205092620240778567e-01
1.329131164551955735e-01,-9.495559207372751553e-02,-1.580578469030296529e-01,-1.341499687841824773e-01,-1.426150129393002619e-01
-1.766496156655430472e-01,9.823423850090987064e-02,1.733015663877557067e-01,1.057505592165978170e-01,8.904119262616266850e-02
-1.648068522926309509e-01,1.393633821444905108e-01,8.781004290503686971e-02,4.756748483755687817e-02,-1.828750390454859376e-01
-3.772630558918202426e-02,-6.847857321387031126e-02,9.867127345851388343e-02,2.001571459694101440e-02,2.715709149383144783e-01
2.058536659795929813e-01,-1.228201981540652521e-01,-1.386419730866988165e-01,-4.979544254868181058e-02,1.041070810664015273e-01
1.855065658181274252e-02,3.023747331457340981e-02,-9.309805455202579960e-02,-7.003596729416457223e-02,-2.741701731985681234e-01
-9.996759903175174433e-02,1.911588409894530993e-01,6.493745630539167479e-02,1.409336394288257521e-01,-1.392322258003762803e-01
-3.546307956911413928e-02,1.230595200128126038e-01,-3.453019332996185714e-02,2.663749123209665018e-02,-2.677626455111808412e-01
2.401240113754189165e-01,-5.704302973407183704e-04,-1.645097306720398056e-01,6.834654239166927658e-02,2.460553652270704161e-02
1.379547367008432668e-01,-2.661658855416677849e-02,-2.789678555547265085e-02,1.005898388784410430e-01,2.436462630651668182e-01
2.236485575291349559e-01,-6.025168285488252673e-02,-1.841111237492855379e-01,-3.028876344605363827e-02,-3.920130544989715998e-02
-1.053466731565114306e-01,-1.683645132808341827e-01,4.322528661069761913e-02,-2.206510694953647544e-01,3.863295714167614900e-04
1.712979658417595474e-01,-6.609849758040066414e-02,-1.767439043304546431e-01,-8.710887544521901671e-02,-1.321424671208523971e-01
1.762801029783369611e-01,-1.204109247769216545e-01,-1.663897318292325012e-01,-1.175363211255063267e-01,-5.409440679396841645e-02
-1.279387334681274802e-01,1.614852874463038601e-01,1.334444338133557451e-01,1.690419061209682827e-01,3.422863532451584506e-02
7.522210649102446800e-02,-1.894781408032622239e-01,-3.651424070980237302e-02,-1.318170226396804812e-01,1.724257858343370697e-01
-2.329933779659375259e-01,7.515725670816933435e-02,1.639509177661454820e-01,7.186395608405586263e-03,-5.598146898681916062e-02
1.125352282414015942e-01,-1.674755074453146975e-01,-1.241280354542204922e-01,-1.804996523189651148e-01,-3.605389212829113177e-02
-1.018280408177514584e-01,-1.012516872386184097e-01,2.733845892146479026e-03,-2.072469500533669351e-01,-1.625434517744918372e-01
-1.191558110185658576e-01,1.819550062412795544e-01,1.127431879539023546e-01,1.714125359097132262e-01,-2.451498536071422540e-02
2.211239901887569193e-01,-9.592864697164912857e-02,-1.707235525603412740e-01,-4.859213052186798359e-02,1.985318880465767807e-02
1.216416423681359327e-01,-2.229422004000715732e-02,-1.568184649083987359e-01,-7.948517907651883596e-02,-2.092757844704860037e-01
2.080275699157944913e-01,-2.900541120660807617e-02,-1.021838664423746351e-01,8.487003417260337301e-02,1.680438960929342418e-01
-9.776721625841738872e-02,-1.135468671374536831e-01,1.175421792045699965e-01,-6.676012075082961295e-02,2.219810865220835094e-01
1.512121805065764768e-01,-1.724112764794671349e-01,-1.207166448581685481e-01,-1.356183168350190149e-01,6.666627334860145138e-02
1.165102815530433822e-01,1.217710236350305480e-01,-2.311631919790230541e-02,2.169362853287506443e-01,1.183277481819500210e-01
-1.326112902233914925e-01,1.546342734229395055e-01,1.390584885156752326e-01,1.645490867063791052e-01,4.570363250420394347e-02
-1.567799421922468905e-01,1.513320795575262556e-01,1.469755480554170712e-01,1.435483121123964922e-01,1.762730230301934320e-02
-2.050032449168947279e-01,-8.114037317678424177e-02,1.189474251892642387e-01,-1.602366082213883824e-01,-3.956828074134021572e-02
1.155160214574262462e-01,-1.136420407006223099e-01,-1.463629806047853366e-01,-1.564496781664059810e-01,-1.335773614133649867e-01
1.821365379298982012e-01,1.144780711803047718e-01,-1.066290253432052165e-01,1.797645460638367110e-01,6.000975134814261723e-03
-2.272337388088265520e-01,5.721410650454247793e-02,1.352790265464537123e-01,-3.915908229834286214e-02,-1.235213552955292116e-01
1.301779394792495770e-01,2.687590780874994124e-03,-1.895812066152449682e-02,1.296780901382647011e-01,2.363697601805411774e-01
1.365144046889123775e-01,1.546618283240313863e-01,-7.588653102819305218e-02,2.026312888211152241e-01,-2.500662654378995806e-02
-1.300911125416765179e-01,1.621310251359811549e-01,1.336900046446207746e-01,1.674396547049428752e-01,2.967790114606256441e-02
9.674785438346000799e-02,-1.858895640936187588e-01,-1.027819690985121576e-01,-1.883237031711078313e-01,7.414329736002135858e-03
8.339690446292326309e-02,3.202271952333389515e-02,-1.318750271343440139e-01,-4.258044352605949712e-02,-2.506299758763345653e-01
-7.184889556062744320e-02,1.135795085380562758e-01,1.230503787308219188e-01,1.773695964072077857e-01,1.591730568014484426e-01
-1.942681471519313308e-01,8.415136637293756106e-02,1.800182659199158763e-01,8.101470827139230224e-02,7.879387995657279042e-02
7.272395619650275089e-02,-2.007502830909443647e-01,-6.895510791979884979e-02,-1.865198075713194736e-01,6.975746920123802874e-02
1.699956997633012556e-01,-1.535724598238804028e-01,-1.077602696960366785e-01,-8.001113842446298807e-02,1.396527967807556503e-01
-1.135320737485926990e-01,1.599455331747896003e-01,1.290290360233908584e-01,1.787532185432488263e-01,5.409888511864535676e-02
1.201424738400926617e-01,-1.707745454344647140e-01,-1.243968223421250408e-01,-1.749961057376723805e-01,-1.742510198150184000e-02
-2.050786123286771692e-02,2.030015185936076272e-01,3.930935911837647734e-02,2.113898092655386030e-01,-4.624860971666410608e-02
-1.809619018698994941e-01,-1.088725890799916440e-01,9.676409269006489011e-02,-1.859186023513064168e-01,-3.834753035403304366e-02
-9.022185652080971785e-02,1.972175408117387840e-01,6.856339807897880723e-02,1.624364638606954903e-01,-1.089895125890790462e-01
-1.107523156328145686e-01,1.106838351418724248e-01,1.446747545452551631e-01,1.571375268301806183e-01,1.409256054775732681e-01
2.151828713042205909e-01,6.013658329735598745e-02,-1.246295848818976398e-01,1.456750278936893572e-01,5.767300986536165464e-02
-2.290323323207721640e-01,7.151929573217255531e-02,1.781044758885901025e-01,2.659936918986135698e-02,6.710565054465734373e-04
-1.813996505892820910e-01,1.304168021800328203e-01,1.621441954561387011e-01,1.152593011413313162e-01,2.258711702528543031e-02
1.736488211489242706e-01,1.089741721629093191e-01,-1.396809360391071675e-01,1.225640692714914243e-01,-1.159223953593499917e-01
1.687096014339662386e-01,-1.368054850804801825e-01,-1.575673076941313810e-01,-1.299890923557522615e-01,-3.311659780891420407e-02
5.386470535664082682e-02,1.841888366263041144e-01,-8.126896154926025340e-05,2.303812114587388826e-01,9.877083640966791839e-03
-1.838160493280819874e-01,8.143223726695118792e-02,8.377443266740204619e-02,-3.249693376896298225e-02,-2.037308137469285296e-01
1.047516424763147297e-01,-1.457768056120227751e-01,-1.315773221826257167e-01,-1.793256524463634483e-01,-9.113690254778482325e-02
-7.385733141341176144e-02,1.265342034076141486e-01,-4.125838533402452143e-03,2.404041661081674636e-02,-2.606515409316903509e-01
-2.566435409624030772e-02,1.480815794979506717e-01,8.470635387085297119e-02,2.134669430892048303e-01,1.211192988927483338e-01
9.513027544771131272e-02,1.685308052913250254e-01,-2.952704738331222642e-02,2.264476501513178197e-01,1.993021763228086662e-02
1.586518125716215033e-01,-1.454247221583983563e-01,-1.510798696214214198e-01,-1.412419803440426724e-01,-3.011359388314619953e-02
8.070366807673576282e-02,1.949641703269025918e-03,2.345143150367366355e-02,1.257160629627336323e-01,2.590919117413113537e-01
1.846791410672091738e-01,9.856017913287787313e-02,-1.461142155326984327e-01,1.176784994117013317e-01,-1.047946217105021893e-01
-7.847049784542155237e-02,2.689639714204708487e-02,1.340836987440226502e-01,1.048171830213917993e-01,2.327098722943468090e-01
-4.999462526707919990e-02,2.042260438796956734e-01,4.401344354522220698e-02,1.842110724298841040e-01,-9.960601401108502839e-02
1.583031519788695440e-01,-8.661429923347163662e-02,-5.814642963096547379e-02,3.089032511910658890e-02,2.304405688611635417e-01
1.101794533812371774e-01,-1.175530299730199596e-01,-1.428581337477603519e-01,-1.617367654134455324e-01,-1.321913216988056250e-01
3.701573811264274178e-02,-1.530180511071217719e-01,-9.034675142418550908e-02,-2.119738153212095688e-01,-1.100903142543460528e-01
-2.901206593026901814e-02,1.169292043487408367e-01,-4.131087975621388492e-02,1.988045668024989929e-02,-2.708948870997393010e-01
-2.010943552155673372e-02,-4.285802117877041129e-02,-7.012196908727742761e-02,-1.522077815061863015e-01,-2.442836493176167578e-01
-5.469559569610262656e-02,1.588834753211874062e-01,9.900844032319364163e-02,2.078295346426359824e-01,9.364105059376502671e-02
-1.235612494273342493e-01,1.657480935738941119e-01,1.291934344643203003e-01,1.725782271463222606e-01,2.803567589557069001e-02
-8.367202847764032558e-02,-1.378454595414790873e-01,-2.195285609864001692e-03,-2.257646535382553388e-01,-1.141188979445474649e-01
2.109862928479711297e-01,5.588753368234509328e-02,-1.676051856207783908e-01,8.190867714691540957e-02,-8.695308028035414472e-02
-8.170578190638110028e-02,-1.785209492351177984e-01,2.524945711203978316e-02,-2.254013961698172197e-01,3.333377791932953024e-03
2.364162055526017603e-01,-2.432179866322338457e-02,-1.805816719130335646e-01,2.182049568329957889e-02,-2.073532249867833174e-02
-6.128927716911437146e-02,1.801869440120622001e-01,1.546892074224692597e-02,1.126278395968276502e-01,-2.021187075718197668e-01
-7.895789503439895607e-02,-1.491830553947497418e-01,9.099293270859198923e-02,-1.113202895399900139e-01,2.020845024455025507e-01
-2.221836156251854322e-01,9.929546614451634223e-02,1.528803206560321593e-01,2.758570955013620041e-02,-8.149532216997099066e-02
-1.451766101445834956e-01,1.615999977847515923e-01,1.375612088208502393e-01,1.543552114222819516e-01,7.783001826092033650e-03
2.303558341651534003e-01,-5.119640467695084352e-02,-1.829907760854079524e-01,-1.279940613589400714e-02,-2.580055977026024863e-02
7.346591576221477016e-02,-2.010838107581301992e-01,-6.648914849321183040e-02,-1.828035988639219178e-01,7.956191078181561183e-02
1.001130850968529884e-01,-1.475589687811772743e-01,-1.286290283237338239e-01,-1.825734432667626139e-01,-9.124270826118707767e-02
-2.036212654739149308e-01,-8.125033665501020519e-02,1.529659992602268870e-01,-1.151825102442747689e-01,7.260272339517835627e-02
-9.617590604475129146e-02,1.865509722663073189e-01,1.018359792727043661e-01,1.883809456542746286e-01,-9.538473826411432779e-03
-1.109400948695901529e-01,1.499377029728875266e-01,3.810813587587149470e-02,5.626777111342435439e-02,-2.249281851870367499e-01
-6.486718191696473623e-03,-1.979408517171493687e-01,-2.729321079654150467e-02,-2.228135128132644749e-01,1.966115105531122606e-02
2.868652018594504069e-02,1.735886321868469750e-01,-4.980494646151438498e-02,1.277731015200833098e-01,-2.005930511533864924e-01
1.462538252712825282e-01,1.444528520315524756e-01,-7.567709760672167163e-02,2.049332828733123613e-01,4.303324535429691768e-03
8.568683314937423912e-02,1.630750974082001425e-01,-8.326215729571881385e-02,1.417030016630923261e-01,-1.704463308853258752e-01
1.496417772368201227e-01,-1.095414755148539782e-01,-1.620267179016735282e-01,-1.330500359893138917e-01,-1.079492207321956776e-01
3.032835574708501493e-03,-2.018228505024326491e-01,-1.385029729299054168e-03,-1.821073573169928461e-01,1.268594932479219228e-01
-1.682037261969095976e-01,-1.186542555158723450e-01,8.383487754268728609e-02,-1.965325010703163622e-01,-4.444506127679299923e-02
-5.952103533308393535e-02,2.477567864196768971e-02,1.229422432014844746e-01,1.106762202474826373e-01,2.418251252641574756e-01
-1.010563700648755558e-01,1.945759570409404948e-01,7.802504581734731604e-02,1.595325677443193702e-01,-1.019277149013849276e-01
7.737416132531721447e-02,-1.012122289115878343e-01,-1.285288635938655055e-01,-1.666854719120561545e-01,-1.716554938086070903e-01
6.144852576489197998e-02,-1.934222857333894319e-01,-2.920802872277775825e-02,-1.420870705134719136e-01,1.666434922642391070e-01
1.189957546181862752e-02,-1.170361698318653221e-01,-8.413066562088419853e-02,-2.004661889501845318e-01,-1.699890386021732092e-01
2.360363989639110427e-01,1.469408977622588958e-02,-1.702805255992240474e-01,7.010873943349865689e-02,-1.265738308243056533e-02
1.358373862050999969e-01,-1.301348196475727304e-01,-1.508228859076241324e-01,-1.535344308001439229e-01,-9.106464116017712329e-02
2.680439921790349692e-02,-1.811840823266393785e-01,-6.903668960330480719e-02,-2.222389384860202488e-01,-4.793372719958952782e-02
9.770767433774178723e-02,-7.344419534699120344e-02,-1.432910026336098597e-01,-1.366212782595125630e-01,-1.893712634914136994e-01
2.055651654180684351e-01,-4.063986604626564775e-02,-1.005257199161837395e-01,7.352771376538316805e-02,1.748702919256229782e-01
-1.282419225552803299e-01,1.514952647163985977e-01,1.391766072800151854e-01,1.669255394346955690e-01,5.804248735447228857e-02
-8.249686294609914761e-02,-1.706092144999528729e-02,1.333594097470377493e-01,5.915843646536610156e-02,2.482312224322809902e-01
-1.290649030621084936e-01,1.597540661125371186e-01,1.348961684404333949e-01,1.680124456828446800e-01,3.735948331868394617e-02
-9.176681559289646961e-02,-2.548498642246814494e-02,-1.471005373480531279e-02,-1.488425904280933354e-01,-2.419893894714393312e-01
-8.069446661328036341e-02,-1.799980341449090304e-01,6.186243892425297847e-02,-1.787031272191633158e-01,1.238036418462759441e-01
-1.706315843340497074e-01,1.269418344175393953e-01,1.626658928396212400e-01,1.252929140268451702e-01,5.110896304673483159e-02
1.531312154394267599e-01,-1.552721530008730477e-01,-1.436401327521870386e-01,-1.471145186103645641e-01,-1.289263500965196624e-02
-1.711317132358732562e-01,5.228111777278633514e-03,1.764319072202036875e-01,3.144905064648998577e-02,1.690246813346354959e-01
-1.793766673398994316e-01,7.410821444600808328e-02,1.783428561789371369e-01,8.705086564755058764e-02,1.137890864960543619e-01
-6.648057379253939636e-02,1.315218057603540769e-01,1.156015251480553008e-01,1.904278082524630822e-01,1.365865481859655228e-01
-1.155914817021654467e-01,1.750353886978705809e-01,1.194722166523051049e-01,1.778703026246705454e-01,9.474542399296681516e-03
-5.835170135289512172e-02,1.914026223329572396e-01,7.988254143208561864e-02,2.087177625018004357e-01,3.973701534213015460e-03
1.490649649355865192e-01,1.398852449925631902e-01,-1.125970722393159901e-01,1.567836899316733257e-01,-1.046543279404445193e-01
-6.231922652421756359e-02,1.503411013069390623e-01,1.070368613144332959e-01,2.014520294507296805e-01,1.071170267202046361e-01
1.928521572444627241e-01,-1.405135209825851272e-01,-1.436575140150748164e-01,-8.746534278343164048e-02,6.911098571152785031e-02
4.498236890634338403e-02,-1.947823473567757424e-01,-6.857843122202195163e-02,-2.128855945801526595e-01,3.625746425117815953e-03
2.102909131503331863e-01,7.168983564391244456e-02,-1.224504851303903491e-01,1.532965027108869893e-01,4.630723765990482632e-02
-9.487422177771295817e-02,1.964523169471529551e-01,7.930166539912220092e-02,1.700707209333716663e-01,-8.480899099917156569e-02
2.993916938252469059e-02,-1.210700342845868610e-01,-9.540181041149174701e-02,-1.975749483158583397e-01,-1.621984195459657274e-01
1.044079321535170968e-01,1.109962586076562591e-01,-7.720985718806738611e-03,2.127429569149200395e-01,1.464910746126033281e-01
-1.169858167421005402e-01,1.694923111515878877e-01,1.243473013971828633e-01,1.774382040414125006e-01,2.530034631132920681e-02
9.486323920520686737e-02,1.445675110133505525e-01,-1.164117535959595211e-02,2.272009937835179627e-01,9.135311744505195120e-02
1.470958169047174302e-01,-5.940524185235247084e-02,-1.681078596197813912e-01,-9.812226552041286576e-02,-1.641511694530221888e-01
1.862862932484591061e-01,-1.800243100508343644e-02,-1.819942116896791640e-01,-3.257031955846421967e-02,-1.441894955292100100e-01
6.722092407942648062e-02,1.789937480908251610e-01,-8.503179826688030130e-03,2.304113862829726689e-01,1.675931127164740145e-02
7.084787709767127739e-02,-5.179061871693297486e-02,-1.295074721654688177e-01,-1.305093478550901631e-01,-2.202122496579604627e-01
-2.226677837666824478e-01,-5.726254385952415232e-02,1.434951128084874516e-01,-1.276183592458620675e-01,-1.621006251201944845e-02
-1.454408873790105361e-01,-1.462122184510440959e-01,7.712128177755203651e-02,-2.037413726013270754e-01,3.270541475775479850e-03
8.312733641698372491e-03,-7.940399511533784149e-02,6.638663027780326853e-02,2.231493211494625650e-02,2.805722066495346945e-01
-2.041815207071537019e-01,1.114051699688569097e-01,1.705122172266269054e-01,8.213812516875729219e-02,8.815150375655413789e-03
-5.485378100197928902e-02,1.679854336077716559e-01,9.475727126495342434e-02,2.104957071292135051e-01,7.405790726173813732e-02
6.212963966685690342e-02,1.088202846964277659e-01,2.995131908544293800e-02,2.097813523135149683e-01,1.714431574021249294e-01
-3.599939834750391643e-02,1.949405680455483514e-01,1.085535249810615395e-02,1.495945893794088932e-01,-1.679459389185835316e-01
3.926736213908002537e-02,-1.525372123353689324e-01,-9.198525955838483814e-02,-2.110127853570630818e-01,-1.104662372103960843e-01
9.362289980596642802e-02,-8.749094155587287813e-02,2.781875940111863199e-04,2.960598808749185726e-02,2.696358578872896095e-01
-8.419577494144053764e-02,8.740398661792467272e-02,-8.020681385034596211e-03,-2.862508557610261850e-02,-2.727414302066785701e-01
-1.171714912728923780e-01,5.465198446804941240e-02,1.292200356808322417e-02,-7.003088499939902345e-02,-2.611756098807428428e-01
-2.004372291665788286e-01,-8.272659473506831229e-02,1.535600049322092264e-01,-1.120615521239677476e-01,8.272098348273727864e-02
-2.353633103475661348e-01,6.678460062204746861e-02,1.685811329478641707e-01,2.727683763188011763e-03,-4.143537881197000006e-02
1.002075356839375597e-01,1.114018220075403964e-01,-3.925373065428310569e-03,2.130827627186695217e-01,1.487562150769810854e-01
-1.126601893150405292e-01,1.308011769644331357e-01,1.404960645683908382e-01,1.678954377996630110e-01,1.107732443104935960e-01
-2.390316228318529190e-01,1.571838331022784932e-02,1.764252970939098053e-01,-3.802252319374823525e-02,6.724432153729417022e-03
-2.034140285877007459e-01,-7.308419486908486473e-02,1.100942368299843016e-01,-1.623804654061793418e-01,-6.923349554482735591e-02
-1.353477017806397065e-01,1.579824066927436876e-01,1.379296337739092382e-01,1.629697290878652505e-01,3.374673800963003123e-02
4.743363466138443563e-02,1.638367561496917868e-01,2.214864259638223490e-02,2.328115589269848518e-01,7.884023908057045948e-02
1.691372753149874286e-01,1.034797381883416495e-01,-7.511275448273739552e-02,1.949595820673242774e-01,8.386513791585097077e-02
-1.747716509969582110e-01,2.032160890669034228e-02,1.787124775480270766e-01,4.388270051323928805e-02,1.586759628411064937e-01
-3.726709666921578651e-02,-8.339639078591663812e-03,1.074361026659215596e-01,8.655723899190446990e-02,2.636416927345559547e-01
1.240094372762963054e-01,1.624976291543284435e-01,-8.336615797777223447e-02,1.856425136574686996e-01,-8.248103304760648347e-02
-1.008885810272368427e-01,-1.748683946997180161e-01,6.723384589986147741e-02,-1.906555114713084087e-01,9.150204732453690037e-02
7.203273592855047314e-02,-1.989663911876922708e-01,-4.894111855352324680e-02,-1.600798769059958715e-01,1.311596738974487864e-01
8.112537480226426900e-02,-1.108409988578141908e-01,-1.289131104246742099e-01,-1.715837491027710493e-01,-1.583457405169688137e-01
1.478003067520852754e-02,8.680355066568028188e-02,-7.988788900136381543e-02,-5.981614946250718087e-03,-2.753703683380097078e-01
2.140559211537530759e-01,-4.257598523186061773e-03,-1.851555076102337216e-01,8.222265950887529609e-03,-9.905436799083199018e-02
2.008239984356440244e-01,6.067722668124241048e-02,-1.670658043701243600e-01,7.513602930441552752e-02,-1.114970399836825582e-01
-8.727607064594684882e-02,1.953128419693526685e-01,8.608693157969032894e-02,1.865607242551175771e-01,-4.494349375669474261e-02
2.227422464134287683e-02,1.421991773993067920e-01,5.224897243735689145e-02,2.223499473189480546e-01,1.308197182006167469e-01
1.889463170486165300e-01,-1.248009718839367121e-01,-1.652110820362364396e-01,-1.052864104378925664e-01,-1.854930834581405841e-02
-1.235293341484295926e-01,-1.185420696445308036e-01,1.254964554038966451e-01,-9.111004339875972136e-02,1.914102426783131916e-01
1.251942044320370762e-01,-1.634419867884095434e-01,-1.312840807920471475e-01,-1.712531027492450175e-01,-3.240359641506524585e-02
-5.540409528017477270e-02,-1.906066035259791069e-01,4.013529958655429053e-02,-1.867476569758929339e-01,1.188022695893783259e-01
-1.068838813116260028e-01,1.928444382799868739e-01,8.276365408653101052e-02,1.572389631179660352e-01,-9.906030779313436396e-02
-5.112024677294992742e-02,1.465734722959594061e-01,1.016449159561926829e-01,2.041506633823598482e-01,1.178717747799668536e-01
2.242540203337890781e-01,-7.162497475070940534e-02,-1.811547454710843719e-01,-3.616104571093638198e-02,-2.133856420875039628e-02
9.041016247866914823e-02,-1.994444892751046083e-02,-1.405559869536940898e-01,-9.287375813491119403e-02,-2.303186945493777282e-01
-1.066776980051533236e-01,1.800903169810605109e-01,1.120588612940964512e-01,1.833594528306916049e-01,3.077196952139722892e-03
-4.360742717759175796e-02,2.038061975301088125e-01,3.431258604184334038e-02,1.788440958496193278e-01,-1.157534533485829464e-01
-2.030375334713647728e-01,9.822335473708242171e-02,1.767657467173516794e-01,7.946553342421948385e-02,3.958575970117312465e-02
7.311931168464139152e-02,1.812120318271034369e-01,-5.938379418308947083e-02,1.741661812239910512e-01,-1.339980301576464139e-01
-1.133315306404178574e-01,1.907454809866064582e-01,8.888672935593706914e-02,1.556611244729620425e-01,-9.295638395562498546e-02
-1.001139646190522120e-01,-1.762788377711531074e-01,5.348467237942299002e-02,-2.086388016599712569e-01,5.012190842998312523e-02
-1.226124841846953223e-01,1.754601635211949784e-01,1.209048390380439292e-01,1.719202918201700736e-01,-2.311470706193364567e-03
-1.380389303903741260e-01,1.546745540952986775e-01,1.407267947367515371e-01,1.604047942147608929e-01,3.856562262096047133e-02
-1.091918447401063474e-01,-1.280292147893762889e-01,1.827347644453361508e-02,-2.203197700048166174e-01,-1.131854240011673923e-01
-1.630371554125046307e-01,1.503479504654330889e-01,1.482553066591997537e-01,1.370079665770785327e-01,7.972508240400884641e-03
4.786116161938040736e-02,1.280288319599564295e-01,3.659085324294818198e-02,2.191744523616898088e-01,1.481269600252403951e-01
6.440519660420146453e-02,-1.874066044568887257e-01,-8.702272972710027588e-02,-2.071723455309592843e-01,-1.540775825220115809e-02
-8.575024703832799522e-02,-1.373476965881456624e-01,1.008541564997548073e-01,-9.581981934513869592e-02,2.107830797578030546e-01
6.694000201078897927e-02,-1.302183411019238457e-01,-1.162291378641890083e-01,-1.895090460678815203e-01,-1.383449628329397330e-01
1.176191335968988644e-01,-9.667648954539372064e-03,-1.542052250688825121e-01,-6.931832612461269472e-02,-2.179174022430144797e-01
-1.265869156611057755e-01,1.631952211220815407e-01,1.318968073618783099e-01,1.701918282014865669e-01,3.132166035672807880e-02
1.223741381803827161e-01,-1.405496812619793923e-01,-1.415772981266442132e-01,-1.668557263771778820e-01,-8.593830712824296336e-02
2.126616925756595611e-01,-5.525251015607868937e-02,-1.124393717318710323e-01,5.322384056947235959e-02,1.620085649337268119e-01
7.287394915564740505e-02,1.851292768335484895e-01,-2.493169340093936981e-02,2.215502220409845402e-01,-2.665423364682420818e-02
1.938588276412782918e-01,-1.383039913477582261e-01,-1.489110158540548623e-01,-9.100571251939308659e-02,5.323749213645759953e-02
7.300221226280466380e-02,-1.193583188475331597e-01,-1.224663016563927592e-01,-1.805443356953671252e-01,-1.510960506881334764e-01
-1.963663106189189947e-02,-1.761328175097204851e-01,-3.795516113923205759e-02,-2.318975001119550905e-01,-5.809120846864301857e-02
1.935827834820411653e-01,3.115560094771668495e-02,-1.764958684288093771e-01,2.774313604592957075e-02,-1.401233788446069883e-01
-2.039443636838231544e-01,1.276338744131483016e-01,1.434098934654360336e-01,6.250601692118787356e-02,-8.742362912147727538e-02
5.456036905313087215e-02,-1.757573908290764042e-01,-9.015656744408272194e-02,-2.120283552418192885e-01,-5.521119105662256749e-02
1.026425134148770263e-01,-1.268996701710584929e-01,-1.367044501386484867e-01,-1.711458669094212959e-01,-1.240240851708479392e-01
1.578143092618529142e-01,-1.588954163984868106e-01,-9.551459250146995816e-02,-8.336152811134962815e-02,1.541904948107195583e-01
2.240707699961212995e-01,1.922984847802212266e-02,-1.789245135264300179e-01,4.925078040558936165e-02,-7.058953215334699827e-02
2.108334714727900031e-02,-9.862289375931114488e-02,5.260646489072347970e-02,2.028762342689263611e-03,2.775922572311138592e-01
-1.817024223687541684e-01,1.027731629952895187e-01,1.733004515139575652e-01,1.040038591496088988e-01,7.464621531140903932e-02
-6.645717257413212564e-02,-1.225191676221474846e-01,9.855812258685198168e-02,-6.279714150878498713e-02,2.385693049600238758e-01
4.583819671052498379e-02,-1.705045524284741765e-01,-8.791146317855763614e-02,-2.145196626390327432e-01,-7.127374205507651383e-02
-1.028168801319353926e-01,1.513412369856607376e-01,1.283863074969934515e-01,1.825618564828846990e-01,8.193072532570008781e-02
6.637493960355340950e-02,-1.752866395398318955e-01,-9.723077777647928799e-02,-2.069054879271144676e-01,-5.104171147288492916e-02
1.243441817758934448e-01,-1.475096557770335659e-01,-1.395394153653753133e-01,-1.682950779233847172e-01,-7.060413739488458074e-02
3.447276445965409553e-02,2.405489285878174236e-03,-1.061462602680347395e-01,-9.356422799668411006e-02,-2.622680857487236783e-01
1.558449757151562365e-01,-1.467634242523469185e-03,-4.332438106076488132e-02,1.245727701867733322e-01,2.198063068425642752e-01
1.004410138641922690e-01,1.627330649769648252e-01,-8.728111972676982910e-02,1.534173560680563708e-01,-1.492470210539043329e-01
1.407702758827198142e-01,-1.561725070119452663e-01,-1.405625371475421881e-01,-1.583805340122060867e-01,-3.084893966023903936e-02
-1.378649794325420563e-01,-1.518759366175162218e-01,9.796588369302496047e-02,-1.734020589013884062e-01,9.089201793128540152e-02
-2.036739878496056644e-01,6.243896859147345796e-02,1.847124406757862380e-01,5.629695974041503542e-02,8.561687017318438120e-02
3.498169092374163458e-02,1.416588370942835351e-01,-7.272792270200550968e-02,7.666777676531560948e-02,-2.398786285572891974e-01
1.645507693393492843e-01,8.994408079657086053e-02,-1.506296252365128541e-01,8.062426693519338106e-02,-1.601360366118713685e-01
-5.686515715921795777e-02,-1.592954943462887296e-01,7.439913180056072217e-02,-1.160631439567358231e-01,2.058771847107633834e-01
2.635530929823968332e-02,1.361543368285204336e-01,5.112444328571121716e-02,2.201529743456312749e-01,1.403080661262131879e-01
-2.283317164535993427e-01,5.656149580179961611e-02,1.370707281286795143e-01,-3.873792201331308777e-02,-1.199016819831156544e-01
-1.344115893896399017e-01,-1.556793070009466484e-01,9.169395226179258285e-02,-1.808765150231822771e-01,8.107640495937451508e-02
1.761187152613347129e-01,-9.247436903890410287e-02,-7.861296700353712086e-02,2.008644647670439209e-02,2.093972905564748521e-01
-2.041829572746982624e-01,-9.014112153879844103e-02,1.337645723584909851e-01,-1.485149079092946134e-01,1.530553745316024124e-02
-1.242759151198333800e-01,1.826870366193608375e-01,1.115586966399849389e-01,1.646045754136964412e-01,-4.050845009660086066e-02
1.722199481221804995e-01,-1.506719967508395042e-01,-1.472014290798452640e-01,-1.252674819841328724e-01,1.667441447591770307e-02
1.273291778026630627e-01,-1.651131809031567421e-01,-1.308078137302229049e-01,-1.696813162747089765e-01,-2.494964421671584318e-02
-1.955983250146206380e-03,1.847035987116343869e-01,4.865154128947241780e-02,2.282688289357312217e-01,3.751165177601888806e-02
-9.920009006391482254e-02,-1.718604723916507260e-01,3.949971565322139833e-02,-2.214517041068750081e-01,4.715439757390713603e-03
1.028800615669138441e-01,3.698108903776298195e-02,4.944135617532441525e-03,1.597479945807929458e-01,2.291380058741444015e-01
1.243938109454069962e-01,-1.655085730087982043e-01,-1.296262468847662330e-01,-1.719451370928279377e-01,-2.765859735720262863e-02
2.232922536699525062e-01,7.593311937855461852e-03,-1.229551264257501692e-01,1.093881148066245812e-01,1.140139828682802808e-01
-4.861684564558673149e-01,-4.951107223868194684e-01,3.539441152560794390e-01,-5.637713471797113352e-01,3.227350139776301585e-01
-6.068996669573577529e-01,-6.180625841381677255e-01,4.418397837580211318e-01,-7.037738427904920435e-01,4.028804623121042816e-01
-3.010073939126042264e-01,-3.065439278604699114e-01,2.191417281585939791e-01,-3.490546162008510422e-01,1.998188574181445354e-01
-6.432806594256481603e-01,-6.551127448858133917e-01,4.683261549331448892e-01,-7.459620202899199803e-01,4.270313918034329692e-01
-6.907421939918352294e-01,-7.034472560055923251e-01,5.028794679621029218e-01,-8.009994315540228671e-01,4.585379587520203026e-01
-3.479435496220739665e-01,-3.543433966470371232e-01,2.533125508138023285e-01,-4.034827868984423027e-01,2.309766601669680786e-01
-1.455343118898357047e-01,-1.482111752315757591e-01,1.059530139753651762e-01,-1.687647028215887579e-01,9.661058334469421749e-02
-7.180888915099999936e-01,-7.312969508661256723e-01,5.227886219389017430e-01,-8.327112472755173744e-01,4.766916186379494547e-01
-6.986587422749447329e-01,-7.115094161215196333e-01,5.086429345974615712e-01,-8.101796303746491290e-01,4.637932304317777810e-01
-6.373946265466450267e-01,-6.491184481517957572e-01,4.640409598077469000e-01,-7.391364505893877057e-01,4.231240447136484506e-01
-5.795138283428035164e-01,-5.901730282454117349e-01,4.219021339778690205e-01,-6.720166382159190599e-01,3.847008192466360721e-01
-6.773878914824917885e-01,-6.898473231539772321e-01,4.931571654890285483e-01,-7.855134965527639235e-01,4.496729224672038616e-01
-3.425220060902654517e-01,-3.488221327747296763e-01,2.493655168110678610e-01,-3.971958489860099029e-01,2.273776567674594962e-01
-2.077762242772474288e-01,-2.115979248152891901e-01,1.512668518421965980e-01,-2.409417565397541094e-01,1.379288634543978098e-01
-2.669624056076014829e-01,-2.718727382151769900e-01,1.943560327797502763e-01,-3.095753191247948011e-01,1.772186462555745134e-01
-2.383542675542771327e-01,-2.427384007038969893e-01,1.735285151200831877e-01,-2.764007099611294760e-01,1.582275996092733505e-01
-2.587659571874323383e-01,-2.635255296613768228e-01,1.883887910844178337e-01,-3.000705421147559782e-01,1.717775674271904141e-01
-3.478787830644131107e-01,-3.542774388154992793e-01,2.532653989641810433e-01,-4.034076822120321593e-01,2.309336659422001614e-01
-6.125018457321945720e-01,-6.237678057405101617e-01,4.459183252257684082e-01,-7.102702491967312071e-01,4.065993774765772062e-01
-5.661473641858899564e-01,-5.765607100528022944e-01,4.121709774881835986e-01,-6.565166003078516388e-01,3.758277096500972636e-01
-4.354605236291375081e-01,-4.434701008713767267e-01,3.170273342874836975e-01,-5.049693430126251936e-01,2.890733784019437480e-01
-4.029148967314588603e-01,-4.103258509105519036e-01,2.933332155827687027e-01,-4.672287375141313537e-01,2.674684938968822090e-01
-6.482683099700305984e-01,-6.601921350256925169e-01,4.719573028114075752e-01,-7.517458066078694934e-01,4.303423624079253940e-01
-2.279376793165719672e-01,-2.321302165268052109e-01,1.659449500845014691e-01,-2.643214113028042322e-01,1.513127171115435932e-01
-2.310105026512596083e-01,-2.352595593724828016e-01,1.681820506657749903e-01,-2.678847230068810426e-01,1.533525608502770143e-01
-3.645186910315095785e-01,-3.712234104116370892e-01,2.653797133034766498e-01,-4.227036756212795288e-01,2.419797979136083799e-01
-5.560122350726619533e-01,-5.662391619760001049e-01,4.047923224986383905e-01,-6.447636876741141831e-01,3.690996692094076770e-01
-1.549440749081599233e-01,-1.577940153019787572e-01,1.128035823371413698e-01,-1.796764654072472156e-01,1.028571013137610235e-01
-4.249481677441280247e-01,-4.327643875592526168e-01,3.093740477495190433e-01,-4.927789901408478057e-01,2.820949221108489113e-01
-7.126618028536088056e-01,-7.257700398758256677e-01,5.188375509317331158e-01,-8.264178791179409567e-01,4.730889341977728146e-01
-5.920867260900666285e-01,-6.029771836847067634e-01,4.310555521198051188e-01,-6.865964395312902369e-01,3.930471327030514161e-01
-2.518008659698835472e-01,-2.564323270925595311e-01,1.833180115718087699e-01,-2.919936732706261973e-01,1.671539050286918460e-01
-3.103005978067845949e-01,-3.160080648941183679e-01,2.259074382464071606e-01,-3.598312143315309242e-01,2.059879995104750838e-01
-4.716947791597030371e-01,-4.803708256976395030e-01,3.434068769036816016e-01,-5.469873612185743861e-01,3.131268989663484326e-01
-4.470367609643032814e-01,-4.552592639761111060e-01,3.254551560171346503e-01,-5.183933955834050256e-01,2.967580750715069771e-01
-1.841037987572949619e-01,-1.874900841189321432e-01,1.340326697488019858e-01,-2.134907052648829517e-01,1.222143092096392714e-01
-7.075494276405267513e-01,-7.205636309629279701e-01,5.151156000366821086e-01,-8.204894594047852374e-01,4.696951671527429539e-01
-4.180467086206594574e-01,-4.257359874918084097e-01,3.043495941655917081e-01,-4.847759104348800530e-01,2.775135008419416516e-01
-4.886397377516559781e-01,-4.976274588211383465e-01,3.557432765553610876e-01,-5.666370978611592335e-01,3.243755338282047762e-01
-3.979687168780381423e-01,-4.052886942465128706e-01,2.897322595172956428e-01,-4.614930414969849459e-01,2.641850529353551025e-01
-6.374754800391084775e-01,-6.492007888107370617e-01,4.640998233919127469e-01,-7.392302100296906930e-01,4.231777179881560658e-01
-4.240758101688411608e-01,-4.318759844069204323e-01,3.087389472487117037e-01,-4.917673856261757237e-01,2.815158217383029182e-01
-1.701445844973458188e-01,-1.732741131639691234e-01,1.238699747501883358e-01,-1.973033016511806792e-01,1.129477121084133395e-01
-1.947537575211604199e-01,-1.983359312876406821e-01,1.417861349975953478e-01,-2.258406253799857544e-01,1.292841109313997150e-01
-5.133764531020349464e-01,-5.228191652018564506e-01,3.737522911526009461e-01,-5.953223224015341541e-01,3.407965995480245480e-01
-1.938283489607437737e-01,-1.973935013649119607e-01,1.411124119087819873e-01,-2.247675018075495079e-01,1.286697935261564285e-01
-7.009374832842624192e-01,-7.138300708087457203e-01,5.103019212300382579e-01,-8.128221072191198493e-01,4.653059355481375947e-01
-2.655171994991514239e-01,-2.704009499268771322e-01,1.933038826646502617e-01,-3.078994271908490066e-01,1.762592697114619134e-01
-6.106973691487983524e-01,-6.219301387901524647e-01,4.446046162441812388e-01,-7.081777395308601619e-01,4.054015050773472906e-01
-3.693151119622948286e-01,-3.761080535849606332e-01,2.688716407212248249e-01,-4.282657079865677674e-01,2.451638238527328595e-01
-4.469313078514141058e-01,-4.551518712273484590e-01,3.253783832272776899e-01,-5.182711098967703878e-01,2.966880717395130040e-01
-5.921311415922985155e-01,-6.030224161367573332e-01,4.310878878368437639e-01,-6.866479446982676205e-01,3.930766172110305989e-01
-5.221287840224775323e-01,-5.317324807965760902e-01,3.801242307199013126e-01,-6.054717126559974183e-01,3.466066919232840271e-01
-5.518989741557221995e-01,-5.620502444168528067e-01,4.017977545114908566e-01,-6.399938622820069423e-01,3.663691479221989900e-01
-6.092875511124566934e-01,-6.204943894791099535e-01,4.435782296267056779e-01,-7.065428843627138411e-01,4.044656203287119722e-01
-2.533661351259166028e-01,-2.580263867899386665e-01,1.844575709142812769e-01,-2.938087928841622287e-01,1.681929834720645445e-01
-3.794195696326538303e-01,-3.863983660683511512e-01,2.762279660499997735e-01,-4.399830533587182901e-01,2.518715035554692783e-01
-4.886358852429822375e-01,-4.976235354519292220e-01,3.557404718222362261e-01,-5.666326304096488409e-01,3.243729764030485740e-01
-3.141177774873848971e-01,-3.198954552915121430e-01,2.286864508846863653e-01,-3.642576975851897214e-01,2.085219720897625584e-01
-1.516778649025806724e-01,-1.544677287569442004e-01,1.104256908978389351e-01,-1.758888983807048167e-01,1.006888809822961972e-01
-1.607819178972261787e-01,-1.637392357726117076e-01,1.170536938866070381e-01,-1.864461530800390621e-01,1.067324583297432905e-01
-2.188582898118830722e-01,-2.228838266452644878e-01,1.593349028002138124e-01,-2.537927569142766626e-01,1.452855122203309257e-01
-2.067192329871607170e-01,-2.105214919158649167e-01,1.504973328780696284e-01,-2.397160468178328452e-01,1.372271969965054850e-01
-2.906593554402712720e-01,-2.960055543084860186e-01,2.116080692527364804e-01,-3.370548093175671500e-01,1.929494805660233181e-01
-3.772249955404616273e-01,-3.841634264097034679e-01,2.746302552666071706e-01,-4.374381782727032597e-01,2.504146712766294747e-01
-2.123543840779120451e-01,-2.162602923054250115e-01,1.545998791059559063e-01,-2.462506886272865514e-01,1.409680002960399525e-01
-4.014868959951788385e-01,-4.088715844588314829e-01,2.922935914556252235e-01,-4.655727972979867846e-01,2.665205388589451663e-01
-1.499928243426919550e-01,-1.527516946585177893e-01,1.091989346527131033e-01,-1.739348892838864513e-01,9.957029424260319117e-02
-1.911975020672839476e-01,-1.947142643872487588e-01,1.391970824304607779e-01,-2.217167154439878274e-01,1.269233486516300469e-01
-2.997307100417280212e-01,-3.052437614980179070e-01,2.182122669047044938e-01,-3.475741462603421650e-01,1.989713516175503627e-01
-3.421999407183419772e-01,-3.484941435421264888e-01,2.491310442910876499e-01,-3.968223750878207556e-01,2.271638589142067344e-01
-1.501268531511448789e-01,-1.528881887055761335e-01,1.092965113411978328e-01,-1.740903119586795222e-01,9.965926708482494845e-02
-6.555670745964863322e-01,-6.676251483747680515e-01,4.772710058167521363e-01,-7.602096102783121312e-01,4.351875284660249865e-01
-1.648132654049948853e-01,-1.678447332606924636e-01,1.199886266408395769e-01,-1.911209899297445780e-01,1.094086027339957745e-01
-6.591794418083537499e-01,-6.713039591162798247e-01,4.799009092993950509e-01,-7.643985886097911520e-01,4.375855396227198990e-01
-5.667081954787822617e-01,-5.771318569112086072e-01,4.125792782183826946e-01,-6.571669522781118378e-01,3.762000083723759380e-01
-4.473086123791155666e-01,-4.555361156487817698e-01,3.256530713841624403e-01,-5.187086403022389547e-01,2.969385392069196494e-01
-6.773439521375275163e-01,-6.898025756173208345e-01,4.931251764276821103e-01,-7.854625435479447582e-01,4.496437540484740092e-01
-3.316588208189764631e-01,-3.377591371491012739e-01,2.414568167531933596e-01,-3.845986668493828753e-01,2.201663081005199862e-01
-4.863974172152230047e-01,-4.953438945012532679e-01,3.541108050367972604e-01,-5.640368549765235606e-01,3.228870058497677609e-01
-6.997785066964515854e-01,-7.126497767604572653e-01,5.094581541416390857e-01,-8.114781331632481276e-01,4.645365678108852037e-01
-6.017262020845001169e-01,-6.127939619220821310e-01,4.380733578969507880e-01,-6.977745822004075560e-01,3.994461418911000594e-01
-1.730097728742231722e-01,-1.761920019496617529e-01,1.259559113255241947e-01,-2.006258354143361233e-01,1.148497207611363646e-01
-4.493771403757556571e-01,-4.576426908020936324e-01,3.271590171153818671e-01,-5.211073496381883885e-01,2.983116978375217054e-01
-4.504862112667272767e-01,-4.587721612206602240e-01,3.279664514728530267e-01,-5.223934519799136034e-01,2.990479364904963244e-01
-4.727994236432575548e-01,-4.814957882923341370e-01,3.442110887138316033e-01,-5.482683306035238679e-01,3.138601992208305269e-01
-2.797195711184634614e-01,-2.848645507192950621e-01,2.036436029623857613e-01,-3.243688012825704514e-01,1.856872828665899200e-01
-2.473475732461289656e-01,-2.518971234030165096e-01,1.800758910019631398e-01,-2.868295397179084216e-01,1.641976591629589199e-01
-1.972498502814039600e-01,-2.008779355523309107e-01,1.436033597308945531e-01,-2.287351479666352161e-01,1.309411014686699404e-01
-3.017730654399072288e-01,-3.073236826511397402e-01,2.196991582586124980e-01,-3.499425052909651002e-01,2.003271359948087249e-01
-6.078657907624355206e-01,-6.190464781952484952e-01,4.425431486737724240e-01,-7.048941806320329073e-01,4.035218078695862465e-01
-5.360563922926240288e-01,-5.459162644217460114e-01,3.902639156816667398e-01,-6.216224652874867695e-01,3.558523079027910985e-01
-2.084955034978684674e-01,-2.123304339894047099e-01,1.517905070567300285e-01,-2.417758481181424279e-01,1.384063452536350436e-01
-5.505128862285465496e-01,-5.606386616911480658e-01,4.007886440714023002e-01,-6.383865250563258709e-01,3.654490160201574467e-01
-2.179832763430472609e-01,-2.219927187486072095e-01,1.586978687352685602e-01,-2.527780725686032404e-01,1.447046487760959843e-01
-4.114604821853994898e-01,-4.190286182973187445e-01,2.995546387184649384e-01,-4.771383813008314712e-01,2.731413416604535072e-01
-4.008205660709698859e-01,-4.081929984959985491e-01,2.918084847968919204e-01,-4.648001068569491689e-01,2.660782065880056835e-01
-5.544947029583900955e-01,-5.646937173644355212e-01,4.036875170460710871e-01,-6.430039249558817671e-01,3.680922802239491309e-01
-3.842801935490512966e-01,-3.913483931351865452e-01,2.797666350212928421e-01,-4.456195368802073897e-01,2.550981496012332816e-01
-3.595503526113729698e-01,-3.661636876106386107e-01,2.617626251870910914e-01,-4.169422840559274257e-01,2.386816473483547862e-01
-3.784667264229719108e-01,-3.854279968812875379e-01,2.755342697758992321e-01,-4.388781159798321729e-01,2.512389741050047309e-01
-4.403219496041411718e-01,-4.484209447493620049e-01,3.205665871796790634e-01,-5.106067566184399054e-01,2.923005568812543919e-01
-1.485927128799049424e-01,-1.513258304574217616e-01,1.081796146898988814e-01,-1.723112900661761260e-01,9.864085304477873684e-02
-2.963044161390373521e-01,-3.017544465769362305e-01,2.157178299500000229e-01,-3.436009425205621692e-01,1.966968621974892195e-01
-6.757212165035098028e-01,-6.881499924409907321e-01,4.919437798959861441e-01,-7.835807845766288304e-01,4.485665274193656460e-01
-6.994077735754522518e-01,-7.122722246159007842e-01,5.091882501510248682e-01,-8.110482231016339361e-01,4.642904626648216015e-01
-2.827259666543608940e-01,-2.879262439365180004e-01,2.058323422644380007e-01,-3.278550818894691576e-01,1.876830295926801839e-01
-3.948588087308426142e-01,-4.021215844744406298e-01,2.874681601643448992e-01,-4.578867254506275852e-01,2.621205910476566703e-01
-2.769918506000675351e-01,-2.820866582863355010e-01,2.016577467993026229e-01,-3.212056781902243863e-01,1.838765300134551361e-01
-2.038660982698339841e-01,-2.076158784968857585e-01,1.484201717010727728e-01,-2.364074907362671008e-01,1.353331899694163176e-01
-3.222109429517039936e-01,-3.281374811700438765e-01,2.345784997246536940e-01,-3.736427054691425220e-01,2.138944882095684397e-01
-7.067999714109995946e-01,-7.198003897236597837e-01,5.145699751230115027e-01,-8.196203739210151662e-01,4.691976528374884325e-01
-5.139177190398842576e-01,-5.233703868328227760e-01,3.741463477618819367e-01,-5.959499859673450528e-01,3.411559101279229012e-01
-4.329184275611041022e-01,-4.408812471440164971e-01,3.151766178706777444e-01,-5.020214740056906377e-01,2.873858493178274021e-01
-5.529760682202871092e-01,-5.631471498480953297e-01,4.025819088527846090e-01,-6.412428836114565378e-01,3.670841592796132424e-01
-2.891037955502709922e-01,-2.944213824630550480e-01,2.104755785251238298e-01,-3.352509487767222907e-01,1.919168474608192454e-01
-1.945587005770469669e-01,-1.981372865931440297e-01,1.416441281343527869e-01,-2.256144331729445229e-01,1.291546255549855249e-01
-1.485307234772880181e-01,-1.512627008621087454e-01,1.081344846861457404e-01,-1.722394058281920548e-01,9.859970238916876406e-02
-6.478522610722062813e-01,-6.597684335954275836e-01,4.716544076788907747e-01,-7.512633474015915080e-01,4.300661751212518924e-01
-6.276786529745699283e-01,-6.392237652901608946e-01,4.569674616731929095e-01,-7.278695996920209188e-01,4.166742538542231866e-01
-3.614157436404645263e-01,-3.680633894273303008e-01,2.631206815739894900e-01,-4.191054314167297901e-01,2.399199568105447600e-01
-5.590340017373727211e-01,-5.693165090485680091e-01,4.069922524086291848e-01,-6.482677929709607101e-01,3.711056198090865177e-01
-5.603077535696736611e-01,-5.706136894424369554e-01,4.079195790571454872e-01,-6.497448628567855655e-01,3.719511792236122050e-01
-2.079363580805509426e-01,-2.117610040154703777e-01,1.513834336906901001e-01,-2.411274511252802233e-01,1.380351656724071729e-01
-6.438519321135628415e-01,-6.556945251914613193e-01,4.687420572884065662e-01,-7.466244803253168083e-01,4.274106218757894315e-01
-4.188262591219436559e-01,-4.265298765372669831e-01,3.049171285434612022e-01,-4.856798938802631693e-01,2.780309927495044353e-01
-2.952426517334675315e-01,-3.006731527684515237e-01,2.149448360254673784e-01,-3.423696977917715101e-01,1.959920271845997097e-01
-2.328028801454262442e-01,-2.370849046908442281e-01,1.694869511749574620e-01,-2.699632023099343692e-01,1.545424014661203882e-01
-7.085071993826465020e-01,-7.215390193346448156e-01,5.158128844190403850e-01,-8.216001120153676451e-01,4.703309683292195564e-01
-3.953257649023108056e-01,-4.025971295335833422e-01,2.878081172034718804e-01,-4.584282178209503900e-01,2.624305722990615264e-01
-2.381173676857420429e-01,-2.424971434534805015e-01,1.733560454477720558e-01,-2.761259958033983053e-01,1.580703374887722779e-01
-1.738570748910204800e-01,-1.770548886878810790e-01,1.265727706850890699e-01,-2.016083849671397032e-01,1.154121884091360156e-01
-2.107240296769142818e-01,-2.145999502274773818e-01,1.534129359006692339e-01,-2.443600947707221249e-01,1.398857160725215099e-01
-1.976252501276425655e-01,-2.012602402588312689e-01,1.438766612268674028e-01,-2.291704696627153148e-01,1.311903045442998073e-01
-2.142460690836169024e-01,-2.181867717330097378e-01,1.559770782368258280e-01,-2.484443270461186848e-01,1.422237645864836975e-01
-4.564097250170310871e-01,-4.648046282247129124e-01,3.322789337117103003e-01,-5.292624853009793018e-01,3.029801646464268527e-01
-2.209465866556275804e-01,-2.250105342609781400e-01,1.608552408002138223e-01,-2.562143906284249373e-01,1.466717940782047702e-01
-4.785030415082001665e-01,-4.873043147893353910e-01,3.483634806515613636e-01,-5.548823679496692751e-01,3.176464530736294312e-01
-6.292566543746869190e-01,-6.408307914202288069e-01,4.581162904423583537e-01,-7.296994838882946421e-01,4.177217843905233763e-01
-3.924536600501779549e-01,-3.996721970554943382e-01,2.857171452423917235e-01,-4.550976635650609836e-01,2.605239722568548077e-01
-6.387093260256774263e-01,-6.504573293567396108e-01,4.649980974783518572e-01,-7.406610042427319573e-01,4.239967865567434435e-01
-6.918670451481417905e-01,-7.045927969414164105e-01,5.036983907902438107e-01,-8.023038330291629716e-01,4.592846728772019271e-01
-2.844749741702004009e-01,-2.897074215574191869e-01,2.071056682269713511e-01,-3.298832684374414792e-01,1.888440797545651306e-01
-6.897646941316494251e-01,-7.024517766496551907e-01,5.021678209628331890e-01,-7.998659017955059847e-01,4.578890613855807756e-01
-5.970390753186808341e-01,-6.080206231994083055e-01,4.346609996614642091e-01,-6.923392896879492220e-01,3.963346691038505121e-01
-5.384880280255101015e-01,-5.483926260785005891e-01,3.920342139119871727e-01,-6.244422421256906608e-01,3.574665096919455443e-01
-6.520190500834653902e-01,-6.640118638097968207e-01,4.746879456027621735e-01,-7.560952451174905997e-01,4.328322301623254154e-01
-7.126062387478822036e-01,-7.257134537601289681e-01,5.187970987222566555e-01,-8.263534457917464104e-01,4.730520488708861437e-01
-2.266563401136158229e-01,-2.308253092051271715e-01,1.650120996197893264e-01,-2.628355429395812237e-01,1.504621209445467234e-01
-3.790580271065827622e-01,-3.860301735645397248e-01,2.759647530673012827e-01,-4.395638009076815456e-01,2.516314994362064406e-01
-6.597322154048272935e-01,-6.718669000702477412e-01,4.803033438032027203e-01,-7.650395967028317257e-01,4.379524893744271563e-01
-6.507708961961413685e-01,-6.627407521928317946e-01,4.737792549678885856e-01,-7.546478591565130012e-01,4.320036635267843206e-01
-2.403572460443400838e-01,-2.447782206757020684e-01,1.749867389931629436e-01,-2.787234066863483184e-01,1.595572442672172631e-01
-5.972539033621694360e-01,-6.082394026500044237e-01,4.348174004332030496e-01,-6.925884088849708631e-01,3.964772792026697856e-01
-4.620988626900751073e-01,-4.705984081905971173e-01,3.364207836682763242e-01,-5.358597311066909397e-01,3.067568060596016499e-01
-2.451458142334330681e-01,-2.496548666691172924e-01,1.784729493972428693e-01,-2.842763328443043136e-01,1.627360572916284054e-01
-1.700897840108054337e-01,-1.732183047129726428e-01,1.238300784766507151e-01,-1.972397538341376100e-01,1.129113336976902138e-01
-2.185759973800345812e-01,-2.225963419102906238e-01,1.591293860833077056e-01,-2.534654045686265955e-01,1.450981169857602504e-01
-4.741762042818903344e-01,-4.828978925372925390e-01,3.452134231898175143e-01,-5.498648748982140066e-01,3.147741526309149607e-01
-6.700435669637310188e-01,-6.823679119136123461e-01,4.878102936189440131e-01,-7.769968606561226121e-01,4.447975122164080641e-01
-5.529049361152500452e-01,-5.630747093854490126e-01,4.025301227081895528e-01,-6.411603973000723489e-01,3.670369393898641475e-01
-2.206898977694116970e-01,-2.247491240065788987e-01,1.606683641743831825e-01,-2.559167287022626192e-01,1.465013953405230052e-01
-3.325220457847075650e-01,-3.386382397126059818e-01,2.420852684610436956e-01,-3.855996809945561599e-01,2.207393459389103973e-01
-1.477100099187792226e-01,-1.504268916329618289e-01,1.075369824613763986e-01,-1.712876888206713299e-01,9.805488505628817686e-02
-1.882539216119744618e-01,-1.917165416302925585e-01,1.370540742486163477e-01,-2.183032765489196503e-01,1.249693006940270357e-01
-6.206593568970603103e-01,-6.320753608524940503e-01,4.518572195197096963e-01,-7.197298737321773388e-01,4.120146084420083232e-01
-2.333857472637349273e-01,-2.376784926872870518e-01,1.699112945969999955e-01,-2.706391074949625053e-01,1.549293283123122644e-01
-3.357212275761718989e-01,-3.418962651702128763e-01,2.444143615021221461e-01,-3.893095206694598964e-01,2.228630706817947837e-01
-7.026023611365075361e-01,-7.155255713398167572e-01,5.115139984649911264e-01,-8.147527352086285646e-01,4.664111376026525702e-01
-2.265090432220086269e-01,-2.306753030304349861e-01,1.649048633989124435e-01,-2.626647343115963151e-01,1.503643403013551483e-01
-3.817286066153868229e-01,-3.887498739733946107e-01,2.779090089911745443e-01,-4.426606620623616539e-01,2.534043201604988527e-01
-4.077343267915966574e-01,-4.152339264281665887e-01,2.968418942846104969e-01,-4.728174517582626746e-01,2.706677940718904551e-01
-2.354520046153088242e-01,-2.397827554307661313e-01,1.714155872356578070e-01,-2.730351837422961836e-01,1.563009796121577755e-01
-1.995224866034530087e-01,-2.031923732666468252e-01,1.452579019818879547e-01,-2.313705456850954911e-01,1.324497540877835611e-01
-7.116857485537724237e-01,-7.247760326689335342e-01,5.181269563404756751e-01,-8.252860256621433743e-01,4.724409964430343334e-01
-4.896906565580602666e-01,-4.986977075435703455e-01,3.565083745830083806e-01,-5.678557658010376930e-01,3.250731691666771672e-01
-2.818013132144251975e-01,-2.869845830234645234e-01,2.051591689242703298e-01,-3.267828339709038521e-01,1.870692134618731906e-01
-1.918463560887544717e-01,-1.953750530069707780e-01,1.396694661474833232e-01,-2.224691404541871698e-01,1.273540798290809795e-01
-2.652376866519803866e-01,-2.701162959024509536e-01,1.931003895624530120e-01,-3.075752981110802531e-01,1.760737196589219622e-01
-2.288037638905706106e-01,-2.330122312963493481e-01,1.665754836664528615e-01,-2.653257415109264716e-01,1.518876532543219637e-01
-2.502996124209087014e-01,-2.549034604636193913e-01,1.822250573660988138e-01,-2.902527875251094680e-01,1.661573223037565439e-01
-1.859694453916298507e-01,-1.893900462423035169e-01,1.353909122234041584e-01,-2.156541490309960563e-01,1.234527883512082369e-01
-3.954645622371781299e-01,-4.027384798162250701e-01,2.879091655113931170e-01,-4.585891701810306254e-01,2.625227106499019025e-01
-5.840862960773366419e-01,-5.948295989732589328e-01,4.252310172596727722e-01,-6.773189696617425426e-01,3.877361775028556612e-01
-5.389076482022168157e-01,-5.488199644754254702e-01,3.923397090345435712e-01,-6.249288426633936577e-01,3.577450677139570878e-01
-2.788801727304929257e-01,-2.840097129841032131e-01,2.030324976637338241e-01,-3.233954169469094309e-01,1.851300619138992465e-01
-5.060661724751365220e-01,-5.153744240345270455e-01,3.684302041796546634e-01,-5.868451645305107212e-01,3.359437887805357681e-01
-3.022348143188177683e-01,-3.077939246381771188e-01,2.200353242443860158e-01,-3.504779591733906408e-01,2.006336604698347181e-01
-1.707203575761396530e-01,-1.738604766377548350e-01,1.242891535147827992e-01,-1.979709804361593217e-01,1.133299296919791366e-01
-3.540343706238876509e-01,-3.605462482432113536e-01,2.577468373703301063e-01,-4.105458332891016027e-01,2.350199525177008586e-01
-1.504627154848120207e-01,-1.532302286722508344e-01,1.095410284318463073e-01,-1.744797851089920637e-01,9.988222382648774544e-02
-5.198394900962699516e-01,-5.294010790889803753e-01,3.784575612712506310e-01,-6.028169984232455425e-01,3.450869814248704315e-01
-1.446315277215315109e-01,-1.472917858392920332e-01,1.052957620712679648e-01,-1.677178149784578354e-01,9.601128477378235992e-02
-4.138044715381968275e-01,-4.214157214635559923e-01,3.012611279540964859e-01,-4.798565215208591139e-01,2.746973608272526013e-01
-4.211103416341571148e-01,-4.288559709755140337e-01,3.065800039382384767e-01,-4.883285648458118300e-01,2.795472437355908113e-01
-5.201647789765878604e-01,-5.297323511210918490e-01,3.786943805947133312e-01,-6.031942103707592651e-01,3.453029191516853724e-01
-2.790654607635152940e-01,-2.841984090845209865e-01,2.031673924888603433e-01,-3.236102809155733118e-01,1.852530623577439695e-01
-5.040128652428225164e-01,-5.132833496063665679e-01,3.669353395868583112e-01,-5.844641055186315937e-01,3.345807342065057477e-01
-6.301981396207330111e-01,-6.417895937326710820e-01,4.588017178040340038e-01,-7.307912503294632378e-01,4.183467740417597391e-01
-2.207508876365412431e-01,-2.248112356815997748e-01,1.607127664885895368e-01,-2.559874538575033220e-01,1.465418824707742096e-01
-2.847406945673846557e-01,-7.639973561384606759e-02,3.212141680860545745e-01,1.020056507858307059e-02,4.222144280204997435e-01
-1.492436925973217310e-01,-4.004407825791525544e-02,1.683608612129539883e-01,5.346513610286767089e-03,2.212990327967797322e-01
-4.464215962237844670e-01,-1.197808833599542933e-01,5.036053658032229041e-01,1.599262989677083593e-02,6.619553948619663064e-01
-6.789704763784918384e-01,-1.821768573113035639e-01,7.659422797161742347e-01,2.432347276970041328e-02,1.006779630718044993e+00
-6.738697964248501204e-01,-1.808082766786646423e-01,7.601882350740076788e-01,2.414074575243579934e-02,9.992163258928795644e-01
-3.260439107761835542e-01,-8.748194078704088494e-02,3.678080638196624674e-01,1.168021359012707920e-02,4.834589713531639021e-01
-2.048444124126244381e-01,-5.496249482033389866e-02,2.310836799080236703e-01,7.338356615916004702e-03,3.037439609796411255e-01
-4.498776609013824812e-01,-1.207081917239168495e-01,5.075041304036004286e-01,1.611644013300417982e-02,6.670800588067210546e-01
-6.740685438335688451e-01,-1.808616032658709738e-01,7.604124407627935733e-01,2.414786568968231920e-02,9.995110291969515615e-01
-2.457831893050141103e-01,-6.594691605202625262e-02,2.772664539647102244e-01,8.804949434911842066e-03,3.644481125085987094e-01
-5.521280876868744913e-01,-1.481433484186189808e-01,6.228521870846001063e-01,1.977946460628146261e-02,8.186973242126387440e-01
-1.971723510537599644e-01,-5.290397817479085968e-02,2.224288762431066158e-01,7.063512300821236933e-03,2.923678034434215589e-01
-6.067726556567082374e-01,-1.628052166562134750e-01,6.844963769589003100e-01,2.173705437972152724e-02,8.997244673291653339e-01
-2.088992647579255013e-01,-5.605046592191758464e-02,2.356579330711922049e-01,7.483617851915767664e-03,3.097565092256162611e-01
-2.001799410169734506e-01,-5.371095477633870685e-02,2.258217193681308910e-01,7.171256356148725947e-03,2.968274676230278075e-01
-4.709880132005839215e-01,-1.263723815118379112e-01,5.313185846813566204e-01,1.687269846406917739e-02,6.983825578571659642e-01
-4.922883081472835265e-01,-1.320875354518016298e-01,5.553473120527178120e-01,1.763576131016825199e-02,7.299667044831075202e-01
-5.031433502967008753e-01,-1.350000884030145287e-01,5.675928161204162326e-01,1.802463289048145817e-02,7.460625962881689555e-01
-6.152711043805421109e-01,-1.650854640813847196e-01,6.940834229587556914e-01,2.204150323767689601e-02,9.123259947379773749e-01
-3.617298819104297625e-01,-9.705696399867577706e-02,4.080651810808452740e-01,1.295862962932506184e-02,5.363742454192533815e-01
-4.327240339465459051e-01,-1.161056442511743392e-01,4.881532328428290768e-01,1.550192773128233024e-02,6.416446049661059803e-01
-3.929270086851528454e-01,-1.054275702484137739e-01,4.432584615455256172e-01,1.407623708060229926e-02,5.826334464691248494e-01
-5.482245226671312865e-01,-1.470959697293419133e-01,6.184486001920004306e-01,1.963962309510275048e-02,8.129091053050611082e-01
-4.683637730131893773e-01,-1.256682627809035668e-01,5.283581960023424617e-01,1.677868755054652550e-02,6.944913259719849297e-01
-4.166356952501621969e-01,-1.117889278621200799e-01,4.700040801967797499e-01,1.492557827014160017e-02,6.177887640199634101e-01
-5.910692866413664870e-01,-1.585917927800036820e-01,6.667815061636489515e-01,2.117449609195257154e-02,8.764394606781813479e-01
-5.978303822933077605e-01,-1.604058851458773916e-01,6.744086552035436499e-01,2.141670592537630105e-02,8.864648353012692938e-01
-3.833460499799914989e-01,-1.028568709210358756e-01,4.324502429148130433e-01,1.373300833019235750e-02,5.684267697391487406e-01
-3.332093201886875411e-01,-8.940451594094366017e-02,3.758913166435357001e-01,1.193690758020810039e-02,4.940838637354401652e-01
-3.980159379719220292e-01,-1.067929980200128665e-01,4.489992503350658248e-01,1.425854314138108418e-02,5.901793273672328866e-01
-3.542987761114366196e-01,-9.506309895165762636e-02,3.996821978518071972e-01,1.269241731842359056e-02,5.253553775709162155e-01
-3.155733288275399118e-01,-8.467254364830427427e-02,3.559962668613091408e-01,1.130511493153862554e-02,4.679331583842622488e-01
-4.894044677192879167e-01,-1.313137625052049895e-01,5.520940699919757444e-01,1.753245046446454472e-02,7.256905365168162536e-01
-4.104078068761966569e-01,-1.101179021384299239e-01,4.629784388987715493e-01,1.470247008127765001e-02,6.085540308829088252e-01
-3.669106956687461785e-01,-9.844704560257622195e-02,4.139096241588351432e-01,1.314422736407111839e-02,5.440563729106246971e-01
-6.413965863128305855e-01,-1.720952802070484788e-01,7.235554131057113647e-01,2.297742382698558447e-02,9.510649443200176467e-01
-6.241518229342786217e-01,-1.674682796132399565e-01,7.041017051244956582e-01,2.235964654939998075e-02,9.254943530938973817e-01
-3.633461598383852520e-01,-9.749063297796203842e-02,4.098884939403326100e-01,1.301653125176170135e-02,5.387708675877519449e-01
-4.701205953197316600e-01,-1.261396416961803046e-01,5.303400560821893706e-01,1.684162404192730139e-02,6.970963478021711124e-01
-1.648312181874099502e-01,-4.422641979418967528e-02,1.859450497763325272e-01,5.904921917316233865e-03,2.444122664400182887e-01
-6.350488838813765913e-01,-1.703921067697030389e-01,7.163946103308387325e-01,2.275002341325161812e-02,9.416525505088254588e-01
-6.340630137777311104e-01,-1.701275846388480006e-01,7.152824565318723904e-01,2.271470555267482427e-02,9.401906991126082191e-01
-3.275679623106725336e-01,-8.789086419180304477e-02,3.695273366707557128e-01,1.173481128956829767e-02,4.857188399254649958e-01
-6.982510731237520085e-01,-1.873500992184817804e-01,7.876925983811648990e-01,2.501418184503207201e-02,1.035368962281846050e+00
-2.774166513745039975e-01,-7.443459689557954673e-02,3.129519615026161161e-01,9.938188183911084855e-03,4.113543129527262865e-01
-6.977664149674244198e-01,-1.872200589547858562e-01,7.871458585948923892e-01,2.499681942666760401e-02,1.034650309591298223e+00
-2.224672153704466693e-01,-5.969092848801921952e-02,2.509638519362678011e-01,7.969676802556092954e-03,3.298751105234729586e-01
-1.699965523879406748e-01,-4.561234802575934999e-02,1.917720304635531225e-01,6.089965111599380913e-03,2.520714407927580059e-01
-4.983295540429569237e-01,-1.337084825029737356e-01,5.621624031570305879e-01,1.785218320942704232e-02,7.389246835462980334e-01
-6.964578942650562210e-01,-1.868689653541396045e-01,7.856697247058702649e-01,2.494994291468371345e-02,1.032710030837877158e+00
-4.741534940946828813e-01,-1.272217223612984449e-01,5.348895435621557892e-01,1.698609881210980457e-02,7.030763432226277976e-01
-6.701188815760806827e-01,-1.798018560713417757e-01,7.559568518692301176e-01,2.400637278872144037e-02,9.936544571553149741e-01
-3.808906670252331650e-01,-1.021980588434039244e-01,4.296803410068905094e-01,1.364504656673279359e-02,5.647859199077269743e-01
-1.854660997734321193e-01,-4.976303443225654766e-02,2.092231285640478444e-01,6.644146961445888261e-03,2.750097359704976596e-01
-5.368838817432799448e-01,-1.440531241340180513e-01,6.056552952327209915e-01,1.923335539967432894e-02,7.960931660578643987e-01
-5.162278971038779529e-01,-1.385108472645609212e-01,5.823534102245925270e-01,1.849337435869046961e-02,7.654644048511959342e-01
-6.747034227121095906e-01,-1.810319497579347126e-01,7.611286435911799320e-01,2.417060962281553788e-02,1.000452429662988418e+00
-5.546705687069847235e-01,-1.488255300717709895e-01,6.257203437665596057e-01,1.987054657525012466e-02,8.224673233386496918e-01
-4.548859469631775787e-01,-1.220519818399766615e-01,5.131539460835147226e-01,1.629585722680283733e-02,6.745063616685462726e-01
-3.992326946754376493e-01,-1.071194701127926446e-01,4.503718658401193453e-01,1.430213229521759902e-02,5.919835381646937345e-01
-5.694333687749334461e-01,-1.527865867230690233e-01,6.423741647093356155e-01,2.039940987336070349e-02,8.443576512952492008e-01
-5.365165645641094549e-01,-1.439545680234568525e-01,6.052409270571069699e-01,1.922019661042470226e-02,7.955485069498952067e-01
-3.452231220718008919e-01,-9.262797962245750139e-02,3.894440102031901385e-01,1.236729062797051019e-02,5.118979682424793509e-01
-2.213328881476718801e-01,-5.938657332708495440e-02,2.496842246046193925e-01,7.929040606616847078e-03,3.281931264281556238e-01
-4.843928224584478914e-01,-1.299690710711256803e-01,5.464404648209657545e-01,1.735291303054895332e-02,7.182592526237215891e-01
-5.420181949771092356e-01,-1.454307290254410745e-01,6.114472813645360771e-01,1.941728729727361033e-02,8.037063424202837147e-01
-6.596893524889092530e-01,-1.770034739642550314e-01,7.441913663830230785e-01,2.363274480992378149e-02,9.781895175029282630e-01
-5.320063597519386622e-01,-1.427444197665044268e-01,6.001529936697129752e-01,1.905862280456535607e-02,7.888607605850167515e-01
-1.920950579464567876e-01,-5.154167254572957629e-02,2.167012141536770742e-01,6.881623095125587869e-03,2.848391767100723615e-01
-6.562465937787573811e-01,-1.760797357692721610e-01,7.403076121599654336e-01,2.350941124734280338e-02,9.730845836899802981e-01
-6.064127097895894991e-01,-1.627086383672374792e-01,6.840903243135689760e-01,2.172415966072855503e-02,8.991907384266818459e-01
-2.959325827901244654e-01,-7.940266887049263200e-02,3.338396660684959660e-01,1.060150384970510312e-02,4.388097962786718376e-01
-5.140551649362208320e-01,-1.379278741724256074e-01,5.799023648734243919e-01,1.841553829135844991e-02,7.622426705262063118e-01
-5.877792975186251212e-01,-1.577090447080016777e-01,6.630700903413369041e-01,2.105663535481643034e-02,8.715610541063268935e-01
-6.058869648595518465e-01,-1.625675739727848179e-01,6.834972347989702879e-01,2.170532534769952643e-02,8.984111621344424981e-01
-4.904672142816564606e-01,-1.315989116178488683e-01,5.532929476354968568e-01,1.757052235119626465e-02,7.272663805760679612e-01
-5.238924738458616837e-01,-1.405673556873182350e-01,5.909997705407692425e-01,1.876795054449063513e-02,7.768294641731608996e-01
-5.365531161035989038e-01,-1.439643752902317331e-01,6.052821606165291746e-01,1.922150603462848342e-02,7.956027056915336848e-01
-3.423865556136531652e-01,-9.186689091407014562e-02,3.862440976074192900e-01,1.226567332735945849e-02,5.076918982724366591e-01
-4.553250275000871317e-01,-1.221697930189654668e-01,5.136492700469561523e-01,1.631158687021855985e-02,6.751574317167802208e-01
-3.705329315790515388e-01,-9.941893993014597197e-02,4.179958454708536664e-01,1.327399052696985084e-02,5.494274360997081219e-01
-6.111348559047560247e-01,-1.639756533096459745e-01,6.894173473380389439e-01,2.189332606257194530e-02,9.061927520449790663e-01
-4.816421505718992968e-01,-1.292310290247928040e-01,5.433374493455773724e-01,1.725437282142574733e-02,7.141805474038172008e-01
-4.317667020731750793e-01,-1.158487793090860335e-01,4.870732728400824496e-01,1.546763222571379860e-02,6.402250701505604047e-01
-6.638469985162032128e-01,-1.781190259851695434e-01,7.488815804456198100e-01,2.378168853199883262e-02,9.843544885548978218e-01
-5.541239001578263101e-01,-1.486788515905389518e-01,6.251036504501951141e-01,1.985096269342889394e-02,8.216567214359242755e-01
-1.510589018907738668e-01,-4.053112318247106827e-02,1.704085872816993863e-01,5.411541760046801285e-03,2.239906310410588186e-01
-3.865018606122899159e-01,-1.037036171099544185e-01,4.360102928347270312e-01,1.384606225028397856e-02,5.731062160089601676e-01
-2.918404688924953194e-01,-7.830469999619592281e-02,3.292233783849339845e-01,1.045490775396559074e-02,4.327419964817119102e-01
-5.804748103788887059e-01,-1.557491531402773743e-01,6.548299448171766013e-01,2.079495903718374741e-02,8.607299368177616650e-01
-6.896840567850813786e-01,-1.850514541854338668e-01,7.780282016907421605e-01,2.470727661736641517e-02,1.022665762590738492e+00
-5.785890912933309149e-01,-1.552431894957147784e-01,6.527026771000288274e-01,2.072740494105644593e-02,8.579337864244159784e-01
-3.816128602815301862e-01,-1.023918329504981961e-01,4.304950426299629096e-01,1.367091845456170490e-02,5.658567904170898055e-01
-4.678611325527763376e-01,-1.255333976245803784e-01,5.277911704931040893e-01,1.676068093320874294e-02,6.937460090624518738e-01
-7.006743013923267815e-01,-1.880002837638710955e-01,7.904262267919387464e-01,2.510099169738356367e-02,1.038962133040012059e+00
-3.317472742213813941e-01,-8.901222945893175198e-02,3.742419918787516231e-01,1.188453117134932562e-02,4.919159372198302349e-01
-5.775290290073881172e-01,-1.549587606103273174e-01,6.515068275716856538e-01,2.068942921597956286e-02,8.563619226189790323e-01
-3.955732977028024733e-01,-1.061376049753200573e-01,4.462437233698358652e-01,1.417103787253791089e-02,5.865573724315217286e-01
-1.607242988507227577e-01,-4.312447842263049391e-02,1.813120601710539181e-01,5.757795430777267603e-03,2.383225130898684874e-01
-4.671436308322122199e-01,-1.253408823192537491e-01,5.269817613616784024e-01,1.673497711519377276e-02,6.926820951775329860e-01
-5.968882331588425405e-01,-1.601530939356454464e-01,6.733458227520739969e-01,2.138295432701613555e-02,8.850678135003545721e-01
-5.743353150242942462e-01,-1.541018444455855008e-01,6.479040191226055345e-01,2.057501744432733287e-02,8.516262731373277495e-01
-1.797180209321970756e-01,-4.822074802172041097e-02,2.027387573508442065e-01,6.438227493608898039e-03,2.664864659691510984e-01
-5.367138157584784297e-01,-1.440074931563474214e-01,6.054634448759929066e-01,1.922726294721236601e-02,7.958409916624629155e-01
-3.041409518821062141e-01,-8.160508405178965030e-02,3.430994750790420378e-01,1.089556088022197201e-02,4.509811926658927606e-01
-5.732551771613385583e-01,-1.538120290144553703e-01,6.466855224634093791e-01,2.053632253076165259e-02,8.500246412010005193e-01
-6.771930397631055198e-01,-1.816999473013303779e-01,7.639371647655189834e-01,2.425979779027441843e-02,1.004144041923657138e+00
-1.625796690632103636e-01,-4.362229905875424779e-02,1.834050915173506824e-01,5.824262307337009330e-03,2.410736620755163373e-01
-5.224535040392843666e-01,-1.401812608477806532e-01,5.893764778462600162e-01,1.871640081718376619e-02,7.746957550637346701e-01
-1.866244991707658729e-01,-5.007384847949344908e-02,2.105299115628435913e-01,6.685645520187005059e-03,2.767274143645455098e-01
-3.929709632123122298e-01,-1.054393638357656454e-01,4.433080463682942396e-01,1.407781170981175708e-02,5.826986223849585089e-01
-3.646186095994375376e-01,-9.783204826274946586e-02,4.113239364296778500e-01,1.306211555651507449e-02,5.406576602320690705e-01
-2.021374758632670243e-01,-5.423618754975362971e-02,2.280300019885936613e-01,7.241383183729687388e-03,2.997301066599725727e-01
-5.067241244152052015e-01,-1.359608579774593540e-01,5.716322646485829662e-01,1.815291072404859665e-02,7.513721797975155825e-01
-5.812100361218509592e-01,-1.559464240378009847e-01,6.556593483056379901e-01,2.082129780147572509e-02,8.618201319407398087e-01
-4.979600344240439069e-01,-1.336093354483808560e-01,5.617455504231390062e-01,1.783894551986437566e-02,7.383767586535152638e-01
-4.239631376424412568e-01,-1.137549786310358829e-01,4.782701213954586028e-01,1.518807693790517020e-02,6.286539194316607126e-01
-4.231006843022925845e-01,-1.135235708680297634e-01,4.772971932631106529e-01,1.515718036572115401e-02,6.273750708137683096e-01
-6.169645434469295253e-01,-1.655398364258320321e-01,6.959937808081685384e-01,2.210216908464892119e-02,9.148370316935086066e-01
-2.047877750792233553e-01,-5.494729826648586668e-02,2.310197876921298854e-01,7.336327637212721083e-03,3.036599789574617181e-01
-4.524383648810057501e-01,-1.213952628407650308e-01,5.103928442903845619e-01,1.620817492219829570e-02,6.708770789963679482e-01
-2.080143736238617980e-01,-5.581303779878885735e-02,2.346596930061152220e-01,7.451917467064929877e-03,3.084443897739279072e-01
-4.461428103337024553e-01,-1.197060813780054522e-01,5.032908692122355365e-01,1.598264265691002814e-02,6.615420102374046651e-01
-3.811778385260604640e-01,-1.022751107968396106e-01,4.300042973520712408e-01,1.365533421313809212e-02,5.652117387431757622e-01
-3.361740533499499861e-01,-9.019999348949070406e-02,3.792358132826231798e-01,1.204311633128961508e-02,4.984799797097221874e-01
-3.657664411168394247e-01,-9.814002680649781818e-02,4.126187978702787196e-01,1.310323553098967364e-02,5.423596685393821115e-01
-2.069150022829202296e-01,-5.551806176834478412e-02,2.334194991826270826e-01,7.412533532408737552e-03,3.068142383738864942e-01
-4.082272707488718844e-01,-1.095328351395692124e-01,4.605185899502945435e-01,1.462435444449882403e-02,6.053207248211418534e-01
-5.076805072330705659e-01,-1.362174682752657628e-01,5.727111540278450041e-01,1.818717223060458202e-02,7.527903073504710330e-01
-6.018282054283944360e-01,-1.614785545478241990e-01,6.789185740770755650e-01,2.155992414405797503e-02,8.923928204488515981e-01
-6.730558284730661089e-01,-1.805898781936537967e-01,7.592700030001614531e-01,2.411158612326280357e-02,9.980093715665524501e-01
-1.576257748388229796e-01,-4.229310299994297473e-02,1.778166349235696109e-01,5.646793749479283968e-03,2.337280116071081548e-01
-6.042164291036838941e-01,-1.621193468927894232e-01,6.816127140286096786e-01,2.164547999008487045e-02,8.959340862822422480e-01
-5.409185026684389941e-01,-1.451356668750637957e-01,6.102067254593929180e-01,1.937789186425319804e-02,8.020757150882503739e-01
-6.227126841238193045e-01,-1.670821394277011984e-01,7.024782217777812976e-01,2.230809076768944590e-02,9.233603933849652279e-01
-3.815351426483982178e-01,-1.023709802703682281e-01,4.304073698619028110e-01,1.366813429413208172e-02,5.657415504579059728e-01
-2.918384385066842834e-01,-7.830415521653458222e-02,3.292210879196031392e-01,1.045483501732135702e-02,4.327389858190274774e-01
-1.898552111062147274e-01,-5.094069168955094040e-02,2.141744571668626196e-01,6.801382708360168179e-03,2.815179245302841804e-01
-6.042958063080469122e-01,-1.621406448580708370e-01,6.817022589484293960e-01,2.164832360307837600e-02,8.960517870590452016e-01
-3.316379612503186358e-01,-8.898289932717431960e-02,3.741186766107520989e-01,1.188061513793177947e-02,4.917538475907991535e-01
-4.292883243724291975e-01,-1.151837974336434589e-01,4.842774307053372418e-01,1.537884669730812601e-02,6.365501236349981884e-01
-4.631857961551335556e-01,-1.242789423552751599e-01,5.225169532135087724e-01,1.659319144505922231e-02,6.868134050455469986e-01
-6.676207337364774563e-01,-1.791315696032977911e-01,7.531387071664742416e-01,2.391687901385896806e-02,9.899501954135528914e-01
-5.040260768794714297e-01,-1.352369357480891487e-01,5.685886143689344863e-01,1.805625573233702805e-02,7.473715061361596579e-01
-2.783366178156375659e-01,-7.468143619258625632e-02,3.139897697987038550e-01,9.971145108340719043e-03,4.127184421838198669e-01
-5.392692424866837309e-01,-1.446931483160781295e-01,6.083462055289879933e-01,1.931880868388419908e-02,7.996301867265430685e-01
-1.866524071007330254e-01,-5.008133655025996667e-02,2.105613943212916728e-01,6.686645295285078248e-03,2.767687963338710255e-01
-1.627188628461646303e-01,-4.365964661187784340e-02,1.835621151393599659e-01,5.829248792474694789e-03,2.412800590696072001e-01
-1.797587758203670616e-01,-4.823168310314911861e-02,2.027847326812017015e-01,6.439687498788991375e-03,2.665468974498843568e-01
-3.212273237719457941e-01,-8.618958609132754134e-02,3.623745026283792803e-01,1.150766393308547825e-02,4.763169204773837762e-01
-6.491661562342788683e-01,-1.741799597037174963e-01,7.323202155604369157e-01,2.325576129377006362e-02,9.625856878699822206e-01
-2.784927593644390686e-01,-7.472333105789481789e-02,3.141659120876665878e-01,9.976738731101390117e-03,4.129499693802314297e-01
-3.937750031499265280e-01,-1.056550985018274297e-01,4.442150787124455324e-01,1.410661567730181302e-02,5.838908554195839651e-01
-6.012450568907500292e-01,-1.613220879979082312e-01,6.782607279175211223e-01,2.153903340127968219e-02,8.915281259005483072e-01
-6.500117696152469815e-01,-1.744068490805087412e-01,7.332741466418468690e-01,2.328605459040263351e-02,9.638395661416299109e-01
-2.953528713165231578e-01,-7.924712453081635133e-02,3.331856972390468963e-01,1.058073623648334537e-02,4.379501982201107202e-01
-2.457520546136680306e-01,-6.593856219803682917e-02,2.772313311172558969e-01,8.803834064150526870e-03,3.644019458870055295e-01
-4.047083357524592917e-01,-1.085886578284311066e-01,4.565489017427872276e-01,1.449829193877675074e-02,6.001028365631637662e-01
-1.943102851974561063e-01,-5.213604763692639837e-02,2.192001979383180477e-01,6.960981508477788286e-03,2.881239228828564869e-01
-5.808842628694296240e-01,-1.558590147182694341e-01,6.552918455697883671e-01,2.080962728396427291e-02,8.613370743024754139e-01
-2.137781604841927363e-01,-5.735953888088002328e-02,2.411617843358404845e-01,7.658399659774401541e-03,3.169909516770801350e-01
-4.436068499706071755e-01,-1.190256493043180541e-01,5.004300684420173173e-01,1.589179428428889526e-02,6.577816799628238842e-01
-3.096836739210153677e-01,-8.309227048644057811e-02,3.493521845885326771e-01,1.109412363556079237e-02,4.591999589328297771e-01
-6.450235062128385488e-01,-1.730684313116849227e-01,7.276469183967476662e-01,2.310735478936892795e-02,9.564429529442667333e-01
-6.577670571592876270e-01,-1.764876964243500823e-01,7.420228372373797177e-01,2.356388040457464000e-02,9.753391317359210166e-01
-5.089167018221802952e-01,-1.365491558126538940e-01,5.741056972881143361e-01,1.823145772824016214e-02,7.546233407079121491e-01
-6.177375153049192713e-01,-1.657472351107200093e-01,6.968657654491252629e-01,2.212986006767934249e-02,9.159831968786182887e-01
-2.146432630495769545e-01,-5.759165746643954420e-02,2.421377010423414744e-01,7.689391137937550552e-03,3.182737285747683775e-01
-2.575402591006177855e-01,-6.910149508170224109e-02,2.905295296879127909e-01,9.226135299354952177e-03,3.818815338412601679e-01
-6.760213369614805901e-01,-1.813855637728427339e-01,7.626153742808822189e-01,2.421782264970349582e-02,1.002406637198457240e+00
-4.983344372932752564e-01,-1.337097927443279266e-01,5.621679119206829389e-01,1.785235814723402925e-02,7.389319244457527303e-01
-1.837496759896924681e-01,-4.930249498081542420e-02,2.072868418010520852e-01,6.582657708794217334e-03,2.724646172013190371e-01
-5.660257947374416343e-01,-1.518722890462142761e-01,6.385301020919161852e-01,2.027733676827700102e-02,8.393048894293594353e-01
-5.814332615462045606e-01,-1.560063184038971706e-01,6.559111674883099097e-01,2.082929464039531484e-02,8.621511313260095122e-01
-6.553520194950909206e-01,-1.758397095276316990e-01,7.392984485953555396e-01,2.347736397284973589e-02,9.717581060325664044e-01
-6.184558447539871828e-01,-1.659399725066717790e-01,6.976761083358159476e-01,2.215559353828217004e-02,9.170483381220547736e-01
-1.608576488685760086e-01,-4.316025801544061402e-02,1.814624914787884014e-01,5.762572568577704543e-03,2.385202449300607708e-01
-4.166716442572411250e-01,-1.117985734613927140e-01,4.700446340432185566e-01,1.492686610919385579e-02,6.178420693245837425e-01
-1.901001279712213887e-01,-5.100640615921013532e-02,2.144507463258916447e-01,6.810156622549470677e-03,2.818810880543054509e-01
-6.767018428035614930e-01,-1.815681525893012571e-01,7.633830485968904345e-01,2.424220112549199668e-02,1.003415693474432491e+00
-2.396423713319164872e-01,-6.429925248110528180e-02,2.703390362326106855e-01,8.584960460503075763e-03,3.553424876451465875e-01
-5.740692351334576449e-01,-1.540304516531257883e-01,6.476038560886234752e-01,2.056548538482767113e-02,8.512317290097732858e-01
-4.029355096166319372e-01,-1.081129848717702624e-01,4.545489878448240595e-01,1.443478212540429129e-02,5.974740842028614107e-01
-4.593391853736718544e-01,-1.232468452496627564e-01,5.181776160351846405e-01,1.645539026540036517e-02,6.811096380677361672e-01
-3.474490764378387331e-01,-9.322523294205115052e-02,3.919550951781380355e-01,1.244703333003569813e-02,5.151986206163324811e-01
-2.292416266431387684e-01,-6.150859361298311595e-02,2.586060222433139710e-01,8.212363655452813854e-03,3.399202295923191008e-01
-2.239265261767059700e-01,-6.008248108975054042e-02,2.526100911832562246e-01,8.021955226866836833e-03,3.320389813333866624e-01
-6.482051592396673723e-01,-1.739221113605941282e-01,7.312361209577096233e-01,2.322133448871240013e-02,9.611607184007400217e-01
-2.708700990511940243e-01,-7.267806937343175566e-02,3.055668374283816990e-01,9.703664161569539731e-03,4.016470638751327149e-01
-4.303800278162352999e-01,-1.154767160647587887e-01,4.855089744227944482e-01,1.541795593682859788e-02,6.381689050522273421e-01
-2.950785025327109512e-01,-7.917350771754069760e-02,3.328761835575728134e-01,1.057090723526150564e-02,4.375433632950925245e-01
-6.767576484148858373e-01,-1.815831259809952136e-01,7.634460025523946980e-01,2.424420030854141511e-02,1.003498442216411490e+00
-4.928487944891828398e-01,-1.322379214315835272e-01,5.559795931332648378e-01,1.765584020129720710e-02,7.307977954538514842e-01
-6.402081452294600128e-01,-1.717764055737611706e-01,7.222147402718049891e-01,2.293484905336076046e-02,9.493027200162044155e-01
-6.851577195519621410e-01,-1.838369773842347954e-01,7.729220694217937560e-01,2.454512488284100666e-02,1.015954095019607317e+00
-6.875936372566313626e-01,-1.844905666749983852e-01,7.756700127047874149e-01,2.463238932219454988e-02,1.019566081714886385e+00
-1.926891411508519503e-01,-5.170107301294195323e-02,2.173713956413060866e-01,6.902905561959980264e-03,2.857200852177985695e-01
-2.157549265922305559e-01,-5.788993165896170329e-02,2.433917616204671064e-01,7.729215429051107360e-03,3.199221068914885890e-01
-4.670745340164640935e-01,-1.253223427196965001e-01,5.269038136829258256e-01,1.673250178736323743e-02,6.925796381944050450e-01
-3.676529989402641529e-01,-9.864621549564479841e-02,4.147470117622842345e-01,1.317081967410487463e-02,5.451570626159648603e-01
2.601590835907697796e-01,-8.174357388437611394e-02,-2.187288305886954665e-01,-5.169125022847288059e-02,-5.302721379347642705e-02
7.219939382756588309e-01,-2.268549074778564434e-01,-6.070166285624344349e-01,-1.434536469445489570e-01,-1.471612153383819732e-01
6.167727868335654007e-01,-1.937937786931490936e-01,-5.185519127029352138e-01,-1.225471585242681460e-01,-1.257143974294891442e-01
4.522655643590022811e-01,-1.421046040955950551e-01,-3.802424141506726696e-01,-8.986106552318792740e-02,-9.218353032952855686e-02
5.819766962283525746e-01,-1.828606343876869877e-01,-4.892970886849185019e-01,-1.156334909266533290e-01,-1.186220456644353355e-01
1.053313636878129067e+00,-3.309575814581439124e-01,-8.855737683942741523e-01,-2.092838659386404010e-01,-2.146928204212908420e-01
4.369004915748311291e-01,-1.372768043315576447e-01,-3.673242244199674822e-01,-8.680816492443496624e-02,-8.905172732563962357e-02
9.397937848973589858e-01,-2.952889502512082154e-01,-7.901319174711930460e-01,-1.867285009917544758e-01,-1.915545106697966737e-01
5.965040704342512434e-01,-1.874252241392938556e-01,-5.015109830749329145e-01,-1.185199484159524669e-01,-1.215831038263935765e-01
2.920627434402770506e-01,-9.176789877088460667e-02,-2.455518425476360400e-01,-5.803021806969982377e-02,-5.953001265132954606e-02
9.207310280202632979e-01,-2.892993155487970092e-01,-7.741048986872458570e-01,-1.829409041022740656e-01,-1.876690231040238632e-01
9.338104859577605055e-01,-2.934089611607226256e-01,-7.851014570234634560e-01,-1.855396737618545400e-01,-1.903349581264788815e-01
3.379152218066935331e-01,-1.061750276759923922e-01,-2.841023280208081481e-01,-6.714068963240860111e-02,-6.887594491607167135e-02
8.904249864297353323e-01,-2.797769720822312900e-01,-7.486250847773242567e-01,-1.769193685184745624e-01,-1.814918605599598056e-01
4.385799432633788464e-01,-1.378044983151511249e-01,-3.687362239503935712e-01,-8.714185674207647336e-02,-8.939404342898397970e-02
7.331286396477294520e-01,-2.303534986926073780e-01,-6.163781322103267790e-01,-1.456660111138062264e-01,-1.494307581966742293e-01
7.312246229931628205e-01,-2.297552450243846300e-01,-6.147773296147508448e-01,-1.452877002742539170e-01,-1.490426698900331193e-01
8.897185669620586435e-01,-2.795550107685904617e-01,-7.480311623897706319e-01,-1.767790093775753191e-01,-1.813478738283671732e-01
8.061322978116072235e-01,-2.532916942096845037e-01,-6.777559805579153052e-01,-1.601711758370908956e-01,-1.643108098009887497e-01
2.573040536671442613e-01,-8.084650603541684855e-02,-2.163284632908437366e-01,-5.112398167818829608e-02,-5.244528415236111157e-02
5.352532189211480773e-01,-1.681798322927492984e-01,-4.500143105808950827e-01,-1.063499597744980429e-01,-1.090985810744344170e-01
5.325657262273599812e-01,-1.673354056652172628e-01,-4.477548002612301015e-01,-1.058159793521949582e-01,-1.085507998950308306e-01
4.672381228446906287e-01,-1.468090734684124044e-01,-3.928305973626297076e-01,-9.283597709099460082e-02,-9.523532867113408684e-02
2.962278152541347742e-01,-9.307658978736041422e-02,-2.490536279728802205e-01,-5.885778006130164969e-02,-6.037896303388098906e-02
7.555532551537982311e-01,-2.373994499204049313e-01,-6.352316346840631844e-01,-1.501215788203132395e-01,-1.540014803266279986e-01
3.959622439357764478e-01,-1.244137567516242077e-01,-3.329053799619893228e-01,-7.867410643446018370e-02,-8.070744358999590307e-02
3.510748820252495572e-01,-1.103098733347391003e-01,-2.951663164498151137e-01,-6.975539475778899656e-02,-7.155822725742766455e-02
9.766495835219676236e-01,-3.068692674031451850e-01,-8.211184416482759652e-01,-1.940514138909697484e-01,-1.990666847066281664e-01
1.029480119017678774e+00,-3.234689445008624986e-01,-8.655357308271092176e-01,-2.045483621132686280e-01,-2.098349272061351134e-01
3.566625774372155222e-01,-1.120655613793276328e-01,-2.998641731084265016e-01,-7.086561915493039265e-02,-7.269714547290394291e-02
2.699292576024491241e-01,-8.481342226392835082e-02,-2.269431074331827169e-01,-5.363249518768351681e-02,-5.501863034893959836e-02
6.806286882036665098e-01,-2.138576931241018553e-01,-5.722387816759194612e-01,-1.352347469441241012e-01,-1.387298973581937156e-01
7.824188731158279175e-01,-2.458407912586264288e-01,-6.578189113563657209e-01,-1.554595334342766255e-01,-1.594773947083349686e-01
5.333189978428721778e-01,-1.675720882100192599e-01,-4.483881136066745765e-01,-1.059656475899132810e-01,-1.087043363176266458e-01
2.465552141286804777e-01,-7.746915496676902435e-02,-2.072913730997821835e-01,-4.898828475544532435e-02,-5.025439001031967168e-02
7.678154452634385896e-01,-2.412523049865319125e-01,-6.455410748393677345e-01,-1.525579647752375312e-01,-1.565008348275185590e-01
3.906816151297147210e-01,-1.227545509110806315e-01,-3.284656896479670185e-01,-7.762489338677282247e-02,-7.963111356608065794e-02
3.483644945988976782e-01,-1.094582530423268141e-01,-2.928875573766135942e-01,-6.921686535978401056e-02,-7.100577953376334406e-02
3.310428259224441616e-01,-1.040156788922670661e-01,-2.783243590398405409e-01,-6.577520690384602853e-02,-6.747517120178253558e-02
5.277600586379408432e-01,-1.658254355414088277e-01,-4.437144337380872772e-01,-1.048611367902866215e-01,-1.075712793679468871e-01
5.192240678237631801e-01,-1.631433750645482073e-01,-4.365377968014435006e-01,-1.031651128381971261e-01,-1.058314215717280488e-01
7.029887264359658827e-01,-2.208833537778522593e-01,-5.910379907866133431e-01,-1.396774837320584328e-01,-1.432874569536892739e-01
9.207345197924289293e-01,-2.893004126849495483e-01,-7.741078343957821239e-01,-1.829415978857324709e-01,-1.876697348183587188e-01
7.223635743014578114e-01,-2.269710493759911907e-01,-6.073274001662951616e-01,-1.435270902702222851e-01,-1.472365568113579160e-01
1.040807622266136656e+00,-3.270281152433776595e-01,-8.750593327126470200e-01,-2.067990342666227721e-01,-2.121437681207468950e-01
6.198697861327857606e-01,-1.947668747985839555e-01,-5.211557158287105640e-01,-1.231625041947857629e-01,-1.263456467469888378e-01
2.725376645363487005e-01,-8.563299966241401384e-02,-2.291361263755800626e-01,-5.415076198681621766e-02,-5.555029178560829534e-02
4.168103047703601849e-01,-1.309643448673882549e-01,-3.504333936044553566e-01,-8.281642702732501526e-02,-8.495682271524625240e-02
2.743712954465921672e-01,-8.620913769964641538e-02,-2.306777521346857207e-01,-5.451508781738054893e-02,-5.592403363983758369e-02
1.002098808485899273e+00,-3.148655694058520860e-01,-8.425148854661111963e-01,-1.991079440631031150e-01,-2.042539012143686772e-01
3.114432683058583895e-01,-9.785737811714352585e-02,-2.618460248669119417e-01,-6.188095257629019907e-02,-6.348026962983863153e-02
4.954161405998789292e-01,-1.556627788416589664e-01,-4.165212745699448660e-01,-9.843469364020014656e-02,-1.009787443964567377e-01
3.908889543423239576e-01,-1.228196981587228176e-01,-3.286400101555704834e-01,-7.766608980772123083e-02,-7.967337471108106028e-02
6.490564541200761761e-01,-2.039375042385720149e-01,-5.456944160329384452e-01,-1.289616303965045729e-01,-1.322946517247115261e-01
9.899507954285957645e-01,-3.110485894673000185e-01,-8.323014397031337497e-01,-1.966942440528755831e-01,-2.017778189778211273e-01
1.077268181568289629e+00,-3.384842457849097097e-01,-9.057135593062273227e-01,-2.140434166973445296e-01,-2.195753820642608878e-01
5.432613286175191902e-01,-1.706960292965379600e-01,-4.567471313032670510e-01,-1.079410985364385039e-01,-1.107308429162659758e-01
4.639536497087033418e-01,-1.457770719378214397e-01,-3.900691755501800029e-01,-9.218338206952661484e-02,-9.456586729090070420e-02
8.996222474907593636e-01,-2.826668077116430422e-01,-7.563576848800411812e-01,-1.787467808707944028e-01,-1.833665024977538804e-01
7.901859052085558055e-01,-2.482812402061363166e-01,-6.643490460083603111e-01,-1.570027722629823985e-01,-1.610605186401894429e-01
7.064922925557439726e-01,-2.219841956628174628e-01,-5.939836150934495462e-01,-1.403736105422002112e-01,-1.440015752043719288e-01
4.781099270620600139e-01,-1.502250607906038815e-01,-4.019710701457942514e-01,-9.499610598012847573e-02,-9.745128622525169038e-02
7.416629049143576013e-01,-2.330350169918831982e-01,-6.235533183923307465e-01,-1.473616922152485853e-01,-1.511702642812497721e-01
6.708644501465924614e-01,-2.107897098577609096e-01,-5.640294954871161170e-01,-1.332946814052535234e-01,-1.367396907052623456e-01
8.366129561623842914e-01,-2.628689033293954980e-01,-7.033826035634230811e-01,-1.662274061873522391e-01,-1.705235637999035769e-01
3.334414609890183900e-01,-1.047693446881328982e-01,-2.803410122194238685e-01,-6.625179393560275132e-02,-6.796407565490490688e-02
8.399366844824848188e-01,-2.639132390787214955e-01,-7.061770291841470426e-01,-1.668878008578533190e-01,-1.712010264115824687e-01
6.895764457897909372e-01,-2.166691332369959366e-01,-5.797616116543748976e-01,-1.370125852190144655e-01,-1.405536839734554677e-01
4.514186572354575433e-01,-1.418385007019669630e-01,-3.795303767226750891e-01,-8.969279275931132944e-02,-9.201090854564319965e-02
5.258026724931657014e-01,-1.652104128532240479e-01,-4.420687607269898622e-01,-1.044722219170989702e-01,-1.071723129657641133e-01
1.057602677215246034e+00,-3.323052241421936004e-01,-8.891797803940744149e-01,-2.101360593514010611e-01,-2.155670388256073211e-01
7.944236424622973525e-01,-2.496127631478787245e-01,-6.679119249248276491e-01,-1.578447722184029012e-01,-1.619242801366291284e-01
1.054257539708713498e+00,-3.312541614956601710e-01,-8.863673549931870843e-01,-2.094714108697404709e-01,-2.148852124627557980e-01
6.735650665998156317e-01,-2.116382600507061562e-01,-5.663000396116152357e-01,-1.338312693995219738e-01,-1.372901468494902855e-01
1.009462639985799326e+00,-3.171793302631550904e-01,-8.487060290940572349e-01,-2.005710705911023517e-01,-2.057548423381410085e-01
3.790927305285576310e-01,-1.191132525502579809e-01,-3.187223313087067522e-01,-7.532228712940454429e-02,-7.726899630731855206e-02
6.180474377288335264e-01,-1.941942817937751808e-01,-5.196235758402847349e-01,-1.228004200958875136e-01,-1.259742045621194129e-01
2.954759318304822080e-01,-9.284034342092385705e-02,-2.484214817501742278e-01,-5.870838764471471988e-02,-6.022570956103082129e-02
8.602387472410844005e-01,-2.702922712624422630e-01,-7.232459947741085582e-01,-1.709216365853026831e-01,-1.753391168733487993e-01
9.242468067593667680e-01,-2.904039947133849608e-01,-7.770607907575852735e-01,-1.836394574491055087e-01,-1.883856306053873497e-01
3.944312727500936533e-01,-1.239327162493884110e-01,-3.316182154606100996e-01,-7.836991634599801970e-02,-8.039539168984947970e-02
3.847591518782493836e-01,-1.208936767655705430e-01,-3.234863768239903403e-01,-7.644815365631622839e-02,-7.842396092437826927e-02
5.515646040933870342e-01,-1.733049691919889834e-01,-4.637281127467180464e-01,-1.095908840615680835e-01,-1.124232672505151298e-01
6.779964650062496601e-01,-2.130306325100789488e-01,-5.700257392025492864e-01,-1.347117480694474678e-01,-1.381933815451954761e-01
9.280500935514054417e-01,-2.915990106651535907e-01,-7.802584053130109387e-01,-1.843951360383149773e-01,-1.891608397545576081e-01
3.019255475412715994e-01,-9.486685209055790990e-02,-2.538439981685765567e-01,-5.998986778748892357e-02,-6.154030963749701488e-02
5.247786166316998901e-01,-1.648886482435933942e-01,-4.412077854423895884e-01,-1.042687513057624499e-01,-1.069635836438703191e-01
5.255412683468687618e-01,-1.651282780730288779e-01,-4.418489851095429577e-01,-1.044202832842037049e-01,-1.071190319756834541e-01
5.095450040692670601e-01,-1.601021540845735114e-01,-4.284001209340709826e-01,-1.012419706607054076e-01,-1.038585756654989839e-01
8.533988200624317289e-01,-2.681431243444301615e-01,-7.174953238674879330e-01,-1.695626050940462481e-01,-1.739449611289937692e-01
6.346653240270272445e-01,-1.994157232198040253e-01,-5.335950689232529243e-01,-1.261022433766745832e-01,-1.293613636701831660e-01
1.010075303250454359e+00,-3.173718328048666382e-01,-8.492211259247081090e-01,-2.006928012248436477e-01,-2.058797191076540134e-01
7.988601638509710279e-01,-2.510067452795775034e-01,-6.716419316646761173e-01,-1.587262687784331550e-01,-1.628285590298719498e-01
8.306579411820925740e-01,-2.609978012317660245e-01,-6.983759228632931970e-01,-1.650441987236268282e-01,-1.693097762659652450e-01
6.726200408243585560e-01,-2.113413271770486768e-01,-5.655055088964507926e-01,-1.336435013494609580e-01,-1.370975259225410969e-01
9.917451777754023867e-01,-3.116123953660543955e-01,-8.338100672203009323e-01,-1.970507715498751866e-01,-2.021435609500715769e-01
4.466415397686881450e-01,-1.403375012011635892e-01,-3.755140137240456921e-01,-8.874362284781975307e-02,-9.103720727897746112e-02
3.329417257768312322e-01,-1.046123248306048970e-01,-2.799208596840712104e-01,-6.615250108161277454e-02,-6.786221657095126147e-02
3.347333426425177505e-01,-1.051752617982915639e-01,-2.814271621221248743e-01,-6.650847910259714835e-02,-6.822739486594478486e-02
3.303076239418288873e-01,-1.037846739371723476e-01,-2.777062377455656872e-01,-6.562912893868744213e-02,-6.732531784256330643e-02
7.489859472879005775e-01,-2.353359616564245083e-01,-6.297101685495833934e-01,-1.488167143138041382e-01,-1.526628915160972433e-01
9.430422732028139743e-01,-2.963096451281442834e-01,-7.928630850261607632e-01,-1.873739461537834716e-01,-1.922166374020308488e-01
6.446266413830868958e-01,-2.025456300062287163e-01,-5.419700495940840135e-01,-1.280814667847154642e-01,-1.313917402298398207e-01
7.605577476142469928e-01,-2.389718920337003949e-01,-6.394391632794733660e-01,-1.511159260807244109e-01,-1.550215265535953568e-01
7.476377198527733858e-01,-2.349123403573518953e-01,-6.285766459134226603e-01,-1.485488337510647294e-01,-1.523880875636157151e-01
8.658571021261032286e-01,-2.720575927008226924e-01,-7.279696283942420632e-01,-1.720379527416538434e-01,-1.764842842899290165e-01
1.007411132433165823e+00,-3.165347340534496734e-01,-8.469812234799767303e-01,-2.001634546478682497e-01,-2.053366915355977207e-01
5.515744934088332441e-01,-1.733080764753353042e-01,-4.637364271917606695e-01,-1.095928489788496746e-01,-1.124252829512056295e-01
3.504326721924458932e-01,-1.101080870807575468e-01,-2.946263783327872088e-01,-6.962779348894823639e-02,-7.142732812588736824e-02
5.124297781864595169e-01,-1.610085677409168747e-01,-4.308254956719316242e-01,-1.018151491124675428e-01,-1.044465679498617350e-01
2.687331883997285398e-01,-8.443761001130986599e-02,-2.259375118783269465e-01,-5.339484708562591136e-02,-5.477484021695935845e-02
3.964363672719052323e-01,-1.245627292011817072e-01,-3.333039993045658345e-01,-7.876831044098081547e-02,-8.080408230490208898e-02
4.190340438903382703e-01,-1.316630572880525263e-01,-3.523030029624443227e-01,-8.325826382082494870e-02,-8.541007880805089048e-02
7.885204891268451366e-01,-2.477579562959819903e-01,-6.629488469187556632e-01,-1.566718691931143492e-01,-1.607210633599775729e-01
9.681631338089352612e-01,-3.042027730430076904e-01,-8.139834564078558543e-01,-1.923652333063326503e-01,-1.973369246803035049e-01
4.221190200068288823e-01,-1.326323756360005823e-01,-3.548966975935934354e-01,-8.387122059398617602e-02,-8.603887748699397264e-02
4.360087520215976675e-01,-1.369966143145524284e-01,-3.665744941127403456e-01,-8.663098436341591657e-02,-8.886996752204273653e-02
5.155049049173384690e-01,-1.619747913517166071e-01,-4.334109094290589104e-01,-1.024261489020431015e-01,-1.050733590668570944e-01
9.351053655977242807e-01,-2.938158202565488986e-01,-7.861901274842184595e-01,-1.857969546015671714e-01,-1.905988884054354016e-01
5.765917087769187876e-01,-1.811686384230366542e-01,-4.847696588072838431e-01,-1.145635427626788272e-01,-1.175244446238676160e-01
7.662835395091796009e-01,-2.407709708371383872e-01,-6.442531245991669486e-01,-1.522535889964759803e-01,-1.561885924378954571e-01
4.531509702557069974e-01,-1.423828040390142935e-01,-3.809868194341998193e-01,-9.003698764410193733e-02,-9.236399916855791981e-02
9.556323619660210822e-01,-3.002655279549955591e-01,-8.034482060766173772e-01,-1.898754825970826177e-01,-1.947828262097051066e-01
4.493878612688312901e-01,-1.412004121991525252e-01,-3.778229843809834398e-01,-8.928929202035970625e-02,-9.159697930509200225e-02
8.012248769132163106e-01,-2.517497525743873643e-01,-6.736300649085504855e-01,-1.591961158156072753e-01,-1.633105492928340619e-01
3.250879874657714441e-01,-1.021446322594374567e-01,-2.733178267519983384e-01,-6.459203451376260841e-02,-6.626141964796671002e-02
8.421451553767563825e-01,-2.646071541295653140e-01,-7.080338017766159009e-01,-1.673266039933904437e-01,-1.716511704413462569e-01
3.426830408091358082e-01,-1.076731055424817035e-01,-2.881108733326573357e-01,-6.808801202337681768e-02,-6.984775091293166094e-02
4.526481303468671280e-01,-1.422248086668252975e-01,-3.805640566241690337e-01,-8.993707791504711169e-02,-9.226150726636514476e-02
4.202777873058839986e-01,-1.320538490696756273e-01,-3.533486806265870861e-01,-8.350538435655886771e-02,-8.566358618934270808e-02
6.292214391213539759e-01,-1.977052213151119786e-01,-5.290181209926153594e-01,-1.250205928227511865e-01,-1.282517577906733264e-01
1.048115687593204282e+00,-3.293243540283922743e-01,-8.812035909134088296e-01,-2.082510805618875416e-01,-2.136333426424833759e-01
5.056970520925803125e-01,-1.588931040588415222e-01,-4.251649541107356822e-01,-1.004774175044260420e-01,-1.030742625855229910e-01
4.388083072899153225e-01,-1.378762516878108968e-01,-3.689282210768572434e-01,-8.718723060285407667e-02,-8.944058998000482819e-02
4.082708858439804689e-01,-1.282812072567246775e-01,-3.432538744814095377e-01,-8.111972194043440276e-02,-8.321626618025516897e-02
3.053221262732416230e-01,-9.593407788447880225e-02,-2.566996727957783775e-01,-6.066473717406450222e-02,-6.223262106518431813e-02
5.378895769276383909e-01,-1.690081920890507128e-01,-4.522308293962821191e-01,-1.068737801982342084e-01,-1.096359396694785715e-01
5.022268348798407667e-01,-1.578027406042614988e-01,-4.222473679078828646e-01,-9.978791681963337934e-02,-1.023669417128095921e-01
4.442918373719494385e-01,-1.395992103491853487e-01,-3.735385007018728887e-01,-8.827675829373281269e-02,-9.055827658156268001e-02
7.747130012800144128e-01,-2.434195592375865691e-01,-6.513401972094281511e-01,-1.539284465938872692e-01,-1.579067368336879162e-01
3.343429628643148077e-01,-1.050526020863873922e-01,-2.810989502019671793e-01,-6.643091418147002714e-02,-6.814782527462512340e-02
7.136454821694357964e-01,-2.242317715522510746e-01,-5.999976614899349414e-01,-1.417948844379626760e-01,-1.454595820120342109e-01
7.664960907112329247e-01,-2.408377557237140754e-01,-6.444318270885194266e-01,-1.522958209924533957e-01,-1.562319159224256626e-01
3.528196417580708455e-01,-1.108580875049377523e-01,-2.966332237388127346e-01,-7.010206269147409297e-02,-7.191385484533879824e-02
1.050060856359893879e+00,-3.299355379417227008e-01,-8.828389921600741097e-01,-2.086375679528628957e-01,-2.140298188240257193e-01
9.187153920500439330e-01,-2.886659904094956985e-01,-7.724102521172568903e-01,-1.825404155171050924e-01,-1.872581838665564324e-01
8.652853073626173286e-01,-2.718779312919239466e-01,-7.274888917686828105e-01,-1.719243423084113598e-01,-1.763677375880001175e-01
8.674976627729349410e-01,-2.725730668814475566e-01,-7.293489302692277576e-01,-1.723639172620537452e-01,-1.768186733835558910e-01
5.404029999993241740e-01,-1.697979249775868060e-01,-4.543439906269283179e-01,-1.073731745654625813e-01,-1.101482409150709996e-01
3.083754731350344391e-01,-9.689345812731589569e-02,-2.592667751211852889e-01,-6.127140950119925461e-02,-6.285497287620395168e-02
3.224926715511223785e-01,-1.013291681391988858e-01,-2.711358140881147127e-01,-6.407636878141749481e-02,-6.573242650281792276e-02
2.329571501973548842e-01,-7.319656018240527917e-02,-1.958587966126673907e-01,-4.628647278872353998e-02,-4.748274954591056446e-02
7.298158025673030513e-01,-2.293125850373428365e-01,-6.135928634027523199e-01,-1.450077804338432974e-01,-1.487555155040029553e-01
8.015202364198044105e-01,-2.518425563362857167e-01,-6.738783885057418876e-01,-1.592548010706124062e-01,-1.633707512718909349e-01
9.512054845841296791e-01,-2.988745760291618425e-01,-7.997263075384761777e-01,-1.889959022137273903e-01,-1.938805130168422819e-01
8.207471116497598862e-01,-2.578837580280851083e-01,-6.900433898459914506e-01,-1.630750067882286436e-01,-1.672896904429832521e-01
5.077041268103361649e-01,-1.595237392003014398e-01,-4.268524028050485475e-01,-1.008762050463823806e-01,-1.034833568162104867e-01
6.444271456676682330e-01,-2.024829472333350977e-01,-5.418023235091874446e-01,-1.280418287955172041e-01,-1.313510777943546759e-01
4.990657186872483053e-01,-1.568094985791137486e-01,-4.195896584840275723e-01,-9.915983170395234469e-02,-1.017226236983969634e-01
1.014651362593089967e+00,-3.188096586144104072e-01,-8.530684492428270982e-01,-2.016020227106966600e-01,-2.068124394791452103e-01
4.940857700644259998e-01,-1.552447682895867209e-01,-4.154027651277489852e-01,-9.817036108146137696e-02,-1.007075801463589576e-01
2.455837204776411820e-01,-7.716390572485962163e-02,-2.064745895099751871e-01,-4.879525777857362384e-02,-5.005637423927051383e-02
9.503967383322445839e-01,-2.986204630146084837e-01,-7.990463538752163863e-01,-1.888352116689248072e-01,-1.937156694149526348e-01
1.074802505385070939e+00,-3.377095152605090189e-01,-9.036405412869368270e-01,-2.135535092037833260e-01,-2.190728128811734454e-01
2.409322533732523031e-01,-7.570238633575977760e-02,-2.025638670926670493e-01,-4.787105345441981796e-02,-4.910828379709421265e-02
6.340717608155941321e-01,-1.992292220315343698e-01,-5.330960304682995643e-01,-1.259843077502681430e-01,-1.292403799902048511e-01
7.238136529509493489e-01,-2.274266729490251882e-01,-6.085465542426673480e-01,-1.438152077454503963e-01,-1.475321207005854396e-01
9.491386193939592708e-01,-2.982251543558924745e-01,-7.979885899858513154e-01,-1.885852348472106532e-01,-1.934592319267925131e-01
2.679507639256540341e-01,-8.419176746019577107e-02,-2.252796882579628512e-01,-5.323938643933189691e-02,-5.461536168062940122e-02
1.002433102950257116e+00,-3.149706067694112988e-01,-8.427959436411786021e-01,-1.991743653410711912e-01,-2.043220391543813796e-01
5.553657858582672358e-01,-1.744993237313607060e-01,-4.669239574999043407e-01,-1.103461444009741083e-01,-1.131980473401898862e-01
6.092147687633611142e-01,-1.914190032287911569e-01,-5.121975066555014555e-01,-1.210454488860500527e-01,-1.241738760126236824e-01
7.975512048746495886e-01,-2.505954623702293382e-01,-6.705414239974913926e-01,-1.584661905022878570e-01,-1.625617590145648494e-01
7.878506955499127162e-01,-2.475475030610321259e-01,-6.623857177602570090e-01,-1.565387872845037942e-01,-1.605845419411930930e-01
4.998308973077712491e-01,-1.570499223776532782e-01,-4.202329826476447483e-01,-9.931186575556806562e-02,-1.018785870794968740e-01
5.893666136855211235e-01,-1.851825916121739857e-01,-4.955101640895661075e-01,-1.171018004977584237e-01,-1.201283037873837473e-01
7.186619721737967925e-01,-2.258079833671602643e-01,-6.042152770241276949e-01,-1.427916155015297728e-01,-1.464820736516977140e-01
1.058641842672962685e+00,-3.326317362793004273e-01,-8.900534590764304088e-01,-2.103425321024664507e-01,-2.157788478777172003e-01
9.417535932949993027e-01,-2.959047340260454462e-01,-7.917796269921416608e-01,-1.871178971446162964e-01,-1.919539707903565873e-01
2.636109694792071467e-01,-8.282817752483853657e-02,-2.216310047249296644e-01,-5.237710864539452116e-02,-5.373079826367996997e-02
8.687544161931478603e-01,-2.729679464860406690e-01,-7.304055460988481130e-01,-1.726136227677123880e-01,-1.770748325434803316e-01
7.435333177181204789e-01,-2.336227121248318772e-01,-6.251258685398732862e-01,-1.477333262744380815e-01,-1.515515032457258326e-01
3.279729007652426032e-01,-1.030510896477033200e-01,-2.757433185074031901e-01,-6.516524061978110072e-02,-6.684944030131176329e-02
2.846066257000254840e-01,-8.942514101290607864e-02,-2.392831092343598587e-01,-5.654875510279239181e-02,-5.801026118224923700e-02
6.257660245747072025e-01,-1.966195089486768022e-01,-5.261129801358921387e-01,-1.243340332934488313e-01,-1.275474540877961360e-01
9.468867026120674213e-01,-2.975175883416625311e-01,-7.960952902498288353e-01,-1.881377994078640425e-01,-1.930002324907922617e-01
1.087903793984126288e+00,-3.418260201997022629e-01,-9.146554537586610856e-01,-2.161566164178079785e-01,-2.217431975624360729e-01
2.262676900387333434e-01,-7.109469092158399173e-02,-1.902346309000200741e-01,-4.495733772958936114e-02,-4.611926290881836893e-02
1.091548297172858062e+00,-3.429711453729926696e-01,-9.177195709501330123e-01,-2.168807461452310625e-01,-2.224860424675321746e-01
6.614706569796006130e-01,-2.078381226396554815e-01,-5.561316609550717160e-01,-1.314282199060528844e-01,-1.348249903929668314e-01
7.278738011724407153e-01,-2.287023963315961972e-01,-6.119601251249375817e-01,-1.446219223709214186e-01,-1.483596849155366382e-01
5.467751999566456966e-01,-1.718001091443971673e-01,-4.597014197264814861e-01,-1.086392729001949414e-01,-1.114470616397134073e-01
6.373025211471907703e-01,-2.002443466707493347e-01,-5.358122932237222580e-01,-1.266262305246867170e-01,-1.298988932985025713e-01
1.085894917474629517e+00,-3.411948189242668406e-01,-9.129664902073807431e-01,-2.157574708761753890e-01,-2.213337360795483988e-01
4.376115199883157669e-01,-1.375002138041363509e-01,-3.679220217801452697e-01,-8.694943982106242975e-02,-8.919665348072398914e-02
9.741593535490928879e-01,-3.060868219279874736e-01,-8.190247800226815311e-01,-1.935566277821103576e-01,-1.985591108201278099e-01
8.468874508867446638e-01,-2.660972123587527216e-01,-7.120208882042319276e-01,-1.682688550979098419e-01,-1.726177740840449670e-01
5.927739274188011942e-01,-1.862531904091075663e-01,-4.983748641724640160e-01,-1.177788028317262731e-01,-1.208228032886208281e-01
5.735200804714077893e-01,-1.802035140388662526e-01,-4.821871863523746748e-01,-1.139532380784925858e-01,-1.168983665773034725e-01
3.337745554094481704e-01,-1.048740049905565741e-01,-2.806210614571849615e-01,-6.631797677572692784e-02,-6.803196899463286040e-02
-3.977566945166637891e-01,5.460851531423918104e-01,4.224870166338971500e-01,5.754056680702660520e-01,1.036671063755270211e-01
-3.289149858136622417e-01,4.515715080977888429e-01,3.493651093703289412e-01,4.758173772044544947e-01,8.572493007134385223e-02
-3.320417401633334875e-01,4.558642683490115588e-01,3.526862680966325048e-01,4.803406252107525476e-01,8.653985432088136254e-02
-2.957541288597109741e-01,4.060445518009595522e-01,3.141424928395810112e-01,4.278459783256570725e-01,7.708223434116581729e-02
-5.724989191099976171e-01,7.859909442779703381e-01,6.080937510173836102e-01,8.281925296575806117e-01,1.492100753184531226e-01
-5.709213675786772857e-01,7.838251040006172232e-01,6.064181160142729787e-01,8.259104006442710144e-01,1.487989189390263034e-01
-4.772006352802047324e-01,6.551547355181469579e-01,5.068703443956434906e-01,6.903314366100706811e-01,1.243725365331080218e-01
-2.788480690909213577e-01,3.828340103691116325e-01,2.961853073208566833e-01,4.033892117902324603e-01,7.267601737334880574e-02
-5.583137936398078205e-01,7.665160076608870110e-01,5.930266725166422059e-01,8.076719407891683744e-01,1.455130139456576599e-01
-1.645460509700969465e-01,2.259073365243302600e-01,1.747766188014039657e-01,2.380367991086221324e-01,4.288554587451524208e-02
-2.888509073641511438e-01,3.965670324542154845e-01,3.068100670249354622e-01,4.178595900856893475e-01,7.528305155686688954e-02
-5.127247631162075159e-01,7.039262560406274183e-01,5.446031669850699419e-01,7.417216075157482269e-01,1.336311702407009250e-01
-4.426761006358872486e-01,6.077555690218503504e-01,4.701992642010642820e-01,6.403873044416144023e-01,1.153744262438842483e-01
-1.517884997597118146e-01,2.083923345080582190e-01,1.612258732709501152e-01,2.195813780475826260e-01,3.956055238816973130e-02
-3.879813382185716142e-01,5.326644439132188769e-01,4.121038824821693369e-01,5.612643713960173697e-01,1.011193606928442457e-01
-5.635280164508102985e-01,7.736746795362274831e-01,5.985650870043274230e-01,8.152149775284442956e-01,1.468719939408799635e-01
-1.727288697154929220e-01,2.371416309795019994e-01,1.834682001803150941e-01,2.498742875828612597e-01,4.501822937934329971e-02
-5.360209916689520071e-01,7.359099403185866972e-01,5.693478268129339437e-01,7.754225662644085304e-01,1.397028533495436875e-01
-5.705681641498286938e-01,7.833401865845380785e-01,6.060429523401568153e-01,8.253994469438227233e-01,1.487068637255366810e-01
-3.515603747131551549e-01,4.826616464552980212e-01,3.734184639173516729e-01,5.085768135836649106e-01,9.162698520283972525e-02
-5.524898176238118852e-01,7.585201979650693094e-01,5.868405937255977145e-01,7.992468184555732158e-01,1.439951143112783438e-01
-3.250002266345445312e-01,4.461968861358835969e-01,3.452069520112544532e-01,4.701541799488264672e-01,8.470462856077011493e-02
-1.912019187109061102e-01,2.625035115681503273e-01,2.030898016914794713e-01,2.765979034139334769e-01,4.983284987898039392e-02
-6.030349818941895812e-01,8.279142877483656182e-01,6.405283781230706186e-01,8.723668297983353526e-01,1.571686724019925319e-01
-5.439940277837613802e-01,7.468562215698834050e-01,5.778165824318768351e-01,7.869565774713476181e-01,1.417808613238764337e-01
-2.632769864557146233e-01,3.614562757824635320e-01,2.796461004665198868e-01,3.808636595373009470e-01,6.861773475440355319e-02
-1.815798019076160785e-01,2.492931867627724007e-01,1.928694346229508916e-01,2.626782871666819008e-01,4.732504292071781221e-02
-5.502958859275108860e-01,7.555081216307807379e-01,5.845102554312414656e-01,7.960730171071267458e-01,1.434233111117936832e-01
-3.820346584368915499e-01,5.245001726789819685e-01,4.057874708806195607e-01,5.526617424528753597e-01,9.956948084416505917e-02
-3.157369817668256862e-01,4.334792611105384164e-01,3.353677695601144926e-01,4.567537176182422942e-01,8.229035419575592147e-02
-5.097290910038444478e-01,6.998134602365693180e-01,5.414212404681484347e-01,7.373879866442545339e-01,1.328504098818692192e-01
-5.178306311300233666e-01,7.109361662563125073e-01,5.500264897706356182e-01,7.491078952541314617e-01,1.349619097853133609e-01
-5.049664833945346487e-01,6.932748165341737767e-01,5.363625201298264367e-01,7.304982687564853805e-01,1.316091341058344133e-01
-2.072837056226124741e-01,2.845823984594295086e-01,2.201714656034472473e-01,2.998622543834088550e-01,5.402423706986168167e-02
-1.470054643073044620e-01,2.018256451637411297e-01,1.561454549986761586e-01,2.126621086855909615e-01,3.831395251473414254e-02
-3.023055163148725688e-01,4.150390337821979192e-01,3.211012095095979735e-01,4.373233938598071191e-01,7.878971881492638496e-02
-4.651948328349423956e-01,6.386718188072536551e-01,4.941180872311010663e-01,6.729635157881965757e-01,1.212434709098908908e-01
-1.758121970121444833e-01,2.413747696851273605e-01,1.867432317984532020e-01,2.543347128314292771e-01,4.582183526017192393e-02
-5.667788572841722106e-01,7.781377996767575578e-01,6.020180472289382578e-01,8.199177324218187568e-01,1.477192587817434122e-01
-1.997657646060509440e-01,2.742609229746907351e-01,2.121861003912380306e-01,2.889865961411156592e-01,5.206484027822283478e-02
-1.330162164876526609e-01,1.826196314290775835e-01,1.412864327427243438e-01,1.924248817616076301e-01,3.466794262520683095e-02
-2.748992854438026545e-01,3.774126757884747607e-01,2.919910100396225783e-01,3.976767938124626811e-01,7.164684808457735810e-02
-1.827729169348649707e-01,2.509312293434596830e-01,1.941367309760040905e-01,2.644042798622242563e-01,4.763600382760676405e-02
-3.147256548920852604e-01,4.320907977637662434e-01,3.342935639463787689e-01,4.552907046155207915e-01,8.202677263408908459e-02
-5.127388519066882200e-01,7.039455987177295482e-01,5.446181317390017540e-01,7.417419887437969317e-01,1.336348421943389098e-01
-5.355927633285730849e-01,7.353220202607736455e-01,5.688929735912059416e-01,7.748030794834712687e-01,1.395912444350312087e-01
-5.825669156645933988e-01,7.998134229845436094e-01,6.187877201861498033e-01,8.427571676975913473e-01,1.518340916686543585e-01
-2.877963369310860831e-01,3.951191994840135835e-01,3.056899292064196305e-01,4.163340197736615789e-01,7.500819945061162897e-02
-1.654942447943479056e-01,2.272091237144967246e-01,1.757837660990384243e-01,2.394084821209374880e-01,4.313267310429747675e-02
-3.778163875268684690e-01,5.187088556561593178e-01,4.013069311016604912e-01,5.465594768605070986e-01,9.847007523973762277e-02
-2.563547193714423855e-01,3.519526085081746136e-01,2.722934449132776713e-01,3.708497194299531508e-01,6.681358812889652554e-02
-4.848137092895499767e-01,6.656068202814959811e-01,5.149567574465407915e-01,7.013447168308820645e-01,1.263567277838186786e-01
-4.719586909412009090e-01,6.479580044094291891e-01,5.013024848079178364e-01,6.827482971533310740e-01,1.230063314914394274e-01
-3.025729817515506737e-01,4.154062404338072501e-01,3.213853044750696331e-01,4.377103166455178496e-01,7.885942818313596003e-02
-5.050817622311167820e-01,6.934330842943318141e-01,5.364849663700029803e-01,7.306650342613588700e-01,1.316391791649862975e-01
-5.362145887062129690e-01,7.361757321184431158e-01,5.695534606484647933e-01,7.757026290115531797e-01,1.397533104378400892e-01
-4.069010176801602929e-01,5.586395090689199039e-01,4.321998834837598169e-01,5.886340950244267622e-01,1.060503862428195387e-01
-4.052024172720983808e-01,5.563074792709264971e-01,4.303956734509727933e-01,5.861768534089890625e-01,1.056076809618787804e-01
-1.950917302320966940e-01,2.678438825776832122e-01,2.072214602845622589e-01,2.822250107080995218e-01,5.084664929532466127e-02
-1.392862838860991492e-01,1.912278855771427644e-01,1.479463384232110046e-01,2.014953320393402803e-01,3.630210680883251551e-02
-5.583292051760470054e-01,7.665371663522262402e-01,5.930430422573838012e-01,8.076942355372593862e-01,1.455170306457880536e-01
-3.605388593791380436e-01,4.949883206292369775e-01,3.829551813446566699e-01,5.215653340503445534e-01,9.396704267463293347e-02
-4.389415589754950831e-01,6.026283699510464054e-01,4.662325292941600918e-01,6.349848147571971468e-01,1.144010947251221239e-01
-3.549410891658114631e-01,4.873030717161673797e-01,3.770093725881145663e-01,5.134674471921057970e-01,9.250809893296732533e-02
-5.288961244673352491e-01,7.261281208029102263e-01,5.617799745821083768e-01,7.651155393090484091e-01,1.378459031679784563e-01
-4.647660353820470824e-01,6.380831174077311596e-01,4.936626295125726704e-01,6.723432057135920736e-01,1.211317136678993489e-01
-4.234429891375862676e-01,5.813501890930045102e-01,4.497703436837658386e-01,6.125641614918830857e-01,1.103617110762625808e-01
-4.804323472966565700e-01,6.595915934660960822e-01,5.103029864787888004e-01,6.950065192358875210e-01,1.252148158410444634e-01
-3.094302036724370653e-01,4.248206063877201233e-01,3.286688707146580013e-01,4.476301606478628181e-01,8.064662212383616469e-02
-4.687098255278628334e-01,6.434975963478186678e-01,4.978516228240757457e-01,6.780483999563680086e-01,1.221595815031996241e-01
-5.434728665101482559e-01,7.461407127228009140e-01,5.772630182186043735e-01,7.862026513779599712e-01,1.416450313505905889e-01
-5.275380431483137622e-01,7.242635939318317062e-01,5.603374552411910514e-01,7.631509018826063695e-01,1.374919471880880484e-01
-5.649348435216772213e-01,7.756061300612093756e-01,6.000593828396562079e-01,8.172501318872043008e-01,1.472386544990001989e-01
-5.044448894087482094e-01,6.925587136111232001e-01,5.358084963007193613e-01,7.297437166898820271e-01,1.314731913550152009e-01
-4.156798752152791043e-01,5.706921126518867959e-01,4.415245620638986734e-01,6.013338294463124178e-01,1.083384150063697038e-01
-4.647177144661008841e-01,6.380167770163607255e-01,4.936113042680185248e-01,6.722733033604574304e-01,1.211191198144140058e-01
-1.774644548011256318e-01,2.436431751203215479e-01,1.884982178831626498e-01,2.567249139518611445e-01,4.625246229004061765e-02
-3.885262889089333149e-01,5.334126135488369558e-01,4.126827152071930183e-01,5.620527119076308420e-01,1.012613908886044745e-01
-1.541531526922824691e-01,2.116387961681958918e-01,1.637375473084426714e-01,2.230021493863868776e-01,4.017685056864380572e-02
-4.457479719098593196e-01,6.119729796102986175e-01,4.734621275240836202e-01,6.448311570957442340e-01,1.161750463478846557e-01
-3.544583428055104735e-01,4.866403031852335470e-01,3.764966117160384873e-01,5.127690931586305068e-01,9.238228101720218077e-02
-3.578824286013339018e-01,4.913412735069451198e-01,3.801335883213822209e-01,5.177224689334112284e-01,9.327469859641074335e-02
-4.956274816821589768e-01,6.804531839869280008e-01,5.264428706903745425e-01,7.169882145110155758e-01,1.291751152764731014e-01
-4.385430433263799443e-01,6.020812428196197219e-01,4.658092361353078359e-01,6.344083111647329520e-01,1.142972298128311082e-01
-4.936499836488039694e-01,6.777382521422342654e-01,5.243424227129325210e-01,7.141275119944358041e-01,1.286597210623535437e-01
-1.654813320619620831e-01,2.271913956622989561e-01,1.757700505240211153e-01,2.393898022105613588e-01,4.312930766602756510e-02
-4.402325437131875407e-01,6.044007790843332062e-01,4.676037803576031382e-01,6.368523884415649983e-01,1.147375633602865652e-01
-3.707323130620441831e-01,5.089830410003015615e-01,3.937824078754885715e-01,5.363114617892711378e-01,9.662375684650606478e-02
-5.577079217051021942e-01,7.656841984850529803e-01,5.923831307995958140e-01,8.067954699461624690e-01,1.453551058798200901e-01
-5.864107656083602516e-01,8.050906927681459324e-01,6.228705595638850401e-01,8.483177857219912354e-01,1.528359121446020152e-01
-5.303925342810796861e-01,7.281825605988144767e-01,5.633694229222268035e-01,7.672802865036386644e-01,1.382359116266200505e-01
-2.331973562259165023e-01,3.201595742889386531e-01,2.476962843793746871e-01,3.373496471616815873e-01,6.077809743401053205e-02
-4.748677881622339059e-01,6.519519404596680889e-01,5.043924536832518069e-01,6.869566764289681826e-01,1.237645278844279606e-01
-5.362148314519438186e-01,7.361760653871006754e-01,5.695537184867891511e-01,7.757029801741391895e-01,1.397533737045251190e-01
-4.686399970885754551e-01,6.434017280079826762e-01,4.977774528367507334e-01,6.779473842341630085e-01,1.221413821558512691e-01
-3.505639360867056076e-01,4.812936233712795664e-01,3.723600722212445646e-01,5.071353383264353143e-01,9.136728395705591421e-02
-1.576641930570475414e-01,2.164591475078803673e-01,1.674668848392498466e-01,2.280813160089984193e-01,4.109193106886056129e-02
-2.508057026984138460e-01,3.443342939418725379e-01,2.663994209238426669e-01,3.628223607710198695e-01,6.536735099536081228e-02
-5.983318383235627369e-01,8.214572829702629919e-01,6.355328189700825137e-01,8.655631342085593483e-01,1.559428947053330128e-01
-3.229655239695857771e-01,4.434034173352053299e-01,3.430457427330547149e-01,4.672107236540741781e-01,8.417432513528745608e-02
-2.759976826013285645e-01,3.789206790182069184e-01,2.931576994871156194e-01,3.992657650578133044e-01,7.193312272568724852e-02
-4.529963283540646146e-01,6.219243390554849427e-01,4.811611468789497859e-01,6.553168269529353607e-01,1.180641814621591207e-01
-2.465892171407825795e-01,3.385454280517340431e-01,2.619207775006610062e-01,3.567226779180495688e-01,6.426841070633565467e-02
-5.358347551574406120e-01,7.356542538768210404e-01,5.691500111401333051e-01,7.751531514542931989e-01,1.396543146309852934e-01
-4.347967397854693994e-01,5.969378957155766496e-01,4.618300080588889078e-01,6.289888064235968912e-01,1.133208328016820782e-01
-2.451874626040618788e-01,3.366209416724831871e-01,2.604318695817338103e-01,3.546948616253473019e-01,6.390307219997265475e-02
-5.316489703610453033e-01,7.299075374467225430e-01,5.647039772825523940e-01,7.690978811587300124e-01,1.385633758643096958e-01
-5.599408145726454400e-01,7.687497650998514898e-01,5.947548526563901650e-01,8.100256335861215629e-01,1.459370635077263667e-01
-1.735639623918815988e-01,2.382881401856586367e-01,1.843552143231920182e-01,2.510823553941193831e-01,4.523587911977521026e-02
-3.075505502867469376e-01,4.222400066866227042e-01,3.266723508265615972e-01,4.449110028636102943e-01,8.015672910589403954e-02
-1.336993103654438575e-01,1.835574595788150021e-01,1.420119976382682725e-01,1.934130639707914989e-01,3.484597700318128877e-02
-5.932550589936383956e-01,8.144873089734186999e-01,6.301403934426762499e-01,8.582189269525880571e-01,1.546197365282472036e-01
-2.936774585038671170e-01,4.031934650312565815e-01,3.119367065504560776e-01,4.248418104261875716e-01,7.654099289971687259e-02
-3.659802335624247616e-01,5.024588514717058807e-01,3.887348702267735545e-01,5.294369741517362948e-01,9.538522500585250308e-02
-2.873002390890365132e-01,3.944381005363806203e-01,3.051629867309428867e-01,4.156163511230316909e-01,7.487890174557382261e-02
-1.500348271480713980e-01,2.059846953912534695e-01,1.593631669480688740e-01,2.170444674824350828e-01,3.910349366939772087e-02
-1.524028904400293039e-01,2.092358391765544445e-01,1.618784633823256991e-01,2.204701723400176727e-01,3.972068068994476925e-02
-3.979625122072981136e-01,5.463677228304922862e-01,4.227056309357688502e-01,5.757034095474371505e-01,1.037207485259247081e-01
-3.820020755248525468e-01,5.244554391905054125e-01,4.057528621424377202e-01,5.526146071248521086e-01,9.956098877789705537e-02
-4.267497481298532236e-01,5.858900799750206279e-01,4.532826987506436978e-01,6.173478091169841697e-01,1.112235498358241925e-01
-5.135321909131110862e-01,7.050347837868651268e-01,5.454607961985156184e-01,7.428896545588290490e-01,1.338416096989578641e-01
-1.406543337649650838e-01,1.931060984090216537e-01,1.493994461141595065e-01,2.034743902559690287e-01,3.665866088893858510e-02
-4.619468630688634558e-01,6.342126403909951193e-01,4.906681765809353113e-01,6.682649142589535129e-01,1.203969543536987791e-01
-2.851337892299996013e-01,3.914637543610507975e-01,3.028618389432390368e-01,4.124823057489000466e-01,7.431426112207173418e-02
-4.094293061553256896e-01,5.621106280172171177e-01,4.348853670212789457e-01,5.922915859961241924e-01,1.067093326638759720e-01
-2.396416122983288932e-01,3.290069742515423501e-01,2.545412088268859674e-01,3.466720835195867267e-01,6.245766031498655585e-02
-4.764651680064838080e-01,6.541450032764579703e-01,5.060891498146602441e-01,6.892674896198297541e-01,1.241808521060408788e-01
-1.654533782606645853e-01,2.271530175380011563e-01,1.757403587092092878e-01,2.393493634802208725e-01,4.312202208232110423e-02
-2.328214449908050931e-01,3.196434810409212735e-01,2.472970010525802065e-01,3.368058437301962860e-01,6.068012389758669495e-02
-5.357816939986658200e-01,7.355814055466360912e-01,5.690936509305405400e-01,7.750763917367716749e-01,1.396404853306442984e-01
-3.436891750795260103e-01,4.718551777858822627e-01,3.650578764115077202e-01,4.971901218041427373e-01,8.957551881403641447e-02
-5.433789819922687503e-01,7.460118174910407296e-01,5.771632964781188146e-01,7.860668354772432087e-01,1.416205622808396625e-01
-3.421571034663711819e-01,4.697517774584247796e-01,3.634305490175645525e-01,4.949737852791973314e-01,8.917621584042123573e-02
-2.006737368742841643e-01,2.755074894862856727e-01,2.131505253778704090e-01,2.903000935549728267e-01,5.230148458619945234e-02
-2.600822069919119239e-01,3.570701229991222747e-01,2.762526871988804644e-01,3.762420045480860398e-01,6.778508115715149718e-02
-3.613421879406060189e-01,4.960912204837472639e-01,3.838084564547685207e-01,5.227274510277926112e-01,9.417641375143503968e-02
-1.438000410221649261e-01,1.974248793446298500e-01,1.527407361354699566e-01,2.080250560545222338e-01,3.747852482423871812e-02
-3.749928423908281405e-01,5.148323751360949219e-01,3.983078334691079747e-01,5.424748595612204349e-01,9.773417623914459895e-02
-5.569437955702891685e-01,7.646351201336337722e-01,5.915714955072685077e-01,8.056900642668781698e-01,1.451559521097038064e-01
-5.238831944774600125e-01,7.192458063655892131e-01,5.564553681953054998e-01,7.578636982474699080e-01,1.365393860089273437e-01
-4.104916614129410224e-01,5.635691488706534580e-01,4.360137736818899823e-01,5.938284180473832885e-01,1.069862137246300471e-01
-1.790922786079121864e-01,2.458780348349972333e-01,1.902272508151428010e-01,2.590797682081367737e-01,4.667672110470071078e-02
-5.669179779685485920e-01,7.783288002086915514e-01,6.021658176717856747e-01,8.201189881930970316e-01,1.477555177284440302e-01
-3.871283583671704109e-01,5.314933771802105023e-01,4.111978690381838386e-01,5.600304275101893881e-01,1.008970490279234578e-01
-5.831517004939278381e-01,8.006162814090146407e-01,6.194088637176710099e-01,8.436031333596136772e-01,1.519865038139309454e-01
-2.557721912495429240e-01,3.511528483456366478e-01,2.716746983988394537e-01,3.700070183823728764e-01,6.666176414802534034e-02
-2.672117972254909879e-01,3.668584268245992375e-01,2.838255561138014471e-01,3.865558639701250909e-01,6.964326229991386896e-02
-2.191922906236148105e-01,3.009318441221450757e-01,2.328204608781047069e-01,3.170895378024846112e-01,5.712796496457645673e-02
-1.257970377054371258e-01,1.727083303618787702e-01,1.336184051562843422e-01,1.819814211049689823e-01,3.278641206877132286e-02
-2.299975819048275250e-01,3.157665640034014731e-01,2.442975657017133206e-01,3.327207664758703998e-01,5.994414202987813356e-02
-1.348367791969136698e-01,1.851191047996017525e-01,1.432201880213507805e-01,1.950585573638726755e-01,3.514243487297054325e-02
-5.939267499632256975e-01,8.154094819275086170e-01,6.308538464599428019e-01,8.591906134041807919e-01,1.547947989725897422e-01
-4.742165389623188010e-01,6.510578322674686058e-01,5.037007133923895319e-01,6.860145615981600997e-01,1.235947931671616401e-01
-2.539143879287748540e-01,3.486022468726360235e-01,2.697013870924449552e-01,3.673194694971713692e-01,6.617756590036819042e-02
-4.279546660539303438e-01,5.875443269007530889e-01,4.545625318396898096e-01,6.190908762045561620e-01,1.115375869251580832e-01
-2.732122743312932478e-01,3.750965570796568893e-01,2.901991098610010589e-01,3.952363175876313361e-01,7.120716331529969301e-02
-5.074581334595322790e-01,6.966956341497637650e-01,5.390090872824816470e-01,7.341027576061059934e-01,1.322585314783980004e-01
-2.690261816013820861e-01,3.693494178837733455e-01,2.857527489242930319e-01,3.891806018270567158e-01,7.011614429208286314e-02
-3.246481124121984307e-01,4.457134641050686796e-01,3.448329452645065851e-01,4.696448019241717398e-01,8.461285722656632091e-02
-5.142153837637640779e-01,7.059727478176854865e-01,5.461864662205092591e-01,7.438779799448506092e-01,1.340196698721743407e-01
-5.507691433292962735e-01,7.561578626515920165e-01,5.850129373735861726e-01,7.967576441547605803e-01,1.435466559255711427e-01
-5.595717659389359833e-01,7.682430936033449731e-01,5.943628586097827737e-01,8.094917577807423381e-01,1.458408785672943853e-01
-2.240044212965326131e-01,3.075384786595090070e-01,2.379317833515680047e-01,3.240508971029392726e-01,5.838214790917402308e-02
-2.042217871287781705e-01,2.803786521676245314e-01,2.169191738696571725e-01,2.954327996921123356e-01,5.322621095342074810e-02
-3.815834120172639787e-01,5.238806508115582128e-01,4.053081684421606656e-01,5.520089570915487354e-01,9.945187274044237080e-02
-5.107467141979329384e-01,7.012105678791203944e-01,5.425021338717160857e-01,7.388601080740392346e-01,1.331156324497507482e-01
-3.325230417710343667e-01,4.565250533609857553e-01,3.531974943893432251e-01,4.810368892257653739e-01,8.666529569157876978e-02
-4.154770703384914055e-01,5.704136792936922440e-01,4.413091478960568526e-01,6.010404463877123682e-01,1.082855580839715143e-01
-4.008410561358331514e-01,5.503197118823704992e-01,4.257631468830345711e-01,5.798675895979602535e-01,1.044709818312589827e-01
-2.550278259700343719e-01,3.501308999202349392e-01,2.708840525830410462e-01,3.689301992946026898e-01,6.646776063865178497e-02
-2.415416471467965454e-01,3.316155559184383872e-01,2.565593773849412784e-01,3.494207256830274555e-01,6.295286534225241759e-02
-2.887535793052160571e-01,3.964334095417634818e-01,3.067066876429637712e-01,4.177187926646891425e-01,7.525768499892321328e-02
-3.963700527163780407e-01,5.441814152284822903e-01,4.210141610781799604e-01,5.733997142737192743e-01,1.033057066932673573e-01
-3.498862947409160928e-01,4.803632810710933287e-01,3.716402988661328677e-01,5.061550438985568112e-01,9.119067066946867639e-02
-3.844318646379137894e-01,5.277913271295434638e-01,4.083337221696314856e-01,5.561296062364818882e-01,1.001942633649153952e-01
-3.983944872697289252e-01,5.469607868099882753e-01,4.231644638301049755e-01,5.763283164385449853e-01,1.038333339465246363e-01
-3.946569884502842962e-01,5.418295278184430686e-01,4.191945879042738299e-01,5.709215488472976219e-01,1.028592317050410626e-01
-3.341548021135833935e-01,4.587653175949676365e-01,3.549307086092138852e-01,4.833974381818952337e-01,8.709058048336824898e-02
-3.330948102184545512e-01,4.573100414315218187e-01,3.538048122519614758e-01,4.818640250351804988e-01,8.681431538446642004e-02
-5.016291074518889337e-01,6.886928912570945416e-01,5.328176445191029620e-01,7.256703298170460448e-01,1.307393156675004386e-01
-5.871492667629756301e-01,8.061045902629548898e-01,6.236549766557789587e-01,8.493861216069684694e-01,1.530283872903616116e-01
-2.816509885487565867e-01,3.866821736369547846e-01,2.991624968840516097e-01,4.074439914216416714e-01,7.340654071488685040e-02
-1.519026279484730346e-01,2.085490225293956668e-01,1.613470973223571081e-01,2.197464789939780339e-01,3.959029755461911798e-02
-2.741292433400539519e-01,3.763554753291269428e-01,2.911730909559712144e-01,3.965628299313816441e-01,7.144615243876313582e-02
-3.325351441534886709e-01,4.565416688736019801e-01,3.532103492313302118e-01,4.810543968618588573e-01,8.666844992879609022e-02
-2.340115466091349516e-01,3.212773864747202057e-01,2.485610966395327970e-01,3.385274771463194776e-01,6.099029942138273902e-02
-1.801632788306169186e-01,2.473484244693991141e-01,1.913648399371928877e-01,2.606291063013589926e-01,4.695585529790457374e-02
-3.803411374295807557e-01,5.221751164539674139e-01,4.039886560577666264e-01,5.502118488369128757e-01,9.912809940462091740e-02
-2.566636130270527061e-01,3.523766924810003975e-01,2.726215438763247567e-01,3.712965734055603262e-01,6.689409491079695291e-02
-3.754279711691086430e-01,5.154297688916236186e-01,3.987700161599880833e-01,5.431043287035747236e-01,9.784758361095481638e-02
-1.705031339600135143e-01,2.340858904535947638e-01,1.811040804254218095e-01,2.466544776161534447e-01,4.443813710557911051e-02
-1.428004057404920479e-01,1.960524675325742705e-01,1.516789490337113189e-01,2.065789564287785762e-01,3.721799043597948803e-02
-3.451341422126880110e-01,4.738389912806050819e-01,3.665926836482922280e-01,4.992804506158475819e-01,8.995211979540938818e-02
-3.845550694746975307e-01,5.279604765947578660e-01,4.084645872050795545e-01,5.563078377091291715e-01,1.002263741730976682e-01
-2.159243497727027783e-01,2.964452471531132671e-01,2.293493374509664451e-01,3.123620455579653177e-01,5.627624335563635727e-02
-1.618192893045781733e-01,2.221637312444567358e-01,1.718803221028993855e-01,2.340921914139036386e-01,4.217487149609016467e-02
-2.133407375860637556e-01,2.928981735876620141e-01,2.266050904780814446e-01,3.086245217983866196e-01,5.560287794638566622e-02
-4.474272150425535610e-01,6.142784335622301084e-01,4.752457767526580557e-01,6.472603959493968828e-01,1.166127065528974882e-01
-3.077187310804569420e-01,4.224709042070285969e-01,3.268509881764017910e-01,4.451542977805666990e-01,8.020056197275009235e-02
-5.066548383603408645e-01,6.955927802360325485e-01,5.381558477151465736e-01,7.329406890360986582e-01,1.320491691228504461e-01
-9.489523928207792280e-02,-6.128410801571924083e-01,-2.785403861820451854e-01,-1.025294320040138984e+00,-7.321414720395104103e-01
-7.004022913995369692e-02,-4.523254275485361076e-01,-2.055849442028455376e-01,-7.567487015659692950e-01,-5.403785991000190636e-01
-5.481995257644971947e-02,-3.540316585456202425e-01,-1.609097661447128069e-01,-5.923014307854640448e-01,-4.229502036150956101e-01
-8.040677928998460344e-02,-5.192734413742252642e-01,-2.360132660450190989e-01,-8.687539514357093262e-01,-6.203592318929270766e-01
-7.994320263054965903e-02,-5.162796260590085673e-01,-2.346525568806721029e-01,-8.637452437342714173e-01,-6.167826172976147436e-01
-4.492205026542740037e-02,-2.901102101203044681e-01,-1.318570386005079031e-01,-4.853596801077769141e-01,-3.465853108879235478e-01
-4.123987951578732269e-02,-2.663304555551164188e-01,-1.210489804686953885e-01,-4.455757164064824138e-01,-3.181764050952024525e-01
-5.897582909386662325e-02,-3.808706430215744732e-01,-1.731082648138110025e-01,-6.372035420012837070e-01,-4.550138727105658143e-01
-4.670334594607775114e-02,-3.016139607538230738e-01,-1.370855705115546497e-01,-5.046056650222990880e-01,-3.603284707306668166e-01
-2.998666910408059535e-02,-1.936563185159887179e-01,-8.801809717488401352e-02,-3.239905578186735857e-01,-2.313549575881581333e-01
-9.611631152114601118e-02,-6.207268627907768233e-01,-2.821245273423323985e-01,-1.038487378412158213e+00,-7.415623622057753161e-01
-2.650870234961213295e-02,-1.711953297594980827e-01,-7.780942695868582615e-02,-2.864129134012850519e-01,-2.045215387719424571e-01
-2.514499147292985001e-02,-1.623883753431249743e-01,-7.380660703741842577e-02,-2.716787178123671875e-01,-1.940001543880261747e-01
-5.759797633725568383e-02,-3.719723592083163388e-01,-1.690639350683791065e-01,-6.223165506633360211e-01,-4.443833800419066948e-01
-8.091767957509937714e-02,-5.225728764665552584e-01,-2.375128814503121855e-01,-8.742739666061011272e-01,-6.243009605785722060e-01
-7.820935870604672768e-02,-5.050823226794590726e-01,-2.295633073043590322e-01,-8.450119506725960461e-01,-6.034055601051145912e-01
-6.963185470185286052e-02,-4.496881126142178164e-01,-2.043862668555301576e-01,-7.523364255129016964e-01,-5.372278840112911791e-01
-5.337310527438239582e-02,-3.446878024140624941e-01,-1.566629207885790465e-01,-5.766689888210626558e-01,-4.117874000691431613e-01
-2.074784144010650630e-02,-1.339912271182440995e-01,-6.089991248130564860e-02,-2.241697701862709891e-01,-1.600749973183407115e-01
-8.112281289000176920e-02,-5.238976438967452021e-01,-2.381149971431959778e-01,-8.764903267123780317e-01,-6.258836174986998069e-01
-7.943095203660489878e-02,-5.129714705637565819e-01,-2.331489779936931628e-01,-8.582106391705215387e-01,-6.128304706278645542e-01
-9.636539471517766020e-02,-6.223354620717744812e-01,-2.828556465173496792e-01,-1.041178594388744827e+00,-7.434841038834208993e-01
-8.076096867169056670e-02,-5.215608248605521080e-01,-2.370528971994196876e-01,-8.725807857851348714e-01,-6.230918951673417583e-01
-2.609024306634875889e-02,-1.684928860847987597e-01,-7.658114816152536419e-02,-2.818916757760479563e-01,-2.012930164777275710e-01
-6.989485995004494912e-02,-4.513866216396278386e-01,-2.051582506131301720e-01,-7.551780621340027366e-01,-5.392570379606593800e-01
-6.638235857530223882e-02,-4.287026055305340200e-01,-1.948482129675368213e-01,-7.172272888823348902e-01,-5.121571755597577047e-01
-9.881019952274826268e-02,-6.381242079601906481e-01,-2.900317375456496483e-01,-1.067593454625917371e+00,-7.623464093500152972e-01
-4.452493122969329586e-02,-2.875455834788475107e-01,-1.306913985704026560e-01,-4.810690128962463730e-01,-3.435214341582068509e-01
-5.395482983131450611e-02,-3.484446263445494796e-01,-1.583704224921975157e-01,-5.829542238714465752e-01,-4.162755564472281344e-01
-8.279805487825529775e-02,-5.347164912633048939e-01,-2.430322359202590210e-01,-8.945904559521959953e-01,-6.388085454991074830e-01
-9.403784234620862770e-02,-6.073039418531336331e-01,-2.760237196407612781e-01,-1.016030586527085333e+00,-7.255264315011377141e-01
-8.240343290789164943e-02,-5.321679908706506978e-01,-2.418739253785229526e-01,-8.903267682494424573e-01,-6.357639342787033687e-01
-6.241259358753831199e-02,-4.030655442672199662e-01,-1.831959964695425991e-01,-6.743360171532027936e-01,-4.815294053598954127e-01
-9.009031538929908323e-02,-5.818104955799126010e-01,-2.644367771201442952e-01,-9.733795852993648579e-01,-6.950702334978171582e-01
-9.721595587191418641e-02,-6.278284543649370608e-01,-2.853522484002392612e-01,-1.050368470819285749e+00,-7.500464046064502233e-01
-7.755089278051595370e-02,-5.008298968243600768e-01,-2.276305511980191432e-01,-8.378975645506564485e-01,-5.983253240927172145e-01
-4.060053284923377526e-02,-2.622015034107320064e-01,-1.191723439930057610e-01,-4.386679040576937361e-01,-3.132436791425054490e-01
-2.323789194800777655e-02,-1.500721733749062203e-01,-6.820881053910961278e-02,-2.510734869762703547e-01,-1.792863851403205533e-01
-9.610097803198223987e-02,-6.206278378857045253e-01,-2.820795198580211549e-01,-1.038321707937380323e+00,-7.414440603456102785e-01
-4.791044820750300220e-02,-3.094095241492966775e-01,-1.406287064222949412e-01,-5.176477849611937909e-01,-3.696415788830697546e-01
-8.534758635963587969e-02,-5.511815704260184523e-01,-2.505157249633300776e-01,-9.221368341098276078e-01,-6.584788445142194524e-01
-8.838839198800217678e-02,-5.708193375040562234e-01,-2.594412219686331178e-01,-9.549911770958086077e-01,-6.819394514506798011e-01
-3.495058794419771825e-02,-2.257137052384917963e-01,-1.025883947068034624e-01,-3.776231513019334129e-01,-2.696528835345276542e-01
-2.723910779310583646e-02,-1.759123468019738457e-01,-7.995334287943557661e-02,-2.943045690650052948e-01,-2.101568068910898424e-01
-5.152849292185275598e-02,-3.327751476260258356e-01,-1.512485391934973444e-01,-5.567388997878012225e-01,-3.975557356216903315e-01
-4.890818453364925711e-02,-3.158529855120944529e-01,-1.435573028797687556e-01,-5.284278135046134306e-01,-3.773393743473987261e-01
-7.555257104972776250e-02,-4.879245745209138674e-01,-2.217649955513844862e-01,-8.163067246340228733e-01,-5.829077517818566090e-01
-7.242042712921799297e-02,-4.676969374131428880e-01,-2.125713986565685998e-01,-7.824655183149049620e-01,-5.587424461463958991e-01
-3.140491179613642131e-02,-2.028154437776995000e-01,-9.218098111019769336e-02,-3.393139416638941142e-01,-2.422970691221681683e-01
-3.379297152464551951e-02,-2.182377253860433852e-01,-9.919051166238344874e-02,-3.651157004673977191e-01,-2.607215715332085737e-01
-3.860461484902267398e-02,-2.493117045924939656e-01,-1.133138438746390392e-01,-4.171030352153345389e-01,-2.978446522387324102e-01
-4.844448074520055214e-02,-3.128583491874928901e-01,-1.421962205611432828e-01,-5.234177322394797383e-01,-3.737617789186548078e-01
-4.356363130337338740e-02,-2.813374313138084504e-01,-1.278697517234201608e-01,-4.706826609383672477e-01,-3.361047550028357089e-01
-7.307109483892613999e-02,-4.718990017638703960e-01,-2.144812651209923593e-01,-7.894956487202279272e-01,-5.637625168938681375e-01
-4.326445264757004805e-02,-2.794053115154962463e-01,-1.269915903008310976e-01,-4.674501892275306769e-01,-3.337965137979051478e-01
-4.371988074989231754e-02,-2.823465027941382544e-01,-1.283283814871825079e-01,-4.723708559546530572e-01,-3.373102601540443057e-01
-2.131678549756761340e-02,-1.376655135562291632e-01,-6.256990034033969861e-02,-2.303169185042334977e-01,-1.644645488162775060e-01
-7.930035156946846353e-02,-5.121280422531855336e-01,-2.327656341628861758e-01,-8.567995682025508764e-01,-6.118228540289529782e-01
-8.687943649734194973e-02,-5.610743817001457856e-01,-2.550120741180158523e-01,-9.386876880538714829e-01,-6.702974670631367538e-01
-9.678120093823630588e-02,-6.250207720704984427e-01,-2.840761379437261036e-01,-1.045671167061145379e+00,-7.466921571275733083e-01
-5.680294553725213219e-02,-3.668379864208244356e-01,-1.667303281589601616e-01,-6.137266512156132059e-01,-4.382495104754772774e-01
-8.272060540585793320e-02,-5.342163163474639154e-01,-2.428049030623161686e-01,-8.937536541827931780e-01,-6.382110026596700125e-01
-4.516891335696235354e-02,-2.917044718009935700e-01,-1.325816412399074828e-01,-4.880269090171851509e-01,-3.484899238969217383e-01
-3.875972276804387495e-02,-2.503134039965214663e-01,-1.137691229802182263e-01,-4.187788966133229596e-01,-2.990413502081597508e-01
-6.574626207491406082e-02,-4.245946432203981380e-01,-1.929811165124606653e-01,-7.103545929096024558e-01,-5.072495254850364343e-01
-5.548846666236791070e-02,-3.583489762278757040e-01,-1.628720160222464075e-01,-5.995243821194216061e-01,-4.281079638003919552e-01
-4.619477647042782853e-02,-2.983295782162987408e-01,-1.355927965934991819e-01,-4.991108330510171665e-01,-3.564047248467467344e-01
-4.521550136622726201e-02,-2.920053409081933005e-01,-1.327183882694769612e-01,-4.885302685286073143e-01,-3.488493625151355970e-01
-7.247403680073873089e-02,-4.680431529793837031e-01,-2.127287559562753838e-01,-7.830447432805112129e-01,-5.591560587166328755e-01
-3.689963766571566911e-02,-2.383008249470430218e-01,-1.083093251373160454e-01,-3.986816324656514698e-01,-2.846903094684948288e-01
-2.774985515704079045e-02,-1.792107943170375139e-01,-8.145250942422950502e-02,-2.998229320005935117e-01,-2.140973557500278623e-01
-7.630958809628476947e-02,-4.928134514342262795e-01,-2.239870229374749389e-01,-8.244859050005037826e-01,-5.887483353455669199e-01
-3.702095438799519328e-02,-2.390842980873753576e-01,-1.086654189406483090e-01,-3.999923973387906617e-01,-2.856262995593014109e-01
-3.751636995362021137e-02,-2.422837316170366462e-01,-1.101195829641942875e-01,-4.053451080684080665e-01,-2.894485596034517827e-01
-1.988832823258318214e-02,-1.284404217618004551e-01,-5.837703417293801933e-02,-2.148831714449623009e-01,-1.534436291932975149e-01
-9.294191507773505445e-02,-6.002263554951016156e-01,-2.728069091147806158e-01,-1.004189655284971838e+00,-7.170710673579128169e-01
-7.759992622685922548e-02,-5.011465587607030203e-01,-2.277744761744835977e-01,-8.384273457536757235e-01,-5.987036298945305202e-01
-6.100838715439829002e-02,-3.939970662934072498e-01,-1.790743123352785127e-01,-6.591642878762189461e-01,-4.706955872170220379e-01
-3.772301779066270649e-02,-2.436182799529002241e-01,-1.107261441443858907e-01,-4.075778318085153118e-01,-2.910429014561167760e-01
-7.798378277614805010e-02,-5.036255351990500673e-01,-2.289011876121311850e-01,-8.425747186110872367e-01,-6.016651830891323049e-01
-6.420742182616213933e-02,-4.146566892474785604e-01,-1.884642496980389326e-01,-6.937282144059923050e-01,-4.953769724098933680e-01
-6.341966499884740815e-02,-4.095692923600781632e-01,-1.861519936506564887e-01,-6.852169064970911050e-01,-4.892992234361542847e-01
-3.649334175817122577e-02,-2.356769333300690050e-01,-1.071167487778717370e-01,-3.942918138676645978e-01,-2.815556307840457739e-01
-5.509778013151483966e-02,-3.558258912197950208e-01,-1.617252569434643183e-01,-5.953032148192465289e-01,-4.250937155201963691e-01
-2.804738387924300691e-02,-1.811322587115809513e-01,-8.232582789425421654e-02,-3.030375770263143975e-01,-2.163928672877526160e-01
-7.399827156651156423e-02,-4.778867835696676836e-01,-2.172027521599043109e-01,-7.995133170422485946e-01,-5.709159266888240714e-01
-4.672183081250293885e-02,-3.017333375064641388e-01,-1.371398280472493347e-01,-5.048053845097660863e-01,-3.604710862866988830e-01
-5.079482186074403549e-02,-3.280370409625980588e-01,-1.490950378984072788e-01,-5.488119608030471719e-01,-3.918952724126110176e-01
-4.524765362237582328e-02,-2.922129827618485387e-01,-1.328127628862860454e-01,-4.888776571421459272e-01,-3.490974255404686311e-01
-8.331377780098302155e-02,-5.380470713368405988e-01,-2.445460069286498617e-01,-9.001625772449775020e-01,-6.427874820892565122e-01
-7.346416168674654856e-02,-4.744374590501854727e-01,-2.156350110034574163e-01,-7.937425341226486131e-01,-5.667951299390566744e-01
-8.445097887059907493e-02,-5.453912072190187921e-01,-2.478839660032448600e-01,-9.124494507092512086e-01,-6.515612843517565311e-01
-2.625330417377871525e-02,-1.695459478186120139e-01,-7.705977179089212870e-02,-2.836534672898502474e-01,-2.025510753659221785e-01
-5.431491152608445422e-02,-3.507700628620941674e-01,-1.594273490048141451e-01,-5.868447216371005526e-01,-4.190536804506857504e-01
-5.995703041484307105e-02,-3.872073199923914411e-01,-1.759883270480684103e-01,-6.478049183066080241e-01,-4.625840963059925648e-01
-6.273333388652324594e-02,-4.051369108896867854e-01,-1.841374465087575463e-01,-6.778014513440556721e-01,-4.840040002544109266e-01
-3.500642660233719422e-02,-2.260743157794167513e-01,-1.027522946191670172e-01,-3.782264593230962868e-01,-2.700836933167277132e-01
-4.728466938509066908e-02,-3.053681942325584542e-01,-1.387918948374570471e-01,-5.108865661995906082e-01,-3.648135323795959617e-01
-4.651765807900775512e-02,-3.004147735881845249e-01,-1.365405318921855682e-01,-5.025994029922163930e-01,-3.588958405021639431e-01
-6.056910422904768221e-02,-3.911601418649204298e-01,-1.777849111324784348e-01,-6.544180614937372686e-01,-4.673064051037660871e-01
-3.392551334470306212e-02,-2.190936911097675632e-01,-9.957955383165767449e-02,-3.665477467565569358e-01,-2.617441661752355486e-01
-9.157361595232699214e-02,-5.913897697997889669e-01,-2.687906215782600028e-01,-9.894058860252020748e-01,-7.065142834407672767e-01
-5.536832822684510658e-02,-3.575731125580941527e-01,-1.625193807743773589e-01,-5.982263480294932601e-01,-4.271810644986184236e-01
-5.696947437119464358e-02,-3.679134430110885812e-01,-1.672191304009661150e-01,-6.155259097332776985e-01,-4.395343237763556510e-01
-3.342311881752958042e-02,-2.158491868856637075e-01,-9.810490487483616850e-02,-3.611196319319653902e-01,-2.578680616261336267e-01
-9.149126736603932497e-02,-5.908579560127985575e-01,-2.685489086409235671e-01,-9.885161518465135355e-01,-7.058789426624401120e-01
-3.319107795464004695e-02,-2.143506483485394243e-01,-9.742380904697128807e-02,-3.586125495900298610e-01,-2.560778059693217812e-01
-5.402118026340242685e-02,-3.488731227662596468e-01,-1.585651769932341915e-01,-5.836711062110316872e-01,-4.167874673016278564e-01
-7.848662875355530422e-02,-5.068729549250384769e-01,-2.303771616841369108e-01,-8.480077111235803100e-01,-6.055447706942999053e-01
-6.101116939926144733e-02,-3.940150342542882989e-01,-1.790824788941544898e-01,-6.591943486029399057e-01,-4.707170529603524889e-01
-5.400145027600367770e-02,-3.487457049223251504e-01,-1.585072647275504176e-01,-5.834579338309683338e-01,-4.166352453131829670e-01
-4.573559215099388953e-02,-2.953641289857354968e-01,-1.342449800051065123e-01,-4.941495823272829546e-01,-3.528619982978572489e-01
-4.240602395846215789e-02,-2.738615100661209167e-01,-1.244718953152575136e-01,-4.581753081506667602e-01,-3.271735130147342407e-01
-5.064075144715361743e-02,-3.270420418520069150e-01,-1.486428041211876327e-01,-5.471473091183519655e-01,-3.907065790676423900e-01
-7.783107486761930982e-02,-5.026393352556254301e-01,-2.284529531154754489e-01,-8.409247880937695818e-01,-6.004870018253712916e-01
-6.082008815875867419e-02,-3.927810162496612745e-01,-1.785216094245748175e-01,-6.571298139430786778e-01,-4.692428114519353599e-01
-7.390628443346963783e-02,-4.772927232732774305e-01,-2.169327477660580039e-01,-7.985194433164629624e-01,-5.702062220134000992e-01
-5.092526186255019044e-02,-3.288794329751729140e-01,-1.494779107248161709e-01,-5.502212980255430930e-01,-3.929016509797310652e-01
-3.910173882427071118e-02,-2.525221711687725135e-01,-1.147730224919598779e-01,-4.224742044334502400e-01,-3.016800931078192360e-01
-3.236507750969781771e-02,-2.090162711056091638e-01,-9.499929876951830610e-02,-3.496880390354749069e-01,-2.497049975308743008e-01
-3.329489436959186255e-02,-2.150211030979920501e-01,-9.772853523272605203e-02,-3.597342326310580818e-01,-2.568787766338115341e-01
-9.533836970861854498e-02,-6.157028520575134056e-01,-2.798410807276456858e-01,-1.030082116696813710e+00,-7.355603386259425003e-01
-7.506555223243036035e-02,-4.847793678666343919e-01,-2.203354780068350338e-01,-8.110447364573197815e-01,-5.791502748367047815e-01
-2.164851887490338786e-02,-1.398078743619840247e-01,-6.354361771258759672e-02,-2.339011272603659375e-01,-1.670239581717384292e-01
-5.026547439683236307e-02,-3.246184725073584798e-01,-1.475412755796868258e-01,-5.430926333406543849e-01,-3.878112189407958987e-01
-7.936211388060769589e-02,-5.125269082211511007e-01,-2.329469214237263330e-01,-8.574668782518504173e-01,-6.122993663359573846e-01
-4.848377126709177420e-02,-3.131120905348767081e-01,-1.423115477074118063e-01,-5.238422461479880221e-01,-3.740649155222638411e-01
-3.253557886042507397e-02,-2.101173825284633478e-01,-9.549976130520961004e-02,-3.515302185566226423e-01,-2.510204598327832604e-01
-6.458597772490921873e-02,-4.171014336587172133e-01,-1.895754024494963330e-01,-6.978183164568371177e-01,-4.982976297058200887e-01
-7.592338637748861918e-02,-4.903193297027657049e-01,-2.228534278624061116e-01,-8.203131937910996818e-01,-5.857686885577749747e-01
-9.286215125466669440e-02,-5.997112343166683956e-01,-2.725727830801248364e-01,-1.003327848145273427e+00,-7.164556687006294888e-01
-6.150648485989084618e-02,-3.972138212978443272e-01,-1.805363490854244024e-01,-6.645459777494957532e-01,-4.745385406684045071e-01
-4.446716529355446146e-02,-2.871725264217449003e-01,-1.305218416328575159e-01,-4.804448816261949751e-01,-3.430757549245762594e-01
-5.001377629932038382e-02,-3.229929859695753747e-01,-1.468024810330619268e-01,-5.403731646750367101e-01,-3.858693026021461914e-01
-2.360690359782231101e-02,-1.524552802596541301e-01,-6.929194862087871554e-02,-2.550604683195475952e-01,-1.821334060713901415e-01
-8.516710628582963016e-02,-5.500160156077259499e-01,-2.499859724716722575e-01,-9.201868396111164694e-01,-6.570863937663214971e-01
-8.260197887334767841e-02,-5.334502166688196434e-01,-2.424567056139845800e-01,-8.924719554283672140e-01,-6.372957680831828897e-01
-4.305200091552412178e-02,-2.780332811593548836e-01,-1.263679932907300907e-01,-4.651547573829266646e-01,-3.321573933845500814e-01
-8.242681236166510272e-02,-5.323189772616686577e-01,-2.419425497071198139e-01,-8.905793712392328088e-01,-6.359443128501750531e-01
-5.866288713904733304e-02,-3.788496387323302406e-01,-1.721897047932306746e-01,-6.338223649137304516e-01,-4.525994440711770816e-01
-7.702608750649861391e-02,-4.974406621964247988e-01,-2.260901213007861787e-01,-8.322273131170971894e-01,-5.942763147982565997e-01
-5.520865039153674547e-02,-3.565419002674893312e-01,-1.620506878636686077e-01,-5.965011110332372191e-01,-4.259491084354984913e-01
-5.104773280203422220e-02,-3.296703601429533115e-01,-1.498373924336776353e-01,-5.515445336227434714e-01,-3.938465461567094983e-01
-6.499365903455150972e-02,-4.197342723137571507e-01,-1.907720452978213244e-01,-7.022231036129170656e-01,-5.014429971280708331e-01
-4.103188862574169010e-02,-2.649872336750437873e-01,-1.204384771044175739e-01,-4.433284816684996410e-01,-3.165717012390252827e-01
-6.478542445462889821e-02,-4.183894766648780794e-01,-1.901608266450530438e-01,-6.999732359309779328e-01,-4.998364131410605871e-01
-5.275560413594643921e-02,-3.406999304455593514e-01,-1.548504062001860859e-01,-5.699972061832133674e-01,-4.070232180522063703e-01
-3.766938529900425853e-02,-2.432719170123763541e-01,-1.105687198620777939e-01,-4.069983602830418157e-01,-2.906291128225773068e-01
-8.932649103500633903e-02,-5.768776565262734302e-01,-2.621947686460679439e-01,-9.651268554691923018e-01,-6.891771297830026066e-01
-6.633091358942894145e-02,-4.283703696781372972e-01,-1.946972095416464321e-01,-7.166714522333152981e-01,-5.117602641027521049e-01
-4.568762053715898913e-02,-2.950543244490496653e-01,-1.341041717628338459e-01,-4.936312736791335642e-01,-3.524918848102373548e-01
-6.070576728386321147e-02,-3.920427228538545528e-01,-1.781860501185130452e-01,-6.558946356076941209e-01,-4.683607961446972223e-01
-9.413744192368049546e-02,-6.079471639273158479e-01,-2.763160683927372019e-01,-1.017106708805008308e+00,-7.262948681668378592e-01
-7.013738773164715501e-02,-4.529528855404266752e-01,-2.058701280735634742e-01,-7.577984502463027683e-01,-5.411282029250561454e-01
-4.436505586446150978e-02,-2.865130955241259048e-01,-1.302221258617867472e-01,-4.793416416906241539e-01,-3.422879541003114312e-01
-9.728914590013308661e-02,-6.283011214480249684e-01,-2.855670787634797536e-01,-1.051159251482089330e+00,-7.506110847253285590e-01
-8.654306519591735414e-02,-5.589020688079656685e-01,-2.540247433213583261e-01,-9.350533689101044876e-01,-6.677022749160907988e-01
-2.926381920019157507e-02,-1.889880957553709551e-01,-8.589635858289412784e-02,-3.161805358796811460e-01,-2.257779824237478028e-01
-7.235174203886178546e-02,-4.672533635807457064e-01,-2.123697913711293239e-01,-7.817234111918663908e-01,-5.582125227957513980e-01
-6.941043577186445379e-02,-4.482581713732456397e-01,-2.037363489593997656e-01,-7.499441077002906297e-01,-5.355195793316720465e-01
-7.771443734322304453e-02,-5.018860807511988931e-01,-2.281105938850816195e-01,-8.396645795504141807e-01,-5.995871129642169617e-01
-8.000639738045393912e-02,-5.166877428316161147e-01,-2.348380486943415502e-01,-8.644280305486937710e-01,-6.172701812425518408e-01
-8.297271278335995037e-02,-5.358444460483088312e-01,-2.435448989443015910e-01,-8.964775449084879666e-01,-6.401560766999777607e-01
-5.232512009087275651e-02,-3.379198298928938748e-01,-1.535868318305212143e-01,-5.653460471828127831e-01,-4.037019215906110792e-01
-7.110949817690477570e-02,-4.592308529053955035e-01,-2.087235063977257166e-01,-7.683016043087701474e-01,-5.486282880479812496e-01
-9.736794753034040684e-02,-6.288100287076490158e-01,-2.857983805303099811e-01,-1.052010662622128834e+00,-7.512190598142327591e-01
-8.927378556269728593e-02,-5.765372803511933375e-01,-2.620400653888553810e-01,-9.645573999116484609e-01,-6.887704933450432554e-01
-6.075737662062164618e-02,-3.923760200974731882e-01,-1.783375359538411087e-01,-6.564522479836131241e-01,-4.687589756115617123e-01
-8.459040656659931601e-02,-5.462916424828639927e-01,-2.482932198771186927e-01,-9.139558953512251227e-01,-6.526370053190565512e-01
-5.785283716148283129e-02,-3.736182708893522331e-01,-1.698120129797679179e-01,-6.250701909666606104e-01,-4.463496976404129346e-01
-6.190256161911323468e-02,-3.997717168338418836e-01,-1.816989297828987548e-01,-6.688253836986557399e-01,-4.775943759635321029e-01
-6.919948970519095022e-02,-4.468958647250605987e-01,-2.031171714398599948e-01,-7.476649437966913503e-01,-5.338920755185863065e-01
-7.606766446326038156e-02,-4.912510891734858665e-01,-2.232769187986478610e-01,-8.218720444032812100e-01,-5.868818315447055234e-01
-4.100614665797940733e-02,-2.648209899788565025e-01,-1.203629182281678450e-01,-4.430503529285013675e-01,-3.163730952571732757e-01
-6.458865323446080775e-02,-4.171187123143800246e-01,-1.895832557145219199e-01,-6.978472239633385366e-01,-4.983182719584388631e-01
-7.164729967224145457e-02,-4.627040181748627856e-01,-2.103020833351322838e-01,-7.741122732385228300e-01,-5.527775665728020815e-01
-4.130096053207871210e-02,-2.667249216662121447e-01,-1.212282679650429629e-01,-4.462356654148795787e-01,-3.186476610351164362e-01
-7.874763419767057127e-02,-5.085585490550353915e-01,-2.311432755350476820e-01,-8.508277408887773285e-01,-6.075584956346719023e-01
-7.243879646962587959e-02,-4.678155680894809931e-01,-2.126253170955736405e-01,-7.826639896030906929e-01,-5.588841703891326285e-01
-7.566002572061605869e-02,-4.886185254195395400e-01,-2.220804008947158958e-01,-8.174677171617515947e-01,-5.837367925379245426e-01
-6.086696039119982027e-02,-3.930837208929702231e-01,-1.786591907176316163e-01,-6.576362443399359492e-01,-4.696044429259360609e-01
-2.960089235982465289e-02,-1.911649413042556533e-01,-8.688574950246089057e-02,-3.198224382408995647e-01,-2.283785895895636409e-01
-5.820181561154449956e-02,-3.758720017604199604e-01,-1.708363487945546710e-01,-6.288407238761257734e-01,-4.490421572208007084e-01
-9.513304119794913083e-02,-6.143768240373754796e-01,-2.792383920881656434e-01,-1.027863647600530506e+00,-7.339761757196625602e-01
-4.544297838946665530e-02,-2.934744058021502289e-01,-1.333860881286056954e-01,-4.909880409272169843e-01,-3.506044069610910752e-01
-4.267607207723750351e-02,-2.756055025156551319e-01,-1.252645515945448318e-01,-4.610930393710374053e-01,-3.292570045438925619e-01
-5.187640336303196709e-02,-3.350219812099150540e-01,-1.522697401449458476e-01,-5.604978934098445720e-01,-4.002399552355493384e-01
-9.461835232087953407e-02,-6.110529219137869061e-01,-2.777276562528684378e-01,-1.022302698639977026e+00,-7.300052170609264701e-01
-7.192647283728978436e-02,-4.645069409064290777e-01,-2.111215238233222213e-01,-7.771285958970365337e-01,-5.549314602091814930e-01
-8.481233095997120497e-02,-5.477248480469809611e-01,-2.489446214300384541e-01,-9.163536744360771813e-01,-6.543492097802501295e-01
-8.889593551186306120e-02,-5.740970943624918998e-01,-2.609309844710511195e-01,-9.604749241849636077e-01,-6.858552818494956238e-01
-5.599149407853650645e-02,-3.615975676999629851e-01,-1.643485226607224181e-01,-6.049593349845390211e-01,-4.319889512528305442e-01
-4.302196779610864552e-02,-2.778393248609956068e-01,-1.262798388507020420e-01,-4.648302649533512798e-01,-3.319256800507185967e-01
-3.175216502105642630e-02,-2.050580330061794465e-01,-9.320025297361171635e-02,-3.430658344018188144e-01,-2.449762181415161277e-01
-9.232871769269793139e-02,-5.962662775118561242e-01,-2.710070270793248914e-01,-9.975643724920884026e-01,-7.123400899187031232e-01
-4.000633382102531527e-02,-2.583641183424127408e-01,-1.174282267112714689e-01,-4.322478887523466540e-01,-3.086592789714511786e-01
-4.237258314231820422e-02,-2.736455465884791161e-01,-1.243737384644665461e-01,-4.578139973082123726e-01,-3.269155084136280420e-01
-5.127295266883862696e-02,-3.311248481392903287e-01,-1.504984669949537002e-01,-5.539779186054022420e-01,-3.955841760532380347e-01
-9.027116113509979500e-02,-5.829784119373282447e-01,-2.649676029471914607e-01,-9.753335306961601336e-01,-6.964655055003370343e-01
-7.844128586735327202e-02,-5.065801269226244408e-01,-2.302440693906887825e-01,-8.475178045273271676e-01,-6.051949385246175872e-01
6.025472776355466076e-01,-4.047251814649172053e-01,-4.591504755603553756e-01,-2.552267140986068661e-01,1.617982911823557524e-01
6.969800569141174629e-01,-4.681547664092428618e-01,-5.311097343995724307e-01,-2.952265097213608303e-01,1.871557409393771465e-01
4.892928930635745410e-01,-3.286533061965443703e-01,-3.728488583004243573e-01,-2.072544710822703806e-01,1.313867922464365678e-01
6.346511689966308767e-01,-4.262890549385998096e-01,-4.836141442763157716e-01,-2.688252664545669468e-01,1.704189504323827542e-01
9.442271775595512118e-01,-6.342282671685102180e-01,-7.195159180118477771e-01,-3.999553376737537413e-01,2.535474799862600381e-01
7.780579999516656908e-01,-5.226140369538553321e-01,-5.928923985736235247e-01,-3.295694696108317778e-01,2.089270991762494367e-01
9.714974695981196673e-01,-6.525454587044526855e-01,-7.402963082366826875e-01,-4.115064761285243677e-01,2.608702027262886913e-01
9.213757849124609711e-01,-6.188792076356022243e-01,-7.021027984267749211e-01,-3.902759547035404841e-01,2.474113369504058746e-01
5.281168796544279953e-01,-3.547310026718055176e-01,-4.024333449755452818e-01,-2.236995184562714512e-01,1.418119570765501714e-01
6.391207671731450324e-01,-4.292912408254292433e-01,-4.870200481854052854e-01,-2.707184969084647230e-01,1.716191439675183450e-01
8.367900251022625246e-01,-5.620637704754378738e-01,-6.376471228574004391e-01,-3.544471553093974658e-01,2.246980463861270871e-01
6.217364770975358779e-01,-4.176143812384121579e-01,-4.737729465026672138e-01,-2.633548668704273621e-01,1.669510481482335551e-01
8.694480138622581178e-01,-5.839998258154192046e-01,-6.625330224814734992e-01,-3.682804120008740800e-01,2.334674939812682315e-01
3.268974076083743241e-01,-2.195738285199501649e-01,-2.491009514669454694e-01,-1.384670619019925109e-01,8.777973763407925789e-02
9.126430431533042453e-01,-6.130135094168166487e-01,-6.954483122470401790e-01,-3.865769437429276700e-01,2.450663878544397101e-01
8.406982543141976461e-01,-5.646888902556050915e-01,-6.406252548112955081e-01,-3.561026013411522362e-01,2.257474989876249449e-01
6.275339045160572837e-01,-4.215084571907559141e-01,-4.781906771190700955e-01,-2.658105386578109575e-01,1.685077954515345477e-01
7.289951563449788008e-01,-4.896589992017607584e-01,-5.555057422721417781e-01,-3.087874516300905814e-01,1.957525574419316516e-01
3.548719501519116415e-01,-2.383640583119754908e-01,-2.704179916216229995e-01,-1.503165064797129247e-01,9.529156840346524049e-02
9.100823181468173928e-01,-6.112934951849059440e-01,-6.934969996311711737e-01,-3.854922729571257367e-01,2.443787722172678367e-01
5.806445862111434542e-01,-3.900133553720385171e-01,-4.424602811858498463e-01,-2.459491815801587433e-01,1.559168970141352750e-01
9.305984501147076537e-01,-6.250739826949415212e-01,-7.091306139538194886e-01,-3.941824872233417043e-01,2.498878421563144325e-01
5.746720796083255589e-01,-3.860016804241219179e-01,-4.379091374851726837e-01,-2.434193498279498824e-01,1.543131367810738619e-01
5.053651804017040838e-01,-3.394489062281410563e-01,-3.850961933205129251e-01,-2.140623635707344097e-01,1.357025840908635816e-01
5.876645034192397032e-01,-3.947285658980314027e-01,-4.478095681947296680e-01,-2.489226750615290418e-01,1.578019119344061250e-01
5.595355111050901442e-01,-3.758345936881768989e-01,-4.263748348925449627e-01,-2.370078087170696401e-01,1.502486077240369755e-01
3.291557226851772877e-01,-2.210907169255382498e-01,-2.508218229735733051e-01,-1.394236380211537341e-01,8.838614900450632306e-02
7.346563530359869754e-01,-4.934615702913985880e-01,-5.598196629376158695e-01,-3.111854188650963193e-01,1.972727235511317068e-01
5.334440818372218063e-01,-3.583092328790550840e-01,-4.064927565875837701e-01,-2.259560124425835925e-01,1.432424377076157440e-01
6.926199986530755526e-01,-4.652261574246958631e-01,-5.277873016240333115e-01,-2.933796781372717821e-01,1.859849614797795536e-01
7.169112050473483988e-01,-4.815423259326719885e-01,-5.462975818656631288e-01,-3.036689367890240132e-01,1.925077287898802891e-01
6.017789606558748838e-01,-4.042091103771173755e-01,-4.585650059720076110e-01,-2.549012707261344990e-01,1.615919797790662804e-01
9.857629427770357999e-01,-6.621274391320729480e-01,-7.511668225304249935e-01,-4.175490390603557311e-01,2.647008219472627988e-01
4.196918748550643730e-01,-2.819029751102912762e-01,-3.198117908435335610e-01,-1.777729020260079007e-01,1.126972616010082501e-01
8.461260742340731555e-01,-5.683347044241643387e-01,-6.447613387170204602e-01,-3.584017149448265327e-01,2.272049978768865830e-01
7.830862827368877399e-01,-5.259914858914586100e-01,-5.967240289166338973e-01,-3.316993474485788740e-01,2.102773128315548190e-01
2.288798909170181861e-01,-1.537364101096982960e-01,-1.744100664982433102e-01,-9.694884476323441247e-02,6.145970052623277863e-02
3.022097136613126622e-01,-2.029913431556757131e-01,-2.302885414918096896e-01,-1.280098592248745115e-01,8.115050397536606452e-02
3.787922180743735767e-01,-2.544310710343589133e-01,-2.886456109301490103e-01,-1.604486431747208786e-01,1.017147299015400963e-01
7.711866614452559388e-01,-5.179986253054507106e-01,-5.876563308656509443e-01,-3.266589110313753430e-01,2.070819811751602735e-01
5.846514709638575003e-01,-3.927047411252276854e-01,-4.455135902090747169e-01,-2.476464160830181283e-01,1.569928409774003220e-01
9.096796079596466411e-01,-6.110229986452484496e-01,-6.931901281526740011e-01,-3.853216931509917953e-01,2.442706349431577606e-01
3.461040424365061097e-01,-2.324747394603325357e-01,-2.637367084317041033e-01,-1.466025999386293133e-01,9.293717641091643611e-02
8.603760575541192779e-01,-5.779062804633247064e-01,-6.556200494953701163e-01,-3.644377166889671282e-01,2.310314577019280113e-01
6.059803964458083669e-01,-4.070311741812501771e-01,-4.617665659368193620e-01,-2.566809130728211485e-01,1.627201653282420446e-01
3.979009303241564655e-01,-2.672662083254978560e-01,-3.032067493544448600e-01,-1.685427032081607546e-01,1.068458741344749108e-01
7.479646646469663152e-01,-5.024006345468728929e-01,-5.699608051050235602e-01,-3.168225477157972092e-01,2.008463221003250199e-01
9.790517589158689304e-01,-6.576196018106368335e-01,-7.460527951739002184e-01,-4.147063187159560904e-01,2.628987092818328430e-01
2.093517641325042811e-01,-1.406195561301292751e-01,-1.595293276206281308e-01,-8.867712930337780242e-02,5.621593350412395357e-02
9.431417534992797558e-01,-6.334991983201974097e-01,-7.186888078547594150e-01,-3.994955742218404549e-01,2.532560177812538393e-01
7.547687541943699507e-01,-5.069708757196196292e-01,-5.751456280515397923e-01,-3.197046210104123598e-01,2.026733821546690961e-01
3.120644080690110345e-01,-2.096106461223873896e-01,-2.377979731857879364e-01,-1.321841064009510180e-01,8.379672407206416318e-02
2.646078269991153920e-01,-1.777345193882534369e-01,-2.016353141290312956e-01,-1.120824684077415812e-01,7.105350207528278450e-02
9.820695433742278047e-01,-6.596466184579016234e-01,-7.483523942603510504e-01,-4.159845905458234294e-01,2.637090562647868563e-01
7.579391460031100758e-01,-5.091003972488553631e-01,-5.775615163323862822e-01,-3.210475341954575623e-01,2.035247078449046454e-01
5.107496469244917625e-01,-3.430656003389808140e-01,-3.891992412577274796e-01,-2.163431135613040901e-01,1.371484415607276963e-01
7.945616166748324938e-01,-5.336993567636498792e-01,-6.054684133498304810e-01,-3.365600644128290964e-01,2.133587132308599199e-01
2.016771256352091757e-01,-1.354645756434791626e-01,-1.536811327211098088e-01,-8.542630926275673886e-02,5.415511032826064719e-02
2.179155845265993152e-01,-1.463717915009934145e-01,-1.660550930709212281e-01,-9.230458862556156774e-02,5.851552319141697239e-02
4.098752280229360778e-01,-2.753092283322778333e-01,-3.123313519988558107e-01,-1.736147710254624665e-01,1.100612581842942000e-01
2.025436464757656430e-01,-1.360466093152825351e-01,-1.543414351916241600e-01,-8.579334978396038758e-02,5.438779180651095307e-02
4.843290454301074632e-01,-3.253191377274697871e-01,-3.690663285536148197e-01,-2.051518866581113487e-01,1.300538809636304083e-01
4.177748578116909917e-01,-2.806153332943740475e-01,-3.183509937910994902e-01,-1.769608927795780218e-01,1.121824968791387822e-01
2.048637395553797869e-01,-1.376049934081408632e-01,-1.561093825052845274e-01,-8.677609380271436579e-02,5.501079204167695635e-02
5.097429192663041064e-01,-3.423893911031767323e-01,-3.884320989932557033e-01,-2.159166842971976807e-01,1.368781112135058764e-01
5.085360477999166795e-01,-3.415787472062277730e-01,-3.875124440079963373e-01,-2.154054782057618078e-01,1.365540374881967223e-01
5.944815824860366638e-01,-3.993075320053828814e-01,-4.530042893587436503e-01,-2.518102504511258721e-01,1.596324599839981373e-01
2.050307792574329602e-01,-1.377171923612099391e-01,-1.562366693780028737e-01,-8.684684840714367027e-02,5.505564617902840990e-02
6.385910484086971817e-01,-4.289354338522274324e-01,-4.866163941790942471e-01,-2.704941188643436023e-01,1.714769018662326283e-01
6.715159002122380594e-01,-4.510507385187494389e-01,-5.117056476276738985e-01,-2.844404132878727287e-01,1.803180085427902035e-01
3.673280199484391662e-01,-2.467306799794432015e-01,-2.799097121603519867e-01,-1.555926431128843157e-01,9.863631973291248078e-02
3.984848274720385608e-01,-2.676584063951012449e-01,-3.036516881386353006e-01,-1.687900301084004906e-01,1.070026644217438594e-01
3.057864856917525409e-01,-2.053938263512831708e-01,-2.330140978750231406e-01,-1.295249067676851329e-01,8.211095243136933008e-02
9.913102581868241669e-01,-6.658535172660242640e-01,-7.553939638735616136e-01,-4.198987685117353541e-01,2.661904082208501054e-01
6.017287715244544755e-01,-4.041753988227287375e-01,-4.585267610667279614e-01,-2.548800116356508272e-01,1.615785028022360958e-01
6.296427500789527620e-01,-4.229249483687985700e-01,-4.797976505119073143e-01,-2.667038025452047600e-01,1.690740706984876773e-01
8.436438013496893040e-01,-5.666673857242608969e-01,-6.428698078485917122e-01,-3.573502748748233482e-01,2.265384485025078443e-01
2.934073703639816233e-01,-1.970788942565478152e-01,-2.235810178483959021e-01,-1.242813664749586183e-01,7.878686520913129321e-02
2.440581095527424860e-01,-1.639314728369974383e-01,-1.859761071450440895e-01,-1.033780280191403805e-01,6.553541363556623922e-02
8.200135946018753952e-01,-5.507952042888197841e-01,-6.248632197042985892e-01,-3.473410021661625380e-01,2.201931753364168021e-01
9.501194506590795452e-01,-6.381860500478976350e-01,-7.240059225246826546e-01,-4.024511841534947898e-01,2.551296956132636518e-01
8.597392918093121894e-01,-5.774785710682561746e-01,-6.551348240111624088e-01,-3.641679957314093996e-01,2.308604709375408071e-01
6.725443612264980775e-01,-4.517415458397274763e-01,-5.124893510503262251e-01,-2.848760483575027425e-01,1.805941748136062064e-01
7.546715520809563760e-01,-5.069055859997084745e-01,-5.750715585166570332e-01,-3.196634481814398243e-01,2.026472810727566465e-01
2.311103860116108522e-01,-1.552346121021760672e-01,-1.761097387421144689e-01,-9.789363690641673943e-02,6.205864156902015510e-02
8.386470088833225534e-01,-5.633110885294106973e-01,-6.390621736224249005e-01,-3.552337356926567047e-01,2.251966907476250501e-01
8.847619607370523775e-01,-5.942860558887945732e-01,-6.742024901751285659e-01,-3.747670869653213499e-01,2.375796533545909694e-01
6.439107070331070437e-01,-4.325085971242353389e-01,-4.906700574813353533e-01,-2.727474175534725931e-01,1.729053568722539458e-01
2.862764390001631964e-01,-1.922891165953483639e-01,-2.181471363117741258e-01,-1.212608496657350404e-01,7.687204034471233072e-02
5.303994970261162178e-01,-3.562642146939337673e-01,-4.041727352120187966e-01,-2.246663885309425623e-01,1.424248941918111744e-01
9.114707644083840377e-01,-6.122261011164635836e-01,-6.945550174580709113e-01,-3.860803904214227811e-01,2.447516030985252000e-01
9.546559238995689922e-01,-6.412331552687071667e-01,-7.274627862813510815e-01,-4.043727415179388940e-01,2.563478466954259849e-01
3.451614827175539801e-01,-2.318416312089910114e-01,-2.630184631433025166e-01,-1.462033509023481226e-01,9.268407668326980597e-02
7.947517788384943493e-01,-5.338270868506528322e-01,-6.056133199009338108e-01,-3.366406132195014500e-01,2.134097762997177739e-01
9.074554631248494818e-01,-6.095290620608863064e-01,-6.914952949063608578e-01,-3.843795908480949208e-01,2.436733990963303731e-01
6.573213329635544389e-01,-4.415163849190070766e-01,-5.008891647648161527e-01,-2.784278846591657364e-01,1.765064292524109180e-01
2.265241508279467741e-01,-1.521540822651929747e-01,-1.726149556043095057e-01,-9.595100139970050290e-02,6.082712822024343574e-02
8.176923523954312545e-01,-5.492360483385785308e-01,-6.230943967379716231e-01,-3.463577714007652353e-01,2.195698665333351840e-01
2.909112360557534749e-01,-1.954022649722487182e-01,-2.216789243576030854e-01,-1.232240549890651765e-01,7.811659371239861038e-02
9.048403406345184585e-01,-6.077725095649469944e-01,-6.895025305546640393e-01,-3.832718783997179357e-01,2.429711764394984208e-01
4.545444005128356779e-01,-3.053130796695621707e-01,-3.463699620015557867e-01,-1.925357197032802059e-01,1.220559946068976442e-01
8.011805662637762060e-01,-5.381452412160772081e-01,-6.105121567443722030e-01,-3.393637162042693056e-01,2.151360587980255257e-01
5.933059147072307082e-01,-3.985178473237312446e-01,-4.521084120728018352e-01,-2.513122616041199575e-01,1.593167651917896666e-01
8.752843748636882637e-01,-5.879200530790255064e-01,-6.669804210986646220e-01,-3.707525752583923362e-01,2.350346958786203311e-01
3.540315863880318381e-01,-2.377995940957110532e-01,-2.697776212537685847e-01,-1.499605455616846716e-01,9.506591072312370327e-02
5.278059066906358732e-01,-3.545221251382527639e-01,-4.021963787000160662e-01,-2.235677966633631553e-01,1.417284534312546196e-01
7.274424663988382500e-01,-4.886160723750453405e-01,-5.543225681816941197e-01,-3.081297638972334552e-01,1.953356232205915588e-01
8.340398529388198812e-01,-5.602165064196167332e-01,-6.355514485367518285e-01,-3.532822385791530295e-01,2.239595596764228924e-01
8.625367698769276226e-01,-5.793576100425964492e-01,-6.572665461727091873e-01,-3.653529502759925718e-01,2.316116604089071829e-01
3.029173160416518407e-01,-2.034666328340418440e-01,-2.308277456032535035e-01,-1.283095851337376359e-01,8.134051206307119086e-02
6.485177711321188365e-01,-4.356031175423009660e-01,-4.941807125793039046e-01,-2.746988757631032008e-01,1.741424632807548056e-01
3.620304547133910145e-01,-2.431723566234891554e-01,-2.758728843673043940e-01,-1.533487027320231955e-01,9.721379732799625972e-02
2.091694334413272960e-01,-1.404970863674862569e-01,-1.593903887743824410e-01,-8.859989774841824095e-02,5.616697337210195540e-02
2.065068518627661276e-01,-1.387086560607774244e-01,-1.573614598531334619e-01,-8.747208260006621161e-02,5.545200682004097076e-02
6.419659351895926624e-01,-4.312023126773735782e-01,-4.891881108359036334e-01,-2.719236519408564368e-01,1.723831393256823885e-01
5.299182694791231274e-01,-3.559409788027237953e-01,-4.038060322739163155e-01,-2.244625503756450535e-01,1.422956731370270678e-01
9.281726856478415000e-01,-6.234446201528085485e-01,-7.072821433857843232e-01,-3.931549829642819183e-01,2.492364666375503079e-01
4.648059408779963708e-01,-3.122056571328550301e-01,-3.541894166958563517e-01,-1.968822985132741010e-01,1.248114625305051378e-01
3.042434461690750602e-01,-2.043573816207155947e-01,-2.318382775586058653e-01,-1.288713067570060322e-01,8.169660957851344885e-02
2.009404048570716250e-01,-1.349697274188041696e-01,-1.531197399338675436e-01,-8.511424939560395531e-02,5.395728325741413339e-02
2.908615123517982459e-01,-1.953688660409891864e-01,-2.216410341153515207e-01,-1.232029930441451288e-01,7.810324171392510340e-02
2.302810927388922180e-01,-1.546775838278043880e-01,-1.754778042621481238e-01,-9.754236522222523020e-02,6.183595657915275101e-02
8.363127125422225028e-01,-5.617431642431174321e-01,-6.372834032007566041e-01,-3.542449754625727754e-01,2.245698765985589263e-01
3.595366004602558174e-01,-2.414972588301543543e-01,-2.739725283142515067e-01,-1.522923570308755692e-01,9.654413808034598143e-02
4.017043356082401484e-01,-2.698209188866772523e-01,-3.061050038313194444e-01,-1.701537479660944485e-01,1.078671790154022841e-01
6.796876803611875406e-01,-4.565396442468664384e-01,-5.179326722626343971e-01,-2.879018123733303458e-01,1.825123260894668253e-01
5.930415533896641334e-01,-3.983402783823457582e-01,-4.519069646027265019e-01,-2.512002835520705801e-01,1.592457778833666071e-01
5.778293054101015791e-01,-3.881223584737577004e-01,-4.403149930622244912e-01,-2.447566861614848543e-01,1.551609270849464151e-01
6.784761689695840703e-01,-4.557258837570046794e-01,-5.170094815815904354e-01,-2.873886409043870382e-01,1.821870064337568484e-01
2.018428968932287626e-01,-1.355759225949531022e-01,-1.538074530195809864e-01,-8.549652658021329732e-02,5.419962385818639927e-02
2.475991180226703448e-01,-1.663099339947411159e-01,-1.886744111342524011e-01,-1.048779268485259264e-01,6.648625872401275894e-02
3.469159569224546380e-01,-2.330200945716343064e-01,-2.643554000035928109e-01,-1.469465103238705717e-01,9.315519478273312504e-02
9.056838119860521896e-01,-6.083390611177968976e-01,-6.901452689530482854e-01,-3.836291556283746851e-01,2.431976685811191585e-01
7.736050390894154694e-01,-5.196230261901813030e-01,-5.894991725589331377e-01,-3.276832863832822573e-01,2.077313731561415966e-01
2.865685678411533654e-01,-1.924853367137842608e-01,-2.183697430701879716e-01,-1.213845894732932529e-01,7.695048389434176739e-02
2.390538881640739688e-01,-1.605701857068537186e-01,-1.821628119635724796e-01,-1.012583420972924808e-01,6.419166103815679425e-02
7.950229811042925920e-01,-5.340092507908329456e-01,-6.058199802808511558e-01,-3.367554889574309596e-01,2.134826005656295378e-01
1.988282413962708661e-01,-1.335510076408132074e-01,-1.515102382507905465e-01,-8.421958011445689063e-02,5.339011707587162925e-02
7.367499901908558524e-01,-4.948678461287918662e-01,-5.614150472850168994e-01,-3.120722407816250432e-01,1.978349149784051908e-01
5.354312628981333644e-01,-3.596440031872657483e-01,-4.080070197217937622e-01,-2.267977417330812595e-01,1.437760431388561133e-01
6.368721147309061026e-01,-4.277808427180675444e-01,-4.853065397578584239e-01,-2.697660136838544997e-01,1.710153272445468497e-01
9.472450628274514672e-01,-6.362553515285693795e-01,-7.218155939167502089e-01,-4.012336522044828158e-01,2.543578540389763165e-01
2.809747304005862922e-01,-1.887280101814949318e-01,-2.141071512099734786e-01,-1.190151542403267981e-01,7.544840534776327268e-02
3.627728805131856249e-01,-2.436710368560598139e-01,-2.764386244705235862e-01,-1.536631791297710659e-01,9.741315633299885146e-02
5.850639405431414808e-01,-3.929817929542219757e-01,-4.458278984974227699e-01,-2.478211297682236802e-01,1.571035988806717965e-01
5.624480390191619605e-01,-3.777909105321762828e-01,-4.285942268414664746e-01,-2.382414960256341030e-01,1.510306908186066499e-01
5.335006691171281235e-01,-3.583472420079297227e-01,-4.065358769823545493e-01,-2.259799816580233822e-01,1.432576327396594129e-01
3.222574497535288240e-01,-2.164572136840803296e-01,-2.455652308111450355e-01,-1.365016705695558108e-01,8.653379846891015581e-02
6.441146632418212059e-01,-4.326455925379506517e-01,-4.908254753111064295e-01,-2.728338092357558420e-01,1.729601239706556881e-01
7.011583924536478607e-01,-4.709613139984937802e-01,-5.342936916112861478e-01,-2.969963672740171257e-01,1.882777235212840794e-01
8.422618865652834463e-01,-5.657391669227712638e-01,-6.418167671097243510e-01,-3.567649240107846342e-01,2.261673714783880018e-01
4.776160935993649104e-01,-3.208101128779610733e-01,-3.639509539765455326e-01,-2.023084174379268796e-01,1.282512935562725442e-01
4.858082458484474508e-01,-3.263127023487968903e-01,-3.701935024713114419e-01,-2.057784457287085977e-01,1.304510814969110644e-01
7.875276216074387214e-01,-5.289746902756599090e-01,-6.001083987913768958e-01,-3.335806078379334183e-01,2.114699180701624381e-01
8.330654930809532344e-01,-5.595620383223833816e-01,-6.348089710437624378e-01,-3.528695196538451651e-01,2.236979208542907438e-01
5.893432146484960388e-01,-3.958561400023473675e-01,-4.490887724793563573e-01,-2.496337428347414067e-01,1.582526858709312756e-01
3.067642436894625901e-01,-2.060505769461988546e-01,-2.337591648038676029e-01,-1.299390650755915810e-01,8.237350373496191147e-02
6.579045830295382480e-01,-4.419081483499548435e-01,-5.013336104624516176e-01,-2.786749374687360614e-01,1.766630457827826073e-01
7.475892110118539380e-01,-5.021484459697395097e-01,-5.696747035466709352e-01,-3.166635132281431231e-01,2.007455038594431196e-01
4.078423986784579514e-01,-2.739437965132849873e-01,-3.107823041566469269e-01,-1.727537060548425540e-01,1.095153951019936928e-01
4.110398985492144108e-01,-2.760915262657189229e-01,-3.132188492058969875e-01,-1.741081016610201981e-01,1.103739999523455917e-01
5.555780802547295449e-01,-3.731764256431197024e-01,-4.233592105185197685e-01,-2.353315218766851569e-01,1.491859433110911959e-01
5.497389041416661515e-01,-3.692543074962435501e-01,-4.189096667421136067e-01,-2.328581661954042537e-01,1.476179854892354926e-01
8.323472375291333103e-01,-5.590795930117196111e-01,-6.342616490485721847e-01,-3.525652812792341995e-01,2.235050521363824982e-01
4.226365271455966299e-01,-2.838808695874074361e-01,-3.220556620711379492e-01,-1.790201965639977855e-01,1.134879708555648486e-01
4.899834835028775704e-01,-3.291171691185737491e-01,-3.733750990459932528e-01,-2.075469910805399221e-01,1.315722322229054553e-01
4.204225893319946672e-01,-2.823937889605092066e-01,-3.203686067350565159e-01,-1.780824177467046077e-01,1.128934758369657121e-01
4.572822546949361633e-01,-3.071520698563958152e-01,-3.484562498272335551e-01,-1.936954187883390688e-01,1.227911736453104197e-01
7.374340343701309974e-01,-4.953273119912442457e-01,-5.619362996777768071e-01,-3.123619879179157510e-01,1.980185971281848145e-01
8.950824557750680643e-01,-6.012182326359196693e-01,-6.820668692547555700e-01,-3.791386377700316501e-01,2.403509520116183795e-01
9.558078876181039796e-01,-6.420069181622258814e-01,-7.283406007016056671e-01,-4.048606898093929929e-01,2.566571763830388098e-01
8.787124064815983182e-01,-5.902226287774344771e-01,-6.695926349547719481e-01,-3.722046194018802656e-01,2.359552039922299393e-01
8.022088613854317929e-01,-5.388359371085966742e-01,-6.112957337542582748e-01,-3.397992810051821411e-01,2.154121805227271480e-01
6.671060731917985986e-01,-4.480887003396379353e-01,-5.083452902769295401e-01,-2.825725006742989542e-01,1.791338649862601051e-01
6.174275354112112035e-01,-4.147201067629505133e-01,-4.704894653587453623e-01,-2.615296872228506930e-01,1.657939947060745878e-01
5.311725215863907223e-01,-3.567834478181155511e-01,-4.047617920506169087e-01,-2.249938259383616468e-01,1.426324696925838353e-01
8.077857919875107706e-01,-5.425819074809147269e-01,-6.155454423383878160e-01,-3.421615548468465162e-01,2.169097191806061697e-01
6.506698505291179657e-01,-4.370486484687624573e-01,-4.958206308317824607e-01,-2.756104526191646142e-01,1.747203478415972344e-01
7.638045073592616419e-01,-5.130401037703767875e-01,-5.820310136746997820e-01,-3.235319814106302205e-01,2.050996970280213327e-01
5.082683635990763449e-01,-3.413989463162701576e-01,-3.873084644487522210e-01,-2.152920926482588260e-01,1.364821579064941504e-01
7.080493639371333581e-01,-4.755899129278049475e-01,-5.395447199557025231e-01,-2.999152419813741477e-01,1.901281134441950849e-01
7.647474923418441373e-01,-5.136734976671876174e-01,-5.827495830206572691e-01,-3.239314105798952181e-01,2.053529109490785931e-01
4.725639384486514660e-01,-3.174166291032352594e-01,-3.601011325166303401e-01,-2.001684277539756140e-01,1.268946696024124410e-01
9.829255426383228800e-01,-6.602215848885096827e-01,-7.490046791245874580e-01,-4.163471743422403892e-01,2.639389124492300120e-01
4.672464580196045159e-01,-3.138449289039956791e-01,-3.560491290334172887e-01,-1.979160517038921763e-01,1.254667994937107012e-01
6.131737010627600348e-01,-4.118628473536068424e-01,-4.672479768705545267e-01,-2.597278499175104116e-01,1.646517388962848161e-01
5.268454379315299363e-01,-3.538769875577695290e-01,-4.014644864421423320e-01,-2.231609617236337828e-01,1.414705446998979488e-01
9.074566160877546306e-01,-6.095298364949238712e-01,-6.914961734821769568e-01,-3.843800792196214178e-01,2.436737086943233932e-01
3.018644988079449143e-01,-2.027594656759169334e-01,-2.300254823593939069e-01,-1.278636332672553333e-01,8.105780556739240750e-02
4.947698957293602540e-01,-3.323321559400739256e-01,-3.770224202298865790e-01,-2.095744174920911029e-01,1.328574978740559576e-01
2.264949218666757469e-01,-1.521344494544683845e-01,-1.725926826774109024e-01,-9.593862060898315780e-02,6.081927954817700072e-02
5.167224654588580268e-01,-3.470774848083030273e-01,-3.937506226551367172e-01,-2.188730774413427393e-01,1.387522855548371514e-01
4.621992011240734222e-01,-3.104547352399236182e-01,-3.522030401207724704e-01,-1.957781368207431871e-01,1.241114908379984810e-01
7.032813388214564920e-01,-4.723872765508818072e-01,-5.359114100386159762e-01,-2.978956039742302053e-01,1.888477851701078625e-01
7.130866462379988890e-01,-4.789734067530661554e-01,-5.433832080707764467e-01,-3.020489318300479398e-01,1.914807436837364374e-01
7.047949269570555897e-01,-4.734039390694602112e-01,-5.370647879361810650e-01,-2.985367289791651668e-01,1.892542196242718577e-01
7.769873862251621688e-01,-5.218949160635605322e-01,-5.920765741231430734e-01,-3.291159795136618937e-01,2.086396138985059379e-01
2.534521650805753312e-01,-1.702413691211746571e-01,-1.931345247881717242e-01,-1.073571579785969760e-01,6.805794122483677100e-02
4.532779613820271392e-01,-3.044624247482718427e-01,-3.454049155217827627e-01,-1.919992819664265438e-01,1.217159255453372363e-01
6.442194538828590611e-01,-4.327159793985075886e-01,-4.909053274230529285e-01,-2.728781964099629143e-01,1.729882627529241435e-01
1.187681446788579759e-01,2.559130867414742827e-01,4.994476244141838467e-02,4.352924561821268079e-01,2.748207347619928687e-01
2.269542285189349584e-01,4.890247071414390301e-01,9.543952260181576275e-02,8.318010173523646689e-01,5.251553605351366727e-01
2.427234844025413785e-01,5.230031696298594879e-01,1.020708608374534532e-01,8.895962969224884276e-01,5.616442566132956449e-01
1.993805297583003400e-01,4.296108770964058854e-01,8.384414205634295458e-02,7.307417384354707446e-01,4.613518535089602413e-01
1.051344741269019667e-01,2.265362304808873628e-01,4.421148742257221403e-02,3.853242264233328052e-01,2.432734257699843972e-01
2.407743389979301596e-01,5.188032907957598194e-01,1.012511999388150535e-01,8.824525607554927209e-01,5.571340777795551480e-01
1.101816243306588533e-01,2.374114680404516564e-01,4.633393126990519029e-02,4.038223381422114122e-01,2.549521594169664174e-01
1.749697099728961536e-01,3.770121920023151718e-01,7.357882555688161075e-02,6.412746028618745431e-01,4.048670153589070675e-01
2.896192532235889461e-01,6.240508115422552793e-01,1.217916204705020294e-01,1.061472134924837718e+00,6.701576099158755850e-01
2.529545579913170528e-01,5.450483537982436788e-01,1.063732648304917400e-01,9.270938023679107243e-01,5.853182069698834589e-01
1.918196832779613670e-01,4.133193069418508170e-01,8.066463056075096061e-02,7.030307773512346481e-01,4.438566119122521747e-01
1.525301450407365866e-01,3.286610255977858164e-01,6.414246749255467228e-02,5.590322359259465301e-01,3.529435156774871074e-01
1.376439549335585766e-01,2.965853299602967952e-01,5.788247891926224381e-02,5.044734460040469770e-01,3.184979687328642894e-01
1.829243226925139354e-01,3.941522214303642135e-01,7.692392489870475414e-02,6.704287411037631594e-01,4.232734030166712125e-01
2.727705720391350730e-01,5.877464807716146211e-01,1.147063588333507994e-01,9.997206961359144106e-01,6.311710032344088894e-01
1.823278515524642818e-01,3.928669881633541916e-01,7.667309493522002362e-02,6.682426381862170972e-01,4.218932127525560349e-01
2.651714629715529181e-01,5.713724651361219431e-01,1.115107570314277236e-01,9.718695003479537187e-01,6.135872248303904097e-01
1.442556621907607750e-01,3.108317629360474177e-01,6.066285533404969926e-02,5.287057542490458673e-01,3.337969721093053121e-01
2.050573904464521313e-01,4.418429696801073892e-01,8.623139378322153270e-02,7.515477772856272720e-01,4.744876908134647575e-01
1.792173184971339872e-01,3.861646344492891680e-01,7.536504356391404702e-02,6.568423458152996552e-01,4.146956684777105551e-01
1.496388256786272963e-01,3.224310178401206262e-01,6.292660056903501276e-02,5.484353750408782480e-01,3.462532157348972572e-01
1.995951256342747282e-01,4.300732729111345631e-01,8.393438460475884100e-02,7.315282453409378549e-01,4.618484125523942829e-01
2.025637000981234392e-01,4.364697444256101511e-01,8.518273909229827356e-02,7.424082508611239417e-01,4.687174751074803525e-01
1.861441042436955684e-01,4.010899759740943482e-01,7.827791779908938041e-02,6.822294358403312442e-01,4.307237402603947829e-01
2.568503017050004500e-01,5.534426231675106944e-01,1.080115155149549838e-01,9.413719394422132014e-01,5.943326708459824026e-01
2.956309493933073074e-01,6.370043836259520198e-01,1.243196782917168897e-01,1.083505366130167680e+00,6.840682318506974280e-01
2.010841796693952077e-01,4.332817798342905036e-01,8.456056639994993795e-02,7.369857187239572394e-01,4.652939738612671960e-01
8.154120363802333515e-02,1.756991420220131717e-01,3.428996938447041731e-02,2.988534586240826352e-01,1.886803364468817301e-01
1.349848147637158491e-01,2.908556052872140474e-01,5.676424873691544859e-02,4.947275359454766930e-01,3.123449143318939858e-01
1.714551015861330296e-01,3.694391657217748759e-01,7.210085112673340901e-02,6.283933498850843291e-01,3.967344705434383001e-01
2.716689387009713630e-01,5.853727602021040477e-01,1.142430964365110518e-01,9.956831431129377075e-01,6.286219048692612832e-01
2.188409924688480557e-01,4.715428875284938259e-01,9.202771846655352639e-02,8.020655149802676798e-01,5.063819301796206318e-01
1.027161519740864004e-01,2.213254032128877391e-01,4.319452680778970016e-02,3.764609290081453175e-01,2.376776065145347894e-01
2.534328151736338630e-01,5.460788681008281742e-01,1.065743830800131714e-01,9.288466439580557177e-01,5.864248588469916923e-01
1.547180104848108750e-01,3.333752812652630015e-01,6.506251571048000948e-02,5.670508955212631985e-01,3.580060750912648082e-01
2.999978275042102793e-01,6.464138196309242579e-01,1.261560519291886062e-01,1.099510239355078411e+00,6.941728660040681342e-01
1.134590435761135829e-01,2.444734161572477416e-01,4.771216215898554242e-02,4.158342785253005824e-01,2.625358660379160103e-01
1.723418417255854762e-01,3.713498498268305026e-01,7.247374594404304426e-02,6.316433062967234946e-01,3.987863218822481626e-01
1.485857817215441579e-01,3.201619941868482089e-01,6.248377113510641262e-02,5.445759050475909024e-01,3.438165496170187407e-01
2.131126295336601695e-01,4.591998215937412864e-01,8.961880884899757482e-02,7.810707172699650203e-01,4.931269204706753007e-01
1.382027512675536862e-01,2.977893842551514458e-01,5.811746575205301024e-02,5.065214684715865223e-01,3.197909822720255701e-01
2.219142063039144519e-01,4.781648284611826338e-01,9.332007623924672146e-02,8.133290301446757242e-01,5.134931205288288947e-01
1.720834678669566631e-01,3.707931243523878706e-01,7.236509373746703722e-02,6.306963504287177447e-01,3.981884638129513654e-01
2.239675422109175251e-01,4.825892095231175127e-01,9.418355166327567474e-02,8.208546308244129008e-01,5.182443885073059198e-01
1.151736994496612015e-01,2.481680337542934156e-01,4.843321476534458853e-02,4.221185963339336711e-01,2.665034533763095959e-01
9.328745413678551923e-02,2.010091208122427586e-01,3.922954044811188812e-02,3.419041793738435975e-01,2.158602945197882206e-01
2.190787131597940751e-01,4.720551110373043535e-01,9.212768553658580439e-02,8.029367757356412616e-01,5.069319983408315800e-01
2.491074195416847492e-01,5.367588155687015306e-01,1.047554537880975717e-01,9.129938065353480070e-01,5.764162120930766964e-01
1.134840808511978494e-01,2.445273646833254766e-01,4.772269091448348016e-02,4.159260416575529806e-01,2.625938004474641652e-01
1.508294952234904562e-01,3.249965872471271000e-01,6.342730475806834800e-02,5.527992511634375328e-01,3.490083373212687912e-01
1.691634059965024528e-01,3.645011842975471317e-01,7.113713992183384738e-02,6.199941465066919344e-01,3.914316558240869548e-01
2.843040396388150648e-01,6.125979702197972276e-01,1.195564497474538995e-01,1.041991554650515184e+00,6.578585973588113589e-01
2.367319733176524721e-01,5.100930909204069996e-01,9.955129131307431656e-02,8.676370452777328879e-01,5.477803414773296797e-01
1.084153885052229899e-01,2.336057096595082205e-01,4.559118809617420526e-02,3.973489766804346734e-01,2.508652198708303249e-01
2.101551106913975009e-01,4.528271719403680895e-01,8.837510350702872108e-02,7.702312312736615540e-01,4.862834398092505950e-01
6.189953936726312611e-02,1.333766914536264891e-01,2.603019351098370682e-02,2.268655673671950146e-01,1.432309727186328874e-01
2.234384640342161887e-01,4.814491897838744094e-01,9.396106200563443533e-02,8.189155272064235769e-01,5.170201405941912132e-01
1.142677899921014234e-01,2.462160449763321768e-01,4.805225880469037730e-02,4.187983832083850833e-01,2.644072456479865663e-01
8.948581463064042563e-02,1.928176204454856435e-01,3.763086276786581363e-02,3.279709399296857342e-01,2.070635808453933357e-01
1.684171644656349276e-01,3.628932365255636561e-01,7.082332803158437884e-02,6.172591260198875274e-01,3.897049079121998605e-01
9.962642327390042185e-02,2.146678772323621087e-01,4.189522415086528728e-02,3.651368858610792301e-01,2.305282019844202002e-01
7.256439141139002513e-02,1.563565503512579224e-01,3.051501141613037829e-02,2.659528971698079669e-01,1.679086544557681637e-01
1.161053319998247152e-01,2.501754488087749029e-01,4.882498788368726944e-02,4.255330861545537635e-01,2.686591824453829491e-01
2.544452212719080508e-01,5.482603282082146867e-01,1.070001233507673344e-01,9.325571737332165601e-01,5.887674919541900920e-01
8.292627037225662467e-02,1.786835845613742590e-01,3.487242210522179670e-02,3.039298122402041558e-01,1.918852788043264035e-01
1.272357782539242088e-01,2.741585367436639165e-01,5.350559896447086572e-02,4.663268469853783516e-01,2.944142148747562193e-01
1.700407108921448140e-01,3.663915380154090240e-01,7.150606700005018856e-02,6.232095221773092941e-01,3.934616747040033391e-01
2.233091276870817765e-01,4.811705050918423376e-01,9.390667306868388797e-02,8.184415016470447668e-01,5.167208658177179226e-01
1.028983900328104134e-01,2.217180767218992210e-01,4.327116214275569112e-02,3.771288425501672648e-01,2.380992919532990970e-01
1.634670200220272596e-01,3.522270200261379824e-01,6.874167735871074270e-02,5.991165462975163170e-01,3.782506384458483306e-01
1.855363948139982233e-01,3.997805272459333814e-01,7.802236187387295852e-02,6.800021439093736353e-01,4.293175454221844767e-01
1.930298091967427299e-01,4.159267995490526504e-01,8.117351660676239145e-02,7.074659622646668478e-01,4.466567541141302500e-01
1.804769127778452220e-01,3.888787179376715364e-01,7.589473220469217241e-02,6.614588352765626844e-01,4.176102768237704987e-01
2.599825634407572639e-01,5.601917962849926047e-01,1.093287043008851073e-01,9.528518687452227631e-01,6.015804936861487429e-01
1.288121630379764626e-01,2.775552177061385573e-01,5.416850536726635496e-02,4.721043928617887353e-01,2.980618531012544370e-01
2.279574911423844497e-01,4.911864655445319361e-01,9.586141782910941045e-02,8.354780357375373168e-01,5.274768363153733430e-01
9.515570225158297146e-02,2.050346879636834041e-01,4.001518215807960133e-02,3.487514220654487906e-01,2.201832829862211682e-01
1.513872765860409531e-01,3.261984545542500613e-01,6.366186477180064973e-02,5.548435536990521388e-01,3.502990022913007317e-01
3.022023976412110957e-01,6.511640693735922802e-01,1.270831248583453865e-01,1.107590122663482113e+00,6.992740788463087664e-01
1.842047115774895216e-01,3.969111116417887164e-01,7.746235815339308495e-02,6.751214440513111370e-01,4.262361285446443215e-01
1.505080708349187113e-01,3.243040050092231841e-01,6.329213833972023584e-02,5.516212112777717502e-01,3.482645849718778441e-01
2.390375204482080296e-01,5.150609186523616989e-01,1.005208274125431733e-01,8.760870153940198968e-01,5.531152076416613328e-01
2.877199814750523998e-01,6.199583968881143825e-01,1.209929326022285145e-01,1.054511188733303628e+00,6.657628350471016532e-01
1.070758264421675515e-01,2.307193173245496720e-01,4.502787114619784953e-02,3.924394004450520446e-01,2.477655719692518355e-01
7.467368910122165748e-02,1.609015138523807176e-01,3.140202006918067085e-02,2.736836011789406942e-01,1.727894138758864773e-01
1.788516958014023106e-01,3.853768168665488991e-01,7.521129073119205144e-02,6.555023164522804091e-01,4.138496445025248160e-01
1.108509279343558862e-01,2.388536354806556627e-01,4.661538897540542375e-02,4.062753764579364324e-01,2.565008786349369796e-01
9.971211195851702180e-02,2.148525130691712470e-01,4.193125823229902627e-02,3.654509400891269300e-01,2.307264792862236125e-01
2.865222212826448733e-01,6.173775490619243245e-01,1.204892466312694477e-01,1.050121324957288715e+00,6.629913062248223854e-01
2.160713474053801708e-01,4.655750548298618896e-01,9.086301841069280294e-02,7.919145977819775917e-01,4.999731755979078263e-01
2.858204416928644687e-01,6.158654046942702021e-01,1.201941320195813040e-01,1.047549260182176090e+00,6.613674399682103466e-01
2.098408465802173439e-01,4.521500181550525133e-01,8.824294815157375516e-02,7.690794342390658844e-01,4.855562558141027218e-01
9.228718701090096732e-02,1.988538168926328731e-01,3.880890489709485497e-02,3.382381396689897457e-01,2.135457501001784275e-01
1.379712386944891567e-01,2.972905375538527073e-01,5.802010933973236056e-02,5.056729608449092028e-01,3.192552792381163074e-01
2.452445480293900804e-01,5.284353768632301662e-01,1.031310266275575760e-01,8.988361480735668207e-01,5.674778120686385652e-01
2.471548519349347217e-01,5.325515628186822115e-01,1.039343537740017864e-01,9.058375277898808031e-01,5.718981145357689977e-01
7.499424365839708895e-02,1.615922218399275523e-01,3.153682070323055031e-02,2.748584530797643644e-01,1.735311534995242488e-01
1.422394910890949771e-01,3.064874619332710881e-01,5.981500857357175543e-02,5.213163648357435065e-01,3.291317007517043369e-01
2.721700210185593050e-01,5.864524564704279852e-01,1.144538131853767016e-01,9.975196402087045389e-01,6.297813724274028413e-01
2.994364519568640248e-01,6.452042078319775165e-01,1.259199804772985487e-01,1.097452763914120055e+00,6.928738843552745275e-01
2.330318041909725246e-01,5.021202316555377632e-01,9.799528428337120345e-02,8.540757009307542447e-01,5.392184227836647192e-01
1.110819040381054862e-01,2.393513262363201610e-01,4.671251978992318338e-02,4.071219178920256754e-01,2.570353403183839869e-01
9.277328946357493722e-02,1.999012356215585651e-01,3.901332226495587974e-02,3.400197346509838403e-01,2.146705553547750001e-01
2.034587091436394213e-01,4.383982457768677010e-01,8.555911117659817378e-02,7.456885133151792688e-01,4.707884600855853363e-01
2.637760971871655480e-01,5.683658309415610121e-01,1.109239733209592960e-01,9.667554000881506404e-01,6.103584512298261266e-01
1.546951328408102122e-01,3.333259861574762173e-01,6.505289512999591628e-02,5.669670475679619015e-01,3.579531379089009313e-01
9.483600996738399125e-02,2.043458379401521252e-01,3.988074412983683842e-02,3.475797304473997595e-01,2.194435385987099918e-01
8.227332539144747992e-02,1.772766655094429877e-01,3.459784358046665703e-02,3.015367292698781232e-01,1.903744122342513612e-01
1.630318297271609873e-01,3.512893031662822074e-01,6.855866973530569397e-02,5.975215474628441381e-01,3.772436401727018440e-01
2.277820933310880924e-01,4.908085309104774918e-01,9.578765897700626530e-02,8.348351921173512435e-01,5.270709787050987805e-01
1.789472535883177007e-01,3.855827179377311342e-01,7.525147499928701300e-02,6.558525415390340507e-01,4.140707581797934411e-01
1.777769882291548864e-01,3.830611140078239440e-01,7.475935124409274768e-02,6.515634479950347391e-01,4.113628503755478727e-01
2.138820667690752297e-01,4.608577498075845935e-01,8.994237507157602785e-02,7.838907514212725136e-01,4.949073415335938919e-01
1.794315852833816560e-01,3.866263211650585174e-01,7.545514772245885682e-02,6.576276465869516086e-01,4.151914660317675976e-01
9.225482211672511590e-02,1.987840793380638571e-01,3.879529470763348753e-02,3.381195203681833794e-01,2.134708601200246414e-01
2.479494167434129481e-01,5.342636341262170241e-01,1.042684867244748070e-01,9.087496560210119867e-01,5.737366789511048060e-01
2.066628205437693599e-01,4.453022354020991780e-01,8.690651441463011218e-02,7.574317759973993036e-01,4.782025377545089939e-01
2.249524994200974570e-01,4.847115247313837916e-01,9.459774903884694830e-02,8.244645587556569399e-01,5.205235069078489873e-01
1.525070815668820301e-01,3.286113300771472123e-01,6.413276876630237544e-02,5.589477068949559868e-01,3.528901484985351167e-01
2.254438603807582819e-01,4.857702741164731663e-01,9.480437773141046909e-02,8.262654264884683464e-01,5.216604799624275923e-01
1.112896703450008407e-01,2.397990061850321653e-01,4.679989034596978431e-02,4.078833940124524937e-01,2.575160962422400335e-01
7.772752460456588963e-02,1.674816997446053335e-01,3.268622880345118525e-02,2.848760935818594464e-01,1.798557641934789009e-01
8.018688952413621784e-02,1.727809630251151141e-01,3.372044885460068198e-02,2.938898152273614062e-01,1.855465533867574623e-01
2.827976822549957414e-01,6.093521792808938020e-01,1.189229914923791570e-01,1.036470663444680751e+00,6.543729973761329699e-01
6.709935433786781700e-02,1.445808801122109299e-01,2.821683643740481237e-02,2.459232047190903769e-01,1.552629613862337443e-01
2.805100575806725449e-01,6.044229695732319385e-01,1.179609922018864249e-01,1.028086380217881679e+00,6.490796024548169951e-01
2.420093080649346473e-01,5.214643136383909638e-01,1.017705331054719470e-01,8.869787973144529492e-01,5.599917051957298275e-01
2.192576110709414938e-01,4.724405874356865653e-01,9.220291626194306034e-02,8.035924474341405999e-01,5.073459549242391731e-01
1.986938094271258060e-01,4.281311813399873989e-01,8.355536021255019485e-02,7.282248667568279599e-01,4.597628332670453122e-01
2.339305856188511612e-01,5.040568614659659552e-01,9.837324274204324592e-02,8.573697893950477100e-01,5.412981367765701268e-01
2.700685474266568131e-01,5.819243517748158290e-01,1.135700947471684069e-01,9.898176119931877404e-01,6.249187173933345996e-01
1.251699691524125746e-01,2.697072793360824616e-01,5.263687827254372870e-02,4.587555312909902816e-01,2.896340848433362480e-01
2.936509084095449418e-01,6.327379332120017796e-01,1.234870250847001638e-01,1.076248395791078449e+00,6.794865629234968507e-01
1.497416856199114965e-01,3.226526530702343853e-01,6.296985556258627437e-02,5.488123629664319880e-01,3.464912260592795112e-01
1.361188104231289830e-01,2.932990578673358995e-01,5.724112024124120013e-02,4.988836988393277050e-01,3.149688967236328740e-01
9.313217141410166933e-02,2.006745287296005931e-01,3.916424045781001506e-02,3.413350587738505082e-01,2.155009817422820217e-01
1.950814118336166580e-01,4.203474458847264450e-01,8.203626315045826900e-02,7.149852104042193623e-01,4.514040114332530940e-01
1.816789700738419000e-01,3.914688248547276150e-01,7.640022520748231127e-02,6.658644481979473229e-01,4.203917488271016190e-01
2.678124235633391748e-01,5.770630177572314556e-01,1.126213422791013247e-01,9.815487811499501447e-01,6.196982130273909206e-01
2.900735275355343368e-01,6.250296492744739085e-01,1.219826533661887424e-01,1.063137077839975131e+00,6.712087671982417403e-01
2.591836924149256705e-01,5.584704462489059607e-01,1.089927604860315841e-01,9.499239579662233091e-01,5.997319650011820880e-01
1.135951778646899085e-01,2.447667485663304610e-01,4.776940978814962074e-02,4.163332189525106308e-01,2.628508707499456754e-01
1.720058213447146767e-01,3.706258171907291787e-01,7.233244157203777558e-02,6.304117712137092822e-01,3.980087954822558727e-01
6.630763498008700185e-02,1.428749399779222773e-01,2.788390006501677634e-02,2.430215052374052331e-01,1.534309811341304230e-01
1.003826507818123132e-01,2.162973420720448459e-01,4.221323537632015732e-02,3.679085055596234000e-01,2.322780567113213734e-01
3.019086438295807140e-01,6.505311097118947616e-01,1.269595945600671683e-01,1.106513497121143663e+00,6.985943541729153772e-01
2.449994642996595196e-01,5.279072880061121964e-01,1.030279632287585817e-01,8.979379013343152804e-01,5.669107063782624634e-01
2.738972272941763708e-01,5.901741167744393168e-01,1.151801435272058749e-01,1.003849956002383026e+00,6.337780004713455817e-01
2.919621675502478420e-01,6.290991554304868894e-01,1.227768703435381803e-01,1.070059058081996417e+00,6.755789410184016575e-01
2.851063293554078615e-01,6.143266866057387476e-01,1.198938312011489649e-01,1.044931995138574043e+00,6.597150366422759316e-01
1.564827501950222521e-01,3.371778159243384310e-01,6.580462973302170226e-02,5.735187736299695027e-01,3.620895527370201483e-01
2.966164747039485849e-01,6.391279229385347094e-01,1.247341145671430479e-01,1.087117376187735518e+00,6.863486647961588583e-01
1.928772299376104171e-01,4.155980326959300419e-01,8.110935348565395664e-02,7.069067500226153822e-01,4.463036969520640107e-01
1.187920657282320464e-01,2.559646301043848604e-01,4.995482179808818229e-02,4.353801282794271810e-01,2.748760863075021543e-01
1.402928904925641040e-01,3.022930664692514702e-01,5.899641782581737520e-02,5.141819555447614265e-01,3.246274104163347496e-01
1.116865629787182207e-01,2.406542019892119744e-01,4.696679291365210562e-02,4.093380295954077708e-01,2.584344765496429108e-01
2.911794640841789961e-01,6.274126420935433046e-01,1.224477253629494000e-01,1.067190402390450155e+00,6.737678228753386511e-01
1.338714257623516701e-01,2.884565544570983353e-01,5.629604281075246963e-02,4.906468977036277934e-01,3.097686142283755939e-01
2.518811967172103761e-01,5.427355518462714246e-01,1.059218914930196015e-01,9.231598681750342594e-01,5.828345280775957260e-01
1.946509992330632821e-01,4.194200236581868690e-01,8.185526465844213118e-02,7.134077221090774357e-01,4.504080683926781625e-01
2.941797918113273069e-01,6.338775332642078153e-01,1.237094328349656047e-01,1.078186785547172288e+00,6.807103601418019734e-01
2.509099744226809814e-01,5.406428316477940310e-01,1.055134699679613763e-01,9.196002795393135587e-01,5.805871912574283034e-01
1.339989816840914116e-01,2.887314028160825052e-01,5.634968303748596336e-02,4.911143978959126022e-01,3.100637692316851601e-01
6.962553813615116050e-02,1.500241199240563983e-01,2.927915537847924909e-02,2.551818216091291114e-01,1.611083645409707998e-01
1.676033219843920119e-01,3.611396270702725841e-01,7.048108837211743138e-02,6.142763439484535404e-01,3.878217363826583219e-01
1.638730862984719150e-01,3.531019825382455957e-01,6.891243765615698291e-02,6.006048038376529119e-01,3.791902458865164527e-01
1.420385054181182161e-01,3.060543924129081605e-01,5.973048943236426017e-02,5.205797401573547534e-01,3.286666347196987581e-01
1.852188133384434221e-01,3.990962254415993948e-01,7.788881148967463641e-02,6.788381885330730947e-01,4.285826852903303896e-01
1.311052691533796111e-01,2.824962384302170393e-01,5.513280973100344318e-02,4.805087659027175162e-01,3.033679316733019493e-01
1.581226726123729776e-01,3.407114032256769454e-01,6.649425518586009332e-02,5.795291887873914582e-01,3.658842123648825551e-01
6.058257913400085654e-02,1.305389999217664854e-01,2.547638115521329988e-02,2.220388282093089805e-01,1.401836237856669831e-01
1.648070238536845922e-01,3.551143642524209887e-01,6.930518008264134611e-02,6.040277416416280909e-01,3.813513085674177239e-01
2.624975547029960166e-01,5.656109192222723570e-01,1.103863165206802333e-01,9.620694643115814682e-01,6.073999981372566470e-01
8.216818968924607947e-02,1.770501266327950962e-01,3.455363157661021228e-02,3.011514005424871243e-01,1.901311359668074463e-01
1.209389299296663167e-01,2.605905392325386649e-01,5.085762804150094352e-02,4.432485158328295372e-01,2.798437718671926144e-01
1.211973956774510391e-01,2.611474627031493134e-01,5.096631888960047319e-02,4.441958084801667650e-01,2.804418425612248966e-01
1.726250746526148683e-01,3.719601398403598602e-01,7.259285196606872492e-02,6.326813721586737049e-01,3.994417020039591204e-01
2.760010661430576939e-01,5.947073179562855083e-01,1.160648566108911234e-01,1.011560653028233059e+00,6.386461285357670770e-01
1.563492861708562220e-01,3.368902372096448938e-01,6.574850501204139441e-02,5.730296198838341626e-01,3.617807268200640691e-01
1.605989329563111134e-01,3.460470715558191523e-01,6.753558015524070701e-02,5.886048331882856033e-01,3.716140963251243767e-01
2.633769103949199497e-01,5.675056918489934654e-01,1.107561060063492475e-01,9.652923562749974318e-01,6.094347624086454696e-01
1.772975867458049248e-01,3.820281340473788423e-01,7.455775178941817516e-02,6.498064124721765200e-01,4.102535506701727730e-01
2.492245800414069068e-01,5.370112646173005322e-01,1.048047224985077380e-01,9.134232068752239364e-01,5.766873128558759332e-01
2.093700477031665841e-01,4.511355744741626927e-01,8.804496629258648510e-02,7.673539277902338140e-01,4.844668619057777570e-01
2.320892914836407417e-01,5.000893728181066145e-01,9.759893580631960608e-02,8.506213346739882608e-01,5.370375178326626253e-01
1.180847321334130839e-01,2.544405183646966107e-01,4.965737159832640107e-02,4.327877077388741500e-01,2.732393684925056299e-01
6.164219401066659693e-02,1.328221821216563625e-01,2.592197381339248277e-02,2.259223810215392481e-01,1.426354945272485519e-01
1.564554742764405482e-01,3.371190437296827103e-01,6.579315957595541220e-02,5.734188057334751454e-01,3.620264382713844764e-01
2.077236466201415610e-01,4.475880274083168797e-01,8.735261641040793779e-02,7.613197679300398590e-01,4.806572111229577837e-01
1.467790767205602864e-01,3.162690357266212393e-01,6.172400973342879321e-02,5.379542216020737344e-01,3.396359673808383994e-01
1.087608144861584719e-01,2.343500088085850308e-01,4.573644774138940078e-02,3.986149838583450955e-01,2.516645101362736114e-01
2.687850087996159210e-01,5.791586747249122258e-01,1.130303369528097152e-01,9.851133650498680172e-01,6.219487035943266351e-01
2.219040730645591430e-01,4.781429940832094827e-01,9.331581497682048254e-02,8.132918912076320117e-01,5.134696729596792686e-01
9.160018371675625326e-02,1.973735114278845348e-01,3.852000406080320627e-02,3.357202309138932472e-01,2.119560751028020384e-01
1.564923104467279280e-01,3.371984156695870261e-01,6.580865004083753800e-02,5.735538125325131409e-01,3.621116744549721655e-01
2.321532307848976906e-01,5.002271446423025569e-01,9.762582376706521736e-02,8.508556760924383955e-01,5.371854686640840093e-01
2.237695226004123294e-01,4.821625310572988932e-01,9.410027981936365526e-02,8.201288769376106069e-01,5.177861857206627061e-01
2.534702270520544642e-01,5.461594805353602311e-01,1.065901156435322544e-01,9.289837607623311344e-01,5.865114271767755127e-01
1.139734771153960990e-01,2.455818806812757327e-01,4.792849340656745588e-02,4.177197086586267871e-01,2.637262273392070311e-01
8.536739725721874394e-02,1.839435498319225981e-01,3.589897263936089183e-02,3.128766903823238521e-01,1.975338665294823493e-01
2.241841175971523104e+00,7.815598057345164440e-01,3.791295330576950118e+00,-1.806207390353939291e+00,1.314156380022967419e+00
2.549665576790228982e+00,1.751364690045346340e+00,-3.035916757844121516e+00,-1.736275058148754491e+00,-1.788990086860486661e+00
9.339753479842470840e-01,-1.913073551541127015e+00,-7.208882559868234896e-01,4.499913083765980648e-01,-4.443609746649374692e+00
2.238100318599514971e+00,-1.509856193971458982e+00,-3.095123728586271827e+00,2.362451976075118587e+00,-1.596956794309648986e+00
-1.415971567573046430e+00,-1.156577691812741726e+00,4.148939789880423668e+00,2.060725631774335653e+00,4.439155923383287794e-01
4.352487157352613045e-01,-4.598795605363565464e+00,1.153553217211880533e+00,8.567801853489647179e-01,-1.263677262829823178e+00
1.410745207814824154e+00,4.177674861449262700e+00,1.918139899591229658e-01,2.017591855125742129e+00,1.203894185561432240e+00
4.555944075754774225e+00,1.418130518151357045e-01,8.910743913944771943e-01,-1.845192041592483845e+00,1.565739300604654105e-01
4.532519829962050051e-01,2.710687266570233511e+00,6.862535909100372367e-01,2.423378768707145081e+00,3.332120726370298769e+00
1.462735766997126152e+00,-5.600269149324833551e-01,-8.269648590291852619e-01,-4.266554316240137368e+00,1.912960354790979034e+00
-6.219931704933792660e-02,-5.950402210861940322e-01,4.185836678854067294e+00,9.609734437782363470e-02,2.666757390279769435e+00
9.437299761602860881e-01,-4.390582851693881850e+00,1.874871641458317084e+00,9.835890518488861201e-01,-5.912401032123343336e-01
-2.169469079614165352e+00,-5.310637196789127490e-01,-3.904202725376066052e+00,-2.166471044722675821e+00,2.738239028704330669e-01
1.599762682795046409e+00,1.247504121991514836e+00,-3.389152502991480631e+00,-2.839203349744614968e+00,1.156314176431352925e+00
-3.120094274121405054e+00,1.868928380759835584e+00,-2.684683590968247824e+00,-1.688325502697694880e+00,-1.309255300356522822e+00
-3.553424427313164990e+00,9.516528617444353078e-01,1.647227272290594069e+00,-8.869688145630130749e-02,-2.957415568828591912e+00
-3.566417961649090529e+00,1.505743667831840771e+00,-1.368167469155808114e+00,2.852380820747727697e+00,7.375879191908649157e-02
-1.368835590707085492e+00,-7.743511737634467540e-01,-4.594102265244843331e+00,-4.293844933611637438e-01,-1.111990431001063984e+00
-1.197434336538350186e+00,1.908657052051808911e+00,-6.127790709610262398e-01,2.058346764971891452e-01,4.416481989488387327e+00
-7.449049055780501138e-01,-3.872094179960278382e+00,-1.121824828419534376e-01,2.757565474380265780e+00,-1.354714393594772748e+00
1.440568356280438334e+00,-1.207767569342458325e+00,-3.642663083249220168e+00,-2.230699119475948233e+00,-1.794727670046517121e+00
-2.745085471990873938e+00,-1.155808164269676475e+00,1.944876569890350515e+00,-2.596587922816983252e+00,-2.367234573472754899e+00
2.237944257519790092e+00,3.674716597813818986e+00,-1.539089260646213209e+00,-4.167357892173914058e-01,1.986353180009706509e+00
3.412122968962383318e+00,2.069134124809896225e+00,-4.410418450635663068e-01,2.843863143720814168e+00,8.910809889767645764e-01
3.747928083738109262e+00,-2.161810192932984265e+00,-1.167897040557841770e-01,-2.501338661947452024e+00,-9.631631290558641256e-02
1.528983165269131250e+00,-2.561037879833250930e+00,-6.558686211436579594e-01,3.110626831123858516e+00,2.448904352496081849e+00
3.975306386564455341e+00,3.801576342134451170e-01,4.751478596669694854e-01,-5.169435139787647016e-01,-2.925649196485846204e+00
-4.026325500481731656e-01,3.453084790588059505e+00,-6.443537836590107482e-02,1.085392922530149962e+00,3.425180687845156946e+00
-8.162367712865318259e-01,-3.590721690714548942e+00,-4.924436768250836649e-01,-6.056385137015123377e-01,3.291075278523449388e+00
-2.599015836978865401e+00,3.405763540944584999e+00,1.839937943902749895e+00,-1.310766587465720612e+00,-1.241938282716191111e+00
-2.466152878249004310e+00,1.503258136739303419e+00,7.690155690095933361e-01,4.008101045791537587e+00,-4.523291696173214332e-02
-6.344744746134609592e-01,-2.717134576337672858e+00,3.362626852854742499e+00,-6.765492489895412742e-01,2.334447171663167619e+00
1.182149472414431246e+00,-1.004081182322354993e+00,-3.422551360141500076e+00,3.053074579014484424e+00,-1.248687873868213449e+00
1.265790711409966018e+00,-7.330559828472509309e-01,-2.588175049440045061e+00,-3.562119303884399013e+00,-1.863614439542215395e+00
-2.258050529542571794e-01,-4.690656989451916226e-01,-1.112480924966344986e+00,-3.154582815799456430e+00,-3.679671574744433737e+00
1.287822711081066718e+00,-1.903890615344170811e+00,4.019464656530171709e+00,1.242086138566109166e-01,1.882867304080884985e+00
1.957830928244258306e+00,1.128268995657892848e+00,1.276846167399152909e+00,4.195768807896373964e+00,-8.118467252685664937e-01
-2.194992678267000397e+00,2.533980797787253714e+00,2.119337194580319217e+00,-2.232608467557648080e+00,-2.069980131561182102e+00
-1.767776360805158431e+00,3.721301668187140255e+00,1.713395720045895354e+00,-1.677773571073625902e+00,-1.508718523536229483e+00
6.231378820898006987e-01,1.885247516940376178e+00,-2.877713221919842468e+00,-4.934172331433367420e-01,3.540176129262451621e+00
-2.008516868850389603e+00,-5.431423608264712710e-01,1.984027916034690087e+00,2.925964287048260726e+00,-2.858884849505568759e+00
-1.587497538301883004e+00,-2.886973084388599897e+00,-3.018532310217871828e+00,-1.935227886167663058e+00,-1.135162409821179219e+00
-1.723988256643519179e+00,-2.112717663748395314e+00,-4.551947172099493621e-02,-1.994361023215278361e-01,4.185981579393989627e+00
6.854426555263898324e-01,2.757573544664012055e-01,-3.413245800493322601e+00,3.162591542670971645e+00,1.673885924154738580e+00
2.158391999374153603e+00,-2.755879866388878607e+00,5.993196200756674419e-02,3.435200606149686475e+00,9.707085528153223120e-01
-3.668753510880786273e+00,-1.010413905528410039e+00,-2.795384932896417318e+00,-1.644585627099421632e-01,1.636486441740901743e+00
-1.954501417674071817e+00,-3.833799052937433949e+00,-2.181528826811630406e+00,-2.363560278696813233e-01,-1.291114571169273528e+00
-7.591722375117330168e-01,5.278471018726985653e-01,3.762087904311629316e+00,3.115895338879237642e+00,5.319076876853587876e-01
-3.106183378050045629e+00,-2.963859144484241037e-01,-5.250770263955403250e-01,3.773480837679044519e+00,-8.653997317210424534e-01
2.207107410728738728e+00,3.010565950827095993e-01,8.822458200229090775e-01,4.111181586633478879e+00,1.535535762801187865e+00
-3.222363597081450148e+00,1.008940031919570712e+00,-1.411093088540339657e+00,5.374487973741968183e-01,-3.364279706842037143e+00
1.512765448599842744e+00,-2.570979115706185869e+00,-2.434241547884425039e+00,2.315094304064285069e+00,2.194632892756209763e+00
1.134197415489291982e+00,3.534871717087118004e+00,-1.672388808970013629e+00,-2.778274663075896989e+00,-8.382026810845643050e-01
1.016218139005545362e+00,-1.299587373147051084e+00,3.802936845032951041e+00,-2.702838896330741036e+00,7.146373952469230462e-01
-4.228544061773921392e+00,2.183724163743588242e+00,5.213717742357925067e-01,-1.439874601993956560e+00,7.547514744492657413e-02
2.668542480385803495e-02,-2.354495592717925412e+00,3.550265652957351303e+00,2.617397146173872535e+00,-2.200828496468083470e-02
-3.326391156772548374e+00,8.008156047031010916e-01,-1.000218504764597061e+00,1.598982821047518987e+00,-3.120357851293789064e+00
-1.331550894056843903e+00,1.095747669814394476e-01,-1.087118552205238453e+00,7.721401483504740648e-01,-4.630004150293375531e+00
1.338156812866772016e+00,2.192260658144954188e+00,2.927305053456317196e+00,6.578752271867018830e-01,-3.066172672957484302e+00
-2.615766055988262284e+00,-1.591572773041307176e+00,-2.519684812198241364e+00,-2.900960385896520204e-03,3.045627042180241162e+00
1.120763366943481998e+00,-2.768694975359177413e+00,-2.076782834582407755e+00,-3.091969420327292717e+00,1.484895878667294333e+00
-3.880164649575281732e+00,-1.931695241643094141e+00,2.183448340351002770e+00,1.192893295023789824e+00,1.497822329433460553e-01
3.058374833332322407e+00,7.195700662542465764e-01,-3.897321646571090814e-01,3.769603346583457526e+00,8.756493292687572705e-01
3.142042851636544842e+00,1.442171165469160743e-01,-3.219048838055037720e+00,-2.145264227095893261e+00,3.772719389694244585e-01
-6.608535020195168697e-01,-2.305960357920748383e+00,4.297105954388998228e+00,7.294741390411689785e-01,4.985653154716196966e-01
1.185907575179313556e+00,-4.579737178609387671e-01,7.757066291759187049e-01,-4.739075646684044685e+00,5.686163358009396207e-01
2.096676636992449438e+00,2.407953444334399506e+00,-1.285418679524086061e+00,-3.621820447528615095e+00,1.892689990524404620e-01
-3.962844417419901344e+00,-9.989032748323219968e-01,-1.974894500790428165e+00,2.007071476407721988e+00,-6.078751271366791276e-01
-3.122227918760735577e+00,-3.076396431911639251e+00,5.375853869898103987e-01,-8.661603871073745298e-01,2.179047028527233199e+00
-1.126535705986553060e+00,3.818808619672242610e+00,-5.954848878048232264e-01,1.435366994794399886e+00,2.594751889507997067e+00
1.599953493517987546e+00,1.823638295358503747e+00,3.648310588051395964e+00,-2.403101937500871088e+00,1.715316803775698007e-01
-1.100533532907906231e+00,2.938217169259905726e-01,4.258128106981022398e+00,2.156174083264696506e+00,-9.600797304410504385e-01
2.395699540952516582e+00,-3.375674705349721583e-01,2.526109147970170721e+00,-2.974375309445435267e+00,1.979529237828861143e+00
8.801518483409895843e-01,3.660199579694828897e-01,-5.818315204145106945e-01,-3.922632432275253933e+00,-2.892367369015287792e+00
-4.093638554564136278e-01,2.379323345357336805e+00,-1.905253171751930763e+00,3.924174592667005967e+00,-3.769691895624619482e-01
2.908699288539065897e+00,1.813059203421819809e+00,2.851607072295005985e+00,-1.306693253147652278e+00,1.847477908164337324e+00
-2.679555562100356170e+00,1.481367532876703530e+00,1.517068041958684166e+00,1.470466788509284140e+00,-3.340922657308107002e+00
3.124990147882244607e+00,2.572558037449469648e+00,-1.660705593172115302e+00,-2.895219874395575932e-01,2.403043002359496416e+00
-1.966028319267370816e-01,9.872762015021141480e-01,-3.300845363975534408e+00,-3.227541438438893628e+00,-1.635245906494482870e+00
-1.314426609381379230e+00,1.669649668457145353e+00,3.631221081765559355e-01,-2.359888421027537042e+00,-3.844947548149998617e+00
2.084182408030642364e+00,3.909107387227449326e+00,-8.468025119280084834e-01,4.329046193511931762e-01,-2.114375137367111801e+00
-2.753503174541160448e+00,-1.820514395103400407e+00,-1.586011684435867375e+00,4.017192849138881972e-01,3.380404732864725315e+00
4.282181326458502912e-01,3.275771604766466893e+00,3.308477370154980335e+00,3.839216853416462238e-01,1.729893423010749220e+00
1.407074424969631199e+00,-1.699625388435628492e+00,-2.253162239901107533e+00,2.967021216884742962e+00,-2.500292007110575199e+00
2.867931412713210504e-01,-2.828598892670130205e+00,1.280916567345977253e+00,-1.956368484942271613e-01,-3.903556963785066447e+00
-3.648975537042483008e+00,-1.689067687157327358e+00,-6.505529019392517487e-01,2.245632791854872856e+00,-1.834650420159390061e+00
7.276733024147726825e-01,3.973376153565005620e+00,-2.674205423796136127e+00,7.109897787535163216e-01,-1.012863462210524146e+00
2.886114323426818284e+00,-3.435565494452528235e+00,1.587769769530940511e+00,1.531665542403561897e+00,1.488860688528569065e-02
2.568918574956382539e-01,1.884345313283974643e-01,-1.631169053065625096e+00,3.469679385020465467e+00,3.193604779311380426e+00
-4.487424695704502753e+00,-1.850984441528467306e+00,5.982621036963219341e-01,4.343488899257014757e-01,-9.435569377107374534e-01
2.512964059075249335e+00,-2.723496851142941821e+00,2.045451836699774262e+00,-1.972100133722149984e+00,-1.787323246065223525e+00
5.922720797677425431e-01,5.892690699742441501e-02,6.567892085189352969e-01,-9.863260539139840910e-01,-4.820947028759271724e+00
1.769702119835165233e+00,2.872277749576528788e-03,1.069327827697935662e+00,-5.875198364983598154e-01,-4.514366466704182734e+00
-2.660457859628780231e+00,-8.643721365223433484e-01,3.670571053242992932e+00,1.047260577582214358e+00,-1.613994489606468852e+00
1.183482194658095565e+00,3.525992688556792487e+00,-9.507132110216326426e-01,-1.978864765900470335e+00,2.519322147689317060e+00
1.946191939244317881e+00,3.761024500451306096e+00,-2.607401639019802375e-01,1.546816475181010953e+00,-2.146253713255354523e+00
-2.668667844592411686e+00,1.856754151258812602e-01,-3.521012483254182701e+00,-1.278759106619914654e+00,1.952173869167697084e+00
-2.487598709606198000e-01,2.913390733662907461e+00,3.259085416501429577e+00,-2.247166657708187021e+00,8.825402087378707572e-01
-1.421480547062585309e+00,-4.611898266457888695e+00,9.238640213577820059e-01,-9.017487968733787218e-01,-2.076338400728865163e-01
1.652560574830266860e-01,2.712690613813791618e+00,-3.119488745420696318e+00,-9.841313809422801429e-01,2.629500990954362294e+00
3.635147124199763491e-01,2.940721261208359749e+00,5.384823658304140892e-01,5.573505604816672010e-01,-3.952140257145713598e+00
3.048129450212639924e+00,3.084837635668895128e+00,-1.372572018597859822e+00,1.703378756518568737e+00,1.186267458000336728e+00
4.667615881593325966e+00,-7.462583581023392032e-01,-1.595668868398531393e+00,-3.135645930994260810e-01,-1.094465770972290891e-01
-6.412295811759901598e-01,9.102438699799823008e-01,-4.108394226500049484e+00,-4.940380922680827624e-01,-2.576296559877746528e+00
3.360890995484089316e+00,7.737925176877313849e-01,2.827247322556742493e+00,-2.046570090089438132e+00,9.611869222432690707e-01
-3.060218667029159789e+00,1.277029630993842702e+00,2.359501200718619796e+00,2.833362718886075271e+00,-6.395833163583154457e-01
2.348647420017008436e+00,-9.037286350510000954e-01,-3.280579262097611526e+00,-2.783355536529223073e+00,3.973178991733470888e-01
8.707123086171394410e-01,-4.161439055605746340e+00,-8.635863746038902056e-01,1.828937377241284912e+00,-1.683297866044523250e+00
3.833715165744531195e+00,2.007942017310391236e+00,7.862926041375273289e-01,-2.354046781216587725e+00,-3.331734917161098819e-01
1.997626949980787936e+00,-9.859864381019431967e-01,1.026127051694304848e+00,-4.291967927721897169e+00,-7.505943603420277555e-01
2.859971891088170182e+00,1.728768003531891750e+00,-2.537031363953358820e+00,-3.042735487911396031e-01,-2.702371447076236777e+00
-3.733732151355954265e+00,1.744689855640316312e+00,-9.559088753213527134e-01,-2.109874984567328582e+00,1.627872016202592809e+00
9.119664183372866439e-01,-9.825653179105754420e-01,4.800192927153123179e+00,-3.904327876217645876e-01,9.269707828933093641e-02
1.946793572416269935e+00,9.465276289068309534e-01,-3.814389663873709591e+00,-1.411133821012959144e+00,-1.942476014122564099e+00
-1.862627590223946861e+00,-2.166944059563016278e+00,-3.607705416607139615e+00,-9.120351827791781663e-01,1.728474863924131188e+00
-1.100498346234399127e+00,1.035942558502541688e+00,-1.612631932083955222e-01,4.756741936263484405e+00,-2.512503526905194851e-01
1.612531962165003607e+00,7.665398842201834873e-01,-1.938076655865868192e+00,-1.015408651798292317e+00,4.126131532408647828e+00
2.725268023504556769e+00,-2.494809352466300645e+00,2.679619979592024581e+00,-1.921625320085171396e+00,-6.898067766331749118e-01
-7.446282318577349679e-01,2.235126896416561593e+00,-1.563134859269715404e+00,-1.662676215468250840e+00,3.773838068530195766e+00
1.825464442715349911e+00,1.004586654774970667e+00,-3.539908220302366293e-01,-3.164083354021456351e-01,-4.520294402429599678e+00
4.155427609648421061e-01,-3.219213915083430688e+00,-4.035645418166416976e-01,-1.349712552532329690e+00,3.532619094789009484e+00
1.316342367330741059e+00,1.266370862578707790e+00,3.117369564558862827e+00,3.335590308279485328e+00,-9.052026865049690452e-01
-1.887680077803423506e+00,-1.094396539617553010e+00,-3.298012973233005685e+00,-2.564931761088337758e+00,-1.668291229757038252e+00
-8.490428117523631801e-01,9.308085583941256846e-01,-1.223633806150977499e+00,-1.880828587323435386e-01,-4.677613374160741522e+00
2.292564901058248950e+00,1.039478802249754308e+00,-4.131162478347170652e-01,3.775552583721667244e+00,-2.058681045581564728e+00
-1.056343093364762620e+00,-4.882415068562644955e-01,3.197947763274392230e+00,-2.488905829296994998e+00,2.687794146943369711e+00
1.040067093662083275e+00,-4.243214654516940243e+00,1.286334197041340000e+00,1.663728578795254265e+00,1.220959207343114139e+00
1.531191353751181872e+00,3.219626499664789421e-01,1.310365366164954803e+00,-4.505961383909388829e+00,7.287301997975311751e-01
-4.020964580891372542e+00,-1.149769473461250691e+00,2.718190784397134241e-01,7.164079672254562992e-01,-2.631111554116582152e+00
5.062866541441273238e-01,-1.887866538021996332e+00,-3.569862590798603463e+00,-1.790192902680874276e+00,-2.287121381225773575e+00
3.094777587450702416e+00,-1.917142055298136194e+00,3.328143318721406896e+00,-7.530237330549878205e-01,-3.214581333953704934e-01
1.536271741988346262e+00,-2.930266314574339614e-01,-9.231569521231449693e-01,4.658418559699057937e+00,3.036926773668457979e-02
1.207346209664475145e+00,1.209307097277931176e+00,2.547905690122929556e+00,2.395293457732583509e+00,3.138572497181597587e+00
1.607616732441653040e+00,1.025805979139394974e+00,-2.979487870903045454e+00,-9.912346599014313364e-01,3.391665728058591789e+00
-1.021383802231377480e+00,7.077840244281122795e-01,-1.328880870015956450e+00,-5.055168035677020111e-01,-4.629724106026194441e+00
1.683459976882697440e+00,-1.670903202642504137e+00,-3.333834390738166231e+00,2.373827304597763810e+00,-1.620042337937722232e+00
3.248196658051945906e+00,-1.270226035659176800e+00,3.557027149480304629e-01,-8.711561571944923532e-01,-3.456921581018936429e+00
1.040702212286347406e+00,-2.760239769683925370e+00,-2.681999680846372858e+00,-2.016338429384767039e+00,-2.244832369983037257e+00
6.275058673333754333e-01,3.346632985128449089e+00,-5.280979149095086367e-01,1.979116117920231899e+00,3.034879904274469187e+00
7.061935930839964293e-01,-4.550365518577176971e+00,1.931634105054345074e+00,-2.231934226467830462e-01,-1.201608784467478597e-01
3.231036530301056864e-01,2.174139782307719315e+00,-3.724864235946139246e-01,2.813910277317358766e+00,-3.480213075636458875e+00
3.564271212855629312e+00,1.233024505190117415e+00,-1.922017407070788941e+00,6.319416904606465213e-01,2.584979705449145460e+00
9.885786540433636471e-01,-4.730039579430128427e+00,4.200453911178247401e-01,-1.131378027882388615e+00,-4.392988154091745368e-01
5.772442064155188790e-01,-2.717968611718131644e+00,3.564431586048046885e-01,3.227734065126474317e+00,-2.595017693847324836e+00
2.676637629779192284e+00,-3.923366465714058560e+00,1.534898976074559718e+00,2.040218964513111910e-01,2.127598965361761352e-01
-1.043964186885197654e+00,-1.430027111580433719e+00,4.140090613235984485e+00,-9.507614495636199647e-01,-1.954702948497553550e+00
1.039275763016505039e+00,-2.624029560764349789e+00,-4.078280920780665397e+00,-4.210284656576925716e-02,6.326348347576050690e-01
4.949476709689180076e-01,4.867207356155379139e-01,1.535603980524407275e+00,-4.014262740650366368e+00,2.458809629179965484e+00
-3.842597647255657112e+00,5.387212313904907734e-01,-2.855791141093356078e+00,7.743108032302884469e-01,-1.090468933352971792e+00
2.012601902137336474e+00,-3.054893500932478023e+00,-1.492567505699218255e+00,-2.362283483235433135e+00,-1.951645015682302198e+00
-2.367196658871272952e+00,7.506639233388340271e-01,-1.013738370157800883e+00,-3.631749407395452600e-01,-4.203965048821751260e+00
2.881749602773338470e+00,3.058269117532475434e+00,-4.228753167302327642e-01,-6.237895483914400740e-01,2.602800856285540920e+00
-3.080172038955571789e+00,-1.652085424022855964e+00,-2.836680794913218673e+00,2.137278609613592728e+00,4.104097645356334367e-01
1.693298575075047885e-01,3.699975525628481865e+00,1.760357182621446359e+00,-7.598428787766883241e-01,-2.757769007417438356e+00
-4.861031933912332015e-01,2.531735913127509008e+00,3.783055539004125389e-01,-4.267330067482709488e+00,-2.821266739210811364e-02
1.035132085628466536e-01,1.285067972480111287e+00,3.762410226894547183e+00,2.922371598364177370e+00,-8.011859006451687026e-01
-9.665171085346192514e-01,4.475070842721796893e+00,1.948363532714725510e+00,-3.051616471255334528e-01,3.877390166621496603e-01
-2.064460091849738443e+00,-3.845368926884152216e+00,-2.052218118327357566e+00,1.291628219970496039e+00,-2.669076272764961399e-01
-7.937762762134378258e-01,3.519993368136579370e+00,-1.833462903528940036e+00,2.552902571132459997e+00,-1.449368191759334401e+00
-8.198918333810091275e-01,1.308939146306630219e+00,9.732304381448967368e-01,3.208356530644187021e+00,-3.372495601088648431e+00
-6.051475904142380458e-01,-8.697903259610566540e-01,-1.952934223236216793e-01,8.417607423171708306e-03,-4.882525044048703577e+00
-4.781142706716645652e-01,-1.260748595280389017e-01,1.120709099375108320e+00,-4.429218532942327258e+00,-1.970163997233007613e+00
-3.500135173245142006e+00,6.480617251221250097e-01,-7.648639280094075010e-01,2.470885159380584728e+00,2.374611435630415546e+00
1.349923060847509237e+00,2.197109170813755785e+00,-2.428292613450945492e+00,3.528962647635408345e+00,1.538298969138327324e-02
-4.193720213649589912e-01,8.404272716900119677e-01,-3.512567853624886549e+00,3.143452405902349422e+00,1.377818258771361659e+00
-2.522649693230415213e+00,2.960710872561801210e+00,9.776776919370732122e-01,2.138377662909856980e+00,2.083726698920854936e+00
-2.850031153456138444e-01,-2.074574159304786392e+00,-1.515583211427256272e+00,-4.053806089420633363e+00,1.372799694203115539e+00
-3.817934078890481420e+00,-2.033861414537886159e+00,2.021833533680687633e+00,-1.397334998342061763e+00,-4.964183519908252906e-01
-3.579245917125612575e+00,-1.232926640325090029e+00,1.143217914814229186e+00,-7.038515051843093895e-01,2.977672987789946379e+00
-1.690909173549397237e-02,-2.756529447613345063e+00,-3.023270140197800604e+00,-2.255008223893399499e+00,1.782143388344117785e+00
8.213118203277081086e-01,-3.876017495344465935e-01,-9.935883556530378247e-01,2.832249391960532048e+00,-3.894400767614667025e+00
2.191020706408425944e+00,-1.440750968054720360e+00,4.208827040933935670e+00,-3.334943703448703389e-01,5.460964718714771404e-01
-3.386511060830234676e+00,1.411270922744600531e+00,2.047895243380184194e-01,2.334847215462143577e+00,-2.458944275224667297e+00
9.640774905898245040e-01,3.903818092282946850e+00,5.501883435511457643e-01,1.215837510046811065e+00,-2.655144220242278585e+00
-2.823814425713568332e-01,1.295992540934320258e+00,-1.558327687932120842e+00,1.321509776472805431e+00,4.366450593152847226e+00
-1.890465455958969532e+00,1.332146880541450473e+00,4.219321189816258588e+00,-5.089251351141918511e-02,1.358772864656021762e+00
-8.370197269561445719e-01,2.459227056452471416e+00,-2.644047187681925148e+00,-3.315145244093394172e+00,5.200257122245278696e-01
2.527677671654248392e+00,9.912007259128555181e-02,-1.114559148366362606e+00,-1.871151672003410926e+00,3.722575737924179062e+00
-1.084230427282839804e+00,1.428807942922997620e+00,3.259029361665989555e+00,1.108928502463866872e+00,-3.151500823261267126e+00
3.119064525592645798e-01,2.416433568452882596e+00,-1.151485032099009764e+00,-2.853969505095349302e+00,3.097176691592475439e+00
1.819632766820661329e+00,5.157292701683720282e-02,2.279951352526727426e+00,3.146330612884026934e+00,2.566846768245403254e+00
-1.084299310886492229e+00,-1.299733322760459941e+00,-2.025649836179167274e+00,-2.109711140087986436e+00,-3.685220473824204923e+00
-8.409111517351511855e-01,1.388329089358508517e+00,-3.036023474921191401e+00,5.859789491110735105e-01,-3.578351702314149563e+00
-8.271135552031961824e-01,-2.974851543638437512e+00,-1.364852433744502491e+00,-2.872049381258528378e+00,-2.314012023699391296e+00
-4.011284219413942864e+00,-2.089948473738022783e-01,-1.029651729528752835e+00,-9.757371285333765742e-01,-2.617952336604272734e+00
1.825340555388463848e+00,-1.148628648583738254e+00,2.803468536190245164e+00,1.797038990765662314e+00,3.043024665816247865e+00
-2.010411176955273049e+00,-8.856813852399554321e-01,4.174278931769508816e+00,1.075486243919493434e+00,-1.261958843361341343e+00
-8.714235020118283881e-01,-2.448079352156243171e+00,7.877313948198646498e-01,3.958565791072543139e+00,1.398844056016635307e+00
-2.112026491943749473e+00,3.058169172684239268e+00,-5.770076522983951239e-01,3.020704962257379833e+00,-1.315047188793738497e+00
-1.958151996309910325e+00,6.900912060848519713e-01,-1.034024251548977036e+00,3.527231815487464672e+00,2.679336569685385694e+00
-8.909504288027580987e-01,-7.222037258661632153e-01,4.828752348966815156e+00,-5.657334751444921261e-01,-2.184616653090886151e-01
2.107621045059252296e+00,1.156047620769164563e+00,-1.092558237495578677e+00,1.538051329087713137e+00,3.957550004195697912e+00
2.147588310443728332e+00,4.256959177868850364e-01,3.517190638259887425e+00,9.747036299791611569e-01,2.624113237317986957e+00
1.080475373994213895e+00,-1.932493273270364575e+00,4.594120630358179691e-02,-4.392350989109827353e+00,8.962058407453895592e-01
1.366183475351109289e+00,-2.406722783794270626e+00,-3.176684660621654555e+00,-1.028628190115659757e+00,2.488338153690849985e+00
8.001855077866724120e-01,-1.142047113085405741e+00,1.787960240183007754e-01,3.687780893297475160e+00,3.069810353987164842e+00
-3.541611032259241454e-01,-8.134438549428847365e-01,4.018279493827989768e+00,-1.999804224850515011e+00,-2.016703245291424640e+00
-1.360044046688949848e+00,-2.254743750362728338e+00,6.963540417471693056e-01,-2.973282471536208504e+00,2.956533984966869699e+00
1.526533251012886838e+00,-1.510887790206526748e+00,-1.442542483409598730e-01,-2.200410543982460165e+00,3.940088637165827912e+00
-1.296301673016435174e+00,8.744273496797303480e-01,-1.965719502529775786e-01,-1.104477079162759612e+00,4.614809707089200685e+00
-2.547653108394452026e+00,-3.888036529234808469e-01,3.188478084682043967e+00,-3.480666637947350539e-01,2.840906978381827486e+00
-1.105739603986704456e+00,3.591063780312548914e+00,2.108897167380931137e+00,2.513651222322042411e+00,-3.401633781497633291e-01
4.159792538696422071e+00,4.186682364375736154e-01,-4.426957096027867022e-01,2.604665340430395215e+00,-7.352427598172797119e-01
3.338936354702464193e+00,-2.053146316022031570e+00,-2.489235033809332087e+00,8.529883423552628852e-01,-1.646880098402325965e+00
-1.412760490953487436e+00,4.902480518782283414e-01,2.052598472406344410e+00,-1.702097782883568389e+00,3.956446295782168221e+00
4.938800175839594409e-01,1.055261647130847358e-01,1.971187521814049548e+00,-4.521293662628692367e+00,6.459644935369386332e-01
3.989187622380015341e+00,1.693770336150788314e+00,1.783106717190898971e+00,-8.489916259810065952e-03,1.742980928827484011e+00
-3.754861303942047090e+00,-9.522033794167684695e-01,2.651241372669274732e+00,4.688363057885081564e-01,-1.656936032141024695e+00
4.236590624467476696e-01,-1.584443664008897468e+00,4.377287903240758560e+00,-4.833768880480977109e-02,1.773996999538595576e+00
1.770879563992932004e-01,-4.743524687872273660e+00,-1.403873041618370010e+00,-7.044976865052906545e-01,-2.090176955296961514e-02
3.133730347515414572e+00,-7.802067440313040780e-01,1.454507339274381028e+00,-1.695531335770001480e+00,3.095253371704478784e+00
6.923202046622897177e-01,-1.287048583668504165e+00,-1.473509027696804363e+00,-3.689924045002886732e+00,2.660344031304752388e+00
6.852919607198305618e-01,9.914046251531600795e-01,2.453199575523988540e-01,-1.038204192020033334e+00,-4.733861211727295348e+00
1.713381907435522322e+00,-2.997922203157588505e+00,2.191158725696139786e+00,1.687674785216844997e+00,2.329669968308023975e+00
-1.245062987590089154e+00,3.292710491531483652e-01,3.045880729480756166e+00,3.300109154078584517e+00,-1.781372753262869368e+00
1.354563676661353577e+00,1.701101776197943893e+00,4.474680960381953732e+00,2.289506373760505364e-01,-4.429694135334937832e-01
-1.592754034199555413e+00,4.167573161952565997e+00,-1.816389349789850671e+00,-1.281706116737928669e+00,-3.904198849960295870e-01
3.613846971675231390e-01,3.450175838940825468e+00,9.503509331972626040e-01,-2.201092759422429879e+00,2.686579898166320035e+00
-2.633555484660877521e+00,-1.264885729814391624e+00,2.782837006324104134e+00,2.829186010291674602e+00,8.461526547423340316e-01
1.447665295166950861e+00,-1.589661545212850635e+00,-4.302775668709778678e+00,-9.723170499735792616e-01,9.581035768279253517e-01
9.583949521137011818e-01,7.050351338692851799e-01,1.894553771329646974e+00,4.470371888353898093e+00,-1.041429936611914381e-01
1.258597144268000845e+00,-3.227041309862710983e-01,3.934484961383838630e+00,-2.789490571892891513e+00,2.244230608692126261e-01
-1.223440484949286644e-01,-3.938708632244241059e+00,-2.753806682936345229e+00,-1.366520369384865763e+00,1.441425584410788441e-01
-1.980053561633359882e+00,7.619324593330886741e-02,2.690157965395497452e+00,2.238408029287235923e+00,2.970885743003049306e+00
3.655730900470719025e+00,-9.454115305314582107e-01,1.088891954534102480e+00,7.042350480852365147e-01,3.010015935120775143e+00
3.772755970813450155e+00,-2.562017775175488010e-01,1.956284169240633197e+00,-2.326006503570162032e+00,1.209677241422729921e+00
-2.662236392572873367e+00,-2.048467549335905247e+00,3.592176807505677694e+00,-8.574444007619029806e-01,-2.780880662644552026e-01
1.495585011344822801e+00,2.645738778261734314e+00,6.729399583708127741e-01,-3.868896418085317812e+00,-5.848795684560197383e-01
2.841465306775624811e+00,3.225149839037112720e+00,2.296069558083387641e+00,-3.668871954946545944e-01,1.057327667458964449e+00
-1.204843993501530486e+00,2.508535336960922457e+00,-1.072334817847576893e+00,-2.483109081321313472e+00,-3.152755737958946369e+00
-8.004394117389891372e-01,8.721262547395216558e-01,-2.165478566597255572e+00,2.719365051859784277e+00,3.393294687506595242e+00
-1.739949608082082211e+00,2.668624298546755091e-01,3.434578433681179988e+00,1.460339072893793722e+00,2.823551058496888810e+00
7.735866716877787264e-01,-4.443562820908430133e+00,-1.698614766051692593e+00,-6.045918229554387846e-01,-1.185533517954646010e+00
3.043287595819896829e+00,-3.321723079338293694e+00,-1.427237884407964508e+00,-1.046264835792817260e+00,-1.254144452610695515e+00
-7.187884613252629729e-01,1.717815127134649567e+00,5.430919758304769696e-01,1.020451710447792149e+00,-4.494016438475248343e+00
4.012225976089894175e+00,1.944013022536139834e+00,-1.184176863490356002e+00,-1.926450159541812202e+00,9.680404833923909880e-02
-1.445161820526561725e+00,-4.043733136596300959e+00,1.557885579083452932e+00,1.074036861262862796e+00,-1.726026354265144391e+00
3.530391973118457649e+00,-6.535872728006659749e-01,-3.355091769458993678e+00,5.765147796953552506e-01,-7.212115641579087688e-01
-3.545001424466219131e+00,7.206141113236277373e-01,-1.466791987602613645e+00,-2.121975737462918232e+00,2.293342634195163932e+00
3.367267358151274648e-01,-3.769767541257895260e+00,1.209797137214071672e+00,-8.389600106486808651e-01,-2.916848432398689628e+00
-6.301607601438948825e-01,2.357006722679913846e+00,8.213200570621626007e-01,-1.508988596252442749e+00,-4.011957565311982776e+00
-5.789294093596862867e-01,8.747030933325958824e-01,6.002510216980385671e-01,1.543833895632328979e+00,-4.599566376425064718e+00
3.551889439559964501e+00,-5.286700460003865287e-02,-3.333844786424529527e+00,-6.881250542906264256e-01,8.906454618166129711e-01
-3.376920963164330658e+00,-1.298736666302852116e-01,3.294466942243297614e-01,-2.766687518604339369e-01,3.659843837743073092e+00
-1.597359217524623398e+00,1.894944534198699904e+00,-3.517072794682325476e+00,1.422013763786006857e+00,2.113221369144323347e+00
-3.560765383418687868e+00,-1.413697558224999318e+00,-2.627497068886076370e+00,1.814726618006412773e+00,3.541688199290331518e-01
-3.390109946778500305e+00,1.125668617690947837e+00,-8.975682676091131240e-01,-1.245775653218843981e+00,3.143634670047962487e+00
1.651612803142243457e+00,2.883851143037592935e-01,-2.759153208297008053e+00,1.251333510473234822e+00,3.606972025543820237e+00
7.384452261263677597e-01,-2.154827733356999619e+00,2.538927529974601693e+00,-1.148549798979252801e+00,3.470748686431862851e+00
1.804285154206928254e+00,-3.329626471144392141e+00,1.259222068858436294e-01,-2.133949624633052267e+00,-2.467497769462917212e+00
-5.230351831619401981e-01,-2.314979499180452649e+00,2.673503102054773706e+00,-3.267409744658215320e+00,-1.242464824196249484e+00
2.766117947961292955e+00,5.506489581546949452e-01,2.866984748846510556e+00,7.202558910163358030e-01,-2.882187905773549996e+00
-2.591009703446914170e+00,-7.887782492055210870e-01,1.541686766134739539e+00,-2.188429432466790558e+00,-3.240135201571424428e+00
2.762449700265068753e+00,1.859797859412261611e-01,1.063178603410162903e+00,2.725008331664680039e-01,-4.016177003806117085e+00
-1.457172374603393328e+00,1.071318680662995293e+00,2.134229412559883965e+00,4.103008004478336801e+00,5.825075835611054353e-01
-1.332666902449361368e+00,-9.701060614743366450e-01,1.765444766524229436e+00,2.190867946595959292e+00,-3.790276450806377095e+00
2.970709593604293985e+00,7.990627733140932554e-01,3.308205632758889903e-01,3.426349019155170872e+00,-1.920175343196349749e+00
-1.702375358338029221e+00,1.135532813121678197e+00,1.850374266268286716e+00,2.005958554791689163e+00,-3.655780179501712635e+00
2.834558220338928014e-01,3.176165689418681826e+00,1.798576246253541733e+00,2.730395999545301766e+00,2.035113137492402302e+00
-7.304143767289791311e-01,2.716765230399286746e-01,-4.699822431631104358e+00,1.369204044912576190e+00,-6.554663222688731361e-01
3.195191064087935739e+00,-8.380993413859335606e-01,2.370039586262614240e+00,-1.860310428589556198e+00,2.238414846888339138e+00
2.566745273172846620e+00,4.030474299251401993e-01,2.839919331697329796e-02,-3.726427465884080359e+00,-2.088612769088439958e+00
3.351665074084129170e+00,-2.577741376764703940e+00,-1.938314924360621472e+00,1.640299533526396791e+00,8.209405094120965085e-01
2.446668674185195513e+00,-2.986030184280506816e+00,3.172983384378247784e+00,-1.698216604053353895e-01,-2.780617635198716353e-02
3.558977587724204028e+00,-7.586556180331214261e-01,2.203770971124884515e+00,2.533127784726141307e+00,6.962595179811233992e-01
1.457960538762359815e-01,3.442310778251873149e+00,-1.228025029603376117e+00,1.612492322493071784e-01,3.405171541695327875e+00
-1.531784397435079992e+00,3.433618389226299250e+00,1.720273481245780944e+00,-2.681999552272316123e+00,-8.434683564159739522e-01
-2.501697044980043749e+00,-1.059871279028681723e+00,7.669646945542223093e-02,-6.135570436471231570e-01,4.151608142972105675e+00
2.224635257139731426e+00,-6.267773355340989783e-01,-2.815506454817777282e+00,-7.637678143856728719e-01,3.338821689299921847e+00
2.605210793415981385e+00,-1.395527504949308106e+00,4.708990814047532836e-01,1.563227429777376720e+00,3.687811513990729928e+00
-6.209070079780030227e-01,1.302501182993683226e+00,2.719035066291290992e+00,3.864409397431941340e+00,7.688650551701982083e-01
2.135099774480398338e+00,4.181688343928534835e+00,-7.635966923147629037e-01,1.463022839875183445e+00,4.809530213601811988e-01
-8.703679723860551221e-01,1.825744469689628113e+00,3.629040875992706194e+00,2.511099378513672153e+00,-1.197313223699072005e+00
-3.599667424745061628e-01,-3.009867568677372596e+00,2.978234979043675512e+00,-2.439858298509792967e+00,9.941474016110845024e-01
-2.347678773022299659e+00,1.830108048389613495e+00,5.250133265101368796e-01,-3.981759143466797379e+00,-9.520525366481399909e-02
1.360664372551226298e-01,-2.565811863112622770e+00,-3.105777890264358909e+00,2.760859144547306965e+00,-1.062965610016529894e+00
1.846596137562582229e-01,-3.713500327257731382e+00,-2.042882227137614581e+00,1.806970727320998393e-01,2.640037295277364748e+00
9.096750172046855765e-01,3.756027068226598931e-01,8.085069440992646850e-02,-4.900693696608302119e+00,-8.988006974981342656e-02
-1.808773554725423338e+00,-3.138137449308759486e+00,-1.472928841559565161e+00,-3.069113614192557016e+00,-5.398646384527886477e-01
2.779632302430157242e+00,-1.959663257051723173e+00,2.831800875880852608e+00,2.147923692832920839e+00,-8.948138305679461668e-01
1.524742736196181614e+00,-2.212170914084746975e+00,3.981074482488247579e+00,8.896553096538046823e-01,-1.068184829596527052e+00
7.696561954330498334e-02,1.456188343119110051e+00,-3.596284916627946693e+00,3.121174459268428070e+00,4.456417799276581881e-01
2.175951037845249569e+00,4.025999570507712733e+00,4.023354447792188426e-01,8.536004496855735812e-01,1.779341732591798841e+00
-2.657702029138164779e+00,8.392417477063236486e-01,3.123810749751323890e+00,5.245153860183821015e-01,2.683092101063580426e+00
-1.692146053927476634e+00,-1.311606524863457635e+00,1.512095879514202823e-01,6.806177505302648534e-01,4.464328078702097358e+00
2.733944059671058024e+00,-3.154729843996317395e+00,1.942158947141153558e+00,-1.322439844123563191e+00,1.432620317007377686e+00
-3.046078940383693898e-03,-4.577725359892275137e+00,3.653749715445305246e-01,1.975145295251033328e+00,9.860752313473195030e-02
-1.557190781183985351e+00,7.470192801808990257e-01,-2.799275507524632722e+00,2.722258159527092491e+00,-2.602015797779578143e+00
2.590409396494095962e+00,-1.614965282025502269e+00,-2.996946554675541829e+00,1.694248929177707419e+00,1.956910373728437236e+00
2.778223543099394566e-01,-1.334196098102222727e+00,2.544153892355516255e+00,-3.796350935587578856e+00,1.502576472972367849e+00
-1.749184405303889633e+00,-2.964902032141711330e-01,1.072852401908152009e-01,-2.246648623328233008e+00,-4.097988203518191597e+00
4.430217689712566020e+00,9.970473049432961865e-01,1.174979299549598899e+00,-9.978115475723013938e-01,1.415225655019179296e+00
1.716092954875829690e+00,-1.763356034026546171e+00,-1.245258148829443412e+00,-9.383290543007336559e-01,4.063800093030742744e+00
-2.100090178335346280e+00,3.290656857897582555e+00,8.858447400402392757e-01,-1.210816728625296212e+00,-2.740511016700207136e+00
-1.959795603220765736e+00,2.036047782904130798e+00,-3.649121094617012506e+00,1.868701350317908183e+00,-4.534105418590281822e-01
-3.755764735730689363e+00,3.360919244587814297e-02,-1.087055589981124726e+00,6.710943995187375333e-02,3.115591138032243634e+00
2.248221669800207323e+00,3.039374744635802372e+00,6.504888036218333669e-01,3.008217621071175962e+00,-1.111391715710680295e+00
-3.252980370933976406e+00,1.042539434123900488e+00,4.961332336443120550e-01,-1.441211681128975464e+00,3.317829251071533925e+00
2.083410817346913912e+00,2.106503678513578670e+00,2.536016207332812744e+00,-1.543278353179126539e+00,-2.721939628155747304e+00
3.512966139638435070e+00,-2.111600450683284724e-01,1.047455309444742744e+00,9.848522217823697522e-01,-3.247673600146251616e+00
1.580955218571923337e+00,-1.432042141358197407e+00,3.062883739870968292e+00,-1.449094791008576300e+00,2.994779354969288487e+00
3.595229760064614921e-01,1.647421650037201868e+00,4.490450758562858802e+00,-1.327870100688950616e+00,4.789134758291203053e-01
-3.746175692634365895e+00,1.423285319368577273e+00,-2.120450931538891304e+00,-1.395359296584361974e+00,-1.580217345796696371e+00
3.583946575444540983e+00,2.640746050856064286e-01,2.035113463919670185e+00,-1.153295036024622799e+00,-2.571733908506491417e+00
9.650328229783819989e-01,6.094144822966772734e-01,4.548005377912798686e+00,1.732659113903735948e+00,-1.042358711002460553e-01
-1.356765660638505677e+00,2.938475034746828474e+00,-2.694214938289281935e+00,-2.197890339041232988e+00,1.560459975817988232e+00
-1.911386384721628362e+00,-1.587669144451731018e+00,2.186526559805123782e+00,1.504220323073344190e+00,3.432540108866404260e+00
-8.014395875302339212e-01,-1.547044360588947454e+00,-2.234646642901503721e+00,3.956200866815048123e+00,-1.148554490083167234e+00
-2.817583642117457821e+00,1.401095136647796391e+00,-6.153335377109186988e-01,-2.392179536153750785e+00,2.999499381881817417e+00
-1.477389218774333823e+00,-9.621823317711087897e-01,2.311737968012622657e-01,-6.461013812745333151e-01,-4.628243504555967114e+00
3.977478500923149696e+00,-2.281025793261163948e+00,-1.191583009258634807e+00,1.593861346301092885e+00,1.277577629141286031e-01
-3.305606273284233954e-01,-4.282487503147499375e+00,-3.935486727005425012e-01,-2.411580295833553933e+00,7.618598138822706423e-01
-1.324147352092315488e+00,4.383171465674430500e+00,4.463892905770123765e-01,-1.901870389334428868e+00,-4.669767830154196719e-01
2.527267656305067334e+00,2.815839705875473165e+00,1.689421305297895026e+00,2.795950309286861835e+00,-1.117249543015404190e-01
-3.893204321847095972e+00,-2.394855516324954081e+00,-1.180922613117726394e+00,-1.287731335134689292e+00,-1.027033083507278066e+00
3.381460431273554779e+00,-2.688639128193168748e+00,1.066352665715449177e+00,2.196051984353072584e+00,-6.141601292988895233e-01
3.929050479041943600e+00,-8.319169425991647104e-01,-2.561485142584159824e+00,1.213044586837646710e+00,9.153104546661887664e-01
-4.081459081952661383e-01,1.036158288773827874e+00,4.253037474521506489e+00,-6.587458228905648250e-01,-2.288562671059874543e+00
-1.133330000100225998e+00,-2.000741447986642996e+00,2.677863147774619534e-01,1.267918009168586213e+00,-4.246559923140731385e+00
-2.198556115763096841e+00,-8.771080808434514320e-02,-9.971543361070419609e-01,4.686732485541214577e-01,-4.352549417991543379e+00
2.695030418680762097e+00,1.607584084928050716e+00,-2.327565916625765396e+00,3.109214593585203801e+00,2.602037030295497599e-01
1.039331302339809547e-02,-8.809177799043395041e-01,-8.267797611430003357e-01,-4.850871016332407137e+00,-9.675460486887672851e-02
-8.868423355833319199e-01,-1.455146774650026842e+00,-3.740992032966540815e-01,-3.236835561579163301e+00,3.388067866709879805e+00
2.071788207952222738e+00,3.613326083161719549e+00,-1.323239186785389598e-02,-2.639128220102376687e+00,-8.284898187654550217e-01
-1.799215851691252643e+00,-2.392783784890296223e-02,-2.130163312190474778e-01,3.010956833319212045e+00,3.556826221242910258e+00
-2.396497288222297684e+00,-2.088285731129179812e+00,-2.407748495994912197e-01,-3.683017538754799869e+00,-1.128393873490243449e+00
2.435614635187326904e+00,-2.581013919528408529e+00,1.838489781708661397e+00,-1.780132301762901381e+00,2.420172061411143272e+00
7.838250604704223301e-01,-3.756442773103911836e+00,-1.581115164227153480e+00,-2.106344697907503338e+00,-1.827058515215599144e+00
-1.772457289056120489e-01,-1.975713475011272591e+00,-8.139476661348591380e-01,9.076919001438279455e-01,-4.424785286028069642e+00
4.871577418301126228e-01,3.052371914002835140e+00,3.736581454581909156e+00,-9.213025425554874914e-01,-7.967833403987520935e-01
2.868032017591800820e+00,-1.320136247146834307e+00,1.167735975178245900e+00,-1.545492239677970669e+00,-3.358493570696102548e+00
-1.457767972803217793e+00,2.887459904525957022e+00,2.292247276501745201e+00,-3.698284344767196474e-01,3.024287881410593570e+00
-4.193230516355876958e+00,-1.479375039698481942e+00,1.165550151197228823e+00,-1.250889196825332728e-01,-1.963189480370071571e+00
-4.262524627636429031e+00,-1.994454241457912724e+00,8.996607347961463885e-01,3.797083199276220511e-01,-1.378211969026271078e+00
8.116491724246965855e-01,2.958253001064943821e-01,7.406282697182321462e-01,-4.821200239624217510e+00,-6.791251933633232207e-01
5.298638895045373332e-01,3.004984984856970964e+00,-5.601593298351880135e-01,-3.088947625699887123e+00,2.415353719492219220e+00
-8.905622067917334794e-01,9.492156547400155686e-01,3.645204669952596621e+00,-3.131543394696018279e+00,-4.602254642262180728e-01
-2.355908149669359020e+00,3.373905671220368330e+00,-6.983857802366018053e-01,-1.023018061403569573e-02,-2.752927524908064694e+00
-2.152270700377863388e+00,1.248499103758349049e+00,-2.616136684440174776e+00,-3.216801402679408284e+00,-1.271612521272006191e+00
1.476022851176328921e+00,6.086243669538097256e-01,-8.745636557405171985e-01,-2.341498091048036245e-01,-4.650940249208685096e+00
1.344087745466310269e+00,3.545998198488471864e+00,3.026462049880974003e+00,1.176201162821769231e+00,2.764112769240281708e-01
2.016091205309894274e+00,2.140688185503226482e+00,9.088391304045132513e-01,3.905216204469724950e+00,-5.254789964514700040e-01
1.706240195655989611e+00,9.292650125534175631e-02,-1.316410833013980319e+00,3.862950700094345269e+00,2.329116456396351342e+00
5.011541775427178491e-01,-5.351930512867257850e-01,1.176146801387861762e+00,-3.251382017927924029e+00,3.536609472823643241e+00
2.729442551620196777e+00,-1.815224905855939985e+00,-9.661649355824077912e-01,-3.284660017574188462e+00,1.591425708214460943e+00
4.528870444504023429e-01,-6.403891154806840014e-01,-1.805851389717538780e+00,-2.870759574551117854e+00,-3.589210961913658071e+00
-3.079685328609515604e+00,-1.463679645512160787e+00,-3.128699426218078727e+00,8.879397828710797747e-01,-1.672119318242037522e+00
3.786022858065849483e+00,9.620855401772404614e-01,8.346379790620095385e-01,2.274355630782999960e+00,1.967513212209185625e+00
-8.068192587925846482e-01,-2.273109373404701206e+00,-3.890520521627156558e+00,-1.661285774164356299e+00,-1.134017683961832779e+00
-2.107215685277610717e+00,-2.011917082571068605e+00,-1.939420089797324831e+00,-1.677673898462940238e+00,3.152124952200567432e+00
-3.901690619755305844e-01,1.119441439981721409e+00,1.888466261593413797e+00,8.634124956419021446e-01,4.391222267970684712e+00
-1.213112312904711887e+00,-6.803322091305131769e-01,3.033305814072273954e+00,-2.097540758519031989e+00,-3.076505356108668376e+00
2.737127755135770446e+00,-9.091195384223875742e-01,3.537363014137512085e+00,1.049558468662950661e+00,-1.751320428703421861e+00
2.588215843600850108e-01,1.203880526956562225e+00,-2.283203132447133132e+00,1.982708666058138336e+00,-3.786757566283545984e+00
1.005009850739356780e+00,-4.856936152170951537e+00,-3.063196117995380385e-01,4.614324966771085612e-01,-3.055728392527614634e-01
-2.759752165792876077e+00,-2.499538488384648982e+00,3.180733261635936504e+00,-6.493048528031544198e-01,-7.729259052033418120e-01
-2.295104562831054851e-01,3.804401244046326180e+00,-1.041257956445564181e+00,1.523895923607297975e+00,-2.658454289038529872e+00
2.553015573181438569e+00,4.136804867892847071e+00,8.682400987320220143e-01,7.510401368131759403e-01,-2.259531188555368997e-01
-1.542353727670080277e+00,-2.821469788605693196e+00,-2.904767888111929430e+00,-1.637941208103193436e+00,-1.881468927651678502e+00
4.684780409900075604e+00,9.236448334993290210e-01,3.680649186148280405e-01,2.379090589977320494e-02,1.436549665360724370e+00
2.292971573387831086e+00,-3.368749224654686181e+00,-3.659199174507211660e-01,-2.550676649144977937e+00,-1.324372028752943686e+00
-9.276845908951077968e-01,1.084062456658113210e-01,3.969952862173571795e+00,1.661387847828128983e+00,2.367892327983961209e+00
-3.429981397459369585e+00,1.391528208224402263e+00,-2.561642538989872819e-01,3.150851922328784749e+00,-1.142536168959144005e+00
-1.803724238457996565e-01,-3.915955122523776533e-01,-3.445891265621908950e+00,-3.498315083100207445e+00,8.377014434534620912e-01
8.513749951138420702e-01,-2.450232201167326984e+00,-3.336836947840819967e-01,6.644935155858366915e-01,-4.209349871136543797e+00
-3.876981142832599314e+00,1.101510742528694076e+00,-2.478508192117788500e+00,-1.250628444500414549e+00,1.024019988880004561e+00
2.145889879478722062e-01,2.525650649687466220e+00,2.898076412527549550e+00,1.755233779705619668e+00,2.663709415029455574e+00
-1.812583322881296422e+00,-1.502109779598316264e+00,-2.238668569955404308e+00,-3.596210210279580544e+00,-1.230383300042069417e+00
2.901918529557172111e+00,8.759055727885747822e-02,3.755794709219971939e+00,4.008228607110143615e-01,-1.518072422058651227e+00
-8.852113576520926896e-01,1.448573364740009195e+00,3.792724823923813382e+00,1.070708572194438046e+00,2.566487409412126830e+00
1.435629414129719006e+00,1.785061993357160759e+00,9.742632055093827237e-01,-4.020165398485978869e+00,-1.625300969163549603e+00
-9.924540899959608531e-01,1.391158266909467756e+00,-4.683527070814224480e+00,3.005579455715751136e-02,-3.786613022525620598e-01
-1.396996457652639245e+00,-4.516923768918253979e-01,-2.482585464598190850e+00,-4.982301596921704379e-01,4.053752707418484924e+00
-2.119583982819368106e+00,1.224992099722255645e+00,-2.590722731295886927e-01,2.990685310850087486e+00,3.161556740619188233e+00
2.144253539314748894e-02,-6.610144424486525949e-01,-8.910746698018168210e-01,-3.982364781627130146e+00,-2.812357872576621176e+00
3.569908179157988748e+00,-5.322157326236667263e-01,1.018674882362024942e-01,-6.657285998022289819e-01,-3.393954986822093733e+00
2.052175826238606948e+00,2.749130890970857166e+00,-4.590833057786291027e-01,-3.563945316644502093e+00,5.642605965639949650e-01
-2.510954924783928899e+00,2.257259955575269039e+00,1.847678306938426995e-01,3.242122645744018428e+00,1.747679735350320840e+00
-3.945851714039684821e-01,2.627475884670688711e+00,2.411363210860308470e+00,-1.860122078162957715e+00,-2.943797944428636626e+00
1.224985878841249098e+00,-2.514029579505882239e+00,-4.203529496287307377e-03,4.034492724350997150e+00,-9.496924015214864845e-01
3.922388120697275049e+00,1.863573779524998253e+00,1.003390906741814304e+00,-1.886870978795929937e-02,2.266012987372003185e+00
-2.175836212024098160e+00,-1.474468416237136648e+00,-2.391422803938930031e+00,3.183547712962262022e+00,1.495928006308252733e+00
-3.609536259983499917e+00,-2.157982757936956375e+00,-1.077993782221487562e+00,7.561425378731568836e-01,2.362315870543498786e+00
-2.700479994512663851e+00,4.057662364571820390e+00,1.884242521444728924e-01,1.057203631277904954e+00,-2.993337895910253565e-01
1.917039728366460416e+00,1.115097402922145431e+00,2.237389914779951194e+00,1.685054587066331377e+00,3.498027139647234218e+00
-2.657449072306604432e+00,1.198395219367391462e+00,-2.949168943062114856e+00,-1.188087571750845228e+00,2.528371767249273372e+00
-3.840179376193423089e+00,-2.539711293533713832e+00,4.535575692584078306e-02,6.743610121855094786e-01,1.829226335015385674e+00
-9.881735192206991640e-04,-4.628738880679432732e+00,-5.248968427906315348e-01,2.961267660057645412e-02,1.816144760698490845e+00
-2.304778801102829178e+00,3.456055132354961312e+00,7.219127889321329261e-02,2.552795831794369419e-01,-2.770071904080006142e+00
9.164864036476891851e-01,-3.905466427017609377e+00,2.442657812385736538e+00,-1.883992820653351274e-01,-1.704497926509570993e+00
-6.015770631363881460e-01,1.847650748922415431e+00,2.314218711792551897e+00,3.958392225728680991e+00,4.470061391016886265e-01
4.134155212449715400e+00,8.590778926542061988e-01,2.607947368622689943e+00,3.981585139485654401e-01,4.591581143701180534e-01
-1.239727730928738447e+00,2.060771700930493111e+00,-3.841061850573181502e+00,1.758415427834094213e+00,1.170689622844881983e+00
-1.253490619750179613e+00,-3.365578294863861508e+00,3.383368672362558893e+00,6.945331103135485851e-01,4.148303181945342533e-01
-4.286539850986648581e+00,8.177757643754788308e-01,-8.290470227858957042e-01,-2.266096004269070541e+00,-3.664817028844109537e-01
1.155518986694451300e+00,-8.134717756777014586e-01,4.384359216130263803e+00,1.943507401097064324e+00,-5.668145533547627735e-02
-2.353180051016394714e+00,-1.152376643891724450e+00,3.503405568245517632e+00,9.757119495784399854e-01,2.215560275403822388e+00
2.255553622862240370e+00,-3.888062183371312930e+00,-1.113527465464931421e+00,1.660736807159973294e+00,-8.930062450119059525e-01
2.364034298169578552e+00,2.440061034539223517e+00,1.978196250537306300e-01,7.123678240094124536e-01,-3.593166217149011743e+00
-7.694482545745118252e-01,-9.182259303368371928e-01,2.393662714130511571e+00,-3.328261398310903285e+00,-2.599589467566790990e+00
2.215040565713661813e+00,-2.373379642923855837e+00,-2.633471297112197185e+00,9.346657998122254174e-01,-2.579126428220436029e+00
5.309732300215261880e-01,-1.149891004254207511e-02,-2.317146479818686267e+00,1.196654445720890081e+00,-4.232822407409581267e+00
4.182723781492499349e+00,8.196627243702028220e-01,-1.261652452847448647e+00,1.871310446132007366e+00,1.318865075902893258e+00
6.371616894084446425e-01,1.069710787472588631e+00,1.409933360842188232e+00,-4.506743052484145196e+00,1.072892720445570269e+00
5.898619089837561225e-01,-7.791364988188890228e-01,-1.416597507249695020e+00,4.678719726407382318e+00,3.845028851889888966e-01
1.075581034223224597e+00,1.580362662183167899e+00,3.237526126077106881e+00,-2.961472722462791474e+00,1.446956527292238670e+00
-3.186844735908751503e+00,-1.354171161196286333e+00,2.230905710627352434e+00,2.507424238932335125e+00,-1.321410039200489495e+00
9.530307511124638253e-01,4.150913991302796369e+00,2.326628496323315698e+00,1.194923401662498330e+00,-1.435385958421339370e-01
-4.086312541659836151e-01,2.524981490349906821e+00,1.545309074784536163e+00,3.912300362678637455e+00,-8.737360625968562111e-01
2.444412136026175020e+00,-1.944911456767251856e+00,3.762851275431258191e+00,1.009179764254095168e+00,2.543132261382481940e-01
-2.046273886394198271e+00,-1.580683169970246382e+00,4.064581937993205329e+00,-1.318350246665028980e+00,-2.352237115846318449e-01
2.234496035520569635e+00,-7.643223679252107716e-02,2.017445650768625587e+00,-3.272460151727915267e+00,2.285192154277055465e+00
-5.863636254494890565e-01,-9.997158111976923722e-01,-4.789517090859270354e+00,8.062625910300885712e-01,2.592540573712951435e-01
2.001927602795335659e+00,1.836864089423971613e+00,9.839854931974825192e-01,-4.079050909270343972e+00,-1.064538346348105624e-01
6.634446490468195456e-01,1.695907747517568787e+00,1.496510290910329166e+00,4.287707975211525024e+00,-1.029444208331848243e+00
-8.999187725214674582e-02,3.926743366035262972e-01,-2.015952891299294114e-01,6.060046112338038915e-01,-4.942653748540918990e+00
3.779063430699800996e+00,-2.353830156400305906e+00,1.652889674098078743e+00,-1.528178572627900689e+00,-3.328500518084145932e-01
-1.925445960317354155e+00,-1.810417452465344690e+00,2.123156327108346897e+00,-1.020809113678433216e-01,-3.673803641990216029e+00
-1.710335596509919398e+00,4.679587811826405042e-01,-3.885597632344671037e+00,-9.258109719683639272e-01,2.429150429702861658e+00
1.765640376557595426e+00,3.423391714775108952e+00,5.877214981126721582e-01,-8.971832310787380971e-01,3.002090757856265668e+00
-2.958329226950559554e-01,-3.603999063937787906e+00,-1.411579262586916350e+00,1.208924161130504160e+00,-2.910261154442111753e+00
1.521698407188927904e+00,4.332272802715566584e+00,-4.233074103739359328e-01,1.888155530553671024e+00,-4.141567929803728898e-01
2.193863977696650647e+00,-1.890763378938398409e+00,6.679359195387549741e-01,3.106306040312780681e+00,2.552782615801183930e+00
2.251453751446649942e+00,-4.653850182291778825e-01,1.515015592949015666e+00,5.749342535700154855e-01,4.133830082030207187e+00
4.273718855514077930e+00,1.414943553123257369e-01,-1.059521230949054704e+00,-4.176179862549308369e-02,-2.364524731268835112e+00
2.164354182465648258e+00,-1.615326127692717550e+00,8.299089604906373374e-01,-2.429409596431387097e+00,3.333993491910435036e+00
3.084839391749899740e+00,4.369149972026861173e-01,3.442508898475439505e+00,1.812882078686280929e+00,-3.942870338002678610e-01
-1.326521387439226485e-01,-1.989984071127228082e+00,4.306800003370400143e-01,-1.096260721398848448e+00,4.431150412113577630e+00
-1.025921650717534828e+00,-1.295514909225541800e+00,-2.349346237877468102e+00,-4.008794005846216812e+00,-8.241776263802418345e-01
-1.586538024016431070e+00,-1.216182497888205427e+00,3.700985668740649714e+00,-2.677046624017429544e+00,3.740637416185238484e-01
-2.191420697930003936e+00,-6.969015221760872514e-01,6.103501592863510572e-01,2.043717825649038478e+00,3.893930369852049544e+00
-5.182590651009676419e-01,2.478763271469709650e+00,-2.757455069396647751e+00,2.095230883867702509e+00,2.567798525780236041e+00
9.932926012370003610e-01,-7.355219746298438110e-01,-3.116139777672040090e-01,-2.309889794276409614e+00,4.247314810597659474e+00
3.119793423278356403e-01,9.174606071022299858e-01,-2.941076878663418270e+00,-1.103020501521171648e-01,3.924134958930436845e+00
-3.081362091892051236e+00,1.729864342440824210e+00,3.283403206902997251e+00,-1.245431054149271022e+00,4.253726432931042023e-01
2.745059887186267922e+00,-3.225317876884798984e+00,-2.131481257435088317e+00,5.224628909254123155e-01,1.498596338450431942e+00
-2.452259263873184381e-01,-2.502686929092412527e+00,4.270611928701637083e+00,3.330521846429541633e-01,-5.721646412644740831e-01
-2.611235974489681588e+00,-1.436956531002528292e+00,1.314540413069875457e+00,-1.179843767969718238e+00,-3.605073480406356889e+00
-2.144778447769727092e-01,-2.487761097646699948e+00,3.031811106566328018e+00,-7.644332369144348771e-01,-2.998133955569211473e+00
-9.535275579468928120e-01,2.930000743408835540e+00,2.935049713874531729e+00,-7.703600883218004736e-01,2.509563577848817228e+00
-1.069667804136642086e+00,-5.032256296383192939e-01,-6.408168378797090003e-01,3.596027791412792496e+00,-3.203203499333955762e+00
3.175007823550203945e+00,3.143234844045747156e+00,-1.687210724771668890e-01,2.215688360076490060e+00,-3.188390288145627194e-01
-3.554848360888833270e+00,1.038400128963524599e-01,-2.251551694330720998e+00,-7.868540360615331464e-01,-2.581403896428801303e+00
-9.477365115881255520e-01,2.988406149249767108e-01,3.036713631886668985e+00,-3.641946865964455160e+00,-1.235752052346823726e+00
4.654476502626271883e-01,4.435055734563725593e+00,1.151008952337859936e+00,-3.117834185781754308e-01,-1.921355929471741719e+00
4.173208555577489598e+00,-2.241644030661526621e+00,-1.395958370240594659e+00,-5.073709858069189726e-01,-5.943377009503320041e-01
2.689941739425506517e-01,-3.180993166929092730e+00,2.382171457050590302e+00,-1.785932891651530463e+00,-2.438160671913577104e+00
4.230657626887632805e-01,2.607512904696881240e+00,1.085837821770740508e+00,-4.103730526002448364e+00,-4.736884047188322927e-02
1.352475453769948821e+00,1.802602350782946394e-01,1.883777324228063099e+00,-1.146761736151928224e+00,-4.274884432101207388e+00
-4.211478026744869263e-01,-3.889958609450658855e+00,-5.606194361666778647e-01,3.003123789051147519e+00,-5.981721328266498272e-01
-4.769480808837553099e+00,1.609893024429855379e-01,-3.989989575912427644e-01,-1.435681348001479840e+00,-7.585616303876083211e-02
-7.270621079959314892e-02,8.962406434592739002e-01,4.427335236603613389e+00,-2.122650187647007414e+00,-2.907325223173956030e-01
5.598249582941990932e-01,4.789727319891062818e-01,-4.177299039029882088e+00,-2.579102956746450293e+00,-5.963068128937791812e-01
3.478183916293471345e-01,-2.234586087165316037e+00,4.375493568100733199e+00,1.039140241803652442e-01,8.543449517492004430e-01
1.317777946827042523e+00,1.356086293997949221e+00,-2.289096846192447021e+00,-1.606797326758696798e+00,-3.688187796948538377e+00
1.492432196751414475e+00,1.057989917736463115e+00,6.182472411795517653e-01,2.709218905748501660e-01,4.604093303794891234e+00
-2.785608270732913283e+00,-2.220828793503299980e+00,-1.665222987797878029e-01,-2.735478832135223026e+00,-2.190372551626840636e+00
3.950778578100749838e-01,2.660870740654488475e+00,6.068612467746637984e-01,3.215107508904252676e+00,2.656780668619001862e+00
-3.599321836346823122e+00,2.562898228164904868e+00,1.357457065897631932e+00,-1.879827670513598115e+00,-3.162170676641736788e-01
8.325435663109097550e-01,-7.914734965680432222e-01,4.654411573507784006e-01,4.273950890908100320e+00,2.279725690861619469e+00
1.519851527086758081e+00,-3.739069057897739690e+00,-1.561399687025334160e+00,-2.444772016221526290e+00,5.427105323660846858e-01
1.080723138597790900e+00,4.524626942266569252e+00,-1.962396855477579749e-01,-1.547169380342424461e+00,-9.630915975969088771e-01
3.593052895902013599e+00,1.767801268746337584e+00,6.683549039431674332e-01,2.727537154332201563e+00,1.038601153273725375e+00
-1.459391176578076710e+00,-8.625179817288436412e-01,-3.508351038527351307e+00,-1.840060635769332098e+00,2.536117105355482959e+00
2.231136507423941318e+00,-9.623451998408481811e-02,3.033456114613213295e+00,1.533903348253526033e+00,2.908273254241399819e+00
-4.797997556735346669e-01,2.108257863916866981e+00,4.399372298436921014e+00,3.931553884215578942e-01,-9.033234160527672252e-01
5.644315952227102473e-01,7.648365105764759475e-01,-3.652477023770075881e+00,2.494328554217211558e+00,-2.129361110956032643e+00
2.682699169495657898e+00,3.304290065593350700e+00,2.189259292574972982e+00,-1.044531687114260698e+00,1.000444717561529417e+00
3.648849329841139078e+00,1.212924915298835060e+00,-2.159458581856144588e-01,2.323932388881982281e+00,2.183441631050150988e+00
1.408700979609122106e-01,7.707141474048426755e-01,-1.609196823941967114e-01,-4.217209444760380066e+00,-2.564255188808732822e+00
1.589031298405125359e+00,4.627226620933419632e+00,-5.362158058326502857e-02,-1.029969864304610905e+00,6.335292740235747878e-03
-2.801835883818916351e+00,-3.742314151518035814e+00,4.154308612551693702e-01,1.680348336067441828e+00,3.855478446116427649e-01
2.638954250910183319e+00,-1.159082437144378502e-01,4.939865116107629017e-01,-3.307937850200778573e+00,-2.614576494615866498e+00
5.578093861237103379e-01,1.545500081372678691e+00,-3.050170509825759435e+00,1.201257086246918071e+00,3.399076265834611199e+00
2.936788953655595780e+00,-1.990373055066542829e+00,-1.027900503825362355e+00,-2.306374567929380337e+00,2.457181851226253766e+00
6.664194898511445475e-02,2.327156664904609595e+00,5.684893281980525348e-01,-8.006238353207096869e-01,-4.314594078898593921e+00
2.409237796925063790e+00,-1.597205459619785994e+00,6.374202962313391119e-01,-2.539840803025927851e+00,3.128483980918773000e+00
-1.345974272482390433e+00,-6.190810588682292837e-01,-3.488323712559541434e+00,1.742002573384796360e+00,2.757193611461055127e+00
3.954319933187202096e+00,1.123818910992362197e+00,1.284256979742521843e+00,-1.836049143134170558e+00,1.754990733671606851e+00
-3.278870238809625803e+00,-6.604244863688515932e-02,-3.482759671754724007e+00,-1.268798141221053610e+00,7.107634611173220263e-01
1.900392568882468769e+00,-1.115035639680043156e+00,3.580668060496192240e+00,-7.051903752800228187e-01,2.612800486362184760e+00
-1.296660156726905377e+00,-3.486876227414275053e+00,9.528654333341944893e-01,-3.157046053655779172e+00,-5.342979446932731857e-01
-3.132256697531040857e+00,3.092400256156692673e-01,-8.728969019582455413e-01,-3.667443086008251196e+00,-9.387495921549761091e-01
1.736697577216300026e+00,-3.557536997961243674e+00,-8.415719630892272152e-01,-2.006660275682200290e+00,-2.143101304737860868e+00
-3.383218690136787110e+00,-1.260093521756744162e+00,-2.397833033737025499e+00,2.408945662286249512e+00,6.429410156519527186e-01
8.880969535367382317e-01,-1.077197393683056781e+00,1.879588348393479658e+00,-1.810584204264737762e+00,4.029871220772655249e+00
2.984926747097980559e+00,1.132874428113791243e+00,3.842487854475769016e+00,1.838970372150237342e-01,9.097698881949305150e-02
1.817628794959329941e+00,-2.231159837956013359e+00,-3.309967309168401872e+00,1.072742193117417697e+00,-2.147438460251867021e+00
1.297960209975101531e+00,-2.989197268050087342e+00,6.810367305365182533e-01,3.497947757810617175e-01,3.714004788971022375e+00
1.704585677177653802e-01,-4.769286063459705183e+00,1.276212784955982560e+00,-3.718679970522761336e-01,6.766457284752985801e-01
-2.051559136555006990e+00,3.532501510980845083e+00,-1.449998218431366004e+00,-2.212176292890687623e+00,-1.147309635562254737e+00
2.757041688984203098e+00,1.068436328953336290e+00,-1.942531454557169246e+00,-3.485439301478467033e+00,-5.791799029154562906e-01
-2.329220524016637039e+00,5.507328377614396642e-01,-3.463704016707873645e+00,-2.782815713407331137e-01,-2.682673842196394709e+00
4.767980979999447477e+00,1.398764939070558988e+00,-3.687463995235839564e-01,3.418168025754865780e-01,-2.387496301691629241e-01
-4.782345480408439764e-01,1.215335751354511551e+00,4.306081958618726446e+00,-6.572035849830036858e-01,-2.078459126873447360e+00
1.957012673019175475e+00,-6.512465791857665609e-01,6.472555937492425748e-01,-4.495730524038562770e+00,-3.397742520107249753e-01
1.662883911038460116e+00,-6.727063906535257765e-01,8.392383898256733366e-01,1.507816062863614581e+00,-4.336410134661690563e+00
-9.388472552523593473e-01,-2.939749721558134965e+00,1.033405821018338333e+00,2.426831938112850917e+00,-2.918732012217774674e+00
-2.815858956736544183e+00,3.162407018062192599e+00,2.588015843580681263e+00,4.649578016494727573e-01,3.951055858099582485e-01
4.042335742258414299e+00,1.470734715418800409e+00,-1.340637787441822715e+00,1.972269906405679452e+00,-8.996126293531684359e-01
2.531844967422614001e+00,2.513352033862678248e+00,-1.805173469611741854e+00,-2.453938075031205091e-01,-2.992315698362081111e+00
-2.586626792805178265e+00,-3.748955673793714638e+00,-1.305158463493873100e+00,-6.616260099761096525e-01,-1.453790080708257770e+00
7.269779989161337941e-01,2.243248851589381143e+00,3.210882173205224177e+00,-3.018868659884332395e+00,-1.265119089093534877e-01
-2.193851821434398719e+00,-6.550024182091060965e-01,-4.378487869890271611e+00,-7.532407223239788729e-01,1.394933876059897271e-01
4.372306238226788544e+00,-9.343743447095120835e-01,1.960298330772457964e+00,1.076551627946219503e+00,-9.027618649920356175e-02
1.814704208518145068e+00,1.142192543583659514e+00,2.175265715108169129e+00,2.569053210919145513e+00,3.011715374518216137e+00
1.753370332631454254e+00,1.615237921133233501e+00,3.201909075671384386e+00,-1.094713123381969577e+00,-2.804653344605990029e+00
-2.547021702587124015e+00,1.012628515224249348e+00,3.922197132985959289e+00,6.128065831908262318e-02,1.449095672347972652e+00
-2.129269552974420332e+00,1.519212207488282118e+00,-2.871814192397196486e+00,-2.706548810174574715e+00,1.607943475960311952e+00
-1.253632415904307962e+00,-3.567288238842741599e+00,1.854765048903609825e+00,-2.468379399931120322e+00,-1.081577615416225546e+00
9.861106574970518457e-01,1.932886908628215661e+00,8.275735591233549515e-01,3.440789083219021549e+00,2.787046188828793625e+00
-8.531512845113881083e-01,1.157720593418632538e+00,-4.695988761421387103e+00,-9.366477395874811540e-01,-4.686659621384272473e-02
2.950940956507464463e+00,9.978107641336599887e-01,1.422309987057293945e+00,6.325336035444137917e-01,-3.587932091231663012e+00
1.654674596862484859e-01,-2.042912927253851763e+00,-3.066243431198992564e+00,8.657727146386610118e-01,-3.263083835677579980e+00
4.145842231379567866e-01,-2.520332273061208217e-01,-2.091503458883842814e+00,-1.894426301838288973e+00,-4.098946382015625112e+00
-2.669332765010375308e+00,3.519111087952194517e+00,2.276078949751914937e+00,3.176626703830165988e-01,4.572469602253625975e-01
4.932336455342691828e-01,2.531485440138620646e+00,1.855542465995055013e+00,2.196721831461272423e+00,-3.174850766469122121e+00
-1.061551006816512599e+00,1.644016285522780896e+00,-2.924592985633837627e-01,4.591026569670519031e+00,-8.522035042104758595e-02
3.607712174375010683e-01,-5.829189830289095431e-01,-2.446149078224007400e+00,-4.229046704609732643e+00,-8.133684560066235525e-01
3.358756035423238195e+00,-3.203606855583374990e+00,-1.376206910001339878e+00,-1.249168104284135605e+00,3.598051515629871466e-02
3.165974971447300668e+00,-4.787806249953685533e-01,3.599595136164907228e+00,-1.320414194077440984e+00,-2.163164466125407359e-01
1.674778646793753101e+00,2.240309741480699834e+00,4.115930325272437962e+00,-3.390397985960773575e-01,3.468404805397088952e-01
-3.851048966933944828e-01,-2.707963986747142116e+00,-3.585270349380373478e+00,8.979501408067469548e-01,-1.964216722131845838e+00
-3.847756538851843100e+00,-1.708536099611820180e+00,-1.246220331546668891e+00,9.757267879520881149e-01,2.184162570542433457e+00
-2.410941989244587802e+00,-7.469781271383831855e-01,-2.787992656107384448e+00,-2.000377993250468389e+00,2.618199235292208549e+00
-1.300791713798909788e+00,8.358799916392081197e-01,-4.265237328177983400e+00,2.083622898933539691e+00,-2.747939341511398958e-01
2.075472201305376352e+00,1.823799407781685922e+00,3.487438930449379804e+00,1.336672422664858750e+00,1.848579833996121469e+00
1.241751450036921778e+00,-6.503219583841007845e-01,-4.177107750819268439e+00,2.569602586449095116e-01,-2.349654644899416223e+00
-5.325927670038258510e-01,3.079627342728963768e+00,3.402494715745739695e-01,3.875445363145750832e+00,3.120799718288129743e-01
-4.004708881472947013e+00,1.616655215000161405e+00,1.601828880268015176e+00,-1.810530782044467824e+00,-7.105316432596435750e-01
2.505146994663407511e+00,1.908469209447182013e+00,-2.415988506226902643e+00,-2.748538652277040306e+00,1.300199456406421872e+00
8.713581362710085682e-03,-3.189795799906806728e+00,9.883317539632191506e-01,2.915040448916980775e+00,-2.313193972342701521e+00
-2.727670778831232212e+00,2.683416828942538412e+00,1.871321333763877881e-01,1.826215991181459497e+00,-2.643672249479747993e+00
3.973849294676729205e+00,1.257368503375565716e+00,-1.809739554728883260e+00,1.352197225086069654e+00,-1.588694948199807611e+00
2.645178089623594797e+00,-3.326230449182896454e+00,1.800382737095853392e+00,1.871979930220000199e+00,4.399284190917677750e-01
3.082076999073724455e+00,-1.099912033809202772e+00,-2.352400541798940647e+00,2.917556522277988229e+00,4.950459775815135854e-01
-1.645279516504065009e+00,2.534689467235182736e+00,3.529893288219090319e+00,1.770340750391299789e+00,-5.235948992770631527e-01
-2.285917692940437007e+00,1.466660821893756461e+00,-3.102161248322830911e+00,-2.806999809484532982e+00,-3.476118432702320349e-01
-1.236451555571413730e+00,-1.113505944632921185e+00,1.694165574138110753e+00,3.270351390172772099e+00,2.943789539724686488e+00
-1.510662309617636812e+00,-3.187399106191145304e+00,-1.438707201250201351e+00,-2.276861901638612906e+00,-2.303129999389962101e+00
-2.528219591398559452e+00,1.632225290656500682e+00,2.918194384793749041e+00,2.400620533362851194e+00,1.290390981665903825e+00
-6.404500418402867545e-01,-4.184371150190534294e+00,1.490109867257375598e+00,-2.118909031311399627e+00,6.088176425573690320e-01
-3.225463635860258638e+00,7.240656032200926129e-02,-1.670261137398813434e+00,-3.434475678900819062e+00,-7.580348078702925374e-02
-8.821324505955890904e-01,-4.519937744087669240e-01,-3.064172799546145409e+00,1.037125640669843252e+00,-3.681407261834615419e+00
1.711094474336765980e+00,2.910161734466027106e+00,1.470978202926567446e+00,8.029393168932560387e-01,-3.285517608999500183e+00
-1.896559232486463853e-01,-2.969611692720275364e+00,-1.044068645475674240e+00,-3.837906223202010469e+00,-5.708182816602793697e-01
-3.604131767998285163e+00,2.424183328652050662e+00,-3.428778833016707939e-01,-2.432930039262101829e+00,-3.112162739795153454e-01
-2.438963065255283613e+00,-9.696786807085977511e-01,-1.510810994003020546e+00,-2.228622330251495143e+00,3.295735892331754346e+00
-7.706579030848543788e-01,1.598239408762610345e-03,-3.025847870646548365e+00,2.970613519486244858e+00,2.534912981463652848e+00
-8.147162221458014164e-01,4.402725873470608731e-01,-2.229771449429547747e+00,4.254066866859015583e+00,-1.036065587597798210e+00
-1.136604150000318558e+00,4.250391829765308493e+00,8.775662856625408015e-01,1.728707830043114957e-01,2.200521166978018694e+00
-2.162264775848808940e-01,3.504697144535684483e+00,1.084327099684360557e-01,-7.406137850621161700e-01,3.479953678464631661e+00
4.098529739607878142e+00,-5.879661568064478011e-02,-2.004113756319327422e+00,-8.861659693675772997e-01,1.843050421990875876e+00
-1.067754220487561856e+00,1.116406835781957874e+00,-2.077337180075180978e+00,4.120351868225316849e+00,1.149307367043190586e+00
1.789111830483749305e-02,9.999323693281509939e-01,-3.447616204364550185e+00,-1.049614269571896630e+00,3.318443544369802822e+00
-6.866167387948471923e-01,-1.693335836453125631e-01,5.965818247293526166e-01,-4.904924633077941465e+00,2.927252324012765694e-01
3.431705398543123398e+00,-2.405739267465629161e-01,2.763548645107113177e+00,-1.911870245645172606e+00,-1.368602679130441091e+00
-1.629546542947313825e-01,-1.092084286867604837e+00,-1.569647379301104317e+00,1.961407716420353387e+00,4.179699099892291159e+00
-2.464505154811328147e+00,-2.301772260513655244e+00,3.536040435126646564e+00,-1.060341352155946604e+00,-1.237177011184237112e-02
-1.146950990221154987e+00,-3.555973168523189454e+00,2.816178364086993291e+00,1.145510182348757455e+00,-1.340337306261926154e+00
-2.508895522354865015e+00,-1.443654571727750913e+00,3.844911228782461610e+00,-1.308878833172015144e+00,-3.532684224411816731e-01
1.229262993601515364e+00,-6.894221855225527405e-03,2.612365907646537089e+00,3.075484345650676854e+00,-2.684363121205952663e+00
-1.351951437554071989e+00,4.109530770326977667e+00,-1.070770284691813234e+00,-2.056622260747834330e-01,-2.257241281834578395e+00
-2.593395369945711071e+00,2.103866803234462957e+00,-2.470638259232642575e+00,-2.777201467883885666e+00,1.764752905979694309e-01
1.036268435452820436e+00,-2.443152752806784456e+00,-1.307960211245796867e+00,3.585592022331056672e+00,1.841174161053356517e+00
1.664316019597359642e+00,3.143649066660393565e+00,-2.328184208169302438e-01,5.895909738186917437e-01,3.456255314515505717e+00
-9.953552704801853501e-01,-3.059239429002730493e+00,-9.965564476722845733e-01,-3.689350700795170024e+00,-2.142163735743504993e-01
2.255973429850484990e+00,-9.132040436252489846e-01,-2.311599002236732758e+00,-2.190241367469887568e-01,3.699348691174637604e+00
-2.242811206353666709e+00,3.467159665987654904e+00,9.532222130505788593e-01,2.314716955415800914e+00,-1.296940465888986260e+00
2.796597915429693604e+00,4.952796095766811013e-01,1.963252778421312517e+00,-9.038864587013361040e-01,3.501766126620852848e+00
2.494248199132175881e+00,-5.165693043003897200e-01,-1.443298850563518698e+00,-1.143407269411181426e+00,3.888623190693616394e+00
1.599715711283649977e+00,-3.611010653912151369e+00,2.573117291736557899e+00,8.229322104966895202e-01,1.450297100699899255e+00
1.448685313584283207e+00,8.659129296938061771e-01,-1.672239993692509419e+00,-4.155030995047530595e+00,-1.445972508066420747e+00
7.236811084220305945e-01,-1.139543133053042556e+00,1.053425311424140531e+00,-3.388000745719272899e+00,3.254147071274025471e+00
-3.373898853043616253e+00,1.277175128305029439e+00,-2.980236125599112995e+00,1.199641038477964994e+00,1.290226428013121485e+00
2.760193211660881385e+00,-3.289315161813723964e-01,1.343372345015624747e+00,3.786646016114248336e+00,1.062920591228302403e+00
-1.078171094258398188e+00,-4.179575789592245294e-01,3.631655354275200143e+00,-1.369826180176656250e+00,-2.932151799884020527e+00
4.804574908502906583e-01,4.004742252600681063e+00,7.708050167414554066e-01,-2.821681182524232945e+00,-4.185391499913861946e-01
3.436022998979752607e+00,-3.185788725606962524e-02,-2.742451981454108623e+00,-4.769790071206180815e-01,2.333276490621382759e+00
-4.632564579118987336e-01,-2.990015309556484535e+00,-3.570465148274079237e+00,6.959800220557456341e-02,1.758447225784701029e+00
-1.051669355311746434e+00,5.957318454465626578e-01,-2.273282060910775809e-02,5.672541735025099507e-01,4.818381580668985364e+00
1.215450917749531623e+00,6.427271723584797591e-01,8.079762400459699068e-01,-3.612005870919165584e+00,3.067599848810231400e+00
1.481445514802369745e+00,-1.262687272912804248e+00,-4.387720644698658745e+00,2.241314343188224260e-03,-1.399586566844357227e+00
-1.747490603625631911e+00,2.101145881397716408e+00,4.078618983143740273e-01,2.333120638371320332e+00,3.452775598563383674e+00
8.874008533970707546e-01,3.019238725067759255e+00,-1.569871548337076206e+00,2.510161618914657833e+00,2.516209294770779703e+00
-8.535040202397831122e-01,2.496842703700223876e+00,-1.873009927499559746e+00,-2.951034733922540010e+00,-2.412578539878920569e+00
3.291718184991692997e+00,3.127897951704350366e+00,1.624278306474645328e+00,3.456227506723858478e-01,1.274013615175378478e+00
1.765151730708240718e+00,1.653962871914579136e+00,1.735046818237637289e+00,1.893742669149067970e+00,3.542879821201024182e+00
2.856771126142498396e+00,3.234198908845579368e+00,1.977097482858525934e+00,4.203531270783875118e-01,-1.514333167665057100e+00
4.552377877048345844e+00,-1.763932946431709503e+00,7.149711883729444883e-01,-6.469953956442405785e-01,-4.843649273690977530e-01
1.828414645593907428e+00,-5.464791727948702382e-01,-1.927963096406426047e+00,1.685360584684489016e+00,-3.847177978202469539e+00
2.893028696152155632e+00,-1.902437448880338611e+00,8.600350405280329236e-01,2.681445526679561819e+00,-2.254175311028833839e+00
-1.916029484844464115e+00,-8.857324661293122237e-01,8.982756295503375732e-01,4.277565122954634980e+00,1.199936049916486835e+00
-6.240428537108758666e-01,-2.221000658291734098e+00,1.790780016522073748e+00,3.588866571959684393e+00,-1.894959169400653787e+00
1.333966115627863158e-01,-9.294734921809443690e-03,-1.944130155416071482e+00,-2.185322807274808099e+00,4.053003962338642019e+00
3.404844597643157833e+00,-1.560654927616159426e+00,3.278499156327180586e+00,-1.765212621799824855e-01,-4.378047381743939703e-01
2.115926798887494797e+00,1.148778139292544243e+00,8.843427445017991717e-01,-3.623489505533282085e+00,-2.300309605677129277e+00
-2.892825358500292321e+00,-2.071786400340206225e+00,-4.858944804802673989e-01,3.063619566820498186e+00,1.648455113194296606e+00
-4.468241211803144486e-01,-1.712964546013207690e+00,-3.734086134864464501e+00,-7.843177637548887082e-01,-2.703247501007759901e+00
2.041284914664612593e+00,2.151649484719475591e+00,-4.753023180381987234e-01,-2.844565138709206131e+00,2.808219590804267973e+00
1.649357926275883290e+00,-2.950002793781552057e+00,2.168202031846688249e-01,3.444320686237066553e+00,1.291025157602412543e+00
-7.623084688757112426e-01,-1.749731020796217340e+00,-3.301867365425392276e+00,3.218297085383519995e+00,3.123506434994303138e-01
-4.443456969583593263e+00,2.725402748016503285e-01,1.208277273052331013e+00,1.315336779030209957e+00,-1.411158087255178106e+00
-3.903482394442459480e+00,1.083239340135026207e+00,4.582593834941866562e-01,2.710582140242884908e+00,-1.015953014020540834e+00
-1.965228026818351736e+00,3.290285061615635165e+00,1.253410830099887407e+00,1.412522032412774742e+00,-2.597238112852467307e+00
-3.548067367777197667e+00,-1.246743073086211684e+00,-1.104997983507044257e+00,-2.339509872260026935e+00,-2.040226133905106209e+00
-3.598467829795147788e-01,-3.185677030191483627e+00,-4.107522162687544109e-01,2.777909841127512713e+00,-2.614664736345155838e+00
-8.162952809903536999e-02,3.102441270755296743e-01,-2.376505831055353735e+00,2.957454097819363525e+00,-3.240797817823386939e+00
-1.342998785365683068e+00,-9.411174697462003635e-01,-4.624316154878806984e+00,2.790108861217384106e-01,9.211434176051278566e-01
-3.028992370341199614e+00,-2.048013666633714536e+00,5.492661155095833747e-01,3.122990733689738452e+00,1.255420588224270606e+00
-2.487170745607096389e+00,1.812128778915725658e+00,1.762629709808263057e+00,-3.514778573860199984e+00,2.638921250362313842e-01
-2.528395739849857549e+00,-9.255051944349439452e-01,-2.012844431924072808e+00,-2.769817129205808470e+00,-2.455040830905543814e+00
3.485868414577947827e-01,-2.471577642019459897e-01,-2.387387029771536273e+00,4.344230682283535039e+00,-4.954222469188749867e-01
-9.916072133421666157e-01,-1.911748797483896034e+00,2.174026689651947564e+00,2.407242941664180513e+00,3.136992356104111757e+00
-2.797267592136335246e+00,-7.484812494941769367e-01,-2.820158203672993746e+00,-8.996736458291080263e-01,-2.802207143377501541e+00
-9.843951102986266966e-01,4.386335921176288899e+00,-5.905346318599072886e-01,1.718031058458211913e+00,1.220926526931802147e+00
-1.928770217855175995e+00,-2.930933118267894155e+00,9.935129489716620910e-01,-3.334755252633685441e+00,7.627685941443911322e-01
-6.372557180649789377e-01,-3.441821725075770999e+00,1.937906283796694717e+00,-2.670781848785669155e+00,1.363529212744714725e+00
-3.007925967920972998e-01,3.325274018037596147e+00,-2.929753521316054599e+00,-2.268385983186115951e+00,3.507789251082595317e-01
3.958366290293434009e+00,-2.546518825044037371e+00,-4.648957245265517568e-01,-1.547686103306647132e+00,-4.848895508395171805e-01
1.904579608200399621e+00,1.853439361701370469e+00,-1.887802255364089188e+00,-3.659276585747338828e+00,-9.915828569347027166e-01
-2.265813475091990326e-01,3.678381249865076530e+00,1.683059867351502648e-01,1.082651579784346785e+00,3.196515434848003601e+00
-4.971046679298885551e-01,1.232545311929876819e+00,-3.318972939582628623e+00,2.529138025573142379e+00,2.412798888651980445e+00
3.579523867046506602e+00,1.821557981287711847e+00,2.315195005315081378e+00,8.720427680041393792e-01,1.657814496313517072e+00
1.699187896998175740e+00,1.520344290381728136e+00,-2.377608883204706203e+00,-1.125720495231624430e+00,3.589017009505546252e+00
-2.333998796938621667e-01,3.878338501928643378e+00,2.663275536672021548e+00,-1.204961579748772049e+00,1.165781269239851925e+00
7.899334030262512574e-01,-3.921854100206399796e+00,-1.221329529418774706e+00,-2.285293676280625963e+00,1.510249194404391426e+00
-4.238531581712025265e+00,-1.670608656238787182e+00,1.489655710881353512e+00,1.417134925566105874e+00,1.287292286510967609e-01
1.627459260319039425e+00,3.292933788626860814e+00,1.231014338689432108e+00,-2.932578051742503078e+00,-1.180064866056318218e+00
-1.890018428473215995e+00,1.495514068390867146e-01,-7.923815016733407601e-01,4.557684656100084553e+00,7.146221449016086635e-02
-1.067613963853249803e+00,2.281335826386538534e-01,-4.816942855545848445e+00,-5.177934241266003434e-01,-5.806091533855328723e-01
-1.591256689650396128e+00,-1.001608276397986330e+00,1.722835353245936618e+00,-2.429323087165273787e+00,-3.548930922413910505e+00
4.292888198303661973e+00,1.845816303076978360e-01,-1.704866677988125634e+00,-1.607304584836049433e+00,1.023250761284270727e+00
1.409994050109446118e+00,1.003309282683579218e+00,2.607725904225647540e+00,3.761449144324800820e+00,1.027887739505477738e+00
3.445899894064600399e+00,2.463692907001124421e+00,2.616343448239900393e+00,-4.530077177533801680e-01,-7.431116057456739477e-02
9.752585887468663284e-01,2.505688839633398501e+00,1.258873785138027168e+00,3.574860614336139886e+00,1.845535831451829090e+00
-2.696643893486042831e+00,3.808590092918610281e+00,-3.088145478665477173e-01,1.677586105225070900e+00,-5.595459323669584872e-01
-1.148992904900484779e+00,-1.247911846606828190e+00,2.489113714167906777e-01,-9.538495035683637324e-01,-4.598993974915435601e+00
2.546090284226837142e+00,2.372733410751829197e+00,-2.514844864317043349e+00,1.391318984913889389e+00,-2.151126964338477610e+00
-6.660521316200630482e-01,1.200297105509851248e+00,1.777998574740094373e+00,-3.930730950903567056e+00,-2.122200903849579490e+00
-4.158393640355426135e-01,-1.276227449814654635e+00,3.165332594639799435e+00,2.240792249342142384e+00,2.856193407361824033e+00
-2.954578176055036476e+00,8.001360359966753766e-01,1.180004896150785854e+00,-3.663689761408022161e-01,-3.755477645235095530e+00
-1.991564514803681185e-01,7.323659831533334275e-02,-4.157359410061182814e+00,1.859430124989242206e+00,-2.052767754608194828e+00
-2.233639748324721896e+00,1.982582148337813877e+00,1.071539187103060092e-01,4.006523140223856139e+00,-1.284984994149163395e-01
-3.207052448957099511e+00,2.184164986663216901e+00,-2.057608956895004670e+00,2.311249620859538556e+00,-6.071313459662842638e-01
2.310657886521664039e+00,-1.161413406872265019e+00,-1.056922312987166324e+00,-1.604540870926263407e+00,-3.823655691563983439e+00
2.724819024043376725e-01,-2.710181421826176607e+00,-3.139908220405718264e-01,-2.778166078309972864e+00,3.124719712014572437e+00
-1.072818520497263783e+00,2.103988491198731214e+00,-3.069091617332691868e+00,-3.735367696730424458e-01,-3.140611369956775256e+00
-4.127750500741424133e+00,1.461196420995082068e+00,-8.102593808082081406e-01,-1.518272505217561186e+00,1.692604253395571634e+00
1.815317810110669061e+00,1.527617132050425708e+00,2.329662598168734888e+00,-2.952657688008991865e+00,-2.285933485973756785e+00
-3.885164964537426879e+00,-2.264710152448357050e+00,6.332107890601230693e-01,2.020153606812005176e+00,-5.427749305472189256e-01
2.224007830071846215e+00,1.765494048659850268e+00,3.405696044347289231e+00,-1.861328379262541244e+00,1.368762599574843586e+00
1.277278800291589356e+00,-1.118851617343400440e+00,5.731952149866521573e-01,-4.424951528919575772e+00,-1.485927702454747035e+00
-2.402409545016546577e+00,-4.047161466933891560e+00,-8.143741877902019866e-01,1.415657659832695092e+00,-4.261695800933784639e-01
1.967198482455081665e+00,-2.833711316027060167e+00,3.295173860032461377e+00,-1.428172128679583208e+00,-4.498487646623061109e-01
2.734219248595737839e-01,4.652010348552235719e+00,-1.429107459162052285e+00,8.604401583441647627e-01,-7.080499784937794860e-01
3.866456187171270820e+00,-1.628228166575783842e+00,1.895467394617218471e+00,-5.792971087538952846e-01,1.863064090681436413e+00
7.730206364458760415e-01,-1.059236476150319683e+00,2.241435127021486728e+00,-3.058366508214765300e+00,-2.983759383061218795e+00
-2.953960737881319965e+00,1.588171256995827729e+00,-1.260309247386138587e+00,3.487538744834741689e+00,-2.284998331364836849e-02
-8.067660502086527741e-01,-1.035610153339155293e+00,-1.616664218263757391e+00,3.265163043513930941e+00,3.162553913404175354e+00
-2.776421199563627429e+00,1.969987887953251748e+00,-2.350872925943096270e+00,-2.366766382576265038e+00,1.510776760579061184e+00
2.365955189712322104e-01,5.403237904155813176e-01,-4.105998425948286901e+00,1.778710469954778883e+00,-2.151520102647687338e+00
-5.410662649544144553e-01,-4.218712688801365296e+00,-1.582790847368827247e+00,7.239467490612209177e-01,1.969869230249508441e+00
2.993106104204757312e+00,-1.677599365924611785e+00,-2.882048224075866472e+00,-1.614812902414824558e+00,1.520905500258751042e+00
-2.139496706636919043e+00,-1.925689808641753153e-01,-1.048338493977879482e+00,1.917431896680456438e+00,3.950938161188464637e+00
1.720962487443762123e+00,4.133171720352489587e+00,-1.885532180437781147e+00,-6.159446788248038596e-01,-1.010227794138916391e+00
-1.618102766106017665e+00,3.021351854364965117e+00,2.931800410842592797e+00,1.976714676752329369e+00,8.662112029641364508e-01
6.827918033532782982e-03,9.396952462048150378e-01,-8.601160809393367801e-01,-9.052356282647051611e-01,-4.749492078993832855e+00
-1.074348032784323975e-01,-7.761410925229820235e-01,-4.613492309303147465e+00,4.484792686932142503e-01,1.703120026626095074e+00
-2.205078016674690833e+00,1.923701652432341647e-01,3.567882776618648055e+00,2.042170397130157689e+00,1.788959815450185342e+00
1.288154452501360514e-01,2.535283486771085837e+00,2.900348311214811847e+00,-1.613561152806206822e+00,-2.745932319369679853e+00
-2.995078361591474447e+00,2.199550067002840503e+00,1.033506831409841453e+00,-2.328386454294410601e+00,-2.168401544816324300e+00
1.838389716562735199e+00,4.089377135763619719e+00,2.067103587864469016e+00,3.979172038919826515e-01,-6.826877378529287999e-01
-1.041647681910437662e+00,8.591830478329148812e-02,1.670510212004030492e+00,-2.592890746987753792e-01,4.588000976351888305e+00
-2.383278624512783495e+00,-5.772668886998326698e-01,4.311378643635134900e+00,4.829541637320392544e-01,-4.068358441583374563e-01
3.563086728211656506e+00,-3.382337426466361929e-01,-1.887121395166457827e+00,-2.793504438464210260e+00,9.083593423106076647e-01
-9.180789548177038517e-01,1.883986961157880557e+00,-3.109296909321425773e+00,-2.489504226042065227e+00,-2.177697316228969004e+00
-4.022664070362643174e-01,-3.568261883273959878e+00,-3.242114037000633164e+00,-1.258973611304778029e+00,9.680334325821801644e-02
3.499060633521845709e+00,2.570975506438817781e+00,9.721958662906918791e-01,-1.933070681839147709e-01,2.272471606684404843e+00
1.112030830877429377e+00,2.382014756420204993e+00,2.490417709954331205e+00,2.033061343447130631e-01,-3.441784330410329940e+00
3.648231635908187886e+00,2.072300970526107289e+00,-1.039687938395146505e+00,1.428575975531551912e-01,2.508907195551923319e+00
1.336098437063565791e+00,-3.171768904259821831e+00,5.310302214794925257e-01,1.592021284905456024e+00,-3.215306846434749399e+00
-2.074255753330623619e+00,2.136627064588333624e+00,3.643501379879244162e+00,1.655224476713943904e+00,-3.426623456823726932e-01
-2.522106550347757992e+00,-1.630753336500994743e+00,3.762338963071720332e+00,1.005333188248975995e+00,9.020714005783420086e-01
2.181844304095635678e+00,-8.490151214936735302e-01,-3.447294955673002814e+00,-1.830581652511190205e+00,-2.069748066369765827e+00
1.388576721267359704e-01,7.315185968010095019e-01,4.395463928027655065e+00,-2.170098631344078655e+00,-6.451107479123895372e-01
-3.250643314238043313e+00,2.174469429952800570e-01,3.775603148928272201e+00,2.476867527059430918e-01,-2.636418117795829019e-01
-1.505583421895019480e+00,1.981673096120246669e+00,1.933442615643687912e+00,3.260095737121373904e+00,2.107075161602931956e+00
-3.176727973510318770e-01,-7.350870073077375721e-01,2.476486220608931088e+00,1.752224509718768974e+00,3.893000944282629661e+00
-3.182499726310881627e+00,2.427243543804111336e+00,-2.780167622286062734e+00,-1.465734046662032219e-01,-1.108768911960125392e+00
5.246023793058868234e-01,4.650634427980278041e+00,-5.205864486171120076e-01,-1.680880442925722695e+00,-4.737828321977402557e-03
1.445350328835855569e+00,-3.068245858171240403e+00,2.768253068149363116e+00,1.507370315049049614e+00,1.887177645252211100e+00
3.071750201585012885e-01,-1.021929939516455832e+00,-1.014148111033321475e+00,-1.328692999171245726e+00,4.589921701788755470e+00
2.847106764614554031e+00,-8.133412029578211966e-01,1.887052216965703799e+00,-6.609319886238805841e-01,-3.497808170171096798e+00
2.331287812783173319e+00,-5.811286276193280420e-01,1.120261691023697465e-01,3.289095095723458595e+00,-2.897704305282728932e+00
-1.607304746355973313e+00,9.426090920196026346e-01,3.154898165868762039e+00,3.097596118299343892e+00,1.406973845840178150e+00
-2.195454720785166902e+00,1.154757420348750951e+00,-1.654892497961223174e+00,1.259322522644816811e+00,3.810767832508664466e+00
3.432478575909896801e+00,-5.644890545507339485e-01,3.640866867203690904e-01,2.162344217510303146e+00,-2.844494911713629559e+00
-1.432383190381719018e+00,1.133063012089210009e+00,-2.375402545988449243e-01,-4.640937973334111177e+00,-2.640378034634650040e-01
-2.704352315115229555e+00,9.356641578307999252e-01,1.863779146032988221e+00,-3.414479383729410511e+00,-1.295634582890192732e+00
-3.270000381358963537e+00,8.478116905744460530e-01,-1.243180941948095475e+00,4.570487920591475434e-02,-3.469974791382691492e+00
-3.631315418497692349e+00,2.591924359964441038e+00,-2.048176326612539899e+00,3.268753698971922361e-01,-8.908437973418169564e-01
-1.934389373477275909e+00,2.095907928862781322e+00,-1.833308242352078288e-01,6.904541226679900001e-02,-4.102064144481222030e+00
1.332871295071813567e+00,-2.910993832404546122e+00,-2.784285898627098632e+00,-2.591043668270547329e+00,5.327417407127675864e-01
-2.470550012456655509e+00,2.642006724974324428e+00,7.345658892312929567e-01,1.537701355741713183e+00,3.002011091929674969e+00
6.919488217982951161e-02,-1.713659183843821321e+00,-8.910300375024665653e-02,2.135920002738846524e+00,4.181924277952748348e+00
9.716957227254636731e-01,6.835715693274484472e-01,3.024994080452829692e+00,3.668140019635635518e+00,-9.913107190064412988e-01
2.652812561791269452e+00,2.346910867711107240e+00,1.207586755518632815e+00,2.350709521988234130e+00,2.338908690426322323e+00
-1.894972525329436719e+00,-1.505934657672872046e+00,-3.392866697166216916e+00,6.209745199164786733e-01,2.691484006257733430e+00
-9.202018380522198893e-01,-1.876101511979661352e+00,-1.581843981149968714e+00,-3.001045463459204310e+00,3.020756103948727844e+00
-3.845848133933620794e+00,4.535201474644883213e-01,-2.316130471984703121e+00,2.612475939494449673e-01,-2.138003961166261124e+00
-2.615008182994582597e+00,2.561074253544687540e+00,1.447835169074835671e+00,3.073269698169859954e+00,-2.478256568696516893e-01
1.660359223233973225e+00,-1.822327420587957159e+00,-9.637388541364699801e-01,2.090046696346814503e+00,-3.691238579408354425e+00
3.373031959951255487e+00,-3.390423169333907083e+00,-1.164430883825134488e+00,4.726246270257703497e-01,-7.405489914341777391e-01
2.817665001952352810e+00,3.552714979536583328e+00,-5.141182593933713019e-01,4.762241944790736592e-01,1.986925550417101727e+00
1.881645979853928230e+00,-4.347897214235377783e-01,4.388829854353258675e+00,-9.434011686119032625e-01,-1.057607228248388598e+00
-2.422503191724948657e+00,1.832973431171329270e+00,3.188199540962469936e+00,-1.890737524304604733e+00,1.425546206860945908e+00
-2.113274432943621939e+00,-3.412453733534832168e+00,8.970251930808201823e-01,-8.497152452156167546e-02,2.842069022833504821e+00
2.386954154697106034e+00,-3.812408779766584654e+00,1.885769474706750382e+00,3.298896678084473066e-01,1.050254947462920807e+00
4.315606579664967413e+00,-1.950821658538351322e+00,1.255243044926574791e+00,-9.859451042751409267e-01,-1.487005569910893887e-01
-2.218317283738222123e+00,-2.642238936930226600e+00,-2.705597622695674165e+00,-2.378721204946089074e+00,3.450634174198154991e-01
-4.146832595734669669e-01,6.407682677001798055e-01,-7.333149183660316872e-01,2.648081716129464525e+00,-4.106989928955352198e+00
2.743505331643216749e-01,-3.655393539244816914e+00,2.769122004513052016e+00,-1.810651072728094446e+00,-7.850706179382334060e-01
-1.625480826176398663e+00,-1.799294202430351985e+00,3.307780628359130226e+00,1.772178561723157797e-01,2.854388481433314251e+00
2.228437090463319059e+00,-3.849572217567241772e+00,9.817413820295723959e-01,-4.930957369096550802e-01,-2.001974607389913619e+00
-2.898724309484964845e+00,-3.681235400170478345e-01,-2.145976131183030322e+00,-2.721197703563247750e+00,2.109917519572992006e+00
-1.202111606895561735e+00,-3.336707476400557759e+00,9.923993485845910012e-01,-1.526044088577524382e+00,3.017887319656926692e+00
3.506174145374864715e+00,-1.022115359200414630e+00,2.925987636130522151e+00,7.716267200001567517e-01,1.582786028806345113e+00
1.423447359421868841e+00,-3.030244856137240816e+00,2.776717747634563693e+00,3.790459455594211713e-01,-2.436714272937002157e+00
2.153050993676919322e+00,-2.547390507014632544e+00,1.477696589759934565e+00,3.840780369480273349e-01,-3.397656526717286241e+00
1.644603215264837770e+00,1.186814488597456752e+00,2.590620229790852935e+00,1.901327426451692393e+00,-3.249675749427423543e+00
-2.773572981991712094e+00,-2.050356950383667720e-01,-1.923524924837943573e+00,1.882509939891952477e+00,-3.165669197351629993e+00
3.168731280102683456e+00,5.374389921740767295e-02,2.832560821860172773e+00,-2.275386104143807930e+00,-1.324941861112331809e+00
1.705726069773704667e+00,-3.119695638970342522e+00,-2.426432614276589739e+00,-2.543544348472182026e+00,2.836566258481658734e-02
3.237458178493436201e+00,-3.922208776310010525e-01,1.811379401829195546e+00,1.763489738230924475e+00,-2.823833552360950350e+00
1.515639264223234361e+00,-3.501946947159242818e+00,2.892709756130516507e-01,1.096387112463881985e+00,3.025469021873782527e+00
-3.537914124639530922e+00,-2.099689603639129376e-01,-6.870186747408247863e-01,3.417404862889125816e+00,5.370530942271136698e-01
2.005133991816436367e+00,1.841719341660172038e+00,1.852050874953171444e+00,-2.243499496623618583e+00,-3.020616676549982671e+00
-2.605668486767303449e+00,5.843212858135771182e-01,-2.514563519690133031e+00,-2.271890397200053702e-01,-3.390341548824783224e+00
-3.519779900484748314e+00,-2.596183951359984476e+00,-7.007417163309466457e-02,1.782761793739773504e+00,-1.639459770807481620e+00
-3.957198062101739744e+00,-6.477962874114783220e-01,8.537469557261405662e-01,1.337681198817296746e+00,2.530349504166017116e+00
-1.816120391931865363e+00,6.134405234436640653e-01,-1.235064167564535964e+00,1.786921296640628487e+00,-4.075159656727169732e+00
-1.355058460604197546e+00,7.203828169333740261e-01,7.427173342860689254e-02,6.718708633603984737e-01,4.710407457746407012e+00
5.324374035282433137e-01,-2.122970702906469498e+00,5.554655892665660843e-01,3.381945234887681728e+00,2.909194083124425845e+00
-2.201424588725130693e+00,-1.683878372186833117e+00,-5.252748371390840720e-01,-2.934785334479962149e+00,-2.903343726434686634e+00
4.265317446581676997e+00,1.104201330868462838e-01,2.632724251060157283e-01,-1.107762118625940539e+00,-2.344872105853795574e+00
-1.011660912460850881e+00,-3.445794231772634664e+00,-1.116278531420876047e-01,5.339109033826060502e-01,-3.435916570601413422e+00
-3.013257656181060007e+00,-2.559902874370238557e+00,1.316731116670284862e+00,-2.676045899944045292e+00,-6.871485130902251770e-01
1.282899160816560302e+00,-8.744717013670910699e-02,-9.091513306223359958e-01,-2.039176930335623306e-01,4.741137434003232620e+00
2.436068804875184846e+00,-3.001443857162393591e+00,4.709736849031165296e-02,2.642379264629959312e+00,-1.752859723409448289e+00
9.467835338437379233e-01,2.448780159938927170e+00,2.920381416435084088e+00,2.176613884829690537e+00,-2.200182048658488210e+00
3.178347044023474566e-01,-6.756864184062175149e-02,-2.176632332137576231e+00,2.459463888093661676e+00,-3.756025113490833345e+00
2.554184950375595897e-01,2.789602082919153236e+00,-2.542309220185608343e+00,2.996840316298355233e+00,1.307093554009768122e+00
3.117323422532018551e+00,3.675510490569369182e+00,-6.628763279213824022e-01,1.100961517485600227e+00,-3.484193220030155635e-01
1.587219619319269137e+00,3.504323856016227090e-01,-4.082982837723387881e+00,1.412707473061344920e+00,-1.921311990693455263e+00
-4.232151105389145407e+00,-1.083715879266946125e+00,1.909997817761766581e-01,-2.727895713052765347e-01,-2.409058290562235527e+00
4.531508062399430825e-01,2.075213177818619137e+00,4.362355988790302064e+00,-7.985810655465302998e-01,-9.056837871067252577e-01
3.914604812091133645e-01,-1.786130775611877386e+00,1.362596150484682633e+00,-4.226772753280059747e-01,-4.429579121730332858e+00
-4.266206774701591264e+00,1.234901991109347286e+00,1.948765564458308841e+00,-1.160618295107613829e+00,-3.602426622256217348e-01
5.076222120096770540e-01,-4.378354870246183417e+00,-1.128880061119310607e+00,-3.552617533513497960e-01,-2.042485548119965522e+00
8.325373772850633847e-01,-2.511782685068673526e+00,3.110053306224448644e+00,-2.318619759900722777e+00,-1.717381757167811607e+00
4.270023383245884485e-01,9.436001242284577373e-01,-2.122493492669005555e+00,-1.664246211424765143e+00,4.080758964942357458e+00
9.485620388437965289e-01,-5.215336522769301597e-01,-3.514284838561823054e+00,2.133115627171347395e+00,2.632081401206862736e+00
-4.490888100490694868e+00,-1.076456812825732801e+00,-1.514266792146077567e-01,-1.520014492806660567e+00,-1.157493283553683971e+00
-1.039096374043497750e+00,1.508241270714331783e+00,1.714781555854991035e+00,-2.438519923411835766e+00,3.571922702633238966e+00
2.093968334917515328e+00,-2.286706168221415592e+00,1.205243463855839137e+00,3.731107676467724232e+00,1.117819843145367587e-01
3.336466929262797976e+00,7.195007711326372180e-01,7.551907186902226954e-01,3.280125917851807404e+00,-1.421537200257595224e+00
-2.681577291874034596e+00,-1.863663156714254754e+00,-4.010743153906363712e-01,3.764716817645449076e+00,-4.415362366597171129e-02
4.406376274454330000e-01,-3.041595571611376059e+00,1.394545691500424789e-01,-2.290150880228861929e+00,-3.207849159322094579e+00
5.821838062645775524e-01,4.666514451969891120e+00,7.576928601232826299e-01,1.520066946440297606e+00,-1.700981277499554866e-03
8.068536426061733158e-01,1.565505538672664398e+00,-2.032961892332303400e+00,-2.832591635806594454e-01,4.205354895650378566e+00
2.234212570030135847e+00,-3.143785922441066472e+00,-1.044322477933423032e+00,-2.997338289978993764e+00,-2.241829683305757992e-01
2.267033943411563168e+00,4.080954279785323102e+00,1.783173679734795236e+00,1.576009300103991262e-01,-4.269473600583157530e-02
-1.712987142844134003e-01,-3.290675493834998910e+00,2.909073507793468183e-01,-3.316088854556220600e+00,-1.749582569274410249e+00
-1.035417227578173893e+00,-1.465306113393329834e+00,-2.071160987780613194e+00,3.256482567713489207e+00,2.624195611565619313e+00
-1.162106429165840504e+00,3.006759079576788007e+00,2.409169976511689626e+00,-9.826332213690017747e-01,-2.799864364788160032e+00
-3.494728949742424096e+00,-1.235206124031658081e+00,1.162586740653492434e+00,2.602670337380953658e+00,-1.770772312964291162e+00
-3.027310918046952071e-01,-4.322803414310842918e+00,2.741042880030031270e-01,-1.727754326040516597e+00,-1.778048468243738078e+00
-1.863826825740968696e+00,-4.323939722081083126e+00,-1.043995965263617931e+00,-1.172796082397999706e+00,6.035864619778154028e-01
-1.533744974483269630e+00,1.126807293159324930e+00,3.449286916805625491e+00,-1.787165016692177977e+00,-2.507267964537390093e+00
-3.562555516900448360e+00,1.128454145568713596e+00,-1.315627902059855803e+00,4.783333048499695261e-02,-3.049856492716872314e+00
1.149884359347180807e+00,4.493971751513700319e+00,1.425393443511635327e+00,9.068330616139395062e-01,-7.923958520105585102e-01
-2.855189633347964273e-01,1.666946927316117488e+00,-4.682947377938033284e+00,-4.556080360168544563e-01,4.681918482565745193e-02
1.543182918399683023e+00,1.385973390390787152e+00,-3.260681747890567639e+00,2.031367561357294349e+00,-2.437040133261398012e+00
-5.130822052406317502e-01,-1.590751320021126958e+00,6.943893137816599115e-01,4.085339519719913604e+00,2.243675862961705736e+00
3.385214458742134891e+00,-2.282998038475420266e+00,-1.391519439078880094e+00,1.997053651298765997e+00,-1.550384916445086914e+00
-3.150630758881443949e+00,3.030550115519367704e+00,1.060714895360615806e+00,-1.385510680376362158e+00,1.686575193650975635e+00
-5.380204168919299201e-01,-1.660906531163256261e+00,4.679667998780715266e+00,3.939299435315235520e-03,2.293805328582458614e-01
2.702338472467082919e+00,-2.398712011510437225e+00,2.968515198540190303e-01,6.884871902604108307e-01,-3.373634839467293034e+00
-2.464142996726819135e+00,3.270875188237312159e+00,-2.774803148321684176e+00,1.018793201961558093e-01,7.207377379020329933e-01
2.033612744966918573e+00,1.602504518435987624e-01,3.433301067283265784e+00,-1.045975086490944284e+00,2.820836559608494554e+00
3.593691131445106102e+00,2.415577658478215373e+00,-4.544398815328837271e-03,1.255063761759890095e+00,-2.162212508055165738e+00
-9.513798846639540674e-01,-4.778734150974862094e-01,-4.455190451788022088e+00,1.268279869388869163e-02,2.004402778663506801e+00
2.110806083839654068e+00,1.715704081943557391e+00,-4.897031548820233726e-01,4.166570190446904576e+00,2.721851953279221664e-02
1.005224905381303158e+00,3.898949129235296684e+00,-1.059016869175802844e+00,2.289453302250424649e+00,1.557114454641076007e+00
4.045724055292825305e+00,-1.285421130361631636e+00,6.128378737954978117e-01,-2.569827256743555832e+00,-1.506641910001652561e-02
-2.857734524310436619e+00,-1.078965758716771361e+00,2.378411336630249284e+00,-1.617445941810263133e+00,-2.719598209146190992e+00
1.130062212939187516e+00,1.727878074537843478e+00,2.789818319845523753e+00,-4.986342171782666699e-01,-3.564501986832339764e+00
2.286317852380287619e+00,1.614356052599337010e+00,-9.089340275029159644e-01,8.131156379151412150e-02,4.041513649186921242e+00
-3.399723249083341337e+00,-2.504121848969957487e+00,5.427914802742862532e-01,-8.044740319178879107e-01,-2.495887524722401274e+00
-5.360886854418915881e-01,-2.329702378675885921e+00,-2.126560277700058510e+00,3.805957530758453444e+00,-5.268058537111857120e-01
-8.530003887798939255e-01,2.186047651203976372e+00,-2.532499307407837019e+00,-7.644254268991874657e-01,-3.534923906973918228e+00
8.146109987464856816e-01,1.433781797715417250e+00,1.792517004050260931e+00,3.589248450941789681e+00,2.486937278031724041e+00
-1.788286830393355897e+00,1.754698599738946374e+00,1.940550252708384660e+00,3.052520419050470668e+00,2.374751954270009513e+00
3.102036355472218343e+00,-1.283866059804201321e+00,2.564860383295873181e+00,1.653210189506119976e+00,2.101772031720841483e+00
7.764559737275719131e-01,-2.545827241558616949e-01,2.115949113774923784e+00,4.326177126105978932e-01,4.434851183531961283e+00
-3.203364037753351212e+00,-1.515526708448205140e+00,-1.266272803007831849e+00,-3.291646176664043910e+00,-5.706376805262100560e-02
3.984419076483074473e-01,1.220680090577041521e-01,1.120886891432903987e+00,-3.695204229798388695e+00,3.148876263699202926e+00
4.387014602061070079e+00,3.193147316021192617e-01,-2.070319269811301321e+00,-1.104064747446809047e+00,-3.833538026132441434e-01
1.452931781453560500e+00,-1.351406666382645172e-01,4.322328802878375953e+00,1.320272043946287610e+00,-1.563675697977246148e+00
-1.330286700293753954e+00,5.106653282659432413e-01,1.603865029664804931e+00,4.465987415918192482e+00,6.724073058847913620e-01
-1.053110851990430863e+00,2.371388208443445111e-01,-4.506547763990023547e+00,1.778080355380871502e+00,-6.034734573729798601e-01
-2.689852329907616468e+00,-2.842666935327532673e+00,7.825205343227225052e-01,2.000832426722820578e+00,2.251281935170245774e+00
4.980817952522856307e-01,9.654491348195292089e-01,-1.062069241312038947e+00,2.833701740789013046e-01,-4.755158542511052744e+00
-4.025508373999408640e+00,6.589535329896732962e-01,-2.379130564129694481e+00,8.674549412486779465e-01,1.395823146372147772e+00
-4.308448452932587713e+00,-4.869002929334606544e-01,2.412720675191278197e+00,1.620597325371765374e-01,-5.938986611860863629e-01
-5.118969847092117442e-01,2.884229084663534781e+00,1.337179095714452481e-01,-2.995047891592470535e+00,-2.725984539933032025e+00
1.951733168655916950e+00,4.318177238061249312e+00,-2.856839408493150323e-01,6.043954565880848007e-01,1.448162213653753971e+00
-2.353446279882126735e+00,-3.895843568600307005e+00,1.787961355467455382e+00,-1.002488397707173684e+00,2.861899727839771757e-01
3.024602618749583360e-01,7.006633626887810717e-02,3.949796034164809733e+00,1.799824908189921580e+00,-2.462387070885378115e+00
1.837251515016256498e+00,-2.479461843936157983e+00,-8.658501645132420377e-01,-3.466818987095117599e+00,1.645674766885715679e+00
-1.324459312880534867e+00,1.543875477911231808e+00,-1.382240532051926332e-02,-4.408608961079639954e+00,1.194249557934958572e+00
6.053700335469695132e-02,-8.028920464639209831e-01,-2.515750390876878573e+00,-4.245205642431441717e+00,-3.047387768060648774e-02
1.885415757576032414e+00,4.161390782182222137e-01,-3.746635912852424588e-01,-4.618413017691106598e-02,4.596686840339325286e+00
-2.001077203372419455e-01,2.762898622985082042e+00,-1.591158234320526832e+00,-3.363712470846698999e+00,1.865476342973277024e+00
-1.949301317007507972e+00,3.800784692788012009e+00,-7.029399430289009487e-01,-2.009408735614702790e-01,-2.493944325041761445e+00
-3.123712933279798598e-01,3.607456435879114132e+00,3.375636114476359584e+00,-1.202858571245422475e-01,6.923108937159156984e-01
-5.662735872268904735e-01,-3.665830241557530567e+00,-1.322081328193916105e+00,2.869562358930042301e+00,-1.121933908189030271e+00
5.245028697623669300e-01,-1.666896341589549690e+00,-4.537508468389963134e+00,-1.164269562358099641e+00,-4.297221733019322698e-02
2.473693495456794622e+00,-3.684130639130003826e-01,6.054445967803188111e-01,-1.435381480404763543e+00,-4.039582794152574152e+00
-3.248600159940105314e+00,3.170715337860308125e+00,8.655603562611394741e-01,-1.524836730891844461e+00,-1.148407358425868718e+00
-2.487734067933761395e+00,1.520983340621349766e+00,-1.208686134785113886e+00,3.873919886479679331e+00,-1.720797068498997884e-01
-4.440235274987440306e+00,6.698158007107272160e-01,2.179153481773640433e+00,2.551590219919697144e-01,1.477886066156169909e-01
-6.237833009135502343e-02,1.048978103631786229e+00,3.767315479379855780e+00,1.150039208012925362e+00,-2.894908941727530660e+00
-2.611241641584610917e+00,3.455040645367855934e+00,-3.715175230972559417e-01,-1.835701529243630947e+00,1.654172256349032644e+00
-8.001346718751989329e-01,-1.232610799910189181e+00,1.424993176625900082e+00,4.480643807138847023e+00,-8.565515996867032467e-01
2.086578525778449933e+00,2.748952271104396772e+00,1.506799228564861259e-01,1.901265540227760509e+00,-3.074400164802983948e+00
6.622930465832777003e-01,-3.406616924183093253e+00,-3.231252249129381582e+00,9.807346310236457754e-01,1.246393813497155723e+00
-2.804928559099308938e+00,1.587463688335177370e+00,3.716985833456471156e+00,-4.521066728471780094e-03,-8.923736271348959859e-01
-4.892464068866321902e+00,5.124824942417449680e-01,5.434865791119269929e-01,-2.266257110032006972e-01,6.741069302308454469e-01
1.387447412170466743e+00,1.496147100185164502e+00,4.091323522139634683e+00,-1.850668544922573266e+00,-8.201410287810906308e-01
1.410858094183991551e-01,2.374245605007551774e+00,1.097872292239450820e+00,9.247490529009996241e-01,4.157230835613375142e+00
-1.382816681734214459e+00,9.224650450204103791e-01,-5.303606580872788356e-01,4.664095764738664052e+00,4.492265966448876768e-01
-4.089949674049155881e+00,6.612082631765442420e-01,-7.346368328600756392e-01,2.474397699802305173e+00,1.082949695724894745e+00
6.157689811967759219e-01,-4.204448248686741607e+00,-1.647284677657457452e+00,2.054767778072190687e+00,8.846499229701451639e-02
-1.138301489476108319e+00,-1.209167468886466867e+00,-2.558826519059937410e-01,1.088637439849076571e+00,-4.581656506576586629e+00
5.051526957237278959e-01,-3.348502238985769264e+00,-1.245921957120822654e+00,-1.832473979795111729e+00,2.936336339666902884e+00
-5.032242671847325655e-01,3.362077923761396914e+00,-1.511476018095286200e+00,-6.568924920953842506e-01,3.275229743395747573e+00
-2.897819592352193663e+00,-2.336226027043555864e-01,-1.408948617511478929e+00,2.807165363753802545e+00,-2.585101255935418951e+00
1.077656785963094999e+00,7.559733835279377478e-01,2.982304697049879660e+00,2.478947317731496458e+00,2.868420991579001100e+00
1.084853190608026541e+00,6.395509721788696089e-02,-2.880363124896535787e+00,-4.950596662597512854e-01,3.908634991393603819e+00
7.332117305953386177e-01,1.050834208473152342e+00,4.800689506774676651e+00,2.609875618544805764e-01,4.933698171967627610e-01
-6.670230227866209560e-01,6.237165475294430272e-02,-3.514825752355497657e-01,4.667645599761601538e+00,-1.625033728292408108e+00
-8.279268228276795982e-01,-2.361356182383620883e+00,-1.775714020263493342e+00,-3.690795373154432291e+00,1.401214968412275441e+00
2.457313629773735908e+00,-2.753583694614035071e+00,-6.335633414110694028e-01,3.310988601775989970e+00,-1.238488312962951615e-01
-2.197541080290600135e+00,-9.270718789312074604e-01,-2.964201781722295426e+00,-3.091275599963704490e+00,-9.843139204713057255e-01
-1.389406871884716566e+00,1.976967690832257096e+00,1.557033343780979795e+00,-1.913983797330751413e+00,-3.615724060775998616e+00
1.676042297598207664e+00,-8.417658473981920464e-01,-3.404363928284980911e+00,2.755561229376822574e+00,1.516410574271716216e+00
-2.378006547285556493e+00,2.780143852402781501e+00,2.199756868579013425e+00,3.937742416047759209e-01,-2.573304604356446035e+00
-1.656413506966405436e+00,9.035906648186707857e-01,2.039168800490575251e+00,4.464850351240822746e-01,-4.133069068005987390e+00
-4.513469647479940505e+00,7.422077005692626628e-01,7.144829884991379387e-01,1.641286206963628702e+00,-9.345657368367848994e-01
-1.652304816579289293e+00,-8.085542014442843595e-01,2.957710408587863396e-02,-4.564648847464329862e+00,-8.827428791511904294e-01
2.585156587484578772e+00,2.865313077671187425e-02,9.480789193237664225e-01,-3.937451555952590887e+00,1.383389324645155183e+00
-3.517070573595078464e+00,-5.540246083725399728e-01,1.762683369949076040e+00,-2.893457416976696894e+00,9.187615725076612172e-01
-3.958347758742174483e-01,-2.257136037703385778e+00,1.909165444441506487e+00,3.477817820255036274e+00,2.002129429476584122e+00
-3.147715625397550454e+00,3.496837452739683716e+00,1.565200187774422158e+00,-4.619888687857373610e-01,4.480277090249418781e-01
-1.089493903136271591e+00,3.977502115414408124e+00,1.812008563061598521e+00,-1.225999349404824246e+00,1.790539170069505914e+00
-1.332921158125619954e+00,2.307972803300344378e+00,-2.902092038866458168e+00,2.979459955727413956e+00,-7.728278563895909503e-01
8.033244850655305580e-01,-4.702616033127726247e+00,8.802325313071527324e-01,1.144503653931853826e+00,3.941754604607895507e-01
-1.237300985856757629e+00,-2.978364458042973784e+00,3.007135668702261011e+00,-2.273665190818983550e+00,6.212995216004596477e-01
3.509904192097243136e+00,-1.064690329285515658e+00,-3.225368784250323806e+00,5.533258040374657849e-01,-9.153326309020011209e-01
-1.663478105115738126e+00,-1.995838672242875367e+00,-1.583768445133295399e+00,-3.516340715068950296e+00,1.837523898056511173e+00
1.465595169628609584e+00,-2.925182956452850203e+00,3.496059590649980287e+00,-1.932077221084948504e-01,1.426735288966032078e+00
-1.562992357908154606e+00,4.274453001692847920e+00,9.897184115269251903e-01,1.010120965006132909e+00,-1.512024975778974767e+00
1.766472050012406703e+00,2.262032376950406931e+00,-3.064753583699356021e+00,1.888497977153482665e+00,-1.950294050558073700e+00
-5.463413525412511018e-02,4.666280349245774062e+00,8.488862549760687326e-01,1.038426362510390000e+00,-1.193275169130706859e+00
2.624681735637831803e+00,-1.612987517878018195e+00,1.498154946379036234e+00,2.769289322455562363e+00,-2.365562398025579327e+00
-2.200977933439076217e+00,9.954568398171030896e-01,-2.454450101674590989e+00,-1.521294621129117175e+00,3.290303814344323730e+00
5.370529648297616143e-01,3.991086863535936669e+00,1.665874043837218599e+00,-1.104659800077065490e-01,-2.448562986326635382e+00
1.270347108263291946e-01,-1.332926383551748861e+00,1.522941273062506484e+00,-2.201780435616680798e+00,-4.004994660472757317e+00
-6.491493207562860634e-01,-4.428500488419730097e+00,1.407775080274260127e+00,7.704940835894492634e-01,1.546446498893615962e+00
-1.369173007383444718e+00,2.097782003347151147e-02,4.062892274969907902e+00,1.631898644115996611e+00,1.988652404077051239e+00
3.353955085096453015e+00,-2.895102489096738729e+00,-1.789553461406321766e+00,1.456368772777123954e+00,2.141384394026997762e-01
-1.050736476570475642e+00,6.500723982099285703e-01,5.944928365989691210e-01,-5.529969235013521001e-01,4.776414073729412735e+00
-3.750187429109083759e+00,8.595378113802740194e-02,1.059043259109625074e-01,2.748643045128180695e+00,1.833698960648151965e+00
-1.226233597973309664e+00,-4.100718776598390458e-01,-2.078045277906128696e+00,-3.914985056457847001e+00,1.919065410307255304e+00
-6.247733133510984249e-01,-3.382108681358579005e+00,-8.965325425233994228e-01,-2.249059875719385371e+00,2.703508507482240919e+00
-1.642870405719018434e+00,-4.356463195199704153e+00,2.319760005975152750e-01,1.321426054807664174e+00,-1.233785060577914594e+00
2.189530233447023910e+00,1.711190263439801074e+00,-1.385229735059329892e+00,-2.470955548190483686e+00,-3.041924144206158864e+00
-1.006532042086130563e+00,1.555559092518253417e+00,9.388329017639202023e-01,3.182441663700561474e+00,3.249274841814099979e+00
-9.945240867029275789e-01,2.110813055648195213e+00,3.725105984600165954e+00,-2.208610870362530232e+00,-8.949935820358344563e-01
4.036686520134489697e+00,-3.168723986882724941e-01,-6.092540199595424255e-01,-2.074807124730882801e+00,1.982104627774009531e+00
-3.862172057410320658e+00,9.846427481900706102e-02,1.530318030585107403e+00,-1.657525366911220877e+00,-2.232637043689646106e+00
1.293578176101702337e-01,-2.370225688695061894e+00,-2.449322745958363967e+00,-2.066428535007463818e+00,-3.015955559273220121e+00
1.411911480154957710e+00,-4.485466679696052950e-01,-3.155845694744538577e+00,3.416080085070845929e+00,1.084595160511389711e+00
-2.799434663423677971e+00,-4.773418696119226534e-01,3.918513047686075890e+00,-2.561458432225879878e-01,1.230835125778887873e+00
-3.167573047777564321e-01,-8.728845645230739470e-01,1.941212820448948440e-01,4.849613589470189723e+00,-7.624318379833076031e-01
3.799516524291139952e+00,-9.375486829764200225e-01,2.039738831170983424e+00,1.082670168041944603e+00,-2.086136969744078584e+00
-2.425948303929706285e+00,-3.186332846629110982e+00,2.021895999227762974e+00,-7.323948312689262385e-01,-2.082688694114014805e+00
7.424891391415012754e-01,4.064823986280490797e-01,2.235593702797513682e+00,2.504466821347931749e+00,-3.607388068206966558e+00
-2.419587778863653948e+00,2.118713807984980324e+00,3.462359809276499778e+00,-1.528871248069377797e+00,-5.755554171068295588e-01
6.334147402924694692e-01,9.692267749123102405e-01,-2.183422983012169638e+00,4.338541131932905692e+00,2.628880928339859535e-01
6.135516803129409391e-01,-4.191313138279054051e+00,2.088665959367794311e+00,1.124664684444783180e+00,1.195429784728273548e+00
3.596707926986496329e+00,-1.280940247811604760e+00,-1.113064630859691206e+00,4.769587036562977778e-01,2.992738159616461058e+00
-2.860309131036165020e-01,2.154366928446919793e+00,-2.782946275920710644e+00,-1.786683237871682650e-01,-3.535558952948944178e+00
-5.292000433310500157e-02,-1.646078293633591150e+00,1.609217405602091588e+00,-2.301957608835396296e-01,4.432274244397365059e+00
2.082794700468202809e+00,3.761549398416278667e+00,1.010484636022889182e+00,-2.324110250282546808e+00,3.002410762520391629e-01
-2.092479890816609789e+00,-1.702843988784963569e+00,-2.322618265003643767e+00,3.485412943267707675e+00,4.233098940025113999e-01
-1.755794931643183787e+00,1.422227869705087855e+00,-3.963338250625839665e-01,2.505690685446882782e+00,3.668635404701076297e+00
3.940472576071659461e+00,9.808475667052022340e-01,1.316924234709859476e-01,-6.736179978447633943e-01,2.835402939036287151e+00
3.369373365764769535e+00,1.711221215388986305e+00,1.967735025177575148e+00,2.577469271839063492e+00,4.513491968447981839e-01
3.370537506918917514e-01,9.014581034131887716e-01,3.968872914212078218e-01,1.618609657343635266e+00,-4.614796995751545339e+00
1.534976336727847668e-01,-2.073762204297742162e+00,-4.010949495336323944e-01,4.518513117477430008e+00,3.132265077001474829e-01
-2.017640899146660782e+00,5.774440237279455657e-01,3.228122122292724772e+00,7.416111746872784405e-01,3.102406167911416546e+00
-1.554362908687160427e+00,4.112660670573962562e+00,1.930097564400776067e+00,1.377819055480199006e+00,2.152119863333829819e-01
-1.038725630192991689e+00,5.228305809109609070e-01,-1.883061594391708171e+00,-4.437062210838499610e+00,6.436266135892756424e-01
-2.594595763040696834e+00,2.852169288357019550e+00,8.392634393759023093e-01,2.259206006947569900e+00,2.079622147040952829e+00
1.481776763304045175e-01,-3.608196202089037907e+00,-1.228466525358280492e+00,3.224117966964443749e+00,2.343008208239648060e-01
2.420542850617526831e+00,1.073282618745560857e+00,3.084376991517293609e-01,-3.403851481673949131e+00,-2.511513090762437894e+00
1.634587163604998228e+00,-1.388705613806333394e+00,2.386367800006636841e+00,-3.590671145515830887e+00,1.346087281944249536e+00
1.861643270921860271e-02,-1.599988304220825164e+00,2.843207174566594109e+00,3.783713232763590284e+00,-1.984388809999158565e-01
-1.370572068949618139e+00,2.339592347331760289e-03,-2.562403626688702918e+00,-3.461512475932416510e+00,-2.138584990833805488e+00
1.195532389554673225e+00,-3.207007136070251896e+00,3.206340731086362528e+00,-1.731902685309283596e+00,-7.549661923054426516e-02
-4.192114700442290953e+00,1.197017592451323331e+00,2.211299190956216520e+00,9.910835400114248461e-01,-3.481846155310252544e-01
2.383099425913642655e+00,-1.271199667537078470e+00,2.767423723241196232e+00,3.167549986178276544e+00,1.134969275686169149e-01
1.499977400786061565e+00,-2.593964980671996656e+00,8.147550512942878242e-01,-3.838713647517079330e+00,7.885843106066618979e-01
-2.697889648055222356e+00,6.386837260145317163e-01,-1.223923784825770689e+00,2.077344742191713056e+00,3.391183264889538584e+00
-3.822763206071979614e-01,-3.924289607657058809e+00,-2.772060666312887278e+00,-1.302892116148966384e+00,-2.682679367640761203e-01
-3.552493714820108006e-01,-4.470670894893103764e+00,-2.199293537889644712e-01,-1.329532992132026248e+00,1.752390577408974082e+00
-5.928612100570048726e-01,-3.813235950575501576e+00,2.223994207276180024e+00,-1.253680162149397592e+00,1.894698653581449177e+00
-2.447907183143346599e-01,-3.357347064296315242e+00,-1.029869480302479046e+00,-1.016874586520227997e+00,-3.402004280261693214e+00
-4.399570357988783265e+00,-1.591755989074371325e+00,2.611464912551093032e-01,1.679814947414027149e+00,4.691671225713384685e-01
3.138793608410895275e-01,2.912521325073636480e-01,-3.828719586049353030e+00,-2.803584461826905017e+00,-1.515741547544539936e+00
-3.671243906658190337e+00,-2.620311724053638880e+00,-1.431609075147522336e+00,-1.401553039459736638e+00,-8.012984338862657596e-01
-2.473505841620381673e+00,-2.335020306655455791e+00,1.619852984637521809e+00,2.685749852853791086e+00,1.895329273512460944e+00
3.384950857056669427e-01,4.414156622685349696e+00,1.191141049469139013e+00,1.970797680147248654e+00,3.127009618660607226e-01
-1.203449076265041606e+00,-4.592827057389773593e+00,-9.685655698988534512e-01,2.753520987591067670e-01,1.201545629703959284e+00
2.339367407129637755e+00,7.148427733892387392e-02,3.270651425260996170e+00,-8.923456357207755207e-01,-2.833515246721143743e+00
-1.511041551236482761e+00,-1.702187034783639419e+00,2.137659383336901087e+00,3.904406893362656117e+00,-7.301986678433228239e-02
2.400260714388679606e+00,-1.385753655270493878e+00,-3.899390777798791952e+00,-1.141003368266755080e+00,-9.007209254194461501e-01
-1.588010953930125035e+00,7.405838549812935323e-01,-3.165718156522292936e+00,-3.353306985600850609e+00,8.144431089552025549e-01
-2.937714928505860690e-01,-1.711554779602788429e-02,-1.195243306114670695e-01,-5.551249366738015834e-01,-4.958926860429256678e+00
2.592710553489793401e+00,-2.590140061083613610e+00,2.961226287074829600e+00,4.662259359327804997e-01,-1.607108802537353220e+00
9.448237448883790857e-02,-8.646415370655771149e-01,1.509668694818194323e+00,2.189055746283627979e+00,-4.143959877320289031e+00
1.970346483397608539e+00,1.314299764638882762e+00,4.114505321833724416e+00,3.025153510102408516e-01,1.539376913896645327e+00
1.307334830015583593e+00,-4.386349253981397744e+00,7.016368845465345006e-01,-2.220503132757775389e-01,-1.873289941504765688e+00
-3.901901456683400937e+00,7.855386875789690526e-01,-2.795587150922652420e+00,1.343084600120678929e-01,-1.150976851119957622e+00
-9.851960494333858020e-04,-3.972038118129246342e+00,-1.267767275422953865e+00,-2.364949455122177024e+00,-1.422213917665341221e+00
-1.295874657166921518e+00,3.636873032739706968e-01,-3.467190195855621937e+00,-1.640777759822837689e+00,-2.911164871144061195e+00
-3.586412719985289765e+00,-7.028010866575299387e-01,1.761859381833269511e+00,-2.876756658778697684e+00,-5.136507367260647605e-01
4.323526468101448472e+00,-9.401577070334078412e-01,1.258423434731148483e+00,-1.059916798353945477e+00,1.648080460723470031e+00
2.619550920265103056e+00,2.838863329906678779e+00,-6.111738061209560646e-01,-1.203917597197362799e+00,-2.873300709657721885e+00
3.445688723930642738e-01,3.847560529436321097e+00,-2.462409012662852614e+00,-1.795944941505665193e+00,8.880731309630024439e-01
2.862005243054980053e+00,-1.588951913570241237e+00,2.610960187317737713e+00,2.683501835347921638e+00,5.156186623982178530e-01
-2.965313796454916329e+00,5.751938925557928961e-01,1.525537066037625095e-02,-3.366510861881308436e+00,-2.131299595322494245e+00
-3.457282846658404463e+00,-1.896633898859037659e+00,-2.683908638201790708e-01,-1.889953699298652756e+00,-2.409567706171694024e+00
1.782149836075513916e+00,-1.850333758268039919e+00,-3.259802075885123718e-01,4.252321828029877793e+00,-4.601118558686316806e-01
-2.256719251586851785e-02,-1.263732522600599983e+00,3.074432633924073954e+00,-6.497967984263208763e-01,3.678056407039056896e+00
-3.240660927716640494e+00,-1.127010684317470091e+00,1.045114270907301135e+00,3.477276609976789334e+00,-2.103502019471823470e-01
-1.630682039176737597e+00,1.915541659162304899e+00,2.554731610175405287e-01,1.492996891501723988e+00,4.046883984633858233e+00
4.534079415989833994e-01,3.311230754001080467e-01,4.722316348727262358e+00,8.978151589396987653e-02,-1.541572680537489193e+00
1.899321842398286275e+00,2.423226724868850379e+00,-1.190316624555218805e+00,3.168135535308345130e+00,2.016584325559965141e+00
3.104185285884719203e+00,2.179199417810544048e+00,-3.076777001246441490e+00,8.962923745817412691e-01,5.875601009076156789e-01
-2.731985664995038032e+00,3.547783292768997399e+00,-2.730287699791051903e-01,9.781583797009204551e-01,1.979431612558354203e+00
-1.732058876062689379e+00,-4.459734943921175088e+00,-1.431168130703520225e+00,-1.874494711423431159e-01,-1.653987824861682943e-01
-1.840343278181604703e+00,1.795327260246604162e+00,-1.238689111224042350e+00,-1.532249405851256352e+00,-3.808910302313599061e+00
-3.701986031063817961e+00,2.144836505383673320e+00,2.407834995835202552e+00,-6.657530948056227249e-01,6.738540202224286846e-01
3.277073853341987419e-01,2.051424952252512424e-01,-1.864241220531702936e+00,8.328572537674159282e-01,-4.547689291581787252e+00
1.149042675440336003e+00,2.972336939236859710e+00,2.650863848439574344e+00,-2.219135174247859776e+00,-1.700962664233704569e+00
-2.940969934140785225e-01,-5.017271560271401309e-01,1.139781450769910887e+00,-4.827781457520664787e+00,-2.349494887634353824e-01
-2.186396608033737810e+00,3.146663275120051839e+00,5.518562596138656406e-01,-2.999590288822193695e+00,1.008014321980543526e+00
-2.466273920127797781e-01,-9.214898652451755101e-01,-4.210125344742566611e+00,-1.987373968264298352e+00,-1.554098018009514748e+00
8.209529274988156544e-01,-2.355064775760574491e+00,-1.160766169299300321e+00,1.026529506054531804e-01,-4.173941837729072013e+00
3.380965891263977507e+00,1.455834957472670776e+00,-1.816113761547657912e+00,-2.155041208467489700e+00,-1.872736610854374817e+00
-2.034571128349494717e+00,-5.418036634718147448e-01,-5.895576705212136615e-01,-4.384695849715671834e+00,9.969118178409483999e-01
-3.588380158394318453e+00,8.761784127403222655e-01,1.848014815318799409e+00,2.360904904950161143e+00,-1.538443531636541906e+00
3.229656946917954241e-01,-7.213256801873174986e-03,4.090335528586684255e+00,-1.100897917207746435e+00,2.636820086476832525e+00
-2.203795715694753632e+00,-1.637088878630401423e+00,-4.166546736779724647e+00,-6.970424081468885869e-02,-3.134550302559881430e-01
2.807252536671261289e+00,-3.053419479643770806e+00,2.976801500154651059e-01,-2.687231613213034276e+00,6.972341514297606402e-01
-2.900875134022930180e+00,-1.127258429935483613e-01,-3.361320616385944371e-01,-1.400939476335711031e+00,3.807440106148966663e+00
-4.119925632133800697e+00,-1.759935915245496529e+00,-1.034647480131493769e+00,1.848304849906848402e+00,6.649151326178945887e-01
-4.144851471879054117e+00,2.336844758949371492e+00,1.800246604129201733e-01,1.524736565789680975e+00,4.617764848922820131e-02
-1.733405091205080684e+00,1.752371388450753908e+00,-1.639537666126724913e+00,-5.049417524319859130e-01,-3.997680749475391426e+00
-1.589690433157674443e+00,2.277919472112578170e+00,3.100583029777173483e+00,-1.231265252642958385e+00,-2.480793816178440636e+00
2.958954692614716553e+00,-2.711711603427463757e+00,-1.850874389160265476e+00,-2.975622216743472603e-01,2.318820395518601085e+00
1.111358101368851381e+00,4.182556813324835865e+00,-7.626551200393759666e-01,-2.172074839360777609e+00,9.856722243856640420e-01
-2.239685722390759803e+00,-2.091260806738129974e-01,2.379457491208307740e+00,-3.829310688063435331e-01,-3.759204701978397622e+00
-4.411937517747653859e-01,-2.974935361456769178e-01,-3.969185788195215836e-01,3.551797295067443905e+00,3.456014653598263209e+00
1.466568898960397771e+00,-3.887896798503242657e+00,1.550518483899290034e+00,1.662291085838426108e+00,1.601909774556321109e+00
-2.605397824837036858e+00,-3.609997179781463950e-01,3.330845614128379317e+00,1.803675334638608907e-01,2.637141715127958363e+00
-9.316589326178864594e-01,-2.645421030815493957e+00,-3.901186899397468544e+00,-1.377549950520323696e+00,-1.298310932843118048e-01
3.157045700676672340e+00,-3.930884434519896220e-02,2.152049276125378441e+00,-3.223836933526378346e+00,-8.412251633577959298e-02
-3.157797506563886705e-03,1.143285663432763499e+00,-6.125071635226200240e-01,-4.558891840899445214e+00,1.591925902081487099e+00
-5.356431757981626740e-01,-2.772377127281146159e+00,-1.886239950284758660e+00,2.261621238842074000e+00,-2.890359782850119519e+00
9.862790704790800334e-01,-3.621924649767481963e+00,1.655641566944199949e+00,2.623408508332620848e+00,1.133796377995711202e+00
4.410289757883810502e+00,5.677135307679731513e-01,1.274249156851579468e+00,-4.709319756438633264e-02,-1.897660906351374965e+00
-1.070663473124408904e+00,-4.625130305320547919e+00,7.546643628049576336e-02,-7.633094524068677611e-01,-1.368763267692437946e+00
-3.343119395783151759e-01,1.461048510869827899e+00,-1.653890674859545662e+00,3.263891328335818187e+00,-3.060266623738416403e+00
-9.332774791151391414e-01,-1.970904172123028042e+00,-2.456538807660608725e+00,3.090363656707138862e+00,-2.158610536212033360e+00
1.144062398328919011e-01,-1.458986574326205821e+00,1.401829776770784353e+00,-3.760579860201394897e+00,-2.598303635110726706e+00
2.344985279355456420e+00,3.423679172767347012e+00,-4.362060377757693286e-01,-1.957625851737122336e+00,1.938269918969951933e+00
5.763485977018543149e-01,-2.562543026019001857e+00,-8.449548315605588389e-01,-2.427944118071625024e+00,3.390034546412815875e+00
5.755910682247298085e-03,3.367196166551471137e+00,2.398938647168111338e+00,2.793464009345341115e+00,-3.218835830991965130e-01
6.833412020091270689e-01,4.068820094433707624e+00,2.122885370187356902e+00,-1.093221217520172761e+00,-1.508632796732656933e+00
3.619998842165234709e+00,-7.041793498156706521e-01,-1.901590817341266004e-01,3.322708612280709684e+00,-5.684952308728531412e-01
2.629111742240763050e+00,-1.521681038099908623e+00,-3.849798527314340468e+00,-6.983545716813551740e-01,6.808894597502673784e-01
-1.867209333412930272e+00,-3.373691157625192005e+00,-1.071698721859485115e+00,-2.767144091122356375e+00,1.151569670800948852e+00
2.268591155236873380e+00,1.502011531265556865e+00,-2.594029915769956229e+00,2.891617638318970229e+00,1.583354590791167471e+00
-4.207834102041978497e+00,-1.025278308336227573e+00,-2.001478399983423806e+00,7.966540082894832397e-02,1.493544173587887602e+00
5.310358050918371209e-01,-5.789502951876772663e-01,-9.472400394032267634e-01,-4.836140927642990306e+00,3.119210880019828158e-01
-2.639633249162246287e+00,2.482653862976039960e+00,1.130156089391013863e+00,-4.633965650515591284e-01,3.221300505025592287e+00
-3.217262305483956641e+00,4.684825884819581732e-01,2.423165976068340832e+00,3.774084797516574774e-01,-2.900961360280004175e+00
-1.367869055040606074e+00,-7.970894562736910993e-01,2.281579307823288882e+00,4.071378443982394124e+00,8.437156363062947584e-01
2.213678114286799392e+00,3.991129266156233424e+00,-1.386369148427083253e+00,1.100706780999490375e+00,1.018303271972620161e+00
-3.639405009158197313e+00,3.332978180871928320e+00,2.717535069612692644e-01,7.537509443667550491e-01,-6.322317981840706869e-02
1.780399379974161977e+00,-4.514325493016281499e+00,9.115712932427567639e-01,2.907357486280837122e-01,7.318154772183436130e-01
2.952568935430173180e-01,-2.646417707624824533e+00,3.438439305928171041e+00,2.286557108522368598e+00,9.263306172739403932e-01
-1.715845089313573046e+00,3.949778254308237813e+00,-1.444750380233847942e+00,-5.431792386920795135e-01,-2.018112986118545393e+00
-2.370353949953296624e+00,-2.771442626853450442e+00,1.637625764939786732e+00,-4.560386029315652290e-01,2.968288827698891907e+00
1.749592685114978452e-01,-1.842304241315099178e+00,3.000512150574170533e+00,3.530955397260870487e+00,-3.233962795169584292e-01
3.738834168342761721e+00,-9.621058904360711983e-01,-1.201999461012165593e+00,2.424208666137475099e+00,-1.665497209835947068e+00
6.969739177323259760e-01,-9.429051605035992933e-01,3.649104824535060576e+00,-1.379203485024152354e+00,2.899480805721726284e+00
2.677643621451425981e-01,3.528053091046010614e+00,2.343694506905886321e+00,3.573905918166739859e-01,-2.619257844563187110e+00
2.276367266160774783e+00,-1.357858814201610365e+00,-1.365258988460409384e+00,-2.185520755455530928e+00,3.366591515486823560e+00
-3.548190254289008028e+00,-9.286155180960120603e-01,-9.205767839723811852e-01,4.793654381233164452e-01,3.235856347315758885e+00
2.830788811620640555e+00,-2.467585408949813708e+00,3.274695911614235566e+00,2.866642275072752710e-01,3.030631298360960679e-01
-1.574349294508434527e+00,2.203748035095889790e+00,-1.060979872560528836e+00,-3.840237866365590946e+00,-1.338586469543560531e+00
-8.569898933124708851e-01,-1.505200956518543798e+00,2.590106847665644807e+00,-3.581116626982087769e+00,1.570633192341202911e+00
-2.791416423375908451e+00,-1.063880796182020694e+00,-2.798387091671616922e+00,4.232824894291243867e-01,-2.840072819864080778e+00
-8.988693667080994709e-01,1.408804086188912175e+00,1.590866227268829869e+00,-4.364204334826368381e+00,7.938325258827478859e-01
3.741370387682454890e+00,1.487536144034512953e+00,-2.294598492672260903e+00,-3.640726220200075081e-01,-1.841644027950416040e+00
-3.847597898556676110e-01,2.919843959440482806e+00,-2.476778810217328708e+00,1.735450228736183709e+00,2.679598922500737057e+00
-3.831227646288390520e+00,1.158623064410149617e+00,-2.025977517205324041e+00,7.720572598997078595e-01,2.068484953812102844e+00
3.199675949805402375e+00,3.526968680649297028e+00,7.953919705323890810e-01,1.299963833487550957e+00,3.374432218908892441e-03
5.502392118157989342e-02,-1.345874363902828663e-01,-4.033821235883713108e+00,-8.893521473220891149e-01,-2.813573810130255648e+00
-4.114007436868334922e-01,-4.077613955129985257e+00,-3.314281536878801449e-01,1.031775241773952079e+00,2.651303281487893404e+00
2.612460386919378319e+00,5.592770164130482780e-01,1.481499030049238774e+00,-2.122330836617972061e+00,-3.341127412954016496e+00
1.443176607894333996e+00,-6.957551787425142464e-01,-1.994266133526335194e+00,4.025747030660308923e+00,1.499809802434698192e+00
3.597033293378591345e+00,2.343930186371458557e+00,1.117453371746653712e+00,-4.263175883706445957e-01,2.266471716911664380e+00
4.374642217972699032e-01,-7.455797489671714962e-01,2.727670357692567382e+00,3.890221609788014234e+00,-1.295656643976717648e+00
-6.305213809239380574e-01,-3.668796325998977093e+00,-1.202165912079338206e+00,1.393415543755572195e+00,-2.784881783629063356e+00
-3.436423800328967548e+00,1.609444636696236997e-01,-1.644279482059327169e+00,3.089513600689664408e+00,-9.572559951125944044e-01
1.332657272853175368e+00,2.231805456958348088e+00,1.853862817154614262e-01,4.091133958279074001e+00,1.212981392013079418e+00
9.163129938780061323e-01,-1.107105706335706596e+00,3.085051368774918146e+00,-3.066558672212638115e+00,2.003338067862412419e+00
-2.474618235135020328e+00,3.216022138604155423e+00,-2.080157681860370200e+00,7.410536367987061515e-03,-2.050940100757022488e+00
9.040461257560872266e-01,1.090535698347883331e+00,-3.984067673856735770e+00,5.109583976404874495e-01,-2.619075939934685682e+00
1.667325506228784837e+00,8.400585127334617153e-02,-1.350140017137767989e+00,3.678533349092282911e+00,-2.618870559414860910e+00
1.234359695227496667e+00,-1.812010126373435837e+00,-2.967337335604858684e+00,1.046667391997172070e+00,-3.208172681133810045e+00
-3.739668973666055996e-01,-9.383928765963130969e-01,3.953701667498855432e+00,-3.957761146250363127e-02,-2.888986726503772307e+00
-2.244385275518224976e+00,2.509452963426917815e+00,2.520153609074875956e+00,-2.696751727842429780e+00,2.042950425991522378e-01
-3.442160404906113857e-01,4.154564017745986604e+00,-7.930427617409225860e-01,-1.485038366763310025e+00,2.187888792240268554e+00
-2.539068410717009616e+00,-2.751490724530178955e+00,1.197359160126437727e+00,-2.988174828712037434e-01,3.075625066895380400e+00
2.936817820592479755e+00,3.665321127676867796e+00,1.538308255024118720e+00,6.931611781887986323e-02,7.545363529951201187e-01
-1.273925612289711573e+00,-1.770171354366816274e+00,-8.050122832961845720e-01,2.631067298589013226e-01,-4.418861503031821236e+00
2.096113203127111468e+00,9.361843342830711290e-02,-2.000809483531227784e+00,1.242519480169219925e-01,4.071715595743904181e+00
-1.215643104569542166e+00,-3.766244307488558096e+00,1.587209800938905069e+00,-2.555912256640789249e+00,5.345027995992459591e-01
-2.216535982812704031e+00,2.209513444458270914e+00,-2.649696850689207572e+00,1.569615286343867044e+00,-2.391742675953670627e+00
-1.285475360208124362e+00,-2.276128219813912779e+00,1.588751467484530666e+00,-2.771193329140584360e+00,-2.821905337242377687e+00
4.265036168835557029e-01,4.911991746905930434e+00,-2.151749645250461696e-01,-7.198185512584370782e-01,3.549545478214330974e-01
1.601042004903769911e+00,5.809445219165221275e-01,4.414535845612372889e+00,1.036935555507755069e+00,1.239276354376283473e+00
3.410317287230725247e-01,-4.575685011125598223e+00,-1.941797584013831068e+00,4.117070881430633378e-01,8.199667831987667022e-02
7.364558217444268085e-01,6.831727735047805616e-01,1.428121756302958234e+00,2.241875974464952570e+00,-4.114045229266627857e+00
-1.707820178122761989e+00,-1.878809844089527781e+00,3.339224937889885947e+00,1.721925567666431789e+00,-2.106649700956461757e+00
1.174461443570616881e+00,-1.476529254969067617e+00,-1.086399546397210703e+00,3.959783726821728411e+00,-2.140175352435467637e+00
-9.121892663598065720e-01,-3.805374631872976643e+00,1.566640234954298272e+00,2.313342543361838755e-01,2.679394985893014614e+00
1.533913028629623199e+00,-8.723693280527885507e-01,-3.879541188063800661e+00,2.249294758322217369e+00,-1.332634922390126597e+00
-4.441804237731652449e-01,-4.611865234639397904e-01,3.110625299336136074e-01,-6.367638058453357619e-01,-4.907930592393152658e+00
-6.197931654191762840e-01,3.070633893317755270e+00,-1.118399710386134949e+00,2.745111297154494423e+00,2.529942683016929816e+00
2.249390527469002574e-02,1.695051009208029091e+00,-3.596136457028690003e+00,2.508040859682952206e+00,1.704062712753927400e+00
1.710282143392152898e+00,-9.998023340752658639e-01,4.073306093309651210e+00,-5.966861664851480507e-01,-2.031618411932545332e+00
8.373054566104796148e-01,-3.196849185105846036e+00,8.133452639989215138e-02,-2.111449488173332778e+00,-3.100683894518478922e+00
8.019875233264710523e-01,-4.126963906205171284e+00,-2.695749130607709265e+00,2.399304396241968562e-01,-1.883980567697913708e-02
-3.829253087165018332e+00,-1.564893178200652102e+00,1.887611506439318632e+00,1.604838801544828053e+00,1.322628200618862104e+00
-3.214817263539058168e+00,3.047904571319584921e+00,2.868283713461957166e-02,2.306602899750564539e+00,-2.323532739098298217e-01
3.160473966844085769e+00,1.080469105741166613e+00,1.295945650443613095e+00,-3.361780589736758529e+00,-9.289493818315123219e-01
9.631558147220482535e-01,4.539635647401516483e-01,-3.068831878618761611e+00,1.600784639413008303e+00,-3.447608939170468734e+00
-2.704169603586859871e+00,3.133891369150205719e+00,-1.314920123749432790e+00,2.146774836581555768e+00,1.236339156777678472e+00
-1.220816610309879646e+00,-3.993890322666845183e+00,-1.137616050228278386e+00,1.143337810137019073e+00,2.226444535278999215e+00
-3.756431369140583509e+00,-1.486844201609354155e+00,-1.706280368471438713e+00,6.587648321485902736e-01,2.309362225630802179e+00
-2.485635609156016557e+00,1.968459099042605187e+00,3.531494133268866520e+00,-3.214036682476927309e-01,-1.540140663256601039e+00
-5.388059231745292443e-01,1.560031468001836785e+00,-2.908696840226389302e+00,3.419470646434774164e+00,1.456946528127934348e+00
6.901229487658836481e-01,1.901010822700085034e+00,5.953879204036537365e-01,3.136464448500356106e+00,3.273834472769599380e+00
-2.873686664090999709e+00,-3.069122859929656943e+00,-7.192026219978170376e-01,2.579048760498612314e+00,-3.920011565860255787e-01
3.691935115166453674e-01,1.645831609403105356e+00,3.827909586186287960e+00,1.859968737926987803e+00,-2.010611588164408214e+00
2.556324953391978738e+00,2.712433484468341760e+00,7.530288057599517915e-01,1.119075968202256854e+00,3.047707978151508179e+00
3.479977681820680235e+00,2.365679507248545477e+00,8.817989652373185994e-01,2.312441548077525777e+00,-1.080907246087956519e+00
3.523911819525036293e-01,-4.939403696602940208e+00,-1.346560486591681649e-01,5.095542488356105126e-01,-4.475866317489766710e-01
3.561251425461307019e+00,-3.427525528642485941e+00,5.406742107483148985e-01,2.490992799471731800e-01,4.638728076912280174e-01
4.476415060571379279e+00,-5.619055682368409022e-01,2.737087875702224338e-01,2.705828668198665410e-01,2.120810870790828861e+00
-3.175390378937207103e+00,1.102681164352484977e+00,1.104946874258690093e+00,-1.171909009168825566e+00,3.332673381900806309e+00
-3.188679825141611079e+00,7.334127823791798395e-01,1.242900127049147985e+00,3.160375099835271762e+00,1.661822844318883607e+00
-8.219757251556225608e-01,3.374714264980676059e-01,-2.358646131340302432e+00,1.625150612174570020e+00,-4.000767783615326145e+00
1.655656052817958968e-01,-1.617557421177658439e+00,-5.826011308875543859e-01,4.655570790461148967e+00,-5.850919216962889857e-01
-1.420453294010992851e+00,-1.905882212486355698e+00,-2.732279287776119059e+00,-2.079020519535096589e+00,2.749954364094623571e+00
2.236512796470417896e+00,-9.493316560815492355e-01,3.466354645589537764e+00,-2.592018761108723979e+00,6.021661988568881574e-01
-1.987658349678599334e+00,2.537156338983869386e+00,-2.271995392747762299e+00,-2.558920551092986884e+00,-1.703530024693967304e+00
-2.815125021508690484e+00,-2.255168265421260365e+00,-1.028603291120638641e+00,-2.755308041255945639e+00,1.827440854090407241e+00
5.303310662954938831e-02,-2.879881781373947902e+00,4.490457538015424355e-01,-3.703044594627995956e+00,-1.670115881039641037e+00
3.407085401630462140e+00,3.813024863422876092e-03,-1.117045851413381641e+00,2.999699494232491936e+00,-1.773630749896794478e+00
1.941787118586176808e+00,-2.171122170356660330e+00,3.322138948342097553e+00,1.907622812508413812e+00,-1.356487862306380077e+00
-3.105924135057474444e+00,2.293734084140469420e+00,-1.423777362783930300e+00,6.344445625476954898e-02,-2.839163968620751266e+00
-8.583762448578352577e-01,-9.935110690161309543e-01,-3.901294258200320275e+00,-2.838290551933726924e+00,1.165468760361513222e-02
-2.904145635175035434e+00,-2.042253724161936734e+00,-1.101040575195807447e+00,-3.171456804862720968e+00,1.060523098523987962e+00
3.514974084127165943e-01,8.298658098075802902e-01,3.911658780500187227e+00,-1.314620107871116161e+00,2.675532071665050804e+00
-2.578053114380574051e+00,-4.057915145970475201e+00,7.841565637057463789e-01,8.675191546114756624e-01,7.207467013559105684e-01
9.922918487233724216e-02,-3.048378258911535355e+00,-2.813166023011166583e+00,1.209472599525183156e+00,-2.514123409349345195e+00
3.810696931613156035e+00,-1.221550636023009506e+00,4.666148064297714337e-01,9.986897977974373841e-01,2.787703759229391398e+00
-2.881796400208576969e+00,-1.597895024463833025e+00,9.723868984829191486e-01,1.789676003318439568e+00,-3.161250467986286061e+00
-1.953138895640387229e+00,-1.606860398826750157e-04,3.141277946538972299e-01,-4.363054328567939955e+00,1.431897022521899876e+00
-8.365135811302970570e-02,1.801369466511547390e+00,-3.583620712105930917e+00,2.963713565007483730e+00,-3.494781706512803399e-01
3.917007836678060961e+00,1.959020534075722519e+00,-1.473026071755367372e+00,-1.739669888175447765e+00,-7.893231445845877436e-01
-2.565269884881273832e+00,2.548552792040998050e+00,-1.962221257301392852e+00,1.244498418614310209e+00,2.554443287168902899e+00
-3.321829816029990279e-01,9.537924231331764702e-01,-4.388795856629434944e-02,-2.414348160625098494e+00,4.260156251440335495e+00
3.509769861545641856e-01,-2.593923723984998819e+00,-3.850338163038621975e+00,-1.007500790523673473e+00,1.519280440432311030e+00
-4.216035135809427459e+00,-2.270322165750548127e+00,6.619647477714132311e-01,-7.159883534283485729e-02,1.275680711152916036e+00
6.613031195185924416e-01,-1.268891628457242682e+00,-6.423046571148587347e-01,-2.424655626478924741e+00,4.081798873018948726e+00
-3.829304676088013615e+00,-1.930866527209383676e+00,2.010837884391632358e+00,-8.951851062823346084e-01,-1.327913694476609230e+00
-1.158065948604241502e+00,-1.487749231866380084e+00,4.016303084534570966e-01,3.869555691978700640e+00,2.512114114400692433e+00
-5.741214011136859252e-01,3.664143252288625696e+00,-6.053184190744233251e-02,2.377305548594681905e+00,2.364147429461035621e+00
-1.221739642978598939e+00,-5.450872840443775347e-02,2.058105861878158471e+00,4.090052571522197589e+00,1.593753828792165761e+00
-3.166492308734544903e+00,-2.379360213914176736e+00,1.334881374129179399e+00,7.254033620133062410e-01,-2.646479380337213527e+00
-6.991011986822964763e-01,-3.358546486964670841e+00,-2.276081240990533161e-01,3.255001281439160010e+00,-1.607664208898046176e+00
8.002630756296984504e-01,1.325775098847043143e+00,-3.597406973010593839e-02,-4.749404406994559125e+00,-2.091961811040680963e-01
1.210069848410624122e-01,-9.255547847184032451e-01,-2.619639485255361722e-01,3.496225687252181746e+00,3.440419521450177598e+00
-4.864769527292192586e-02,-1.852367966199974791e+00,2.790312349037220141e+00,1.092151233259425896e-01,3.710605795714237765e+00
9.855733044301803192e-01,-4.680351916033319348e+00,-4.018989531713465513e-01,1.259835841087674435e+00,6.117532906560506634e-01
-2.362316309105082279e+00,-1.431021054121280001e+00,-1.928649459107503628e+00,1.605225564136997518e-01,-3.691366165955974665e+00
-4.887048979418237016e-01,1.226282261452855460e+00,-2.985720133357618433e+00,2.131814303427154389e+00,3.130214433379939987e+00
-2.249508154185891229e+00,-2.665601935926530608e+00,1.009479215929522500e+00,-2.820650426616677642e+00,1.964475061401744105e+00
-1.127978961978499006e+00,3.480878582271953493e-03,-2.213797342362868292e+00,4.074208281100704099e+00,-1.492507807006632659e+00
-1.053488553158668850e+00,-2.446194540048048705e+00,9.487115423166410377e-02,3.602833109596162764e+00,2.217405508493015986e+00
-2.594681793480746013e+00,1.581721972211422633e+00,2.401942169638026647e-01,3.300083015269779096e+00,2.194889706492837433e+00
3.374563192196654016e-01,1.024291355459306718e+00,-3.899565279452672506e+00,-4.306339828563165995e-01,-2.906010229824830038e+00
2.730809779883086041e-01,1.688699645146127581e+00,-3.230686149281591479e+00,3.403682597023244050e+00,2.265658215739447257e-01
4.911458786648223440e-01,-1.423529969175071908e-01,3.532578307593402300e+00,2.833911996805906330e+00,2.056293910222772414e+00
9.579726116054304574e-01,1.686016032107663598e+00,-4.107708221196625153e+00,-9.715694388803354231e-01,1.849979570113466254e+00
-1.311835558485097142e+00,-3.610835741472614990e-01,4.964681482067366813e-01,2.328791854948538020e+00,4.180783897083973244e+00
-8.549772007230156678e-02,4.113956796034345942e+00,2.017177972863183566e+00,5.708888076591825955e-01,1.916540794063699149e+00
-3.308667014974465470e+00,3.389652388680045814e+00,1.455599087709596118e+00,-6.664768416643372939e-01,4.379876680362891454e-03
2.455636585148361029e+00,-2.947797610891460973e+00,-1.106582994662585584e+00,2.980227460767483905e+00,-4.172008687844078190e-01
-1.009978693201701194e+00,-5.523833748076589778e-01,1.522152977995881784e+00,4.383836429640645349e+00,-1.462820602893091904e+00
5.747369912291386829e-01,-3.946463336058514404e-01,-9.073732878224787246e-01,4.864309313110257271e+00,1.705880570830912712e-01
1.316877183303306831e+00,-1.843024126109809702e+00,4.507074651008259325e-01,3.315452308579533547e+00,2.945120596021383097e+00
3.684468226340980479e+00,-4.821411526018445359e-01,-1.938019020637116396e+00,1.292640580503071845e+00,2.401123987497717938e+00
8.525200839301733113e-01,-4.655617970194631638e+00,1.382590344093531654e-01,1.211404350403375352e+00,-1.054426271165736839e+00
-5.414091184046394556e-01,-2.550923790573263350e+00,-6.990965993475418694e-01,2.132340610008988335e+00,-3.628229795490196974e+00
-9.546139139099101278e-01,2.851254051541962209e+00,-2.887400340038341007e+00,8.198813457755461664e-01,-2.636242868957808128e+00
-4.851507708542482367e-01,-1.565917927595538828e+00,-1.518807260181817831e-01,-1.252241006892705011e+00,-4.552071449273941361e+00
-1.078674869242847612e+00,4.296625673304098059e-01,2.751749665620446539e+00,-3.270975254248352115e+00,-2.319578683414651898e+00
2.126376174321954249e+00,2.467941799471258246e-01,7.327317121507384012e-01,4.300503194515845173e+00,-1.177452126410159838e+00
1.849156226608932307e+00,-1.475588813423313717e+00,-1.625482256309897844e+00,3.358850951917202288e+00,2.340766246450077137e+00
3.437344557069711204e+00,2.034138582522118988e+00,5.789700238231297869e-01,2.921391972758176969e+00,-4.209575704230386628e-01
-2.255607373639923807e+00,-3.333415479274646764e-01,-3.036535883175729200e+00,-5.129210900444366450e-01,-3.212083525374199944e+00
-2.230349165741174033e+00,-1.709984386919779720e+00,1.619448700515360606e+00,-5.858638525300516875e-01,3.759740077194963614e+00
4.585737516660964630e+00,-1.131700043158528457e+00,-1.326943800543633756e-01,3.411289190200056387e-01,1.598840111678880183e+00
8.378854973667587691e-01,3.072773516123827875e+00,-3.035591364591466501e+00,6.700016998354354492e-01,-2.278660484000591957e+00
3.552152793676706999e+00,5.776658860402927864e-01,9.064157836021904391e-01,-1.129577310084164621e+00,3.154517107618835414e+00
-2.192876084760999156e+00,-3.040711369191858360e+00,4.774384193689986122e-01,-9.394271611688668200e-01,3.136064095441814636e+00
-4.641493465687805298e+00,9.751830026052058509e-01,1.872505665488927440e-01,3.037406653634841872e-02,1.571486926708736354e+00
7.905242483071714954e-01,3.065842897506178222e+00,9.408580740990553082e-01,-3.535798273601055808e+00,-1.260394935507007874e+00
4.810259503735888620e-01,1.776411414157259117e+00,-4.319154761845003243e+00,-1.171419052967803465e+00,1.259228362249926292e+00
-2.433888715581240536e+00,-1.490328208482510242e+00,2.930578621764024838e+00,2.005230498584329002e+00,-2.060550203313309847e+00
2.625405583177257141e-01,4.033377614946456746e-01,-1.256249464304023178e+00,-3.897108457194028208e+00,2.828917471700675534e+00
-2.837310330165954131e+00,1.577557210912925001e+00,-6.157910123050620577e-01,1.014590459806919531e+00,3.612809289827417558e+00
2.031920828730700013e+00,7.634072311345012629e-01,1.373784360679668026e+00,-3.757826237476281861e+00,-2.068807783364298825e+00
1.903902897666506000e+00,-3.949114321793903759e+00,8.184881040520026740e-01,-1.713723493347907079e+00,-1.474068804884003825e+00
-2.521104153800315384e+00,-3.689487442918815585e+00,-1.878089848655635441e+00,8.021537137864923617e-01,-9.279246704718892014e-01
6.279210061831843603e-01,3.970815874925623046e+00,-5.631599405370211198e-01,-2.474698552139469876e-01,2.908598640164586246e+00
-3.767587303377806673e+00,3.911603466724630773e-01,1.294444708582838777e+00,-2.934982489069982048e+00,-6.021380073470574690e-01
-2.276260258854613916e+00,-4.279020906272653413e+00,6.923304160327229395e-01,-8.475284095920592176e-01,-5.576679187572129992e-01
-6.999464522031132452e-01,-2.912408230336349102e-01,2.777369016859259521e+00,-1.645617293186795838e+00,-3.742114217337809912e+00
9.935034962005434567e-01,1.853381976904969974e+00,-1.370009965930852003e+00,-4.042504543041356868e+00,-1.535954349406664532e+00
4.415386717093028324e+00,8.968761740507245062e-01,-7.851560880471636361e-01,-8.098003220393799051e-01,-1.851412061850623569e+00
1.701133451230489646e+00,-2.191421653727549379e-01,4.398423156287294411e+00,-1.500563804314362315e+00,6.784568518908989931e-01
1.064116798240564377e+00,-1.809481689926106807e+00,-2.259171088556376716e+00,1.979723239476245400e+00,3.401510449966761662e+00
1.274410748822563555e+00,4.031282626782124012e+00,-2.221619245045096114e-01,-2.445194219366192190e+00,-1.047046768377007941e+00
-8.057942111149187792e-01,-1.724400641671793410e+00,1.580021664690547833e+00,-3.092704264736875874e+00,3.052187737725589045e+00
1.560459824884640467e-01,9.451738909894031870e-01,9.433091342033443627e-02,-9.858709199801405365e-01,-4.806397421671657177e+00
8.444329674498608496e-01,3.276961079297131985e+00,-1.035712545346717528e+00,3.331361014120879371e+00,-1.173794004611764974e+00
3.933525244163129209e+00,1.832144933159419065e+00,1.008792911377486279e+00,1.636044556151857288e+00,-1.573632476047081674e+00
-2.436605492410558238e+00,2.123748427009647166e+00,2.503508871102058553e+00,-1.975520789240387654e+00,2.093419985746070466e+00
-1.642623580249921611e+00,3.086692459139634082e+00,-2.764872893996650038e+00,-1.287777376979738486e-01,-2.261196942022836609e+00
-3.440470174603311726e+00,5.809326150174196624e-01,2.474773972833692159e+00,1.209982852225367278e+00,-2.288474940911433553e+00
2.322219862749443475e+00,-1.545580731325693513e+00,1.600949621073508577e+00,-3.058410302763703292e+00,-2.302512072224619288e+00
2.281943547971543307e-01,-1.837138752781436457e+00,2.268220362244242061e+00,1.871882407240901047e+00,-3.595007813792618911e+00
-1.840970018464905156e+00,3.656216171093768619e+00,6.299435434983802207e-01,-1.286389009491712976e+00,-2.488229722033192370e+00
-7.116264752097747892e-02,2.443407742537798022e+00,-2.066872078618336328e+00,-3.579006714467570571e+00,1.394075044510913797e+00
3.350417052565412668e+00,6.765953167148931469e-01,9.891133665854735801e-03,8.621547284436986702e-01,-3.545915360097493974e+00
1.247310458378469766e+00,2.457419797696323460e+00,-5.262794881298064054e-01,-2.052416231838899652e+00,-3.593872851113113498e+00
1.069375185531736605e+00,1.190024670822252606e+00,-7.841705876882802684e-02,4.434529207094532133e+00,1.664055128811227080e+00
-1.593331065813992753e+00,1.275415566698846259e+00,-5.050495608381819768e-01,3.207373938497147137e+00,-3.208159691580325656e+00
2.819990945134851490e-01,2.790503055709145364e-01,-3.047731547683913078e+00,-3.289101932104246950e-01,-3.930109150610050950e+00
1.696789667539699842e+00,-4.635100736065131954e-01,-4.095820498088327710e+00,-2.004693535955853534e+00,1.054287204765429253e+00
7.274464343405574462e-01,-4.133371322679966653e+00,-1.652374253552080230e+00,2.116568691635007049e+00,-4.193560465770814205e-01
-1.231598507294180411e+00,-2.177446284310481150e+00,-2.837584114459913653e+00,2.962617774928964387e+00,-1.383078128238937943e+00
8.052578176067967108e-01,6.217084970852253534e-01,-3.945376146504160353e+00,7.284869299505200013e-01,-2.805058332249513509e+00
1.311429217857665419e+00,-2.053721615850329307e+00,1.773883105868633958e+00,2.233646409116150089e+00,3.305532238066167139e+00
-7.487879243135650009e-01,-4.291681981706271465e+00,-6.480736673858863983e-02,-1.357536245908299577e+00,2.042958090260669213e+00
1.468689288592496034e+00,-8.615697909057469239e-01,2.422012018329582628e-01,2.539282593852197678e+00,3.948927924812280388e+00
-2.967668849996547120e+00,2.780323613660690363e+00,2.355931421238501411e+00,-2.548722391795759518e-02,-1.706364480384839011e+00
-3.037448754273464613e-01,-3.282323957103018497e+00,3.701405825035821273e+00,4.425133388592268346e-01,-4.877144191037961485e-01
2.358669581198782783e+00,3.252615435505569863e+00,-1.227442775408731368e+00,2.685971580415622562e+00,3.689329718729106866e-01
-1.009021948363616694e+00,8.631693588559909980e-01,-3.242900856747804372e+00,4.210356004465911628e-01,3.541629063314446935e+00
-2.198012195360141252e+00,9.678160555888639660e-01,3.278485086965047035e+00,-1.941819004527914672e+00,-2.170932739583267157e+00
4.198665654754015542e+00,-2.213983476862100730e+00,-5.340229847526577478e-01,1.250392420181905662e+00,-7.879226682093427581e-01
2.832530578058989779e+00,-4.038520035929416552e-01,1.298541543208891813e+00,3.049201816398174003e+00,2.414504551039305280e+00
3.250411709225292434e+00,-1.671544041956144255e+00,3.023476148247502771e+00,-7.053783115632521472e-01,1.414848986601271452e+00
-3.105589152389501617e+00,-3.149138582137749331e-01,1.351075773374840194e+00,3.460167084407831606e+00,-1.207469784734077178e+00
-2.377793867701500474e+00,-6.433561195550699940e-01,-4.100063776570672114e-01,2.454293604523223316e+00,3.569387468352114734e+00
5.015801667196465585e-01,-1.101103500974510263e+00,5.576080258423110614e-01,2.215781820792237511e+00,-4.279646320510381408e+00
1.122240149851524427e+00,-1.534823447948701958e+00,-4.336549053366683948e-02,1.095431207457683964e+00,-4.492554277206527225e+00
-6.907501682495439388e-01,-1.965341208520447136e+00,-2.363405055327685300e+00,-1.344873982377194688e+00,3.642242256513294141e+00
-3.726243056647244867e+00,-2.179031701093246731e+00,-4.552983910903103393e-01,-1.964594657019198332e+00,-1.516576650585478081e+00
2.712971013818300303e+00,3.064191634431412958e-01,-3.577720212677203637e+00,1.806340035645493503e+00,-1.217764069876314137e+00
3.526623071009695298e+00,-5.767279670420079052e-01,-5.120238628212470805e-02,-2.939474755263802752e+00,-1.893985492515600555e+00
1.096334887527108393e+00,1.761776620424071682e+00,-4.218638344600011969e+00,1.649741616827983037e+00,4.190895719226708227e-01
-1.144710345396894757e+00,-3.529570747992769597e+00,2.805316400411046462e+00,-1.809163198029719810e+00,-2.981559600859419734e-01
3.213815416848326278e-01,-6.688736667665883262e-01,3.128302221094504176e+00,-1.903810717300092215e+00,3.322431622886917957e+00
-1.218697170767151450e+00,-4.816698966327759290e-01,1.982586128138291492e+00,-4.344407569236084399e+00,6.915536374857311763e-01
4.542005379772355300e-01,-3.460398158560991089e+00,2.273107276785799602e+00,-2.760323538090272422e+00,-1.815040738306936963e-01
1.045084466572758775e+00,2.195809370806290239e+00,-3.852586298892651806e-01,-3.158187722165872291e+00,-2.993934829695563682e+00
-2.558282246299787843e+00,1.296714858985384133e-01,-6.990627537657924107e-01,3.921835724483985874e+00,-1.602776675170543452e+00
3.844974398717293074e+00,8.404032559137171177e-01,-2.434997567833414145e+00,1.622158728753262391e+00,9.743111125473076228e-01
8.440865652915261474e-01,-3.751676203409109345e+00,4.882596934218704637e-02,-2.996301156348492256e+00,1.110062583934186886e+00
-3.808926858810723903e-02,8.507482401077308409e-02,-4.522020702739520948e-02,4.409839748043470564e+00,2.354268466294839435e+00
-3.062166899445420754e+00,1.003558707497373748e+00,3.393923434265197159e+00,-1.627178440864134323e+00,-6.705056632717701914e-01
3.715391069815233926e+00,4.955346243831647568e-01,5.389970618336046293e-01,3.249778195122806412e+00,-3.142268037799201275e-01
4.202535501675039864e-01,3.662268840283712912e+00,2.188837178760574709e+00,-1.579931116133096003e+00,2.030759308290489340e+00
4.043258287815011620e+00,1.919363290074969974e+00,1.076197515157566453e+00,1.378817375931480127e+00,1.381581894397111654e+00
-3.649821348784601516e-01,-1.789818373912066107e+00,3.263124536660598540e+00,-3.318511238451506529e+00,-5.328834901671419128e-02
-4.072898827562760893e+00,-1.466606005566607918e+00,5.836001688523276276e-02,1.514402440453661125e+00,1.990914694719738476e+00
-2.317742161232058784e+00,-2.240259693900839899e+00,-1.390330699438142359e+00,-1.673217045911951084e+00,3.142711097348942495e+00
-3.512163809224791766e+00,8.136517463336018219e-02,-3.025441654829695626e+00,1.141328846109112449e+00,1.483966422729664059e+00
-2.803210518638042270e+00,3.276332230190769135e+00,-1.640807847616980508e+00,1.664089488406169881e+00,-9.727351578846346047e-01
3.769186202889574844e+00,1.951177609195190232e+00,1.906653334031340963e+00,1.789002016452878152e+00,3.876675821846869985e-01
-2.888910221510250856e-02,-1.278595194464341667e+00,4.084857740578602403e+00,-2.097902395851376056e+00,1.509007132250219652e+00
-2.129854634264090496e+00,-2.048451581824681789e+00,1.405175373013839879e+00,1.969172292794955093e-01,3.775482900201249770e+00
-2.296890988691821178e+00,-1.084357635416950405e+00,5.549758739003555208e-01,-4.058157217890498103e+00,-1.331098072589341985e+00
-1.750048290762793002e+00,-1.981230070172145474e+00,-3.665676696902916643e+00,-1.565129546184613751e+00,-1.457821061202905222e+00
2.301636441771936159e+00,3.115739544248254944e+00,3.102509525846048000e+00,4.851013329005887664e-01,-3.657159022625249833e-01
1.580689075398408860e+00,-3.609467090686768298e+00,-3.032429972060155521e+00,5.266586265158389457e-01,-1.298167296678561476e-02
-2.198134658400541230e+00,3.362525412908833999e+00,2.085274777824363213e+00,1.249415563889327618e+00,1.718201594912910801e+00
1.008972532550560075e+00,-1.636877425813676012e+00,2.655414440583420355e+00,2.046564288378490026e+00,3.172216178587926372e+00
2.633318224354112669e+00,-2.314984679762713604e+00,1.262551150986854775e+00,3.400769638045124388e-02,3.333360035981275615e+00
2.967277069727287220e+00,-1.310686244205584883e+00,-3.074138971507672569e+00,-2.058454024995779452e+00,-8.887097228889355716e-01
-1.519168130919744952e-01,-8.004174071748364483e-01,-7.797689325039284247e-01,2.981166185915028688e+00,3.852383916492490012e+00
2.349663439831942036e+00,-1.498620018415556254e+00,-4.169330494647237040e-01,8.302231829159434362e-01,-4.046000007258310660e+00
1.526104604228460282e+00,-4.912861925056841161e-01,-2.660282814319455902e+00,-1.475072537898487024e+00,3.629972309781471562e+00
-2.010761349449549318e+00,-2.119482016293166016e+00,-2.180737137629945366e+00,-3.179556364478687058e+00,1.264690333573524228e+00
1.519954543585159135e-01,-3.344846719089700660e+00,2.244654671575211591e+00,1.346517437383780713e+00,2.633878130029217779e+00
-8.743686315040156698e-01,-1.291798771711012650e+00,3.633490396333372452e+00,-2.845921460818149118e+00,1.124817322170831746e+00
1.120721711741668791e+00,-4.167307945773941924e+00,-1.305158215033236369e+00,-1.692072911108935207e+00,-1.345726059472278857e+00
-3.484407223030154377e+00,-2.770445801781917350e+00,1.214045046168948927e-01,2.452976298840509606e-01,2.260227064371238992e+00
2.311616880277748365e+00,1.174918936347525866e+00,-3.395232164365798777e+00,2.402961713229926494e-02,-2.597655485121800112e+00
-3.042208123760069771e+00,-1.286478192550852384e+00,1.050080673773441164e+00,1.323289886690721673e+00,3.352040877759234760e+00
-1.038618146868641734e+00,-2.776149777437035393e+00,-5.573558297739630296e-01,3.845869572355969268e+00,-1.054943822994826474e+00
-9.551862422295382959e-01,-1.737186974746810497e+00,-6.638958757169444169e-01,-1.962115393829169385e-01,-4.537680459821345380e+00
-6.977047387969301795e-01,5.203342613618773260e-01,-8.587854778551332613e-01,-1.151680851475392675e+00,4.709413877892167477e+00
-1.390675233411096334e+00,1.017179387264068424e+00,3.497286956153107251e+00,-8.633610079791534386e-02,3.129360719591532281e+00
-1.810683261660541055e+00,-2.206964080984539667e+00,1.363716571253839049e-01,-9.583241373312102462e-01,-3.989204593666220600e+00
-9.177397867158489930e-01,-1.619729431188835223e-01,-2.169502075322786716e+00,4.279308739104492609e+00,1.054654403191013667e+00
-2.532266591788484789e+00,-2.043763853182023915e+00,1.682942328408560395e-01,-1.548941261780627743e+00,-3.461663363079148237e+00
2.680398559432374483e+00,3.083721057800306475e+00,2.762008200056836671e+00,3.158791159726589970e-01,7.600388721525619395e-01
2.099657525532026447e+00,-1.311328064018310480e+00,3.283427966437290735e+00,9.851586783142994852e-01,2.668411540927337011e+00
-3.247398583370479042e+00,1.811084696037788433e+00,4.226588691533409992e-01,3.298856460503504451e+00,3.365712373650334155e-01
2.314880325125017624e+00,-2.567030977232414912e+00,9.188023739397160883e-02,2.881096190814095515e+00,2.177733639252334985e+00
3.394863006370025804e-01,-6.759910725120115149e-01,1.216161086629930832e+00,4.169078279448403812e+00,2.359560050679471388e+00
1.619188118792505904e+00,-4.459479598641991949e+00,8.161220821363905642e-02,-1.373700023440410867e+00,7.730195588258780282e-01
-2.898872835827555505e+00,3.171583377640595502e-01,2.195962211553149412e+00,3.265575528736496924e+00,-1.004844914420024660e+00
3.157472657779693659e+00,1.448954758911614737e+00,2.420518421669804354e+00,2.640153991201229289e+00,-3.187067540896409423e-01
4.052435579340410321e+00,-3.242756320727391839e-01,9.227971805434759256e-01,1.585102172986802893e+00,-2.260200799600184052e+00
3.276179636418064534e-01,-2.440279118720272145e+00,-1.702110001366545999e+00,-4.774233341316630463e-01,3.976505098187551823e+00
-3.710505837203422086e+00,2.714893501685469612e+00,1.044641616410103113e+00,-1.474592520955702701e+00,-7.718811417510663686e-01
-3.566336312086075377e+00,-2.175388056450754171e+00,1.308180181421443322e+00,-1.073200421091305978e+00,2.164679556436312602e+00
3.830967790865732470e-01,3.116111222458420649e+00,4.361414849151977191e-01,2.953037087964752061e+00,2.496485583648102580e+00
-4.030887223510611683e+00,2.668812286853370352e-01,2.394869533610382906e+00,-3.510664979524972806e-01,-1.679903221056043616e+00
-1.432580065179900330e+00,2.838354195864438267e+00,-2.933239484960739052e+00,-1.583520297745464989e+00,1.944229771956820008e+00
-1.246506511279252605e+00,4.244882693579056898e+00,-3.712266555167502012e-04,-2.295542410742639206e+00,3.970860583854290415e-01
-2.304033710712876992e+00,-1.684794006803713162e-01,-3.245213311241934573e+00,2.250326040543791706e+00,-2.016845712302677729e+00
-1.247166933442570291e-01,2.893079236029070800e-01,4.928792600601077822e+00,-6.899391357031643413e-01,-3.629520092616755900e-01
9.796586948468199996e-01,1.139398577374425292e+00,-9.901714802187845665e-02,-4.285179363034660405e+00,2.090328480049876703e+00
2.394180938039413231e+00,9.641597204947599531e-01,2.340023391593574864e+00,-3.377503875264751709e+00,-1.206255266794997283e+00
-4.848646405530631642e-01,-9.426258919676021586e-01,6.372057813357351330e-01,-4.694389891266011361e+00,-1.197094419478023086e+00
-9.698834367326043537e-01,-5.244213657352955194e-01,4.016341474483594354e+00,-2.582511436047794540e+00,-9.919396117392356160e-01
-1.226121794349417149e+00,5.403754145501649120e-01,1.409051630876795747e+00,-3.485453733196872239e+00,3.011777802567535911e+00
-7.963473889852223930e-01,-1.783197457941534392e+00,2.649272862090552128e+00,-3.743103729261717749e+00,3.956835051209708909e-01
2.729189271104059955e-01,-1.853970550087914670e+00,-1.115765779485497156e+00,3.815400395624787500e+00,-2.384553418363060118e+00
1.306995911625484119e+00,-3.659321064588372252e+00,-2.219034150100175129e+00,6.609667642480974159e-01,2.130760758626526918e+00
-2.248531269168551727e+00,-1.680769635409067042e-01,-1.672371230639233763e+00,-3.016546802976089570e+00,-2.831868132219979461e+00
-1.724013120998113990e+00,2.746484291062444072e+00,2.462336509762474090e+00,-7.874779088339688149e-02,-2.900913734617992734e+00
4.278176205918088115e+00,-2.412531248895277702e+00,9.066661874306353175e-01,-1.443672350389373638e-01,-1.844338641283663760e-01
2.819875761054089658e+00,3.804863963892731515e+00,-1.370229483020923844e+00,1.001467229815265619e-01,-8.268934068103236390e-01
9.011043798155636830e-01,7.619248484495040608e-02,3.006627236417454441e+00,3.381736296362063410e+00,-1.925164378703931867e+00
-1.241381843282494790e+00,-1.181722772795058551e+00,-4.030563681256033037e-02,3.797319003465127629e+00,2.764280421554562217e+00
-3.727313085140036897e+00,-4.324889747793858596e-01,2.054193841747863125e+00,2.121751947348418543e+00,-1.482749738319480759e+00
5.866563593381604047e-01,-1.138923976518091852e+00,-2.174699430456465521e+00,2.736172031467801968e+00,3.338073020942772029e+00
4.650258870249674104e+00,4.414516532262041104e-01,1.888754409990651140e-01,1.762633860051650236e+00,1.940639603710716810e-01
-3.048634884121248501e+00,-2.954857912397234720e+00,3.711596981582669930e-01,-1.430713088446958547e+00,-2.188593292019351821e+00
-4.657778423161201831e-01,-2.901035400020179011e+00,-3.940706771567811906e+00,-5.577300177679012094e-01,-7.258181433646466729e-01
-4.516395685058100185e+00,-1.057860625224054552e+00,7.537718534328241571e-01,5.965435646989276641e-01,1.599707686415830166e+00
-1.195345312723954834e+00,-3.980574391787822464e+00,1.786753480023019591e+00,-1.935343581667305246e+00,8.877692928439632203e-01
-1.084595042120038544e+00,3.805548814201958674e+00,-1.047391225901145972e+00,-2.768735860663535053e+00,-7.606084216702743150e-01
-1.458764845961138867e+00,1.484359232171456044e+00,-3.901315333380994232e+00,-1.191441450238406308e+00,-2.007209190452127867e+00
-4.516947222402938333e-01,8.316422988540598249e-01,-2.092453304268179881e+00,1.879228992272251597e+00,4.024236639254406001e+00
-2.507248473190322180e+00,1.078534894246072406e+00,-2.146388383817758871e+00,-2.733080026151880837e+00,-2.339606388271376236e+00
7.523643498286517461e-01,-2.458618490793842148e-01,-3.565723707926887975e+00,3.394472777222357518e+00,3.696874892373763766e-01
-4.546106392600671176e-01,-4.750108073060230751e+00,9.193923448514886854e-01,-5.420221373253607533e-01,-1.044381242553362510e+00
-2.281623191330060418e+00,3.830001606576916462e+00,4.632535672639387370e-02,-1.980930721484133405e+00,-1.095011755374158291e+00
-5.299937769413319844e-01,-1.143461975650416962e+00,-3.269579154968597745e+00,-3.521584319697893317e+00,5.655946740359754088e-01
1.674867911806034337e+00,1.020291636538029456e+00,-2.401484642826864579e+00,3.304788236301599902e+00,2.113070911702284782e+00
-2.504961397588455707e+00,-3.370632478060027193e+00,2.415459588867195251e+00,8.474336213276459917e-01,9.007865043569686092e-01
2.633931081914541728e-01,1.351186028070775702e+00,2.805667472298602583e+00,2.006315595250512729e+00,-3.347812443259585713e+00
3.513139437712141433e+00,-2.077763009301952124e+00,-1.990732541714739512e-01,7.935417099393772267e-01,2.769731676973091972e+00
-3.008159145131358292e-01,3.632308997206069812e+00,2.243975898958313842e+00,-8.467746162629302686e-02,-2.583262090222016472e+00
1.466243609100126744e+00,7.529609502794684106e-01,-4.113063003585968325e+00,-8.736060957822240347e-01,-2.145391480376433346e+00
4.923957233681416357e-01,4.436728088714792406e+00,-9.776105950131471767e-01,1.837507649030081014e+00,8.607168423424340631e-01
1.120033264461592459e+00,-1.030488088417769177e+00,-3.265018255347588161e-01,4.750965164288748710e+00,7.311875112348403816e-02
-1.097417571980461304e+00,2.143872404687749977e+00,6.291360081383233771e-01,-3.191265981317476630e+00,2.935897665940769841e+00
2.856020571297249511e+00,-1.096440262913431551e+00,1.668082385806106127e-01,1.127056749587361129e+00,-3.787199934112333910e+00
1.445565613532482807e+00,-7.524089003937500797e-01,-2.651541988218918178e+00,-3.736434170583792458e+00,1.163015768245040160e+00
1.021645372911389904e+00,-3.695682444154542168e+00,6.453791979451671823e-01,2.026139891352038980e+00,-2.403417324458707593e+00
-1.645864866794748416e+00,2.895941382970136591e+00,-2.422603747301742771e+00,2.233395112550649930e+00,1.745734716801537356e+00
9.158189119600003147e-01,-2.698015149772648336e+00,3.826179439097366242e+00,1.308145676239439004e+00,7.287631725453083131e-01
1.243909520335282348e+00,-3.515661089157577468e+00,-2.119205754158581811e+00,3.417988340785294010e-01,-2.546557821838395963e+00
-2.670543945304792111e+00,-1.332902525979134722e+00,-3.923542305032780675e+00,3.589542194228204641e-01,7.540116321456670212e-01
-3.127445118961562631e+00,1.645460041027196008e+00,2.045864783818785781e+00,2.866143437211527090e+00,-3.334776828000288740e-01
-4.368014131620855167e+00,2.070947933083411741e+00,8.846702874380849568e-01,-9.176455314663698459e-01,8.314063700788042188e-02
2.061844219262814359e+00,-3.178376230303064709e+00,-2.174740902734901837e-01,5.177035729772705430e-01,-3.214251232359300214e+00
2.030888806357970200e+00,3.490679963888188020e+00,-2.279608000884337127e+00,8.435676595382850529e-01,1.668060254308781021e+00
-1.836504174009023493e-01,-2.432415085197355609e+00,1.991668281751779235e+00,-2.522948768081050286e+00,-2.952560981012083641e+00
-2.788388640070545321e+00,1.385047839640773493e+00,-6.750652332454749605e-01,-7.486243324212864259e-02,3.852948717642666221e+00
9.307182255588648534e-01,-1.532549946995847567e-01,9.307953206999857246e-03,4.548108863175236216e+00,1.850647352124694667e+00
-1.725433497294090568e+00,2.361366704603408362e+00,-3.224340033799437233e+00,2.433934972529207652e+00,3.555536931933294120e-01
2.596913943178926765e+00,-2.303919401908343989e+00,-2.840817953645581095e+00,3.795763437023367270e-01,2.175699546072406232e+00
1.590144081634982554e+00,1.153673270332965739e+00,3.106288483361877351e+00,3.092192621379524553e+00,-1.389171132503072226e+00
3.747614306800872708e-01,1.937234436495602896e-01,-4.956334375984395302e-01,4.200188276582167646e+00,2.633399140702230579e+00
7.860290694577566281e-03,-1.399525580731923124e+00,-3.630127808549155954e+00,-2.655446716684051633e+00,-1.676914187773829168e+00
-3.352190274116733093e-01,3.021579535502762148e+00,-1.005593840108206294e+00,2.876459128101024998e+00,2.544100868163996498e+00
-3.209685253440098140e+00,2.293083160496945938e-01,3.074949145595633926e+00,-2.162500394202888643e+00,-7.166715196745776506e-01
-6.644261035424523509e-01,-1.170501912002298583e+00,3.757284009691829185e-01,3.247223057062438745e+00,3.535934644944326966e+00
2.800907863795499608e+00,-3.807701977091624279e-01,-1.193004601453284685e+00,3.635204512343752636e+00,-1.540116024659170746e+00
1.169657291213601846e+00,2.905934702462861452e+00,1.346394896767524330e+00,-3.323401488663839221e+00,1.526325212147882970e+00
-1.205548787692738016e-01,-3.143250311351420301e+00,3.729227782084455489e-01,3.405032240859081405e+00,-1.836335492658572655e+00
8.077487842330680623e-01,1.331545902819557980e+00,1.682582512692990750e+00,4.180351109382911545e+00,-1.506023937563826021e+00
1.732390304241565149e+00,-2.094477298699338186e-01,1.189012980032758238e+00,-4.329539932038108496e+00,-1.340256539780061651e+00
-2.424245407936794106e+00,3.946205866558762376e-01,3.760427545717005327e+00,-4.990425183529247355e-01,2.139497612285065298e+00
1.858424725453005966e+00,-9.051965653653410993e-01,-3.102548217230057137e+00,7.772761159396394115e-01,3.239893997838214190e+00
-4.268756171775692998e+00,-2.662903217175068837e-01,-2.047563879432933387e+00,1.013578305257126777e+00,1.219406162539848237e+00
2.501984130300850540e-01,3.706585510590460597e+00,6.768085196193642794e-01,2.272567943415924052e+00,-2.361353378282682769e+00
3.091277081870342336e+00,2.080628580145365447e+00,1.297960303039148000e+00,2.310881369025625798e+00,-2.022403783770746255e+00
-5.354083024641711486e-01,1.577886994436608736e+00,2.162371600392551940e+00,2.639635289102256088e+00,-3.252704287939812033e+00
2.217670398578669655e+00,-2.989153552739878705e+00,9.810056319900396504e-01,-2.115655318651625372e+00,2.389252930117570450e+00
1.190457544746220675e+00,9.444643667558867417e-01,3.678056002062768837e+00,1.998281983584581367e-01,3.020392463061059463e+00
-1.780633795854035917e+00,1.939195474832472676e+00,3.901285909332304680e+00,1.451083265531358801e+00,8.620845698606174334e-01
-4.205307419538924840e+00,-1.363433210823515651e+00,-1.845391035111296096e+00,1.414075057596268614e+00,2.266341673475402718e-01
2.710000039889632895e+00,-4.055414103803036241e+00,-2.036223822844414610e-01,-8.281942069363169567e-01,6.943691464225224541e-01
-1.143865883750334156e+00,2.049076321651514210e+00,-3.708855501024827639e+00,4.792232674120275315e-01,-2.346826154730678127e+00
1.109816335897488571e-01,4.560749253814004311e-01,3.432813672953638040e+00,2.987063943724510118e+00,-2.018147175586465725e+00
-1.397597726436125232e+00,-2.525062967296749061e+00,-1.709307938564332552e-01,-1.733448769613010088e+00,-3.692792389653912988e+00
6.401096114857441899e-01,4.693240645665697208e+00,-3.686349097067057601e-01,-3.018882704917353332e-01,1.528634587676217294e+00
-3.497720389224066473e+00,2.484672501194395977e-01,1.268430482468305920e+00,-3.170496827467524703e+00,-1.021396143809009338e+00
3.867843710012784708e+00,-4.186626064967779448e-01,-8.688679659799906085e-01,2.396452042023048623e+00,-1.834827709844499610e+00
-3.731813466265965218e+00,-8.764741217609511859e-01,2.251664642300041042e+00,-1.407599385352707122e+00,1.803893476857732381e+00
-2.015368505672356036e+00,-1.010426093398360647e+00,1.732752763047695099e+00,-1.793177848590679968e+00,3.701271397992584422e+00
3.248234806625506454e+00,-1.537793868918549745e+00,-8.595098815469536246e-01,-3.152494758976829292e+00,1.186246271180585232e+00
-1.855378081376707566e+00,9.699111389874325306e-01,7.511529886540462275e-01,1.451469508220391447e+00,4.236254243073418024e+00
-3.032713341826281273e+00,2.303310496277033437e+00,2.186277184794444217e+00,6.178355585775564124e-02,2.390352569710536113e+00
3.267600753847931028e+00,2.062304786134513623e+00,1.663114343850012222e+00,-8.184236884147587654e-01,2.575639265902941233e+00
3.017938063363489576e+00,-2.632727801405332801e+00,9.349661591167390817e-02,4.767957972334462835e-01,-2.953763416383049734e+00
-4.084644339092441179e+00,9.208910616342411704e-01,-3.281497706565870143e-01,-4.160327240391771819e-01,2.680834716327884060e+00
-1.450695672344223253e+00,-2.178729871399736506e+00,-3.201758944727998157e-01,1.350086198001794413e+00,4.027824830882772211e+00
1.091112699713707501e+00,9.473137013160287667e-01,4.551608385397310386e+00,-9.194489363505169432e-01,1.161699008886200701e+00
-2.268124613251643495e+00,2.864907784033580374e+00,6.345530909023738841e-01,1.390633526661668729e+00,-3.051457831446578783e+00
-2.906979837033574210e+00,-2.645246682071060729e+00,-2.950914662471568750e+00,1.756598454097230144e-01,-9.018783130740197773e-01
-2.585239459028386921e+00,1.460777337912217311e+00,-3.337725631275534344e-01,1.135657204813889098e+00,3.844677502441820049e+00
-1.835387382184883620e+00,-7.219761183994409803e-01,-8.303476601969337345e-01,-3.735399100947450979e+00,2.543112258950408044e+00
3.653601024605494185e+00,2.636485159247086152e-01,-2.776568287907195565e+00,-2.732393017482673825e-01,-1.948768287821980083e+00
3.251478205491595275e-01,1.116483859297822789e+00,9.271206309464302686e-01,4.211578145160243203e+00,-2.247398395834985685e+00
9.573729979224526732e-02,-1.890128849755059903e+00,-8.848896119398396154e-01,-7.770396570766171518e-01,4.475648226431934162e+00
-1.249912179981809590e+00,-2.292150781998490316e+00,6.865471732953036532e-02,-1.160876288779815413e+00,-4.102611010911713763e+00
-6.124828013192303855e-01,7.491948057968338404e-01,-2.316590992042911079e+00,3.115299298892365343e+00,-2.998647764403411298e+00
-3.764995743679957041e+00,1.304788784187745909e+00,-1.238175927661392395e+00,-7.236348631106084284e-01,-2.658120809101875537e+00
-5.975576379009340799e-01,-3.953281321700509443e-03,1.796410199165141552e+00,-2.345888338154959118e+00,-3.989063491873383160e+00
-2.295669356144912701e-02,-2.237242391347402215e+00,-1.037043262145185052e+00,8.329377867725966667e-01,-4.269071958679606205e+00
3.234757797028234627e+00,3.154412099596523689e+00,1.934298644211261964e+00,4.595418013628181364e-01,-7.958243451206954422e-01
2.321829296603830528e+00,2.837898123337842193e+00,-5.749222806021994647e-02,-2.670043688990438313e-01,3.388339751218759854e+00
-1.077796647971744015e+00,-9.202942691299129674e-01,1.161746046259963111e-01,3.666968290825248555e+00,3.087273855547911339e+00
2.489881407320362783e+00,-7.030977329137719778e-01,2.909964507935019373e+00,2.850468019355334892e+00,1.308847885983265735e+00
-1.828488123698083001e+00,-1.115339567139360888e+00,-3.202545900030732806e+00,-2.756478260039440187e+00,-1.599429958327259316e+00
-7.593295622273669165e-01,4.274620227668407324e+00,1.457317674613972658e+00,1.933073048410951733e+00,-5.389752405265029189e-01
2.754996838409793369e+00,1.900372823288393409e+00,1.196270324302748378e+00,2.811101493224159587e+00,-2.113107015473764339e+00
1.345266793500871083e+00,4.197666647246270699e+00,-1.762426731602928731e+00,-1.322343387686037985e+00,-8.456429232687823205e-01
-1.963435835553606901e-01,-7.186186889463506144e-01,4.821798284130011325e+00,1.075931400252474024e+00,-1.940858217523930285e-01
2.170416822479312557e+00,3.052691058538494762e+00,1.950626190898034684e+00,-1.221499671691079980e+00,-2.381882476794171311e+00
2.788348616520043510e+00,-4.770557876010974446e-02,-3.417111336321665971e-01,2.727467732740933570e+00,3.109178257757951425e+00
8.767062085564439888e-01,-1.162533090350639453e+00,4.746692191307843700e+00,2.804049879593960015e-01,5.197973849713012351e-01
-1.376450077455387389e+00,-3.038802923002325684e+00,2.487146051376577738e+00,-2.007935977206750433e+00,1.911376365341542982e+00
-8.740603047703516815e-01,-3.521960361595344313e+00,3.280555281759280906e+00,7.220122080168279721e-01,-7.405870710266961865e-01
-1.587974914557630957e+00,8.605550469216415310e-01,1.110182513379152969e+00,4.470739947769554412e+00,7.195552712321710009e-01
2.155707192749962253e+00,-1.047229865283505923e+00,-4.293365326296846085e+00,8.793846391111379557e-01,-2.234567963426505322e-01
7.967959799678252519e-01,5.470341152422749653e-01,3.962212794672689498e+00,-6.068009709287061071e-01,-2.828167639034190994e+00
2.740998471842265083e+00,-1.765085889263783070e+00,-2.058794373108580267e+00,-3.177882361487745833e+00,1.839255465718778459e-01
4.172818163937597191e+00,4.021546308362817235e-01,1.116451343342962144e+00,1.760633797200107820e+00,1.754869013263902877e+00
4.937766114231373349e-02,-3.978474873673316647e-01,-3.319284087278480566e+00,-3.623854023462917517e+00,8.302495937650942182e-01
-6.545155822760605480e-01,4.099265152960209768e+00,-7.250960795157096461e-02,-2.513585030225420791e+00,-1.201776689266903730e+00
1.151432668538581394e+00,7.598024478913794066e-01,-1.276478583163950686e+00,-2.713585479990551441e+00,3.755523840892051712e+00
3.407613989171952351e+00,-1.626680235426171794e+00,1.283003221447338138e+00,4.909703647966058293e-01,-2.975723298144622220e+00
3.396461322296539187e+00,2.021099435791401611e+00,2.307167236037717561e+00,1.476862107038221961e+00,-1.369330207998066040e+00
-1.066028195516268928e+00,-3.616323653045713238e-01,-6.834495683007593136e-01,-4.551793544379397538e+00,-1.595894149266830153e+00
-3.178298338389466515e+00,1.857927134518120749e+00,1.584964130364171275e+00,2.975071928357804207e+00,2.887250622449499815e-01
3.757603050090031260e+00,3.166238477041119492e-01,4.815766935004131555e-01,9.086769595924691911e-01,3.118101782880433159e+00
1.615728315685497574e+00,-4.097989123113379151e+00,-1.733223816077057666e+00,-1.603484369585128633e+00,1.438062467906320308e-01
-3.393039044429799755e+00,-3.378943828034893126e+00,8.100256479281077171e-01,-9.756838684905434489e-01,6.796499749325332074e-01
-1.228433629227067225e+00,-2.038563962351874981e+00,3.296658023925318926e+00,2.904496280253485274e+00,1.765078504393401138e-01
1.650039852202347390e+00,-2.287969515605908555e+00,-3.429549405059471034e+00,-1.341582785090437824e+00,1.865719831809516061e+00
2.002227811306463323e+00,1.265622649890215667e-01,2.507210996766547684e+00,1.513692410031570290e+00,-3.521035939921301594e+00
-7.326191692069882189e-01,1.357376850929591816e+00,-2.625843397726709494e+00,-1.019842878434271682e+00,3.832187911806109515e+00
4.419962470665490528e+00,6.664240231643313583e-01,-8.214370406736034580e-01,-1.900019446138969004e+00,8.573086210701730270e-01
-3.831832954371356958e+00,-2.830520500876080536e+00,-2.865122021708221278e-01,-1.146639397048876130e-01,1.486597740766644193e+00
-1.617756532649403889e+00,1.975971206898568200e+00,1.449918999834154620e+00,1.132819685733885473e+00,-3.884952515039494791e+00
-3.113722322839146184e+00,-1.260048586115499303e+00,8.235077223511750866e-01,1.176014976921263777e+00,3.414064244001038251e+00
-7.610826858572288245e-01,4.624975133780262482e+00,8.732706977977672258e-01,8.110299992638525524e-01,-1.268852546935408165e+00
-3.058758666822033234e+00,-2.596945662536441990e+00,1.303990011285021344e+00,1.207146021105205413e+00,-2.396304900919959291e+00
4.476545939081613135e+00,1.572203082359367343e+00,-1.221227769188700352e+00,9.909378059459506005e-01,-1.239311245048960869e-01
-1.639376816077445786e+00,-3.619715659379711070e+00,-7.140844539709377825e-01,-2.948476765927882770e+00,-8.167223230429278280e-02
9.586260127329327974e-01,2.116127194983524973e+00,-2.540669584418222549e+00,2.065730162632888334e+00,2.980066915417127316e+00
-1.228194053999587254e+00,-4.255965534060133670e+00,3.455534830492923426e-01,-3.927967166958315492e-01,-2.259336245076811078e+00
-2.635320706173928773e+00,1.752875003349709804e+00,2.106978274524830219e+00,-1.284290817306433796e+00,-2.982239702892012900e+00
1.815015950546757129e+00,-6.509339107692930781e-01,-2.028678304124479581e+00,3.915886956714309530e+00,1.353623220723114251e+00
5.900986823802868431e-01,-3.601027331677784993e+00,2.631222244343651706e+00,-7.913575899998297469e-01,2.033422820562276634e+00
4.558151220220601374e+00,1.104628654946200328e+00,3.681873563016163087e-01,3.063538331599739428e-01,-1.665424386707786919e+00
9.822364023893276341e-01,1.093715969591674622e-02,-3.337864972344601000e+00,-3.460360954167208458e+00,9.589846305489202472e-01
-3.720600116418980363e+00,-1.997903992635354564e+00,2.193584821937320406e+00,1.524637010387599245e+00,1.708274727242587721e-01
4.297595577254153532e-01,1.608355959683255287e+00,-3.315074285782301899e+00,1.404469070714331469e+00,3.044051073593672108e+00
-3.371406401779030393e+00,-4.036709312738011590e-01,1.908176630424901044e+00,-2.908969513256914663e+00,1.169370331131250884e+00
-1.342709950609825897e+00,3.177436558169719039e+00,5.167268026402623837e-01,-1.027507184067868007e+00,3.431945411200770124e+00
2.301135676665754803e-01,-2.221452217143039309e+00,-3.593891418448029729e+00,-3.717149502496547298e-01,2.637796478330453720e+00
-9.544783145225318455e-01,1.260611803433387301e+00,4.037183708467268595e+00,-2.293076606680094720e+00,9.709667389430082229e-01
1.904298897117271405e+00,-1.942863490670217463e-01,9.111673824683530487e-01,8.263775072247554754e-02,-4.527564856331209420e+00
9.921471440019226096e-01,4.138659526949699519e+00,4.521900447481238539e-01,-1.783006594729784178e+00,-1.871778034708737160e+00
-3.064707132377895160e+00,-2.444875484373542740e+00,-2.581569501274806999e+00,-1.687905781607340616e+00,-3.415070148116209348e-01
4.239823921564648934e+00,7.522606931177762135e-01,-1.898329535734954776e+00,-1.479106847102528377e+00,8.164464907933971505e-01
-1.709348081140827924e+00,2.063804889507008244e+00,-4.168478268753246230e-01,-2.802574735700854025e-01,-4.191244702148106072e+00
-7.011613856486857976e-01,1.699739270935530566e+00,-3.454754789028448680e+00,-5.767765433265200636e-01,3.057982552086927264e+00
6.114954101799128239e-01,1.317417239100709514e+00,2.370242601354556555e+00,2.204116061666675730e+00,-3.523394326338755711e+00
-2.968922854212243223e+00,3.822774078255287700e-01,-2.108467657868517531e+00,-1.121536153117069112e+00,3.214946634421205207e+00
1.765827927888857563e+00,-9.354349996782721499e-01,-1.967446566217947224e+00,-8.221790782639730732e-01,4.057091157813299986e+00
4.063393968004707979e+00,1.214866145133165265e+00,-1.789096114234598245e+00,1.952450642632741040e+00,1.136796329999179922e-03
-3.373131474068222335e+00,2.215913620125240069e+00,7.510235145478361130e-02,-1.239545044373055349e+00,-2.677610615188466880e+00
-2.461404927251895636e+00,-1.703832947203719250e+00,3.169735789100372791e+00,-2.376944186987734575e+00,5.842520272661717584e-01
-1.632633077270516431e+00,1.611859658658149064e+00,1.109356942040764515e+00,-2.201683931157768725e+00,3.695718160008995667e+00
1.467424002189402277e+00,1.581254381388448538e+00,1.835524306708788300e+00,1.871377522985036013e+00,3.670844325912757000e+00
-2.819360362748084103e+00,3.262289598170297733e+00,1.622841815477836513e-01,8.770547019189574023e-01,-2.369200839290768190e+00
-2.444378847711612845e+00,-1.551459449965139958e+00,2.361251827409774240e+00,-3.104880854761457254e+00,-1.184141169482622935e+00
2.758776508653016712e+00,-3.652418763116587613e-02,3.981596862898552747e+00,-1.158652136858851156e+00,-4.384401967554665824e-01
-2.853685074949396050e+00,-3.555750613201977384e+00,-1.773679833481673684e+00,-3.154990996087549959e-01,9.836865538225612049e-01
-5.027191536646440362e-01,-1.241923827102315164e-01,2.674485969841621014e+00,2.511898579445987600e+00,-3.356983769444382038e+00
-2.074747087592072603e+00,1.787521214802174629e+00,1.121207887979152495e+00,-1.426859220793397665e+00,3.769238393247441810e+00
1.006927248364283489e+00,-1.287781517477354920e-01,-2.798759331347739354e-01,-7.441745145805863659e-01,-4.830878538944512357e+00
1.551788581211288376e+00,1.661047818125431563e+00,3.031076399907188801e+00,-3.008116130672292332e+00,1.263600232446098426e+00
2.565771681656233039e+00,5.005987252959300804e-01,1.556094251622748947e+00,-3.700186991277930382e+00,1.432970168387063925e+00
-1.155097982920114896e+00,1.385252528415440443e+00,-3.955960139505344753e+00,1.035985999523353490e-01,2.467077377608022815e+00
-2.427810489795664939e+00,1.596380065366575840e+00,-1.889769522884494846e+00,1.178128386113953541e+00,-3.405597094306339834e+00
2.375220484533025755e-01,1.102651512332400330e+00,2.949685016693404993e+00,-6.967037951385148808e-01,-3.813358761378691675e+00
1.444556064042811450e+00,2.738070955199040313e+00,1.104410898625605153e+00,3.339239477967742342e+00,-1.745274046650341138e+00
-6.320674345810187722e-01,1.617311946013063884e-01,6.448665213029914911e-01,3.389839839404983124e+00,-3.559138492910943974e+00
3.809421973014087470e+00,-2.013436074869164205e+00,-7.531866297456428772e-01,-1.757287055985633284e+00,-1.667042743174468544e+00
-2.798984763877682358e+00,-5.187362118802856248e-01,2.950516377688744196e+00,2.848527695548057626e+00,2.773807973722193787e-01
-1.957786662861287663e+00,-3.501812330711186583e+00,1.267129259991284229e+00,-1.302054262007385388e+00,-2.367154393034788917e+00
2.941410760188057694e+00,9.477194717920546241e-01,-7.681504598804541617e-01,3.833195879291205976e+00,4.080254460281459439e-01
-1.324711053262297211e+00,3.269477434923350856e+00,3.474732041310191200e+00,-6.930020174590679760e-01,-4.053853452828933696e-02
3.335242869968374713e+00,-3.010010944378022746e+00,-2.055501641413239433e+00,4.941461808785096999e-01,5.888307627156584845e-01
8.759800369683674592e-01,2.896769523712337868e+00,-5.302690411518030666e-01,3.621450808381055708e+00,1.563743613191255433e+00
-2.946359563117356029e+00,3.600366953463072228e+00,-8.186690083978039878e-01,3.822813814635496743e-01,-1.593726803851027052e+00
4.047428713105099440e+00,-1.444471814144710209e-01,-1.508623234880047015e+00,2.443086301796745019e+00,5.940042771453619697e-01
3.043440275002347484e+00,-2.248824654424206315e+00,1.775522461854871725e+00,1.187048292910981351e+00,-2.473599665243635837e+00
3.066113245490642569e-02,8.793501674529154988e-01,1.926742957220175301e+00,-9.270574916625861084e-01,4.433286496710069358e+00
1.183162799759861272e+00,-4.743689139266524357e+00,-1.047395431701104496e+00,-7.375967145197677433e-03,2.115523645701294919e-02
-5.472846912192068647e-01,3.589010567393532192e+00,2.722371925798486636e+00,5.915816926818805443e-01,2.014498650384887402e+00
2.507518247067701989e+00,4.765221458956984679e-01,-2.556258529936548118e-01,3.799619296982619687e+00,-1.995702258948475194e+00
2.660665283308026652e+00,-3.338198610865152016e+00,-2.433298628874255964e+00,7.763171255628952272e-01,-5.036663458022735407e-01
-3.220349700166219353e+00,-1.754785251311051786e+00,-3.335313108756676748e-01,1.677325783993471209e+00,2.936905107325872955e+00
-1.879136672391158669e+00,3.745241456950799908e+00,-1.052081244092411660e+00,-2.238518521944048878e+00,1.150726587141412738e+00
9.398547077452857890e-01,-2.715497871554530374e+00,-2.026410022905651420e+00,-2.206045039751239223e+00,-2.787431100416350560e+00
-2.364179609429783557e+00,2.156938872254416051e+00,-3.257114824830881439e+00,-1.688780263107606094e+00,-1.139075816844247857e+00
8.766033434551826486e-01,-3.899215560240911316e+00,1.306711772796522064e+00,-2.471626285927704281e+00,-1.100569143018533147e+00
-1.199611041788981813e+00,4.304911791860519976e+00,1.920589613891019232e+00,1.134283465965679305e+00,-2.310938479688224856e-01
-2.025604353685106496e-01,9.971162871479900547e-01,2.728158475532080018e+00,-3.940818828445818767e+00,-9.959049521299383478e-01
3.142256680835727067e+00,-1.254379563984727719e-01,-3.050110536760922475e+00,1.049838830082205687e+00,-2.169136329332354229e+00
-1.472582786368244356e+00,4.307616808719846313e-01,-2.527652351463415936e+00,2.874084779416949065e+00,-2.827817989625494910e+00
-2.086665290233129522e+00,2.627306153978514747e+00,-1.513463473852705743e+00,6.038492923477169899e-02,-3.383618228086307855e+00
2.417532078371664284e+00,1.093724786424276896e-01,-4.065366863511954421e+00,-1.853584781510597690e-01,1.606863656504837090e+00
4.520337567449200233e-01,-2.817924944930712439e+00,-3.442197273680786540e-01,2.054274530595872506e+00,-3.537857179103767624e+00
1.572555177299369777e+00,7.310467512781151367e-01,3.209572294176101348e+00,-3.273181535997920388e+00,9.887209832172633162e-01
4.333913899236464751e+00,4.489704322796189695e-01,-2.858278556963720907e-01,3.098416657186887635e-01,2.416178065465439673e+00
4.181430494738231474e+00,-1.809313816812317732e+00,4.984412122895754416e-01,-1.993824194247737269e+00,1.350702420553566707e-01
-3.999190943451984559e+00,9.119982717826936591e-01,-1.488804496177856818e+00,8.749604291936406986e-01,-2.278735695420352592e+00
1.078996984338288945e+00,2.577397604541641574e+00,1.463174424323913980e+00,-3.772345963680616254e+00,9.062635544910947472e-01
-3.260714861617053817e+00,5.256313594544173018e-01,-1.133723472410818611e-01,4.782367502746592142e-02,3.751840864452500313e+00
1.275533207631408539e+00,3.272883470971142295e+00,1.717107150295226869e+00,-1.274339626517134949e+00,2.844090429709750012e+00
-9.991162529318085503e-03,2.936399545701166680e+00,-3.753632398466350217e+00,8.069901260749778871e-01,-1.279245339361665623e+00
1.809410553506656694e+00,-3.866679790742742373e+00,-1.990285709249466573e+00,4.668365835198876601e-01,-1.611101252114595761e+00
2.524089344008448421e+00,-4.195946980223358658e+00,1.794839415779199143e-01,9.590391707170535796e-01,2.665169907594671650e-01
-1.316570339199733652e+00,4.519223421493887116e+00,-2.299989386616157205e-01,9.583911532375535280e-01,1.368155361854461294e+00
6.580358815202977940e-01,-9.839546771209278786e-02,-4.138681571413417082e+00,-2.705601416784294333e+00,-3.291548792032558124e-01
1.435124588169831295e-01,1.388425816054878581e+00,6.450814989221805851e-01,1.186315800893764427e+00,-4.607407362907554926e+00
3.808636711153408627e-01,-1.214188309059194060e+00,-4.524139449004627167e+00,7.298071898708812233e-01,-1.542800481508023624e+00
2.119377277944843652e+00,-1.776547933312137673e+00,3.602469258067279245e+00,1.990385331765829768e+00,6.424164304772193024e-01
-3.314025698113928442e+00,-1.771659277710873059e-01,2.926784623074277114e+00,-1.242327700022824555e+00,-1.968857425556626017e+00
2.283734161985734590e-01,2.580138314467300464e+00,3.259834984520022072e+00,-5.697807412613122846e-01,-2.709161796862396443e+00
-1.800107720923391552e+00,3.322847004285895967e+00,-7.251092785531224605e-01,-3.155643750833626360e+00,4.841787182034092973e-01
-2.682417748631363619e+00,-1.016427634623512599e+00,-8.531424757403325287e-01,-2.186867414563162360e+00,-3.355781386295983104e+00
-3.244428963309748948e+00,-9.333782550294726921e-01,1.661355626920225370e-01,-3.024704477725269403e+00,2.103817371425731775e+00
-3.441945320672609832e+00,2.026186610582275449e+00,2.081359598438391245e+00,-1.547627254454215340e+00,1.523276840188914072e+00
2.690304126031522358e+00,-1.048544664812823379e+00,-2.329263966647159734e+00,2.031369778893029387e+00,2.666624081198839313e+00
-2.029647698325008243e+00,2.902018433842278089e+00,-1.041227857182711380e+00,3.341935899635459783e+00,4.540134606793462257e-01
3.325133559107475545e+00,-8.561949520574111405e-01,3.208958291212214320e+00,-9.605843354276443202e-01,-1.410773347480056117e+00
1.715812679135047425e+00,-1.612481514417539508e+00,-3.277157859760914338e+00,1.863040465417306502e+00,-2.290241647120682789e+00
-2.599469276509256410e-01,2.410370865942356833e+00,1.595374047606974210e+00,3.489494782985385513e+00,2.097795912657152595e+00
-1.761477196468343998e+00,-3.284207571240027046e-01,-5.215663262826585322e-01,-4.024277176505862030e+00,-2.307054326745284101e+00
-3.217128900440409112e+00,5.196986108436356666e-01,-3.628026868071562827e+00,6.314154426816207533e-01,-9.048373197057576478e-01
1.198899239980691256e+00,-1.529169620417123010e+00,1.147153990065975959e+00,8.798619569634155146e-01,4.374261256958858368e+00
-2.570730056582302581e+00,1.604369190380907639e+00,1.017769088980480685e+00,3.372699997120395810e-01,3.829848757581811647e+00
2.911616987092568554e+00,2.921493580090344100e-01,2.864429596008719603e+00,-7.691121300308983999e-01,2.764171646992559683e+00
-2.190782637888101014e+00,-2.002949786967888890e-01,2.283686325153778007e+00,-3.672518354490477144e+00,-1.207368650940173760e+00
1.570910221220914282e+00,2.480695510535952497e+00,3.168662832379337324e+00,2.261141006959709987e+00,-1.106891169995230628e+00
-9.189605744660920283e-01,-3.132887921300371747e+00,2.365411127777234057e+00,-2.712584452207958741e+00,-1.177811751246551575e+00
1.124493410423849094e+00,-5.504159903073270188e-01,3.273163375759307048e+00,8.165276557468604812e-01,3.471633752358652902e+00
3.172007478354260446e+00,-1.164764615899740452e+00,-3.212948667096727551e+00,1.436882703353354440e+00,-1.092712636614902477e+00
2.238382771943074889e+00,-1.156633939666578348e+00,-3.878511512216085144e+00,-1.556112035839764429e+00,1.089726698489911438e+00
2.157137550143489513e+00,-4.263341357203660031e+00,-8.770313633333072234e-01,-4.393716809794110945e-01,-1.099293671136534423e+00
-3.798984577515602812e-01,1.088907049614954881e+00,2.243958296235794680e+00,1.350012093881853836e+00,4.100253298300499338e+00
2.655549173449875511e+00,1.219197707121807417e+00,1.810861110832692189e+00,-2.944748399190613153e+00,-2.123877218926914612e+00
-3.950942871815958490e+00,-2.064127527958766084e+00,1.037332288334758434e+00,-1.650475892793635602e+00,1.152952307276725818e+00
-1.126580531591680590e+00,-6.105170342633795683e-02,3.065700458833725328e+00,-1.537371719442616191e+00,3.459054478945379874e+00
-2.551696474820774885e+00,-1.319919273797864612e-01,2.899143170725545726e+00,1.125269231772871414e+00,-2.966506575612891439e+00
-1.857944682519780955e-01,4.014555371139012507e-01,3.410793598628532486e+00,1.595624288905670873e+00,3.259568073149639478e+00
4.349071178099119805e+00,-1.347733004412255520e+00,1.729181204805153360e+00,-1.981624741312904281e-01,-1.113489843438284721e+00
-3.153398061378446915e+00,1.347775242551282782e+00,1.578168234001943837e+00,-2.359681898541026612e+00,-2.276152219194816251e+00
2.411998727387510311e+00,2.368836828750129353e+00,-2.391309481640750079e+00,-1.501371872580749889e+00,2.366092914717527140e+00
-3.627559308076961919e+00,-2.109547870904951772e+00,-8.150136202079432124e-01,5.842429738909024062e-01,-2.526862519623739090e+00
2.063761513519129509e-01,-2.518681222056716518e+00,2.212331523170805170e+00,-1.555121180815715487e+00,3.361672371064011955e+00
-3.743286369314012596e+00,2.004422689843948113e+00,-6.064369561965946565e-01,1.546598326179356553e+00,2.051917316405534208e+00
2.130045262147008511e+00,9.537202520612977352e-01,-4.629327709747926289e-01,4.380929016376964746e+00,3.827258353406240432e-01
-2.171586401687410461e+00,1.506786234790627566e+00,1.343362182665684967e-01,-2.775592363197697310e+00,-3.208091107882110382e+00
-1.418541725621983440e+00,-2.224124775637287499e+00,-3.590503257814201543e+00,-1.580794619229715092e+00,1.627999718214281355e+00
2.095020240019763058e+00,-4.010803269389893622e+00,1.116337217179112162e+00,9.595021037740527614e-01,-1.535413383604830706e+00
-4.133790550532750352e+00,1.767062212879610739e+00,-3.536288751868809088e-01,3.970293573291713840e-01,2.122870963622611296e+00
3.480750901619014570e+00,-1.223091631974909888e+00,2.093082771396681974e+00,1.921644341350437157e+00,1.820633834165892528e+00
4.361179123370156341e-01,4.387668767499734557e+00,-1.993116025569369398e+00,1.257080768602497844e+00,7.348743480678388007e-02
4.045950829530329251e+00,3.911654597872535888e-01,-2.780931853592773617e+00,7.239103833093071261e-01,-4.686611256572341677e-01
-9.229555376365218278e-01,-1.038163935064580351e-01,2.214940701875146356e+00,3.466023360884006088e+00,2.686651257787017855e+00
-3.201173807365616852e+00,2.139530444794673636e-01,-7.979519087687084733e-01,1.413800766746750037e+00,-3.474356126397086353e+00
-9.771122041055536611e-01,3.018475308591289874e+00,-3.312672293118748446e+00,4.010107311272014252e-01,-1.949218105789319200e+00
8.063162474808109881e-01,2.697461809388614906e+00,-3.273727037077589053e+00,-1.796555376494921585e+00,-1.768800147510381393e+00
-4.909554881579057395e-01,5.830427184822349895e-01,-2.478154787309355900e+00,-2.505145161823130184e-01,-4.267905250165489051e+00
-5.292552692694498795e-01,2.265616692960303880e+00,-1.660294026300290993e+00,1.347797682101961936e+00,3.874756123278249031e+00
-6.866612260534049605e-01,2.155125891412395411e+00,-2.914206066643695969e+00,1.083104590558941371e+00,3.196594469094568236e+00
-2.128882172603438150e+00,-7.690661869236357084e-01,9.938073616540831212e-01,-2.771103558905689379e+00,3.348093470774730296e+00
2.461263970203301454e+00,1.483587014696554185e+00,3.484420823526874322e+00,-1.253491362446531143e+00,-1.740321857487025836e+00
1.448749226826105074e+00,-2.324474729624430136e+00,-1.642801665806805200e+00,1.150863380290786608e+00,-3.670784531382391247e+00
-4.309959717124391965e+00,1.363508937172768887e+00,1.445274388272513033e-01,1.624657493160803101e+00,1.380105236696647530e+00
-2.661801966523977381e+00,2.202018620250199454e+00,-2.128523481477699875e+00,2.572932030747823173e+00,-1.383955505437377331e+00
-1.740998686023451425e+00,-1.124000022004011612e+00,2.476560553745528637e+00,-8.332942858965122213e-01,3.725294080005424391e+00
2.052643304975438010e+00,1.921641767585408500e+00,-2.058287019783115568e+00,-1.943884512534584275e+00,-3.013090759623954895e+00
9.857140718028322146e-01,4.913019168589685681e-01,-2.859448882420901672e+00,1.978724767504833171e+00,3.419823179409336777e+00
-2.598056598372772807e+00,-2.752986241137825196e+00,5.470487000911467002e-01,-3.214419947737946703e+00,-1.985215027912072827e-01
5.233873458754962904e-01,2.448196805784219610e+00,1.632879793083377606e+00,-9.846841923219629145e-01,-3.885421303933021431e+00
-4.162866964587252028e+00,1.938288640183383649e+00,1.255125620033448186e+00,-1.130185039630783872e-01,1.524946647650914144e+00
-4.161979395237207058e+00,-1.329270163002538530e+00,2.324388593486869770e+00,-6.860750128386012836e-01,1.936158325106200617e-01
-2.696797521205816395e+00,1.069799440966160836e-01,2.286088881274772167e+00,-2.705128439021400322e+00,2.274184727872551548e+00
-4.906174766878805375e-03,-9.420369585207440943e-01,3.700068533140763893e+00,2.565751201620825039e+00,1.959325373610262044e+00
-3.324931673866323489e+00,9.200398351757380633e-01,-3.018595200616014940e-01,-3.531950943922597119e+00,7.297666926372725626e-01
7.360074642893645880e-01,7.538696435537404206e-01,-2.435993642876774778e+00,2.158539877198447421e+00,-3.646452268088332449e+00
-1.278669774525608815e+00,-5.414958536734211236e-01,-1.684080730902921541e+00,2.681998947840652292e+00,3.611445636272577531e+00
3.361010040064967619e+00,-2.035922111232851162e+00,2.322520815877071876e-01,2.027690259076083468e+00,2.322318636927715119e+00
2.999669280836421592e+00,3.641112682131460332e+00,5.299658634715863625e-01,8.346612274703937295e-01,-1.329195042324557319e+00
-1.175156942544716365e+00,-1.894775908720317315e+00,2.202404084855259736e+00,2.241824579983255350e-01,3.889471543623985283e+00
-4.222188868842258636e+00,-5.593922239510359384e-01,-1.756466707077584566e+00,1.828181504662666379e+00,-6.578590947497898744e-01
-1.408018164650179926e+00,-2.176666387470369113e+00,-3.008504577975489092e+00,-2.957885042238840523e+00,6.924049154014469964e-01
1.787490096637108339e+00,3.709616777799505272e+00,1.813515550282740030e+00,-2.175559999370146880e+00,-1.473857330813648225e-01
-2.184360790054760582e+00,1.777690715596232929e+00,-1.168794176239794869e+00,3.896045455060486162e+00,-7.232797828259542872e-01
-1.739675061780586729e+00,-1.494687589942114148e+00,3.703087893396696639e+00,2.883460856912347103e-01,-2.437916380136347261e+00
-4.095270552385782969e-01,-1.862918200192423823e+00,2.170397219499578423e+00,4.064325312074850594e+00,-3.639492239799475004e-01
-2.936823816590013791e+00,-5.351044075990877280e-01,-4.569430245300977744e-01,2.666471016832473673e+00,2.961395706757774970e+00
-3.073205052744613308e+00,3.538304386753910458e-01,-9.352524262887899065e-01,3.155046128180216680e+00,-2.145041154063883404e+00
-8.426181054461470143e-01,-3.047247899463118692e+00,2.817392242426843385e+00,-2.294028806060171455e+00,-1.343133558835884811e+00
1.243932030502152175e+00,-1.127307427660528827e+00,-3.171933043884573866e+00,-3.263730270108356368e+00,1.211906166385737116e+00
-2.372822501213747715e-01,3.823171167099808643e-01,-2.506552517563826132e+00,2.820230633469873016e+00,3.249772977729438406e+00
-1.779601188887396157e+00,3.475317188465050666e+00,1.803353719831231272e+00,-8.680330148411360414e-01,-2.397837378636553662e+00
1.736280644221093405e+00,1.098210780264617048e+00,-1.659183148068026803e+00,-4.199613831354210625e+00,-6.241935239004365865e-01
4.844014877633005534e-01,2.341557853673548628e+00,-2.477430926757833607e+00,1.416803680091398343e+00,3.337284128116111859e+00
-3.338442280317888700e-01,3.740564403872547850e+00,-1.791776337167569233e+00,2.142245793015607358e+00,-1.759842746317058282e+00
-2.524453314790517933e+00,2.394876186469422574e+00,2.702890924227988378e+00,2.347073260766796565e+00,-2.780850108228267725e-01
-1.189739012201457280e-01,-3.199250667747187138e-01,5.940988692032984630e-01,3.778692701395117481e+00,-3.201877756022593502e+00
4.107027555895201409e+00,1.939443338456309229e-02,-2.730746679053027481e+00,-7.848929749732140859e-01,-2.427222769952148695e-01
1.829483169627458494e+00,-4.084516643812487580e+00,-1.469957289092366448e+00,-5.980119175528323394e-01,1.565669963043823110e+00
1.346457009099982116e+00,1.679242973399523997e-01,-3.543416664726655618e+00,-3.124142362071236967e+00,9.180347458880792066e-01
8.271927114657923186e-02,-3.843570696462346170e+00,-9.660227695791373526e-01,-3.047135297626770267e+00,4.345469006442956306e-02
2.844256677931115362e+00,2.522900060530271382e+00,2.077099185395081093e+00,-2.094517394315108305e+00,1.357878895028252542e+00
1.944541158450223239e+00,-4.199618293615369202e-01,3.095680885782118974e+00,1.686100722490482040e+00,2.935339154508842086e+00
8.973902500465089638e-01,-3.078655620002579973e-01,-4.569523656654941313e+00,6.073332518869916097e-01,-1.688345168287268327e+00
2.652992636198345355e+00,-1.745923896322218338e+00,-1.490026396187140945e+00,2.593343187497049396e+00,-2.442902427657845710e+00
-2.380752923470480731e+00,3.813936182921559226e+00,1.102733211855279949e+00,-1.523722960470537569e+00,-1.117208178091588788e+00
4.704481899844485504e+00,-9.811883316023527479e-01,1.193026081216638223e+00,-6.910727647791621298e-01,6.501319312545601747e-02
2.916050538943669446e-02,-2.656188741518948904e-01,-3.655266992523649616e+00,3.394003167892889028e+00,2.199135928492307046e-01
1.074374696870642687e+00,-1.358285411916692276e+00,-4.378117056299719145e+00,-1.299221051726305420e+00,-1.069997874104006597e+00
1.452239841027668676e+00,-3.413398375056390321e+00,3.130378423590391979e+00,1.157873591748342479e+00,3.158649204103709529e-01
1.520180992712473644e+00,-3.602763689442998629e+00,2.121440041194956050e-01,-1.179490531196995401e-01,3.106481368012867339e+00
3.678623768271253702e+00,-5.679397460806320241e-01,8.771524543945921071e-01,3.192104397086323431e+00,-4.315607792459522085e-01
8.884520146006669172e-01,-9.471654262872430952e-01,-3.359414644687777507e+00,-2.942923867149846995e+00,-1.834955866012913273e+00
4.526386416612893981e+00,-1.405960209166653208e+00,1.229204726986597995e+00,-8.885223440957169538e-01,4.844436819061668231e-01
-2.527927908231007770e+00,-2.569399532006168219e+00,1.458333279755031464e+00,-3.096478101409063655e+00,-5.411598177676718580e-01
-5.149387535675299388e-01,-1.758860854470221780e+00,-4.206389531133724269e+00,1.232187670826849546e+00,1.558604257314059494e+00
-3.985093142650165676e-01,-4.636480013032043601e+00,-1.737438774783638840e+00,3.339690547319361102e-01,-4.626171090201758318e-01
-1.784229621194238113e+00,3.125254406049624012e-01,3.019955893403977853e+00,7.292646594360068235e-01,3.473743221111775803e+00
-7.647904513877717969e-01,1.172636232939220591e+00,2.409149772814489499e+00,-4.150138595513138462e+00,1.112062985821060390e-01
1.914889908315605016e+00,-1.896229981896917272e+00,-1.290734717968171186e+00,2.148972701575007971e+00,3.384291463586330373e+00
5.660085047941026959e-01,-2.089534503983121017e+00,9.338049106386524523e-01,2.750863006078001050e+00,3.445902064746385385e+00
-2.214015396921669154e+00,1.639427194395969067e+00,-8.091140044097460127e-01,-2.117675930649371097e+00,3.503026902135506937e+00
9.173620601010329390e-01,3.481116703337949314e+00,5.346177808929230002e-01,-3.474740164177168023e-01,-3.410823798541399388e+00
2.893793574102040633e+00,-4.260974942587923975e-01,-3.152661574777966269e+00,-2.482507106217643589e+00,5.850496888038887455e-01
2.492035358936969036e+00,3.528594097032627719e+00,-1.668590209712876860e+00,-1.689030653313358332e+00,8.377145291879398714e-01
3.216410243533807806e-02,3.594779640549288224e-01,-3.717901457538531407e+00,1.118398408754556872e+00,3.129877763619785203e+00
-1.511496799306466077e+00,2.506864936880631500e+00,8.041473622748330774e-01,-2.817310281948771866e+00,-2.801270320568319594e+00
4.088206860106841090e-01,1.235782343171302644e+00,3.673492002902548403e+00,2.360004329729297190e+00,-2.059500841287954298e+00
1.649062619233504945e+00,-1.408360404744259498e+00,2.246900116234397782e+00,-3.747056686335925146e+00,-1.099144897293530487e+00
4.034680521373862128e+00,-1.759493757261578750e+00,-1.384112626169597071e+00,-1.877732571941761908e+00,4.288209824049482588e-01
-1.562271201530273101e+00,3.374330836011084855e+00,3.050077201342703964e-02,-2.517417824959891526e+00,2.198835441658762768e+00
6.068149390619206329e-01,1.482036140481320041e+00,2.273798007725109649e-01,7.559876396040745572e-01,-4.670345343013193151e+00
1.947899788024659573e+00,-3.026278685661159873e+00,-1.010168567574743381e+00,-1.266317223331401287e-01,3.318259725294177009e+00
1.667399413955365395e+00,-1.664315974055216918e+00,-2.370515260352676457e+00,3.294128759289646879e+00,-1.726037267993327795e+00
1.941943738722441415e+00,-4.183366466337766987e+00,6.429080850469217623e-01,-4.800571278383312102e-01,1.756278415328924591e+00
-2.127442840348978681e+00,-1.427042279965894167e+00,-3.233363037420227126e+00,4.428122132628644070e-01,-2.790487072943987013e+00
4.235615612451245071e-01,2.505567729777129493e+00,-4.061716800261411464e+00,-3.024952253815160752e-01,-1.397740758664019589e+00
2.116503561676688960e+00,2.504457764428300148e+00,-2.067977856723827834e+00,-2.267272371208571613e+00,2.197964412464150197e+00
5.630131195276822931e-01,2.711823946095018645e+00,-1.437127028572208198e+00,3.581505348570085623e+00,1.560933199895635726e+00
1.766984850994899103e+00,-2.349548264574214507e+00,-1.638713009205246651e+00,4.789050209326600749e-01,-3.666422935666015182e+00
-3.933875654018470946e+00,1.210455160757000215e+00,9.500125957448533054e-01,2.637794280025099969e+00,4.460247153583242752e-01
-5.648863043320249133e-01,1.913877177268531460e+00,-1.022486058932127850e+00,-3.301093370681418726e+00,-3.012520942805439805e+00
3.191200642866143800e-01,-3.736874955488831418e+00,-1.811609735899527118e+00,2.157378396189087777e+00,1.731391513223019762e+00
1.758556215686006619e+00,4.598079614803148196e+00,-8.354058401008518375e-01,1.189951461975548436e-01,2.303934237573999622e-01
-2.930614664535914127e+00,5.292609214931816020e-01,-3.165452037959614273e+00,1.885477003601990775e+00,1.598834084341657302e+00
-1.980719134902608758e+00,1.953846842530946315e+00,1.362615351597396662e+00,-1.437520396603657380e+00,3.651855519801143757e+00
-2.871580193491737321e-01,1.511006260165854154e-01,-2.130788401962334877e+00,-3.423865841671029031e+00,2.937957174133414728e+00
1.338998490242370387e+00,3.257523939417706238e+00,1.167173293879030460e+00,-2.941013115563532399e+00,-1.607410707749598267e+00
-1.531623395289411826e+00,-7.830880908371771199e-01,1.625032807903622034e+00,4.338649939990962601e+00,7.591362779135277794e-01
2.935296958309641546e+00,-1.309251580489940725e+00,3.936304232589182273e-01,2.014553615251139185e+00,3.233654416706635448e+00
-2.907015024391759628e+00,-5.142101376811588631e-01,-1.460924044691575663e+00,-2.371837477443142994e+00,-2.919749903417182768e+00
-3.020798647189576691e+00,1.076974832114508951e+00,-1.638216901949368864e+00,3.325646312259628701e+00,9.855063328314502824e-01
-2.770238744104447814e+00,-2.014065140471311466e+00,-3.422559538017277525e+00,-1.191147906045395333e+00,3.695562003965248143e-01
3.164655239619952876e-01,3.136952319086336871e-01,1.382596725932663917e+00,-4.351304755373416988e+00,-1.988974130783558669e+00
-1.235392965708488111e+00,-3.284647936485624031e-01,-5.761905374581858252e-01,4.453360969517356160e+00,-1.789272377066855269e+00
1.084550815744457886e+00,7.112757958123691049e-01,2.630580530342880419e+00,1.335486202865409977e+00,3.822873127072961896e+00
2.939395419628346939e+00,-7.946524971682676908e-01,2.320449117050252141e+00,6.378302208505208792e-01,-3.152327787582156038e+00
-3.960154588264252484e-01,-1.109218128401342929e+00,-4.076649279957194949e+00,-2.604205051955354122e+00,4.602755648424290413e-01
-1.852443958440454619e+00,-3.014643112728250252e+00,-3.110815825152255965e+00,-1.752793645963057201e-01,-1.665076673924235751e+00
-5.207279784005312134e-02,-8.571647670828084209e-01,2.266475765839120360e+00,3.579501501969500676e+00,-2.512531310463422596e+00
-4.599743945203150552e+00,-9.291291252577387194e-01,-1.374209504983931796e+00,9.452269548254005338e-01,4.440371014319208776e-01
-2.892818687319603121e+00,-1.681064445937844987e+00,1.939706901871921740e+00,3.236271785718733418e-01,3.152526757224784593e+00
2.904982828409400142e+00,-3.231778435383183101e+00,-4.184399041488468529e-01,1.851677768110024713e+00,-1.585206737602930627e+00
1.078572189927001101e+00,5.155981988894335899e-01,-3.237937168422063916e+00,4.861153440875246590e-01,-3.584730853775722093e+00
3.363609847396815677e+00,-3.099869499337330581e+00,-1.710323419324121685e+00,-1.049162534901277422e+00,-2.258088976197989706e-01
2.493124926659521012e+00,-1.716558865990196470e+00,-9.954427991866281467e-01,-3.265416022050491307e+00,-2.045459751777787272e+00
2.234445950563828109e+00,-7.706144184882255388e-01,4.532119775226668978e-01,-4.136120491725466586e+00,1.449313938864056572e+00
-7.105296874872319979e-01,-3.791820703738097098e+00,2.701737874647309745e+00,-9.554966111993913325e-01,-1.380174625395328425e+00
-2.947614032798387740e+00,1.302614303319597155e+00,-2.472339487183389029e+00,2.317360053430093991e+00,1.769787369521398368e+00
-8.135052934364876975e-01,-2.837381305502062467e+00,-1.569033226335633469e+00,-3.711870038473633837e+00,2.182476045109144336e-01
1.591419671950724313e+00,-1.712158053888874321e+00,-1.757653400079665307e+00,-2.588235365630574325e+00,3.122113137527093851e+00
-4.174079833352028146e+00,-4.451917905726566205e-01,4.756560023144582039e-01,-2.446762049114710180e+00,-1.079800285647690039e+00
1.950360116678362177e+00,1.561771860554139524e+00,-2.936691158802825719e+00,-2.329999975905249876e+00,2.168849746050306670e+00
-2.249890312413215909e+00,-2.043815998301392600e+00,-3.604134358721106324e+00,-1.538256235674699157e+00,-6.362334672825311621e-01
3.250031116206736126e+00,-1.222003837896157741e+00,-3.081069186090183987e+00,1.416196428634173277e+00,-1.202249853360127130e+00
-1.041423162592496121e+00,7.023975750404549689e-01,-4.595424610642603547e+00,-2.909820902070668347e-01,1.489791097460358760e+00
1.521424190765193973e+00,-3.719373924750515314e+00,-4.753172212084121884e-01,1.529891168099226650e+00,-2.506996727687357485e+00
-4.061481660631776625e-01,-3.579039663820891892e+00,1.862472602660826038e+00,-2.215940575084985209e+00,1.909534478355966458e+00
2.694221971713791408e+00,6.075755882762692295e-01,-2.824467474131520661e-01,-2.309533021129546615e+00,-3.458077635168613551e+00
-1.581528195899111200e+00,9.050675723021123220e-01,-4.359429008102946312e+00,1.613923918884659248e+00,-2.650463402988327277e-01
-3.446049830589385188e+00,3.232893278135286486e-01,3.452553833908404979e+00,4.049978084724054073e-01,-9.675088499407480391e-01
-3.724001436522255126e+00,1.082593573209188031e+00,5.007235823231984684e-01,3.115936942668473542e+00,-4.161663802682537099e-03
3.994602273931005865e+00,5.747832043497984600e-01,-1.137262568629450465e-01,1.724541622902471927e+00,2.392864281667363979e+00
-9.275396150869291700e-01,-4.244665555774504440e-01,-4.508345312538253324e+00,-1.290915358914928035e-01,-1.902013754922959432e+00
5.464411330234834052e-01,-1.461105287598549962e+00,-2.241554036428018426e-01,3.334962056271854269e+00,3.375552675479426057e+00
7.479355161915691719e-01,-2.154570888118706673e+00,2.225427536110402560e+00,-1.600444631071315627e+00,-3.504920258163828350e+00
2.340021165805798165e-01,-4.410204920149967123e-01,2.144637463417370604e+00,-1.537506828944807946e+00,4.217504811676383802e+00
-4.380178577462261025e+00,-1.793634986686879262e+00,3.727684249434535246e-01,-5.385195840800208744e-01,1.472395844533967768e+00
-2.570088739740737704e+00,3.118826812311866203e-01,-2.114230364408253404e+00,2.875017851998747709e+00,2.358320457424851302e+00
-6.378661338487938703e-01,1.317397476487050634e+00,-3.281105249609450603e+00,5.711530430216298360e-01,3.430120001788097728e+00
3.777050527532919144e+00,5.267314245517793481e-01,2.250025055624452541e+00,-2.072983013108887551e+00,-1.047173335831816487e+00
-1.204805977834773500e+00,-3.889681872331156587e+00,-1.465096905180131026e+00,1.479221558070650464e-02,2.504414050555898275e+00
-1.464908746403160489e+00,1.497722384263244333e+00,-1.196177419018977783e+00,-3.784790996726127510e+00,-2.203494206418135093e+00
-5.576478418807082615e-01,4.813874500124442513e+00,-1.755096781548079465e-01,1.176768181362259025e+00,3.163134232131013523e-01
-6.387537603762045713e-01,3.755349303839618624e+00,-3.229264955271663240e+00,1.577990215049430989e-01,-1.905060556069840261e-01
2.124227501171891408e+00,2.089239647944823641e+00,3.354810415449768879e+00,-2.179482160780624511e+00,3.432780271866932575e-01
2.662546914121005415e+00,-2.078293924952646865e+00,-5.294721749262309290e-02,3.171656971849687867e+00,1.878650296539164044e+00
1.925046098450622634e-01,-3.838577986167948541e+00,-2.282083928341570811e+00,-3.223813522924783292e-01,2.217301113289396497e+00
5.284228351217432063e-02,2.535901264213359596e+00,-3.316622750088418670e+00,9.289225129923164292e-01,-2.589117411336587793e+00
4.286385483153852149e+00,-1.761693518474631626e+00,1.145417732092501029e-01,-9.967190089565621802e-01,-1.586432108899438420e+00
-2.144609463055473952e+00,-1.109090423462569364e+00,-1.286386509750432339e+00,-7.739359125630717040e-01,4.113003967215908219e+00
-4.915267463576413198e-01,9.437058060858176667e-01,-4.356935416145529816e-01,-4.796607842616174011e+00,8.188682135260680894e-01
-4.004220426521478693e+00,2.078032412246685556e+00,-2.118023277326357867e+00,3.512887335580729964e-01,1.964018631766151213e-01
3.217600062535480809e+00,3.623405867263529423e+00,-2.225481296998247094e-01,-6.805350873232901554e-01,-1.002658507938217758e+00
2.193034743652103824e+00,-1.111983489888890009e-01,-2.643522076868103365e+00,-2.155570841260102455e+00,2.922933272884802314e+00
-3.981844872122736412e+00,1.486557876140815471e-01,8.861689354490270842e-02,2.911173528797556642e+00,-8.000178764037370049e-01
-2.640582194898201784e+00,3.967425499405109690e+00,4.716639893579753773e-01,1.432492510201700320e+00,1.111704457833232323e-01
1.476693493139678237e+00,3.295304415568385270e+00,-1.008616450185999769e+00,7.315877739882001851e-01,3.226114895880123790e+00
4.473850782381950109e-01,-5.985309050841106648e-01,2.069185542270421951e-01,4.785634336196600142e-02,4.939281509465279996e+00
7.276792192784830027e-01,4.051869933671071067e+00,1.730423523694153420e-01,2.536068967396947205e+00,-1.261445017166932248e+00
-8.422379556045112015e-01,-3.439631462622683156e+00,3.088928254728150247e+00,-1.313890193281161967e+00,-1.091689252771583352e+00
-1.208125323130108786e+00,-4.313158774388569761e+00,-1.361466778241074760e+00,-1.273285587189533219e+00,1.209233896203684155e+00
2.717039709040202755e+00,3.781203139264607938e+00,2.116185909928734454e-01,1.438013089404386990e+00,-1.098878503639980408e+00
-1.357138145975462340e+00,-2.803670614461739152e+00,1.288353201644037105e+00,-3.609753268189920039e+00,7.793808497440576355e-01
-1.991546553170214118e+00,-4.247350686811726561e+00,1.368030431775936639e+00,5.917369928802411749e-01,8.786891024633171066e-01
1.416567253831130468e+00,-1.493426471764476959e+00,1.261244904412715195e+00,-2.866084364170131682e+00,-3.310262270177225741e+00
-8.437000978921488370e-01,-3.384451489491592913e+00,-3.828963493582438482e-01,2.601452014322960249e+00,2.433001451482932787e+00
-2.989880720697748906e+00,1.409835781409293443e+00,9.367116097016993104e-01,1.591586928643265564e+00,-3.265332870364046514e+00
2.498467480884260183e+00,-2.447204330441949682e-01,4.056902646538263824e+00,7.676842123903105941e-01,-1.284513146360140023e+00
1.788179369350970216e+00,-3.822864451430460164e+00,-1.672089470287904334e+00,6.744740026918200071e-01,-1.984269022099082402e+00
-1.138952257155918524e+00,-5.484291952192515973e-01,-1.010221093574918738e+00,-2.550638750094563090e+00,-3.984433269909654296e+00
-5.184737798647096607e-01,-1.812524702688935507e+00,1.302792082572775401e-01,-4.471350752674730700e+00,1.198327549623292132e+00
2.414232462680301339e+00,-2.895189614632532216e+00,2.022775945028294942e+00,-1.162089516809655665e+00,-2.312419542946419160e+00
2.709278080973469116e+00,1.860838670031249587e+00,-1.815237073151599212e+00,2.979824428012502135e+00,1.422199870112854203e+00
7.382030825414741537e-01,2.308230249594329653e+00,-2.844987852808992468e+00,4.961752191345896734e-01,3.284354364722233299e+00
2.748626675210758652e+00,1.305664570088002907e-01,-2.289255532643094337e+00,2.144610365723973455e+00,2.754625071786774626e+00
4.369312168009595432e+00,1.233640479743979057e+00,-3.891792941586205701e-01,-1.737565903577147131e+00,1.103017022962323512e+00
-1.801124785469696787e+00,3.697287647200278915e+00,2.189368590371202905e-01,2.828805222546102005e+00,-1.895817124034511192e-01
3.950324935549579308e+00,9.985065075716140770e-01,1.833248751775408802e+00,1.604546233181662895e+00,-1.569250795000209697e+00
1.805668167641617528e+00,9.114935868858563550e-01,3.369076321471091262e+00,-2.196710761761905051e+00,-2.175437537300018320e+00
4.318909951974522876e+00,-2.199828878287915845e+00,-4.573552331159216333e-01,6.933276268912927920e-01,9.043742176315749948e-01
2.142023397491719106e+00,-1.197980731592817039e+00,5.037177467358643357e-01,1.650463239252214276e+00,3.999852179622493065e+00
-3.037404913841707632e+00,-1.478838111642402087e+00,-4.892684075361099505e-01,-3.653245752542585212e+00,-4.026320703595431122e-02
-3.917020766169698742e+00,-2.439894431482810599e+00,1.247759934763430723e+00,-8.801996574101628168e-01,1.171412475991573832e+00
8.907283537971636411e-01,-9.285644523411447082e-01,6.089349675481290358e-01,-4.146253287851881630e+00,2.404610765979558806e+00
2.918803076827575893e+00,-3.477229553881003632e+00,-3.727576248721113372e-01,-1.099321515544402939e+00,1.744135082749972421e+00
2.510702882166638283e-01,9.614222431890667719e-01,-2.547491724805314717e-01,-1.782993477326083598e+00,4.557265419043445398e+00
7.754073139802779568e-01,-3.125708902165126091e+00,3.780980114062492792e+00,-2.241035763541930903e-01,5.316524433131261107e-01
-1.249558717251833873e+00,2.965883320599285611e+00,-3.472510750228650633e-01,-3.605919835085975134e+00,-1.232435789223888634e+00
2.020441567389621440e+00,-4.338127737073648738e-01,5.262412649813428267e-01,4.503886174478943794e+00,4.095141127003455450e-01
-1.213927249858554047e+00,1.292696013012424872e-01,4.673147860086997341e+00,-8.387056231706682130e-01,9.838353305591748255e-01
-1.742029871141277386e-01,-1.493849846556664085e+00,1.248994014270059960e+00,4.593671846692803484e+00,2.761500904266353529e-01
2.484591757927615552e-01,6.873863938313956590e-02,-2.349665650665859751e+00,-3.103623918286395167e+00,3.127320409126911560e+00
1.701987716675267492e+00,-1.678766125291660805e+00,-3.253134529138282716e+00,-2.938029166379027224e+00,2.647309231920728645e-01
2.857484001502544668e+00,-1.161580822260524393e+00,-6.848818980614600482e-01,9.852006922903325803e-01,-3.747776881850352737e+00
-2.312015678178043654e+00,1.420521149399096794e+00,2.470239814565388325e+00,-3.056295768131656487e+00,1.481105872044694571e+00
-4.461363668656956882e+00,1.681601677782734061e+00,7.184928728020053557e-01,-1.322900237544690105e+00,-4.640007007486975088e-02
-1.617493743063749267e+00,1.617750772182502628e+00,3.933237323916598083e+00,-7.081313569959155618e-01,-1.948022218877663247e+00
3.976342783952333981e+00,1.894728818086227395e+00,3.366447553132165815e-01,1.944559155849054644e-01,-2.334000423315710560e+00
3.369945076924196314e+00,-2.100828321221765160e-01,-1.336881911254365729e+00,2.220053783502779154e+00,-2.623631707362480636e+00
3.536761168102914521e+00,9.259576064175878418e-01,-1.915683589109966833e+00,2.762785612387873790e+00,-5.754085481760232712e-01
4.568259397222709239e-01,1.138196806728257515e+00,-2.554850826608994208e-01,3.373740941131812665e+00,-3.471083047784832232e+00
3.590415385247319180e-01,-5.142347321294009621e-01,-2.376263313042425551e+00,-1.267098132216997186e+00,-4.165871674008506886e+00
-2.653766864318844565e+00,3.673176794249561006e+00,-1.494030719919323902e+00,7.577445085216952814e-01,1.288017521531602094e+00
4.095825994878436127e+00,-1.250004287135993319e+00,-1.758116084257123513e+00,5.974133476182156288e-01,1.792714095494231330e+00
2.971370865358732072e+00,2.118314139423106646e+00,2.856147752321236410e-02,3.312956896735272938e+00,-8.409525727372040294e-01
-1.809466320444861553e+00,1.746819030489306368e-01,3.548564266709647530e+00,1.325841323597970467e+00,2.710194512870679695e+00
-6.580231364407446160e-01,-1.105831558276718196e+00,3.253158951483876571e+00,-3.567959327831101035e+00,1.754000796787952565e-01
-2.083932292733228664e+00,-6.064795258742523565e-01,3.976642523990090439e+00,1.674648061772351815e+00,1.292778747348051427e+00
-1.005760576639420201e+00,2.348705574233133753e+00,1.282912839851206410e+00,2.771926696400422330e+00,-3.023670753103205211e+00
-8.833933210066281516e-01,1.489049814081393919e+00,-1.506508585063864425e+00,-2.781152382719911831e+00,-3.463808626180908234e+00
2.050726545218907404e+00,1.648797019415094933e+00,-3.155141853763260062e+00,1.317653916103032063e+00,2.526827470468077763e+00
1.688209385177461774e+00,1.287460064885088018e+00,-4.039936128446939279e+00,-2.039903182544679616e+00,1.005322686407872229e-01
-3.395632541712673369e+00,-1.779148862634235551e+00,-3.098924419596479130e+00,-7.739137212115523301e-01,3.194275504685801237e-01
3.923714716119144352e-01,2.221170909417484740e+00,1.429686141001630384e-01,4.395974346984477421e+00,-7.532688334580699419e-01
3.768661321371189477e-01,-3.871321756941249692e+00,7.777411956344144617e-01,3.038857296100510919e+00,-1.769314534817529039e-01
1.643818710852655185e+00,1.170802438968840287e+00,-3.746390925436701824e+00,-2.471840028307190629e+00,8.841061039372911656e-01
-3.007682100695845406e-01,3.035734941308746659e+00,2.599227735721726606e+00,2.882132970922100856e+00,7.944662143271874477e-01
3.205622261110262716e+00,-1.954031938307517979e+00,1.263300928877853835e+00,-1.627104389654709049e+00,2.581152295276515574e+00
-4.249595056661815973e-02,2.975404492873395257e-01,9.500205451147643032e-01,-2.314311749553140007e+00,-4.318690295096820009e+00
-3.044605115812168417e-01,2.190942888579300085e+00,6.801527411900675224e-01,2.769323260306922663e+00,-3.460536661335373854e+00
8.702022792447446919e-01,7.519201198873207703e-01,-2.338046090799812848e+00,-2.622709995599983746e+00,-3.366347706756022795e+00
-3.178548866402279405e+00,2.449190984920596392e+00,-1.585337502886520422e+00,-2.526381880699581028e+00,-4.888985672761782947e-02
-7.867191855554130087e-02,-3.838339529758362789e-01,3.894630975725616451e-01,-2.222786608422336052e-01,4.964412645856215001e+00
1.532208832932319797e+00,2.092343840206824179e+00,-2.900924075579574879e+00,3.054111342769614268e+00,7.290245265568969790e-01
-2.075532337875746425e+00,-2.096876667822486162e+00,-4.691470726503725319e-01,-3.907690461856251130e+00,-8.972903838306521829e-01
3.247802421267175221e-01,2.492904309247031769e+00,1.566014745014127074e+00,2.555733629863341960e+00,3.113803033405544873e+00
-4.726551492169638102e+00,4.326967055905219239e-01,-6.356441070600935550e-01,1.040433909606510061e-02,1.438169973170010607e+00
8.737900147399098039e-01,5.110793776255740939e-01,1.387226455813992398e+00,-3.358062133781423597e+00,-3.282424461561878282e+00
1.798616353352675779e+00,-4.351155491476643711e-01,-1.052897600621629737e+00,-2.802664734744632291e+00,3.551356177513918411e+00
-4.405351555814427833e+00,8.636686366380316171e-01,-1.451068407034498797e+00,1.095008610262701021e+00,-1.241898054321737721e+00
2.985178436874504460e+00,3.453442627206138038e+00,7.171087771826423207e-01,-6.331010270346365543e-01,-1.802049336691523562e+00
-1.744643959086910057e+00,-3.720841135141017553e+00,2.149722004406812825e+00,-1.794514949894672862e+00,5.195864715691995706e-01
4.332593253678854062e+00,4.892559669419853652e-01,1.199259575862692051e+00,2.121780269608664060e+00,-2.215609491520809382e-01
1.795815436364523787e+00,-3.382650566632809941e+00,1.997641011895675556e+00,1.504230998546889575e+00,2.019762746754349525e+00
1.438835800340691584e+00,-1.669508845306016287e+00,1.307028349018675373e+00,2.557006893848155826e+00,-3.449041083370485872e+00
-2.406108344924015707e+00,-2.907859715216861707e-01,3.077479543756180380e+00,-1.168726249699509889e+00,2.879111800934235799e+00
-4.044133195762979582e+00,1.453233353618425872e+00,-1.343030665351395481e+00,-1.192716373180924716e+00,-1.818459732831821940e+00
2.646568125710673236e+00,-2.917799223196126945e+00,-1.854171563774836162e+00,1.891437340345734741e+00,1.570553230146309875e+00
-2.208446444248719942e+00,1.025129523489179961e+00,-4.083133762143255296e+00,1.033866220616650899e+00,-1.153695402292018501e+00
-2.900673443505387139e-01,2.429966924245701154e+00,3.247774454340479622e+00,-1.767447300840957025e+00,2.310673671312488242e+00
2.815161202136584162e+00,1.350508721286868496e+00,-3.821144442330119517e+00,-8.008737387658266815e-01,9.192390939190758781e-02
2.543808154811940447e+00,-1.134246042948907629e+00,8.404244191183078971e-01,-1.196859582335657368e+00,-3.886353036136576566e+00
-3.062366641462074046e+00,1.632383714662002605e+00,-2.853656219174571351e+00,-1.941527378064275666e+00,-1.021935215343773296e+00
9.615244654640680011e-01,2.786233613695509703e+00,1.600003213093585508e+00,1.167458715462954988e+00,3.519858351980528877e+00
-1.528200720769563592e+00,-2.467086066908342978e+00,4.019169949979401579e+00,2.718015910021666717e-02,6.508633094897647853e-01
-4.114161091578143470e+00,-2.452489039478804145e+00,1.057280670700533109e+00,-7.260073311355588199e-01,-6.434648104452417305e-01
5.522745858003057506e-01,2.150337495049968961e+00,1.743686583309829174e+00,-3.315197252644322301e+00,2.457654514879210161e+00
1.808112934833024710e+00,4.171042342765173494e+00,-1.690139165512978492e+00,1.051115843757931989e+00,-6.096871935260456121e-01
5.572334551696624949e-01,-4.314310292502699262e+00,5.539781724484489356e-01,7.770705296968615228e-01,2.272770809556535987e+00
3.575284931688747836e+00,-1.049242368764436550e+00,2.241722996546628099e+00,-2.432240005502898317e+00,4.187059483865127052e-01
3.164517788741947335e+00,3.553794468661677808e+00,7.038925817012281483e-01,-9.776223105886169273e-01,-9.513999634805491157e-01
3.744006793638522623e+00,-3.365427562643850123e-01,-1.126843930650077485e+00,2.542465380370231287e+00,1.770662206060347410e+00
-2.039955910660392391e+00,-1.542672879116625761e+00,3.729338917248516960e-01,-4.151922311850652747e+00,1.039808491674999891e+00
2.296186280777603006e+00,-2.514605163513571995e+00,2.197505228620630913e+00,-2.927297485040109226e+00,-7.867426429552384914e-02
-1.134876907303831839e+00,-8.143813565918066599e-01,3.533448774692569128e+00,3.244890259579547909e+00,1.851063781006246911e-01
-9.939852344552990715e-02,2.968772996922015128e+00,-3.367404044251647299e+00,1.657581300570863947e+00,1.445517575486020112e+00
-3.724229942712114383e+00,-5.330087723518422971e-01,-2.294957114267007547e+00,-1.163372614126372939e+00,-2.055662663663110568e+00
-4.020068491608182804e+00,-2.249677230424060426e+00,-5.214877188195483626e-01,8.921168719545264914e-01,-1.646262350776780181e+00
3.481609190075096172e-01,-3.142890843541340296e+00,-3.162333060905904714e-01,1.868778725394816265e+00,3.377674302192352318e+00
-3.301928907992885076e+00,-1.469297642084196109e+00,2.214773351486269082e+00,-1.675694640378331546e-01,-2.646720499371832958e+00
6.211825686537968405e-01,-2.736459091530854870e+00,-8.651454860116465362e-01,-2.477309609810969815e-01,4.039316342623322065e+00
-7.487095165383579332e-01,-1.311277219935119032e+00,-4.384201585179156035e-01,3.462244610133564215e+00,3.246634586233925646e+00
-2.856926858278487469e+00,1.727023176645766878e+00,-6.785800056887184573e-01,-3.278481997319020014e+00,-1.626789735309993823e+00
2.260965587001500798e-01,1.998971389871443405e+00,-9.717339613886114558e-01,-4.162454947344579992e+00,-1.637893662064176858e+00
-2.879394126415956712e-01,3.275453591887847349e+00,-3.115933286974004623e+00,-1.774875187413851307e+00,-1.152940797381476257e+00
-2.196030759637323637e+00,3.415392788578001770e+00,2.411001949844885139e+00,-8.189416446697221907e-01,-1.424410468553889642e+00
-2.137006572278019600e+00,1.813844287557930812e+00,1.859925800398096518e+00,3.503798230090072519e+00,-1.186273910344985749e+00
1.860247093403981644e+00,3.829491473586702721e+00,-1.951403261540257894e+00,-2.969092984419324788e-01,1.725788510958844668e+00
2.725874486993148160e+00,-2.393265671780142156e+00,1.597157556651436661e+00,1.620890370040031003e+00,-2.581412375615583343e+00
-1.655678796109924633e+00,2.478616758854887969e+00,2.805634618438451966e+00,6.749850862814514851e-01,-2.790698157800843404e+00
-1.362474478777912834e+00,-2.808596061600076244e+00,-3.779759101178575609e+00,-3.491373739817620891e-01,-9.203128210506702489e-01
3.330161745021587016e+00,1.851436439586971350e+00,-5.993031533783620413e-01,2.941265001513652333e+00,1.213260806004191616e+00
2.683846425450932660e+00,-1.378514228065064851e+00,-1.145076577396458850e+00,3.817940544753179122e+00,9.378974487776514657e-02
-4.096476835915784098e-02,2.501831188544827445e+00,-1.757692482237902976e+00,1.653470268237006380e+00,3.593844153788287699e+00
1.421423102053959608e+00,-2.821547632655392324e+00,-1.334234238293557639e-01,-3.738940315349565502e+00,1.010420125408927117e+00
-7.097509270992737873e-01,8.147786416296192158e-01,4.579199185410726791e+00,-1.046168780473664128e+00,1.329983116329636506e+00
-1.491699838079600715e+00,3.642366232218732236e+00,3.025104425183246626e+00,3.303363597155054010e-01,4.976152425847316096e-01
1.543565113183605453e+00,1.157987540642868796e+00,3.000462847149907297e+00,2.482424666576497074e+00,-2.472096696070767763e+00
3.142230971107817794e+00,-1.113196110898367897e+00,-2.539875422133031524e+00,-2.599491329972739795e+00,8.239275504148916296e-01
2.025097937579656282e+00,-4.651406559225894632e-01,-9.965743366671576953e-02,-2.561776444062949576e+00,-3.756326977244883736e+00
3.032860994674243749e+00,-1.750801281236369800e+00,-7.905346281283198717e-02,-3.007656424308438936e+00,-1.919427634462448573e+00
-7.800159913394267841e-01,-2.756546956393517878e+00,2.277064040732589945e+00,-1.397656939939810661e+00,-3.107178521278277206e+00
-2.767036617730648906e+00,2.533117479863864485e+00,2.938945639982093905e+00,1.363644537232076903e+00,-6.556647700259903289e-01
-3.075557578537648329e+00,-2.393988971755740991e+00,3.107255278677871768e+00,-2.598627719417168636e-01,2.952936794088180106e-01
-2.684954408103641832e+00,-3.604128252479184974e-02,6.006664457987862527e-01,4.018042664337802883e+00,1.133249231551215264e+00
-2.090947181389406495e+00,-2.599998049836658609e+00,1.055359479134232448e+00,3.113438473675564477e+00,1.749476283326974579e+00
-3.027088568645326827e+00,-4.155397045539555578e-01,2.582722991217932584e+00,-2.615767872529390470e+00,-1.466752173747615240e+00
-3.335054324019250505e+00,1.259632244061335227e+00,1.375167267509705527e+00,8.612354860394596523e-01,-3.107720658218459331e+00
-8.844124338508471128e-01,-3.424896982110309462e+00,1.310537433634684668e+00,2.603513369526040844e+00,1.998025294765581439e+00
-3.734956262421528894e+00,-2.561754997995193683e+00,-2.012708235960154468e+00,-3.089101486590268841e-01,5.840317842365028156e-01
9.205176426299462866e-01,2.930171519456595264e-01,3.686390133629394494e+00,3.419424979897495720e-01,3.218756177317728895e+00
-4.844424189901532785e+00,3.978898628406959959e-01,8.560488899684617348e-01,5.843467927981220722e-01,-5.467696490075202309e-01
-5.049078580794226501e-02,2.802594644285670289e-01,3.600186853582503677e+00,3.416225396956400484e+00,5.356901806347572625e-01
3.222155263748637033e+00,6.318435406007083532e-01,2.834394772462737855e+00,-1.706383660353341103e+00,1.809129700716108013e+00
-1.723499675074875448e+00,-1.567606631735688039e+00,4.017454959533345082e+00,-1.483920034774618202e+00,-1.109141693685035790e+00
-6.684777464936236813e-01,-4.232855306577794074e+00,-6.398122264115062574e-01,2.439673167196730663e+00,-5.241265192810263818e-01
-1.331299434184560537e+00,-3.114762767724196912e+00,-2.651344671269039388e+00,-1.660754208291053358e+00,1.933432598027610583e+00
4.260330831655873673e+00,1.661318346379077049e+00,5.429171519809015134e-01,-1.018303773451268990e+00,-1.660692911975752528e+00
3.940166042835367755e+00,2.463124285428075932e+00,-7.416017821330665727e-02,1.529090775958506843e+00,1.031742204364780147e+00
2.141109009381422790e-01,-2.350254194462692292e-01,-1.942726951722933526e+00,1.360251758852474735e+00,4.390267271807221761e+00
1.812562236696677154e+00,1.364164032763949930e+00,7.127807653764077767e-01,2.019795694767303473e+00,-3.907178465558390990e+00
7.631631229814916928e-01,-3.722735430828058689e+00,6.732716613757352420e-01,2.609471839885257438e+00,-1.815539849910425163e+00
-2.541351010033034097e+00,1.685425488776018055e+00,-2.433604562469946053e+00,-1.143835550423704106e-01,3.124957791946880725e+00
-2.420889752771192782e+00,1.856209981193122527e+00,2.983781693584914851e+00,-1.365540899173912415e+00,-2.219486915563436025e+00
1.043747947991123803e+00,8.560468371862359760e-01,-9.949433438321438894e-01,-4.179784811768585406e+00,-2.171925575032562783e+00
-3.249867581665836891e+00,-2.857086220558735512e+00,-2.354992264067142571e+00,2.091360388265755543e-01,8.280655670770845633e-01
-1.298713296141057461e+00,-3.347887286298971143e-01,4.328693624374397447e-02,-1.955082414081734443e+00,4.401935855610322079e+00
-9.462035173063882976e-01,1.432057191086218539e+00,-3.663020126032880075e+00,-1.211595218376364747e+00,2.677355353400228566e+00
-2.218574393837251524e-01,3.548936418952694627e+00,2.045984524695319884e+00,-6.528707881352321385e-01,2.782721083674802642e+00
1.237884497318084032e+00,3.926332115385891885e+00,-1.765702790464376726e+00,-1.678710921267240419e+00,-1.454572579678752753e+00
-2.194641155953663270e-01,1.344700872546022774e+00,4.667984410179446542e+00,-1.076662192365117843e+00,4.408345893791637549e-01
-2.918463094658603652e+00,3.159162979484434253e+00,2.541315795343626061e+00,1.975987024503775558e-01,-7.022261243839220124e-02
1.304363464924407578e+00,-2.808107586739574391e-01,2.447127893258303377e+00,2.411475578716489210e+00,3.378776683427672900e+00
-2.738771093864071915e+00,2.079906102572684379e+00,-2.263430113843575509e+00,2.213868488450452393e-02,-2.837167160791401965e+00
-1.528688756819691408e+00,-3.722748860432395279e+00,2.879126200528269397e+00,7.033358928270310173e-01,-1.421356753782040960e-01
8.771820734785605866e-01,6.179316547169741991e-01,2.068410309372607170e+00,2.803696174414075593e+00,-3.421940770049006542e+00
-1.678419900603886905e+00,3.517768882638462880e-01,1.656655904733180140e+00,4.353025251350524982e+00,6.048322350516972534e-01
2.629320174009358801e+00,3.792753034383523403e+00,-2.066319591939487776e-01,-1.379125175500096168e+00,1.325525113478983830e+00
-8.115039822283517390e-01,-3.661250293371757003e+00,-7.930398950084491805e-01,1.484021189588111245e+00,-2.847011838733942923e+00
3.130071283158624151e+00,-3.356876629481103658e-01,-2.848581227156109730e+00,-2.363440731775015902e+00,-1.178855570021506205e+00
1.523288900856313299e+00,-7.174971510783944018e-01,3.587387979417274941e+00,1.406697892241873360e+00,2.704928333212741620e+00
-1.895484629862847159e+00,-3.156683215581274293e+00,-5.672549871335788030e-01,6.399962330453651260e-01,-3.272784089377268835e+00
4.614967771779033834e-01,-4.413424585210980133e+00,7.885809707459486839e-01,-2.082725076078222326e+00,5.908472436781202486e-01
2.462684367194640345e+00,1.783862026291572311e+00,2.738249976413889009e+00,-2.191926584674159795e+00,1.857543241165081183e+00
2.576090372616613333e+00,2.904798804489551411e+00,-1.313155541100190782e-01,2.849909656102583178e+00,-1.336665057091755093e+00
-5.093191276065267559e-01,-7.555732224176500145e-01,3.315789161946946173e+00,1.987983268496998468e+00,-3.036966889762002353e+00
2.981268796746654903e+00,-6.969695347110305139e-01,-3.181668588435836220e+00,-1.319403652863617715e+00,-1.939698126874462858e+00
-4.508002943557213982e+00,-2.507237977461663769e-01,9.837454448788940375e-01,-1.315962934267168816e+00,1.384027995901166763e+00
-1.954628643408435673e+00,-1.773189526710836905e-01,3.968551293314673156e+00,4.591275152864545683e-01,-2.277671489137152339e+00
6.867611931837573624e-02,-3.334839053734458769e+00,3.456101152408331600e+00,-1.370716910529556243e+00,2.250156701941958548e-01
-7.523352349520404658e-01,1.011996386933508907e+00,-6.262973733581760349e-01,-4.574317147108310166e+00,-1.446799656095729025e+00
6.629011779398921167e-01,-3.539721967610891529e+00,-2.086462595945967280e+00,1.395783859839867080e+00,-2.393614771141698405e+00
5.720064007142029450e-01,-1.230207405375578267e+00,-2.248760541116223255e+00,3.103483910812438129e+00,-2.910474542295135247e+00
6.164515545946549491e-01,-1.687155247438671068e+00,-3.402286716391662580e+00,-3.116006497656381935e+00,6.988871567757147796e-01
-2.675163381537408736e+00,1.384358475663890919e+00,1.132623123776845819e-01,-6.764216500384075959e-01,-3.931498174092550979e+00
2.165585861166685611e+00,-4.405548130863419232e+00,-5.743048729346857950e-01,7.059244371246937710e-01,2.706069964994113897e-01
-3.370137969477582374e+00,-1.929906758386054522e+00,-2.305845359741662826e+00,-1.380734087055286441e+00,1.641426370088769016e+00
-1.812854030209977818e+00,-1.853282112836225348e-01,-3.659404015011925360e+00,2.527215073988156036e+00,1.378825566913918887e+00
-2.852384765877895134e+00,-1.026668587631929030e+00,-3.254238776700367985e+00,1.318567346429546427e+00,1.865787473349254322e+00
-2.645465531708776630e-01,1.009620776192295066e+00,-4.071469038180835831e+00,-2.642124533938203790e+00,-5.941370446142277828e-01
-1.750866674422211222e+00,-2.044831636948258868e+00,-4.177727591950276320e+00,-5.343824286669689450e-01,1.189834119638107784e-01
-3.732113822550829241e+00,6.314977903005557502e-01,-2.722075838833774686e+00,-1.676935360872168435e+00,6.713627033612216133e-01
3.991208556028417842e+00,-2.067613522222718547e+00,-1.128340046966339605e+00,6.885816926778627334e-01,1.745832917529109185e+00
-2.406855920121247383e+00,7.308820233553890988e-01,-3.090630187233254778e-01,-3.140342982875584443e+00,-2.952216463621008202e+00
3.005694833872465388e+00,-1.882149534933495572e+00,-2.851194553173350688e+00,-2.058834734488458551e+00,-2.349486109779116427e-01
-3.538046384379688103e+00,-3.098558159289180325e-01,1.983747719547219290e+00,2.906645719456838250e+00,-4.871141619051596455e-02
-5.726440222766001620e-01,2.825427289192902425e+00,4.022106198153721834e+00,-4.214676929147926909e-01,5.779845775082790293e-01
-1.954795886586240705e+00,-3.559480974483479332e-01,1.307728571011504748e+00,-4.247231748306713683e+00,1.141465047403607880e+00
-7.606424121770013480e-01,-2.987067426424023786e-01,2.706949743285399723e+00,2.692010495029061090e+00,-3.123731740191210804e+00
1.438838554614864762e+00,2.155677784448267964e+00,3.602198798933695212e+00,1.370832835138803052e+00,1.851425951653472568e+00
-3.647366399367559797e-01,-8.987130064487838244e-01,6.197722891708611348e-01,3.149591389091124238e+00,3.708805536404731207e+00
-2.103329202374572660e+00,-2.241244222831944910e+00,-7.889288810773803506e-01,-1.783334001743718585e-03,-3.863989989684575299e+00
-5.315123663265627352e-01,-4.142292053298175958e+00,-3.489956611413579379e-01,2.297982274557684335e+00,1.468465404409620589e+00
-7.745740588347496125e-01,-4.655662182430483576e+00,-7.646321042329065065e-01,-1.229043308827379777e+00,7.934954068360394741e-01
-2.800760083354247865e+00,-8.045386514209786066e-02,3.765523557233529939e+00,1.014134496202325098e+00,1.393425166489038691e+00
-1.481748779711538511e+00,1.519444206808549858e+00,-2.492787013774189209e+00,-3.611743343955134744e+00,-1.112219752375327664e+00
2.494892303044877302e+00,-3.519756878401133271e+00,1.814193844781462284e+00,-1.154403818086811473e+00,-1.327733569470542774e+00
-2.844493568780729564e+00,-2.166841027399588615e+00,-2.699376218828825280e+00,-3.551137023726058661e-01,2.191099857777272675e+00
3.865802928888247614e+00,-2.571399283338051678e-01,-2.976133559615699031e+00,-8.894491162186780597e-01,-5.839144434268797035e-01
1.729803098917430004e+00,-1.360285429098857080e+00,4.145567172926096333e+00,-1.016223559292523504e+00,1.392468054446262649e+00
-4.209628894406769462e-01,-2.880882737330719756e+00,3.568262581348511819e+00,1.357572028545164233e+00,1.395637932030884043e+00
6.970820002672102611e-02,-1.928488367436586914e+00,3.861970016840480913e+00,-1.704188693478782435e+00,-1.859301446660821311e+00
-3.039091574745141688e+00,-1.992483924738641665e-01,3.524548338641483980e+00,-1.690456832067320114e+00,-6.664361829208782506e-01
-2.334265645450182003e+00,7.466013181238000396e-01,-2.777161102077027044e-01,4.047920381018823122e+00,-1.590913171518288260e+00
4.044288950522417991e+00,2.264647293259480776e+00,-8.873781431401026598e-01,-1.455509912387536797e+00,7.804809080519751197e-01
4.854765755809060251e-02,-4.971203638375529810e-01,-3.781642164307283061e+00,-3.221638074756846493e+00,2.659795578873998534e-01
-4.602335928746769333e+00,-7.747800474032692786e-02,-1.338443139751370969e+00,7.497413483899240637e-03,1.421624038975006554e+00
3.420140528637282351e+00,-1.579095232154931638e+00,-3.222259679797770282e+00,-4.610215616895242952e-01,4.621673806806094187e-01
-1.281801091040085439e+00,-5.711267081245458010e-01,5.634365726241913341e-01,4.080004166687235312e+00,-2.463108904356355211e+00
-4.493906986613435128e-01,-3.734687731953201251e+00,-1.707977154218630611e+00,-2.570002655757083865e+00,-1.152413092091412405e+00
9.433593262345085773e-01,3.299311073856891152e+00,-8.194474096704473798e-01,-1.939266893091833976e+00,-2.965192991977756432e+00
1.957117309376246173e+00,4.195621147433458376e+00,-5.546012372869707496e-01,-1.526069384242924709e+00,9.643571571908525764e-01
2.013026329160531258e+00,5.744549297802601373e-01,-2.919202755440088448e-01,-1.984006839713667661e-02,-4.531237739974580236e+00
-2.227797705339328582e-01,-1.120524650145344747e+00,-1.239583093760477484e+00,2.096056715877194776e+00,4.214827835125275257e+00
-1.873709032225620241e+00,-6.534364384226686306e-01,1.147764048956956134e-01,-2.256614210669563469e+00,-3.994590587855159747e+00
-2.947067096402007369e-01,-3.045910046993956399e+00,3.949689948013735741e+00,-1.804481925063026182e-01,5.447664907808042606e-02
2.632118170254289069e+00,2.928223289480108793e+00,2.787492438579188381e+00,1.242183896979167090e-01,-1.308402843656419678e+00
-1.564250496778147870e+00,-2.294952267083710584e+00,2.306675807353732122e+00,7.666651532284972648e-01,3.373097350763951230e+00
-1.923754293405936844e+00,9.189624269960172676e-01,-1.942842804718058369e+00,-3.794380961982498857e+00,1.510864794702642566e+00
9.984510398361381434e-01,3.269099407296638837e+00,-7.322434560978486884e-01,-3.448345004131358138e+00,-9.427729523841225090e-01
-1.999214624507215321e+00,3.481755425565734807e+00,-7.713633201509120241e-01,-1.586862118818116008e+00,2.401538524755720161e+00
9.326090334140891835e-01,1.765868104754618306e+00,1.241589214693700483e-01,2.119505578284417879e+00,-4.062539955895273280e+00
-1.092288922620503921e+00,2.755254323400340599e+00,2.382768251732788833e+00,5.686701803355934670e-01,3.196014425411065396e+00
4.376443853036287024e+00,1.969332339182314484e-01,-1.907526442947231837e+00,-6.672321163769471264e-01,-1.313050141819278149e+00
2.383710159935340744e+00,3.169600409961668142e+00,-1.793015382326252904e+00,7.322599393219614283e-01,-2.349563860506349577e+00
1.394305669203264930e+00,-2.867500832291188129e+00,2.066371883478484772e+00,-3.187401285142203555e+00,-6.355556342920657409e-01
4.039224174716039784e+00,1.059385741288613625e+00,1.021844130275413987e+00,-1.259636124107824662e+00,-2.220702890034639498e+00
1.315122349569412874e+00,-5.654624760025049879e-01,-3.729106070262421468e+00,2.697686337252521049e+00,1.329271129765926096e+00
4.346669979076606127e-01,3.382964556991288507e+00,-2.895969154669630896e+00,1.952972631951044091e+00,-1.079757362152697242e+00
1.584526382263560240e+00,-3.100078307732800909e+00,-4.213514327283217342e-02,2.879957994419994893e+00,-2.140760895082172155e+00
9.152793698936807498e-01,-3.915459644583886512e+00,-1.199628226088855110e+00,-2.653224630888527891e+00,5.939112929549265063e-01
-7.806665892951508701e-01,-3.444415109471608893e+00,-1.281475222561975436e+00,1.129723854271701411e+00,3.099695065171924835e+00
-2.370678374142745959e+00,-3.370725067319022106e+00,-1.415141750256894815e+00,1.357669638013104141e+00,-2.042597255362960329e+00
-1.904930791941618740e+00,-9.470855846771235598e-01,1.519004854780608094e+00,-4.009308804883153776e+00,1.446490487852867934e+00
7.421612859618649249e-01,-2.473883404153292886e+00,3.546976455306076748e+00,-2.369756065627789177e+00,3.637468119433946989e-01
-3.588675440190378652e+00,-7.405005746244053277e-01,-1.698016696027882244e-01,2.935651636116931584e+00,-1.710609350003503115e+00
-1.357097319912164091e+00,3.323905117365425266e+00,-2.197970837388229626e+00,-1.804139399632889829e+00,2.005977781462773724e+00
-4.444897276618973159e+00,1.135321144843524643e-01,-6.319478325967043952e-01,2.187278992092236862e+00,-2.155254205754809915e-01
-8.551968631094455375e-01,8.774559475222637461e-01,1.000896231369241995e+00,4.327808070823107478e+00,1.940874396151072823e+00
2.648021975685608403e-02,2.995523192157240278e+00,-1.749928632283758612e+00,-3.585641778137416136e+00,3.272039486295424959e-01
3.475869985672615847e+00,2.571237393373179803e+00,-1.041676571872407475e+00,2.357503281988578281e-01,2.272971141916682480e+00
-2.620210110607010368e+00,-2.522784810451920379e+00,-3.176888393842419056e+00,-9.815695246030261556e-01,8.449598676066205627e-01
-2.228421351001132589e+00,2.753554487747424506e+00,7.874334188329560336e-01,5.809784637062641588e-01,3.390352282731523559e+00
-3.130713558300882937e+00,1.327803097120399789e+00,1.610697806339608684e+00,-3.113852068117093363e+00,1.070116547710654675e+00
-7.062902001902654492e-01,-1.635603013608263545e+00,3.645973153617351858e+00,1.624326526666802772e+00,-2.427838551646065213e+00
-1.204393636196614326e+00,3.111895547163958220e+00,3.379719803633107755e+00,-6.148440871852441925e-01,-1.437011784925146030e+00
-2.794691044299493221e+00,1.389809954509752199e+00,-3.830351416685027210e-01,3.791935164368658739e+00,-8.559451189937546944e-01
-1.402665061573864502e+00,-2.598395867327803366e+00,-1.224016664952492395e+00,-3.593344155336750223e+00,1.367673435773165025e+00
2.607354832782911469e+00,-7.254409215209391970e-01,2.066494000807537201e+00,3.496256152954787755e+00,-1.086844838465311325e+00
-1.395554767644870298e+00,-2.465871231320808654e+00,-3.748740190508378589e+00,5.127644310622032631e-01,1.629701071777499566e+00
-3.492944898072979143e+00,-4.043811880686358218e-01,-1.263520365386316513e+00,2.522132363418184142e-01,3.312961901898384465e+00
-2.951102630339809352e+00,-2.107919423395450131e+00,1.508952601522522086e+00,-2.627392366210257180e+00,1.633260655869761768e+00
-1.087233876404258615e+00,-2.803847228888410648e+00,-2.343241128422616892e+00,1.036596927624947595e+00,3.064482181178570297e+00
3.061873677529482141e+00,1.233742895523595173e+00,1.494600592398895644e+00,-1.944507099801764172e+00,2.843917941611282085e+00
-2.509032234623045365e+00,2.812898056306364358e-01,1.903209564144931587e+00,3.871012554061562749e+00,1.367057135448604410e-01
1.414066494816292874e-01,-7.038724632930113412e-01,4.652237327558404800e+00,6.800124809920354840e-01,-1.542348400546225129e+00
5.383430563437943683e-02,2.069415538050269010e+00,-1.737154055726467528e-01,4.175274452659254010e+00,-1.803199212857711453e+00
2.618007460404856435e+00,-3.124797361001482532e+00,1.218215192588060658e+00,-1.242914105345650722e+00,2.313610741076193467e+00
-3.517227334230279112e+00,1.400448513409191298e+00,-1.765046991718704383e+00,-6.173129401950894213e-01,-2.677945050131872673e+00
-2.975565111656939266e-01,8.686410681059550942e-01,-2.042874418068475251e+00,4.466717770813469102e+00,1.789393343096780109e-01
1.899014608217835187e+00,9.623960922158425468e-01,-4.908060167114798866e-01,8.461554347684974164e-01,4.417088148728128161e+00
-4.382285640026154283e+00,-2.106970042078395888e+00,-3.697992958160928323e-01,-3.652070652166309328e-01,-1.042171814690121989e+00
2.068427666202012905e+00,-4.715722670361008895e-01,1.061724792505722048e+00,-3.377639226071235679e-01,4.388380405595697198e+00
-3.477112726258627440e+00,2.406910451826002717e+00,-1.360752283461995615e+00,9.069781270349563940e-01,-2.107655822451609762e+00
1.637872386253089951e+00,-2.501662478352076335e-01,2.772076985099353852e+00,2.774545841815242220e+00,-2.621502518622076394e+00
1.004532266966990273e+00,9.993010975469664992e-01,-1.340042347146658264e+00,-1.669427230018191821e+00,-4.290642314687983294e+00
-2.787763724909039453e+00,2.517694357679255202e+00,3.067729694081931857e+00,-1.211597900929556104e+00,1.032162094944019670e-01
3.524309206209714773e-01,1.150744293874238711e+00,3.314312530265154377e-01,-3.009441041549739015e+00,3.792755984539398995e+00
3.436089086075601262e+00,1.500767308273756262e+00,-2.493321164806694412e+00,-1.674781528928902308e+00,1.385440608057394662e+00
1.437200269033631406e+00,-3.250966365881926556e+00,9.351617704221781152e-03,-2.680271803631348870e+00,-2.276341072971971080e+00
-2.778268498015401988e+00,3.187136605905853681e-01,2.566757293313690180e+00,-2.803091014671289738e+00,1.653506430643149283e+00
-3.392326867280696323e+00,-4.805973504962150478e-01,-6.458979108309470529e-01,2.881720805437868904e+00,2.130644433149813555e+00
-2.463112918006783225e+00,3.559157613966713818e+00,-2.418056050070093832e+00,-9.528899105978265449e-02,6.398412138906839353e-01
1.367994441907290359e-01,3.110298024191751498e+00,2.416262363004813007e+00,2.448483288567054217e+00,1.863850286775271314e+00
3.309002266347086385e-01,2.814875448506755085e+00,-1.483270088855372482e+00,-2.033575124570824177e-01,-3.837386716900088146e+00
1.531132872756008290e+00,-1.956958024917560435e+00,-9.059394243214621278e-01,3.974987977506076575e+00,1.484820444639330939e+00
1.318217813787169401e+00,-2.504221627127462657e+00,-1.096670019172260924e+00,-3.960567358997367560e+00,3.199951586111572932e-01
3.175170767901077440e+00,1.698975044791468436e+00,2.128497367211829250e+00,2.603617063147769972e+00,-8.499714925221942829e-01
-2.697038793802302228e-02,4.392565401897536859e+00,3.600976262995653210e-01,-1.747201733888059882e+00,-1.588161701105772039e+00
-2.960547726291178794e+00,-3.981812723146807897e+00,-1.458394366156651467e-01,-5.750131170111458800e-01,1.685685977016023740e-01
-2.352702739542311239e+00,-1.680912738753485014e+00,-2.103929540259564579e+00,-2.871278618173286556e+00,-1.992124938474101770e+00
2.013983786003548548e+00,-4.928898135795932167e-01,-2.961639488961480549e+00,2.545964009790413041e+00,2.334028221693172256e+00
-3.735099525491221595e+00,8.694790493876189963e-01,1.858862844887415378e+00,1.841458506501351344e+00,-1.856528268053608377e+00
1.158249188155301423e+00,3.411231408127531672e+00,-1.684764188348863323e+00,2.955853025146659707e+00,6.681778369045002774e-01
-1.665284225945060204e+00,-2.763353987990324612e+00,3.541124827229512828e+00,1.417637235828700826e+00,2.035750707902288792e-01
7.190809705540575081e-01,-1.740938337362068156e+00,4.529481633602517654e+00,3.776003601872546800e-01,-8.906572641223754472e-01
-3.140094088754529889e+00,2.552122859439714397e-01,1.453538466284092667e+00,-1.952784518028557015e+00,3.024654419277113426e+00
1.151303883572034614e+00,2.627914121431941807e-01,-1.451897024080870402e+00,3.534233238532985322e+00,-3.001104877955700800e+00
1.293204289219669567e+00,-3.710652051188551570e-01,-4.023728739386565501e+00,-7.317577874916849634e-01,2.542453706987370055e+00
2.658493136357093167e+00,1.173655238269607048e+00,-1.968369655094188264e+00,-3.389158512938030388e+00,-1.092736519344257973e+00
-3.870426930093397111e+00,3.156973560399334300e-01,1.293154670734317557e+00,-1.238707425547244112e+00,-2.591039457370214016e+00
-2.654597113148269849e-01,-2.419027643770510050e+00,1.113461765260642666e+00,3.082561758252745587e+00,2.887187611535340093e+00
2.186728135844919763e+00,-4.033794958687977328e+00,-7.896781370011296541e-01,-1.765511376069095251e+00,-4.539783167516797668e-01
-1.425376096377890756e+00,-2.137544719848155861e+00,9.640739104934645809e-01,-4.179442112060390180e+00,4.506308429103572655e-02
-2.652160242041705640e+00,-1.675323220474075114e+00,3.012501897757097868e+00,-2.263704590592413801e+00,-9.796999540748997370e-01
1.966057760024111811e+00,-3.506097119593574729e-01,3.460914265665297584e+00,-2.995423259444280450e+00,2.473896857659791948e-01
-4.046323175432603669e+00,6.799517279931114322e-01,-6.585682444449266759e-01,-1.913928930480803592e+00,-2.016952732225898881e+00
-3.377042601487349138e+00,1.595573837063840150e+00,2.135083760954804344e+00,-1.061370974810883272e+00,2.316168470934921064e+00
9.464371982121663196e-01,-4.095383902878684701e+00,1.018395673492545672e+00,-1.100654389703616731e+00,-2.254665714583933500e+00
1.070617967000698112e+00,-3.394341322476692735e-01,-1.289274926255687737e+00,-4.475293518859465358e+00,-1.431111359462782451e+00
2.745623882962858087e+00,-2.902294612829451115e+00,-2.460749663353939631e+00,-1.715174878116073165e+00,2.027848747517657368e-01
-3.841379163204265423e-01,-2.452898105910478410e+00,4.269446299013771373e+00,-5.433077576678106979e-01,5.589042168040707637e-01
-1.360274131242183993e+00,-3.148644210857155734e+00,2.198404912827307989e+00,2.008297411894660822e+00,2.090323244367483291e+00
3.458349699408414857e+00,-1.618294871075530938e+00,-3.226893663029014814e+00,-8.734415912231308435e-03,-8.955481189874635317e-02
1.997948748665020036e+00,-2.628221231917660994e+00,-2.958566227999908982e+00,-1.853391084965390734e+00,1.382924912825819863e+00
9.626970273994681637e-01,-1.104315047240350012e+00,2.033754881026915928e+00,2.684053885487739599e+00,3.393139922486565041e+00
1.734108524388562333e+00,-3.673541290336039378e+00,-8.307347626723123879e-01,4.320979892562425984e-01,2.760639979353997298e+00
1.039118778884798200e+00,-1.463963489507881244e+00,-1.463987779214386498e+00,3.818724399827580829e+00,2.247471202313676919e+00
9.619507542108142184e-01,3.012996380724781709e+00,-2.026225727818317779e+00,-2.604948861212575295e+00,-2.026118033730277990e+00
2.753744408475012895e-01,-6.388534937725024454e-01,-4.583983717742179387e+00,3.566556281935001071e-01,1.837369088989765364e+00
1.802155077302714847e+00,4.014289698053767452e+00,-1.753175531663468956e+00,-1.436781950968598842e+00,7.069289059013028620e-01
-9.828387229760247035e-01,-1.032125017931075250e+00,3.237839678181650971e+00,2.941271016009166850e+00,1.958076867938685295e+00
2.549307346089700221e+00,5.152807109701480759e-02,-2.258475493416656210e+00,-1.609760302096149953e+00,3.287299367032734398e+00
-1.346838386983763458e+00,4.051849340249572329e+00,1.528852986967093042e+00,1.818485030475370134e+00,1.060313171400258270e+00
-2.855071330630630566e+00,-3.022629294907812625e+00,1.406874271843313817e+00,-2.060984715954282454e+00,-1.218739769763965697e+00
-2.773549709609794522e+00,-1.352525868310912704e+00,-3.428671520850356647e+00,1.859700750211559450e+00,5.136346032399835559e-01
7.554039728259210884e-01,-4.294093166092809888e+00,1.395568432855922802e+00,-1.983111657288639140e+00,-3.313391354727386329e-01
3.214157950587376966e+00,2.557735386325724836e+00,8.643094782415566835e-01,2.667163103211307451e+00,5.161283453785353581e-01
1.177515984571592567e+00,4.549160491872892842e-01,1.401535243457113777e-01,1.637553368540619392e+00,4.550305863243147009e+00
-4.860575718645065990e+00,2.362137404157495790e-01,9.812994935570782534e-03,1.033709661904930410e+00,-5.003546663833466912e-01
-4.316742177272837822e+00,1.473000643246258567e+00,-1.542096598907606309e+00,7.031755944375341905e-01,-1.150429590620335230e+00
-1.058518098166987720e+00,1.116276605855116788e+00,-9.580119662191760588e-01,-2.722424365836007887e+00,-3.782074116137439823e+00
-2.113116497439571528e+00,2.572519790594037570e+00,8.588516375666382929e-01,-3.032871968516978711e+00,1.995229831995246172e+00
2.849907106895212650e+00,3.919906138176722177e+00,-8.146489433651973311e-01,7.822759006712632912e-01,4.865766787008568017e-01
1.221049605041513386e+00,-2.688687936147939439e+00,2.309616774187232657e+00,-3.168644824639438973e+00,-9.515016425204724237e-01
1.172897500175732244e+00,8.382113370561440346e-01,-2.664034990943974002e+00,-2.641353455534259709e+00,-2.974539073281007084e+00
-3.322006308789938522e+00,-1.069200359429135050e+00,4.804866944438296317e-01,-2.854003662921531070e+00,-2.108288477473937661e+00
3.582847116583420366e+00,-4.266890091656790340e-01,-3.040984243061871428e+00,1.006583176395783541e+00,1.311620437128621530e+00
-3.388982953645757856e+00,1.024969391122804607e+00,-1.138775712670571094e+00,1.034592492136264363e+00,3.177584072626045586e+00
-4.784486258476242426e+00,-1.331812879426990781e+00,9.162960087766593154e-02,-3.088205573989750707e-01,4.808321705285272252e-01
1.738423788639233303e+00,3.369272539865800109e+00,-2.984898952029090946e+00,1.213463830327602189e+00,-4.937297457737070960e-01
-2.227091393649112128e+00,1.364743939897872460e+00,-3.985534472935908235e-01,4.061141772157980334e+00,1.235241093442904559e+00
-4.263888245408664623e+00,-7.171198932102268442e-01,-1.652063500895773140e+00,1.886797266875512413e+00,-1.252132267257452525e-01
1.545920650416663378e+00,4.800647000164404848e-02,1.931888891604391700e+00,8.964383415560241986e-01,4.251120832408453509e+00
2.258158139574416357e+00,2.032826212504306174e+00,-1.645983576347034516e+00,1.322306934765317799e+00,3.363120848720215772e+00
6.207321641705720872e-01,3.283199450449552970e+00,-2.096117206108909503e+00,1.076402106247217993e+00,2.878010443492623693e+00
2.654249853809215409e+00,4.697632431226108629e-01,3.564985929491089056e-01,3.687614878801395157e+00,2.002170189527494593e+00
1.017931333617839496e+00,-4.032572228887686627e+00,-8.062119324794426722e-01,-2.645630161205929642e+00,-2.298703740982031840e-01
7.336972096838995094e-01,1.872549649440812480e+00,-2.039586109573443551e+00,-2.977908190152606771e+00,2.815563447613679937e+00
2.413754218691127384e+00,-6.105203500436932051e-01,-3.312122301098046950e+00,-2.683621779531762286e+00,7.931427872237579724e-01
5.475408266086663478e-02,-3.235779487101261509e+00,8.268645578770572602e-01,1.157038747441021087e+00,-3.536140472483177977e+00
-1.999110723659617950e+00,8.514033175139926746e-01,-4.325661627295252387e+00,-4.528880778705603460e-01,-1.167138629530946270e+00
2.398711295725139525e+00,1.136703794109495291e+00,3.696661563368428105e+00,-6.746075519327142667e-01,-1.957980219769224872e+00
-1.043511508449469494e+00,-1.472781930147935903e+00,4.557433624170659670e+00,-8.543007485358410369e-01,4.919005085309643421e-01
-1.513704294421243102e+00,1.279737393691979586e+00,2.054928608092203290e-01,-4.447340598424747604e+00,1.117991859539501975e+00
-3.110093044873768697e+00,5.044584044942835854e-01,-3.455508927023891452e+00,1.695209425033979977e+00,5.084938848177582571e-01
-1.871163001047027707e+00,-2.601737218712311339e+00,-3.328217553921018812e+00,-1.765453753026064776e+00,7.320201008018691891e-01
3.270067661227189948e+00,1.962843501518083400e-01,-2.415828494015786365e+00,-1.280828246903046752e+00,2.606027941968064088e+00
-4.292769420389825896e+00,-1.705861633338270567e+00,1.861393114594523945e+00,2.420347369918070535e-01,3.725609350158577415e-01
-2.679884918709742436e+00,-2.664328887469499030e+00,4.279219104584395805e-01,-2.991085930030993101e+00,-1.260894999430104191e+00
-3.421086781913268648e+00,2.523734043607229527e+00,2.101602013684428227e-01,8.338845510759383961e-01,2.487448683489545509e+00
8.332207887303942906e-01,1.282881643195608046e+00,-1.742643886777968554e+00,-4.005386900748526990e+00,1.892095628124203177e+00
3.422780258671908715e+00,-1.894562714745992693e+00,2.509668780722509318e+00,1.565230502202802576e+00,-9.730485634236918369e-01
-3.448602921267754362e-02,1.439711420821412347e+00,-1.841966384751594354e-01,4.627560985416867112e+00,-1.215644957694332895e+00
-2.148956229145715824e+00,-4.887406358719095789e-01,-2.800039987509671757e+00,-3.498781555289569134e+00,-2.478374725010056845e-01
3.136166663516064546e+00,7.189445740995441536e-01,2.587887879322420037e+00,-2.199067833573261854e+00,-1.764798669940240261e+00
-2.455715008922695120e+00,-1.207001477877906126e+00,2.087260951826456434e+00,1.529511889449649775e+00,3.288851824932985668e+00
1.434616856933578433e+00,-4.726986517609203631e+00,5.502211326105349576e-01,5.144785265021856180e-01,-1.733248024367868845e-01
2.027196468493245085e+00,-1.252768162316745482e+00,-2.511509972301380955e+00,-3.437293116146069583e+00,1.094705486575999753e+00
-5.062331856975448297e-01,1.702869061129247630e+00,3.695028051830692384e+00,-1.157206357719708922e+00,2.617557270468915842e+00
-1.956665446670453168e+00,2.490684825446167483e-01,-1.420316461532536989e+00,-1.982089297747433365e+00,3.894027270790950013e+00
-1.046493738368241111e+00,2.119712134874377707e+00,-2.239511273974850170e+00,-3.547692407564942751e+00,-1.345414120584429662e+00
2.330406374680440873e+00,-2.883945673924022124e+00,1.430216847687089343e+00,-2.928283575939987227e+00,7.947946566100023702e-01
-1.486258323309232354e+00,4.245001981527593671e+00,-9.245559472006310564e-01,-1.254068422017903917e+00,-1.530850439009081132e+00
2.307548708994205722e+00,-1.416503530747655892e+00,3.414735824363830829e+00,-1.378328249878376432e+00,2.026950218528338343e+00
-1.887868653737890812e+00,-2.071313345429565800e+00,3.483165922534358305e+00,2.236812629877039438e+00,-9.918359842833959772e-02
-6.118728110408442333e-01,6.200090468286389989e-01,-8.219099815266375231e-01,-4.736231358020539517e+00,1.064789627358105228e+00
-2.184891272411035423e+00,8.372733888067583896e-01,1.072190055908142370e-01,3.203744667199808660e+00,-3.041339769306782070e+00
-8.818600989063258844e-01,7.769014566349531359e-01,1.386763047826309547e+00,3.399820706494733891e-01,4.645432954360205535e+00
2.301228740699628350e+00,-2.752004699580794966e+00,-2.652290637558120334e+00,-1.725269898290562764e+00,1.455889614097588991e+00
1.086129508055871051e+00,-5.439806290508961834e-02,-1.777896594124466212e+00,-2.981947810410033650e+00,-3.429932142050906130e+00
-1.263832378620143970e+00,6.638291233478469389e-01,-6.031599900971531536e-01,-3.960927207612700673e+00,-2.628557074915064184e+00
1.234514351016732792e-01,2.598018695630033292e+00,4.191688377569589008e+00,-8.337803966197128436e-02,8.110827628413191936e-01
3.612564687457276991e-01,4.684459407329748082e+00,-1.321355108286720093e+00,6.916868521062135011e-01,8.372119213778431712e-01
1.237340325164009824e+00,2.946849772432363235e+00,1.473761126813707190e+00,-3.455681351087926512e+00,-8.193655345901865727e-01
4.744230517734627783e-01,-2.090025674451623683e+00,5.684824873491113317e-01,7.706172767114257693e-01,-4.414713141585783873e+00
1.589452031547548216e+00,-1.090271483122194462e+00,-3.058848944994824848e+00,-3.453663730990626846e+00,2.450096822261608673e-02
3.940070690514516638e+00,-1.934826579366400567e+00,-5.863488712115932922e-01,-1.890105227260911791e+00,-1.347585356345060603e+00
-2.566733301450180527e+00,-2.358566386368709633e+00,-4.732047539395072833e-01,-2.340825580443337106e+00,2.673136289662290110e+00
-1.825727949891273461e-01,9.006352816237873649e-01,2.733200496451708261e+00,2.895754223441316277e+00,-2.880927938640988284e+00
1.278090467403774910e-01,3.267693396817458851e+00,-6.906803269118140243e-01,-3.488096366209264776e+00,-1.289181576823689168e+00
1.962056307322418647e+00,-1.097861271970907993e+00,2.986122428046611432e+00,3.200803478383477341e+00,-8.848534409087088770e-01
5.466653997438680745e-01,-2.463999362601414056e+00,6.859242875300268771e-01,2.574221249954727231e+00,-3.395991300030177129e+00
2.037033912772250044e-02,-9.641306401049025698e-01,-6.262478658991029734e-01,-3.896740966960956509e+00,-2.914319921518524925e+00
-1.300508433188744428e+00,6.157127294179319810e-01,-2.817216409201356964e+00,-1.717351998417125936e+00,3.470384628149593365e+00
-5.854060917034019651e-01,-4.128425766394152596e+00,1.237113986357313955e+00,2.465708819893305925e+00,5.682780506823843780e-02
1.888169629684400164e+00,3.567745730814704253e+00,-2.851406764763412927e+00,4.007976828840392747e-01,-6.440858087608820615e-01
-1.326978471954608718e+00,3.247453566324336016e+00,1.937318107993338812e+00,2.964775853442399356e+00,-3.873966401794997072e-01
9.103866180497405258e-01,-2.639600771771234644e+00,-4.125898671802107565e+00,3.422702220846866594e-01,2.520222538514446664e-01
1.146371862361783123e+00,-3.681522529325383708e+00,-3.038298479770826788e+00,-6.231720333737580386e-01,-7.159765246835215757e-01
-1.149108764608081312e+00,2.227714238849509698e+00,3.046624056882579978e+00,-2.508875907055756471e+00,1.772134830126512295e+00
-8.499845856776825359e-01,1.848853669358374363e+00,-4.742966056358091098e-01,-4.542020943584828885e+00,6.599084277044425795e-02
2.050784380405571650e+00,-4.059337992044926291e-01,-2.347979781094122309e+00,9.402127485662160611e-01,-3.772597528329082905e+00
1.309844827982707294e+00,-1.481724479112608295e+00,-4.080808885707036815e+00,2.095520891757635340e+00,2.111637401335751396e-01
-2.386918307287898333e+00,2.469634548214175496e+00,-2.942933221839555191e+00,-1.448916856908098572e+00,-1.563109140834848088e+00
-1.779874591045931931e+00,9.424953354327372801e-02,-6.092677429535898331e-02,-1.855265882249061749e+00,4.286891636128971506e+00
2.125052319905853082e+00,-4.214009771756849765e-01,-2.252411474751786713e+00,-7.543312887170852132e-01,3.829386466441724757e+00
3.505021436129817758e+00,-8.772683054046800377e-01,1.665359538541193007e+00,1.094480203053620260e+00,2.823812271578344024e+00
-1.330023556277191821e+00,4.552232763766853374e+00,1.350950959798505657e+00,8.016145617084229347e-01,2.013946446951370151e-01
1.610052999943944130e+00,1.935864399047016793e+00,2.669115881453295369e+00,3.126689595051422188e+00,-1.326571126417581459e+00
-9.811570488372187704e-01,3.789172333100781498e-01,1.128681000664499973e-01,1.776250394799830656e-01,4.883591169739211146e+00
-1.547051337510319202e+00,-5.906245507681746609e-01,1.083077345003294223e+00,-1.003747392146165041e+00,-4.480762149081092716e+00
3.688894614792547766e-01,5.525979305847994461e-01,-9.400537545747179591e-01,-4.077279637906552900e-01,-4.848568132797150376e+00
2.178037492279925935e+00,-1.433855049333717657e+00,2.821332192298807939e+00,1.437240381535199174e-01,3.196817236139473994e+00
-2.442774594970434643e-01,-2.453806614359064220e+00,1.218967981166286796e+00,-2.995268540777917377e+00,2.908890690903816800e+00
2.503687165517295421e-01,-4.123568796222342847e+00,-1.540638555785900587e+00,-2.220686952374098855e+00,-7.927661626072513013e-01
-2.056222662089291220e-01,-4.024980133255390058e+00,-1.549039969200891820e+00,-9.706554074016081612e-01,-2.327135076534804004e+00
-3.198043193760951031e+00,-6.116507315676189549e-01,2.824983483067952106e-01,1.358414362535632636e+00,3.531757100406665462e+00
1.887766147799831540e+00,-1.055322250788260918e+00,-4.495661073032032107e+00,-1.169617153859856401e-01,3.130261838419137743e-01
-2.003013938891780310e-01,-1.725567325341210712e+00,2.587275233942921471e+00,-3.901606269168938379e+00,-2.564607992034492745e-01
6.656639308767675622e-01,-2.408184724493008244e-01,2.910969628364675543e+00,3.839558783411600285e+00,1.132670369490670126e+00
-8.657678338375671689e-01,1.944401435782830978e+00,-8.257230350132258589e-01,3.481324006472649835e+00,2.769172032543957496e+00
-1.695386123018939983e+00,1.236140998042502881e+00,2.272131050720710199e+00,-3.572560800653364677e+00,1.634579805582794476e+00
-5.246828721441779697e-01,-1.419982219928011435e+00,-2.950566361436903318e+00,3.479100990080170597e+00,-1.377814510863860420e+00
-1.967189762969887123e+00,2.936719367364699629e-01,6.440360085418260772e-01,3.469328047803632575e+00,2.931365167710170638e+00
4.277981867675646477e+00,6.952614265414026606e-01,7.410946544136099989e-01,-2.280569552604974071e+00,6.821025711230824795e-01
-3.186620325380662977e-01,1.312402031253288026e+00,1.669195057742673516e+00,-2.978491596396847019e+00,3.393881419080777118e+00
-7.900829456097490100e-01,1.176707447625211511e+00,-4.558758166673662515e+00,6.847428769908159296e-01,-1.319082898060811804e+00
4.282988650280631582e+00,2.353325762522399778e+00,6.034455395074758699e-02,1.047558889524787151e+00,-1.297882305979393969e-01
-2.125002256170182680e+00,-4.093837336984689212e-01,-1.853788244004327845e+00,1.711342019626775901e-01,4.104991181618383500e+00
-4.485137404858480892e+00,7.303588236397721145e-01,-5.664402575277355245e-01,2.001966315762419679e+00,-1.462694550322000964e-01
2.817011114293166418e+00,3.659516446728340977e+00,-1.398455636668135771e+00,1.212975827959583697e+00,-4.953778670171158360e-01
-1.738732649800751817e+00,-3.231609765804407619e+00,-2.458984279362246728e+00,-7.600545815206123379e-01,-2.215676068615017424e+00
2.362965063871762528e+00,-1.418062942068432641e-01,-3.577876475501575282e+00,2.342492952993316280e+00,-1.052527326521226270e+00
1.512615037330320572e-02,2.168367296996183580e+00,4.021353395517128781e+00,1.410732011012394871e+00,-1.461679351417448425e+00
-7.473349293265519888e-01,2.236738157619725165e+00,-3.957740789671376991e+00,-1.710398681514039065e+00,9.215840220526936299e-01
9.274204505754232164e-01,-4.196473963854707029e-02,1.095523112787400333e+00,4.789042648180489081e+00,-5.504445238684224639e-02
-2.613750549816886259e+00,-1.169778023310878989e+00,3.852373624281383080e+00,3.653473391410094750e-01,1.351172165282620963e+00
1.839019715317466996e+00,-7.563182811699328267e-01,3.706553713407231943e+00,-6.538359597741704166e-01,2.622965354627290857e+00
1.400492216922226252e+00,4.402294064350484426e+00,-1.870787623864509364e+00,3.864487788361094522e-01,9.612246904979580842e-02
4.348872670609510216e+00,3.523120583635257486e-01,1.978817612102271584e-01,-1.314412563913130549e+00,-2.048498261840858703e+00
-1.351300575401252368e+00,-2.316121056842990189e+00,2.524354730314338546e+00,2.691871049275686545e+00,2.047201371282217686e+00
2.404620263438808081e+00,1.239541863369004293e+00,7.371155986415595107e-01,1.617879923368558959e-01,-4.136643880900322756e+00
2.190624273011433143e+00,2.342019773120843418e+00,1.285457935560675891e+00,-8.165707361944865017e-01,-3.520925844930421711e+00
6.926832941757075091e-01,-1.915950025513335708e+00,-4.551507145675713351e-01,-3.062548725123732218e+00,-3.356033147478875378e+00
-2.932398752241508699e+00,1.819094462148668434e+00,2.021577085750462910e+00,2.964395746326858649e+00,-4.663870079240895472e-01
-2.680638467481414544e+00,2.720906918645982664e+00,4.874330584964369217e-01,3.077822321193139032e+00,-8.368164191585902856e-01
-1.978243207547374816e+00,-5.564784385522977272e-01,3.450004521165191296e+00,1.646889025720778221e+00,-2.482359945720860495e+00
1.732759986034779764e+00,-6.360383228087370666e-01,-2.079397676788609317e+00,-2.395096755874477790e+00,3.395970393640246776e+00
-9.023619224088992308e-01,3.302348327519706861e-01,-3.853479989261297423e+00,2.808047799705329695e+00,-1.158554031177052801e+00
2.141388141521969768e+00,2.036455843561399082e+00,2.920680718126460018e+00,1.914285273578760993e+00,-2.018028854773269209e+00
-1.346422445410139446e+00,-1.343335465068726808e+00,3.572898310537117705e+00,2.656532171807870046e+00,-1.248931907469396085e+00
8.336890844434945436e-01,-3.105046139343444089e+00,-4.259876827955697554e-01,1.926711289237728053e+00,3.281763106176082356e+00
-1.665702788300574388e+00,-1.646814966017223325e+00,2.957337123867958550e-01,4.141123541144257736e+00,1.508997043432544372e+00
1.349290412981009046e+00,4.234764839782033663e-01,-4.385559026754036083e+00,1.161859623295761645e+00,1.554682375138478401e+00
2.823694887819661048e+00,1.171816996613537221e+00,3.235107410360045677e+00,-1.482210089411330589e+00,1.729371389039817908e+00
-4.176279110406840855e-01,3.141680669037457019e+00,1.732578606851099767e+00,-1.584609973042573561e+00,-3.072883353811541429e+00
2.597691754887407889e+00,-2.040152051896804597e+00,9.438188063419301610e-01,-2.665314816003528264e+00,-2.468821610428466151e+00
2.782133113872156560e+00,3.211868828361121864e+00,-2.358079128532363011e+00,5.465358373546527204e-01,-1.041343059786387304e+00
2.755390627430414519e+00,-1.928973057753400333e+00,-8.355684913477670062e-01,-2.590169213416330773e+00,2.505939778779044502e+00
4.557700302825072214e+00,-1.478050138891465526e+00,1.243510302765452380e+00,-5.447212330248343143e-02,7.024604268215109970e-01
-3.340513004214019227e-02,-2.919457318218976027e+00,1.978814098896735763e+00,2.714016248201868819e+00,2.279048843462615714e+00
1.722911286388190133e+00,-3.216114574135024551e+00,-2.397148742530252896e+00,-2.629993962811453811e-01,-2.423363977823774551e+00
1.727519191693418707e-02,-2.170208603415265003e+00,3.914454134632391558e+00,-4.587605568320580751e-01,2.180936442164490785e+00
-1.465778862398622540e+00,-3.747914019913156203e+00,1.103435615400308878e+00,1.716799342189373467e+00,-2.153987624664562173e+00
2.043243556779228864e+00,-7.417881015537297618e-01,1.604175318549306395e+00,-4.055216667138888731e+00,1.121046613656041080e+00
5.283322612260126228e-01,4.254499588793752451e+00,-8.850851368527196117e-01,2.739068601709629402e-01,2.400353641273568428e+00
1.706856511179475788e+00,-1.180389770303965857e+00,8.647921618872609351e-01,3.509232391859248512e+00,-2.762380020393674585e+00
-2.217483218976503689e+00,-4.235606772498575090e+00,8.161596393296606244e-01,-9.377167706366709155e-01,7.726410185317770241e-01
4.441686920137037475e+00,2.744299204093049172e-01,-1.440366972686122071e-01,7.808127350745467377e-01,2.136747627786927062e+00
-3.956278052464559547e+00,2.782045753108633335e+00,3.194570642492958190e-01,-1.019230744310741787e+00,-6.835212309434449685e-01
1.256380197679539457e+00,-4.326337548711758352e+00,-1.876557524885148043e+00,-1.062632487710401863e+00,2.316382208202661663e-01
1.209773160465135167e-01,3.632312639779691210e+00,1.958122593176009563e+00,-2.716442609496596106e+00,7.605030146579653261e-01
8.518148283924636965e-01,-4.117065384109774295e-01,-5.251677067075634087e-01,1.532785324194366305e+00,-4.634617271590639298e+00
1.637850440905961769e+00,-4.237296156760102406e+00,-2.481550649633956496e-01,4.942992213710135641e-01,2.014163488055335183e+00
1.892856022403521576e+00,4.883969580481620221e-01,-1.146258733583681355e+00,-4.396155950601338347e+00,-7.338039680293374500e-01
-1.104356179425209916e+00,-1.232644511519513264e+00,-7.247516509645269833e-01,-4.332123839223122275e+00,-1.722911205850460759e+00
-1.320384271606130699e+00,2.509316269273419664e+00,3.159038605595721361e+00,-1.497438079046000715e-02,-2.642000774475787406e+00
4.735434297969741024e+00,3.933754915931543250e-01,1.499684921371026158e-01,1.389072402951101459e+00,6.847664148828098707e-01
-1.843727339705032442e+00,3.690063286933555009e+00,-2.303611969822518812e+00,-1.103501112799712525e+00,-1.208205124053667978e+00
-2.190535943905210559e+00,-2.199692717045023560e+00,-3.424520352201169793e+00,1.895486304377949516e+00,2.066307245159579864e-01
-2.762825682808272010e+00,-3.723603817078815936e+00,3.033641971410993565e-01,-1.106939205358646650e+00,1.477912250231380176e+00
1.191300747733896381e+00,1.818332415546933145e+00,-3.811854432300601836e+00,3.692689325251697907e-01,-2.368095436725869529e+00
1.655168907590412353e+00,1.379489948592915294e+00,-3.033987670735758257e+00,2.523552589117054712e+00,2.187241301928320336e+00
5.479809057261624261e-01,4.890004722890958222e-01,4.516410615200783241e+00,4.039589839119406278e-01,-1.974701941883659773e+00
3.270887417192274604e+00,7.652687036317814551e-01,3.003711088025341258e+00,1.814699676528648498e+00,-1.183319102767897535e+00
1.403457356752463747e+00,-4.210950772450459123e-01,-8.777287054745316341e-01,2.614431852183013660e+00,3.904782297846356887e+00
6.513440481571033391e-01,3.297550250861575716e+00,3.142925584007457473e+00,4.087095631932401996e-01,1.912299281053791100e+00
-3.091420298803790323e-01,-3.328957932963797273e+00,-5.723226612901303190e-01,-2.080759173509781235e+00,3.027434279905595549e+00
-1.938097312749211598e+00,1.567630107698898989e+00,-2.927202640976204417e+00,-2.788862227375259017e+00,-1.562064924109003883e+00
1.084527349748673819e+00,-2.002855362683158891e+00,2.657512632068268932e+00,-3.247404399998699454e+00,1.484709431870458562e+00
-2.445673536165341222e+00,-3.655771028256678268e-02,2.077237792051530363e+00,1.614921205836936213e+00,-3.477708605178196244e+00
-9.038998901695981525e-01,1.515087469663027431e+00,-4.213944073926603195e+00,-1.270939317504967470e+00,-1.585832128839731681e+00
-2.092026537478063553e+00,-2.659920707222077851e+00,2.901535417115635340e+00,-1.572692580068324464e+00,-1.629716867925338875e+00
-3.892541596118877512e-01,1.517396657740622823e+00,4.158265166707817984e-01,-3.228944348941977793e+00,3.456442576084773677e+00
-3.457094624582271347e+00,1.605368189788451749e+00,3.052900036021271912e+00,-1.036013508869356503e+00,-2.788675517180823071e-01
-2.753892598239089828e+00,-1.454758956580688878e+00,-2.952520279543915382e+00,3.308311985235172781e-01,-2.544194696279677093e+00
2.735543579733726194e+00,3.382860782963312274e-01,-1.602737899949663980e+00,2.117165700802800199e+00,-3.217328778974509529e+00
1.835868821766442283e+00,-3.126545058320405079e+00,2.488752095274713583e-01,1.773674042061684109e+00,2.940483495984525408e+00
-1.475606777491459631e+00,-4.505052588656938362e+00,-1.060632341415086000e+00,5.208358450037621212e-01,1.063426006151936498e+00
-4.450346608393735082e+00,5.819315480482931124e-02,-2.240825180739467015e+00,-3.388622841517608952e-01,-2.343149240565372826e-01
-3.349606369972884856e+00,-1.329371813480977549e+00,2.480580693371373879e+00,1.451777004832931040e+00,-1.937000438737917607e+00
-3.108389174012916034e-01,-2.357333329444322612e+00,7.973781447470451589e-01,4.028492754673971277e+00,1.575370737680124700e+00
1.403842549661656225e+00,4.075797726593808790e+00,-2.169102584514130072e+00,1.172587033041238014e+00,-5.806312215596658444e-01
-3.655925325962344097e+00,2.415132551208048206e-01,-2.395865092028102605e+00,2.145222224295002089e+00,1.110735534580601369e+00
6.973358885516923733e-01,-3.846354123499675204e+00,-6.792097117173172549e-01,1.233695504155010614e+00,2.781357975110622771e+00
3.280832235899378446e+00,1.312564577387671072e+00,2.368605523357452558e+00,2.811456586435401306e-01,-2.612274691416863082e+00
-2.059421566579137775e+00,3.230053875549143694e+00,2.468270621911914819e+00,1.688285696111013978e+00,-1.175953365347536472e+00
1.449768090940279697e+00,-1.380793724769946440e+00,-3.898561250278129720e+00,-2.376956996349141704e+00,3.779904594880791890e-01
1.971561889497665643e+00,-3.017483431658393833e+00,9.347916869176788879e-01,2.945483742488866352e-01,-3.323724298560940760e+00
3.616222344458007498e+00,6.277963284005325661e-01,-3.184400165087817869e-01,-3.500182491212149305e-01,3.362274662584460394e+00
-3.918296780694376480e+00,9.578771695025545263e-01,2.696731322046594492e+00,-5.650438953961776090e-01,-1.066671101846392133e+00
3.535119067660246639e+00,3.146186356561380570e+00,1.476550460222260552e+00,-3.649624398166120831e-01,5.394865551545343640e-01
-1.899342595303263659e+00,3.583526191895799684e+00,2.059631720084744710e+00,-1.565214205253666613e+00,1.363399943874263220e+00
-9.229058757498950216e-01,-6.315976379003983565e-01,3.708555894641639039e+00,-3.003559605144928035e+00,-9.872041546536134415e-01
-3.274267975064050873e+00,6.787632364377688132e-01,-1.144441857779051164e+00,-3.327183992724421113e+00,1.199395351438425905e+00
-2.968269090035192459e+00,-6.406825427572683251e-01,-9.280230656711219162e-01,-4.931630126225230448e-01,-3.830726813688385857e+00
-4.290639060041973041e-01,3.600893630600613626e+00,5.634394036043586240e-01,-1.746998106362830816e+00,2.912044450295187659e+00
-3.562333311843032035e+00,5.108258856707454942e-01,-4.543028851656328304e-01,-2.310416430176009062e+00,2.550377050078101338e+00
-1.061612501984907198e+00,4.034890403791999702e+00,-1.383758633003187022e-01,-1.252735917285935585e+00,2.450335317260525336e+00
-2.785341942042798724e+00,7.737798159789401886e-01,1.753147948254521804e+00,-3.198889852255097921e+00,-1.826666649104638607e+00
-8.830855202535624615e-01,-8.042688291203068385e-01,-4.853562398743099138e+00,1.122545148639778889e-01,6.035378881003453100e-02
1.780812833367646508e+00,2.309342642499917275e+00,-1.871672456061612255e+00,3.392005785950983565e+00,1.219336367595069026e+00
-4.308088045251405318e-01,6.745674425018859388e-01,8.318627475888467071e-01,2.424797305312166529e+00,-4.217549636552589298e+00
-5.894097838937571998e-01,-3.409436631793244743e+00,-1.206164284441962442e+00,-2.017025181747789109e+00,2.739546512758735286e+00
-1.572437961861734124e+00,3.777511288510390308e+00,-1.527840291325675448e+00,2.347906043556219124e+00,-6.410059095723997791e-01
-1.381107845759248276e+00,-4.249265957131958871e+00,1.895035957532746895e+00,3.151997306691406431e-01,-1.160072322480676821e+00
3.811573792713968345e+00,3.124782540030100475e-01,3.010636309775096553e+00,-9.654871762365526688e-01,-6.149521007833375075e-01
2.349004228128644400e-01,1.475666652676373702e-01,-4.133568322613785817e+00,-1.957253438798213896e+00,-2.001453913848766586e+00
2.094902745802470712e+00,-3.058112042891059090e+00,2.562904032711786684e+00,9.600026299902125748e-02,-2.163709797400687584e+00
1.674212615077644406e+00,1.657289294134884239e+00,1.409618954514168632e+00,9.354593242555296895e-01,-4.072873011867487847e+00
-2.429997362362922964e+00,-1.634206720199498974e+00,9.488473635701106801e-01,-1.232161835795236637e+00,-3.742452017811289888e+00
1.202029135433173135e+00,-1.506160207816374941e+00,4.111285406780588403e+00,-1.952752259705142546e+00,7.554457638836437061e-01
-2.345075821756162249e+00,-1.833562232815703963e+00,-9.679201282005092666e-02,-1.637232937635576313e+00,-3.667256269035744864e+00
-1.776962968032052892e+00,-8.608725638777360301e-01,2.488871427773228007e+00,2.601781055319361130e-02,3.860847462481956427e+00
-2.798161243678881860e+00,-2.260450394241399596e+00,3.035770914871027237e+00,-1.658518003927810014e+00,-3.067093944074724132e-01
8.701620032745860378e-01,3.237963075155492199e+00,-5.890360836225155827e-01,-3.217614821441514561e+00,-1.748829484260054468e+00
-2.413707743348694201e+00,3.078103931991235331e+00,9.035368782626480577e-01,-2.914126755066779317e+00,6.251219709640676303e-01
-2.236027838291527292e+00,2.617930834696994502e+00,-3.181018813254696376e+00,7.496913316565261276e-01,1.570254714397244067e+00
1.188302883181468150e+00,8.873342853279251319e-01,-4.714634922820982510e+00,1.197249087505018322e-01,7.473002172123796027e-01
3.604312609181769211e+00,-2.310398571916143950e+00,-2.352671873673881198e+00,-8.774768389243342570e-01,-6.049450439141964564e-01
-1.206191505546802656e+00,1.667379365783029144e+00,-1.272406674034658680e+00,7.655245415788611840e-01,4.308120417841202254e+00
-8.215864879907180951e-01,-8.005573133377422712e-01,4.474728389835509468e+00,-9.662299450464084671e-01,1.651456678604759754e+00
1.200923904195442482e+00,-1.665645382118410511e+00,3.420228018717359486e+00,-2.824841277263738348e+00,-1.051531880452172940e+00
2.215088103979240830e-01,-1.262787315305489155e-01,-2.986320466854899713e+00,-3.210101476184080482e+00,-2.390005462488204113e+00
-6.590618317563405881e-01,-3.199272190075310718e+00,-2.488756622151059972e+00,-2.087124610382806722e+00,1.944298406152296987e+00
3.562169486739530821e+00,1.262685712764801904e+00,-2.748731162800589267e+00,-9.268387661377682774e-01,-1.517240994290165901e+00
1.019004763665040558e+00,3.285286933502152174e+00,9.416101504228741037e-01,2.358740068102503695e+00,-2.591955761955900606e+00
7.925443658211405173e-01,-1.987589232966294306e+00,7.311789170800208071e-01,-6.901188497114249532e-02,4.458921082521201562e+00
9.233623445837402244e-01,-1.497340180554074918e+00,1.098658583191643112e+00,-4.430597052273907543e+00,1.033505414724176230e+00
-1.240952315753198087e+00,-2.357047439414735379e+00,-2.470796850801945332e+00,-2.701478552547995418e-02,3.434937822116350681e+00
4.283364788472778351e+00,2.319767411293364834e+00,9.101904071799444829e-01,-6.495277316456781191e-01,1.453698554503398965e-01
1.176752197138850375e+00,1.451293533037141259e+00,3.475934772962100183e+00,-3.069711325256721413e+00,6.124688724334558659e-02
3.235143191307746080e-01,2.904077109405134749e+00,3.269827387452809209e+00,2.132048483078223367e+00,1.106468594228433577e+00
3.323816290451301114e+00,-9.003207152330020557e-01,-2.120299742606909454e+00,2.924345228423557597e+00,3.069232209369833764e-01
1.358167850564448553e+00,1.130111121483307501e+00,4.337149432052654241e+00,1.408252568940176808e+00,1.041243702939719240e+00
7.726949314719238071e-01,-4.495109222086248302e+00,1.163880133035915643e+00,1.425666860471015207e+00,-8.998848055566773807e-01
-4.854204820545303112e-01,-2.814397710904865235e+00,-2.796418948716255404e+00,-1.626547091894949393e+00,-2.525454038695648329e+00
3.737446685344595343e-01,2.567629521961469319e+00,2.558544188849952938e+00,-1.302213578953277384e+00,3.166336209120220513e+00
-1.646964818842826306e+00,3.932100115728906164e+00,-2.053846150728378284e+00,-1.233925939328511578e+00,-1.041747728948432039e+00
-3.966563773049936792e+00,1.513476431813860268e+00,8.635297472815081088e-01,5.503954315155176191e-01,-2.434572276437611649e+00
-2.740106604801148205e+00,-1.239728482975962942e+00,2.573712631845042065e+00,2.840398963187373838e+00,-1.123844340390873997e+00
1.637920958823743556e+00,2.500654909321535779e-01,-2.655696432197995449e+00,3.812169007423393374e+00,8.181235247455891368e-01
2.536946692510857915e+00,-1.686084280141083802e+00,-1.636577104283132078e+00,1.421877196999185688e+00,-3.319774374563626562e+00
1.280131426867876066e+00,2.768894138179355036e+00,2.509542044535616245e+00,-2.292188305206595444e+00,-2.035328052595781756e+00
-7.476215944256613399e-01,9.627489580733962216e-01,-2.923233529845628453e+00,3.855486567328437530e+00,-3.226537686332998645e-01
-3.656161510306489948e+00,-2.630137628342438916e+00,6.863273292172505924e-01,-2.054977783406956249e+00,-1.444997349614437765e-01
4.762655158362394836e+00,1.332764512776325683e+00,-6.675758169333330105e-01,3.070238803716184850e-01,-3.055260276159525376e-02
2.362582369765734991e-01,4.956053918688001936e+00,-3.524407006288126087e-01,3.323508480220448980e-01,3.834580379615507573e-01
-1.404414899063088251e+00,-2.668777557657289634e+00,1.428809143352438360e+00,-8.753157740092537553e-01,-3.619056764776902746e+00
-3.498873285506657105e+00,-1.225986711473296964e+00,2.432682226727988173e+00,1.325984451446478474e+00,1.891735904808776292e+00
-1.374750128717716624e+00,7.434237131425077694e-01,2.737758154915683750e+00,-7.271457946197867894e-01,3.812259506498404171e+00
-4.379195065310926616e+00,-1.915353216437585049e+00,-9.010283230972404578e-01,1.905575284805292036e-01,-1.142763503772589617e+00
2.947972365113969428e-01,4.490175557976976428e+00,-6.485161192192103741e-01,-8.404620085819879127e-02,-2.079370367954096022e+00
-2.565183870118548537e+00,1.401122930608595274e+00,2.354829305413610019e+00,3.298622729345570992e+00,-1.747949587843760921e-01
1.137565242776721330e+00,-2.949758286832470766e+00,-2.311733905526176081e+00,1.247724689602536019e+00,2.846742140884287675e+00
-2.387721285102942792e-01,2.871091124588888377e+00,7.877106771476571900e-01,-5.049403603296597209e-01,3.977985765003603902e+00
2.540674586085653885e+00,-3.607706089702789054e+00,1.308110374887589966e+00,-1.433134655761484078e-01,1.948778570191057602e+00
2.954026611465887520e+00,2.538647247013187336e+00,8.350902704762139805e-01,3.021505765045766179e+00,-4.608780679205400077e-02
-6.962240067867878635e-01,-2.447060432114841699e+00,-7.754003814734046207e-01,4.134481380592105459e+00,9.121323017522038334e-01
-3.758593323221237625e+00,-2.854301056656191715e+00,-1.513125129826592641e+00,-5.921275526674533163e-01,2.928805412918203954e-01
-4.033295993617706104e-02,-7.499208805871062644e-01,2.437532515930647126e+00,1.383198255979038338e+00,-4.072000705260204079e+00
-3.573877337193814840e-01,-2.095927468899648094e+00,-3.838629966761963885e+00,-1.324533286687126665e+00,1.997471802963356469e+00
4.006647329975703720e+00,-2.529841589735922547e+00,-5.960092036788182668e-01,1.315848452607568664e+00,6.782290047921754050e-01
-1.159402468947386078e+00,7.547805804567162546e-01,-3.482595482953763089e+00,3.297878660182008037e+00,-2.856873031660537299e-01
3.566195935053528387e+00,-2.354631118950104796e+00,-2.166606687960290323e+00,-1.423970919320179496e+00,1.268113839355572703e-01
2.342461426656548440e+00,1.825153900624729042e+00,-1.928365082112277751e+00,-3.526729541016920155e+00,1.589797416943532216e-01
-1.439124524228409197e+00,3.360578969964249207e+00,-2.450639682201745995e+00,-1.592083468152694525e+00,1.759279673290006452e+00
-8.903575274453668920e-01,-3.732207199847977552e+00,9.588173447993270093e-01,-1.123523430308900117e+00,2.845392291334040369e+00
-3.385183676603707337e+00,1.161445375271293434e+00,2.884493413737634349e+00,1.311245047501711447e+00,-1.466939087836703459e+00
2.373650203697068140e+00,1.267560414468394292e+00,-1.739485268915841321e+00,5.113360398894203351e-01,3.804182140709953419e+00
-1.988644902449088869e+00,-3.043386173623905400e-01,2.347086131724541058e+00,-3.184563579866885874e+00,-2.302696452856289877e+00
2.037400141940507448e-01,2.635740051891585445e+00,-3.217608444183094107e+00,2.197179923235447419e+00,-1.682486454722139646e+00
-2.629105209837571344e+00,9.575867021788687650e-01,-3.629325068006797217e+00,1.876327687555486845e+00,6.915399215267864497e-01
-1.975567381141482282e-01,-2.201338910417517614e+00,-3.290045490493374025e+00,2.657366062705362353e+00,-1.493011927605916389e+00
2.040928277135668267e+00,-8.861726829549942952e-01,4.362156170272665001e+00,-6.450633360611084111e-02,1.008336363843534977e+00
2.079815781516127338e+00,-9.260017849767663289e-01,-3.126509507861516823e-01,1.622709249532518161e+00,-4.133515584055589720e+00
1.704488005064844769e+00,2.624202301349935151e+00,3.448463118556212681e+00,1.061138297669802943e+00,1.479990052451625404e+00
1.914211389777062289e+00,2.129249923753076423e+00,-2.258741249308339416e+00,-1.426733836240389186e+00,-3.108795272552548727e+00
2.026899301094938544e+00,-2.759522429224386730e+00,2.487469950897748472e+00,-1.709712374240792976e-01,2.657061772933180688e+00
8.592739381703878854e-01,-1.229358750970986458e+00,-1.980471760940944126e+00,-6.706562296952864322e-02,-4.338612585484372453e+00
-1.669054178199864236e+00,2.211819022068175933e+00,3.237185352189280163e+00,-2.321320261713878619e+00,1.205909616007242890e+00
4.039788112870552617e+00,-2.079843635177079708e+00,1.110309768680726838e+00,1.764467116511587719e+00,9.072193033995908096e-02
6.933030745059695632e-02,-4.488967609177385021e-01,-3.557518169052059087e-01,-1.153672804085057013e+00,-4.830751982082037266e+00
2.033306943500104713e-01,-9.082980212726586844e-01,-6.211865641659595205e-01,3.597945237284006836e+00,-3.286726130253681433e+00
-2.230956092279931191e+00,1.185454520832807557e+00,1.370187342600585279e+00,3.867783691331622364e+00,-1.334304484217298858e+00
-3.931057029985696172e+00,1.992245692102722898e-01,6.178931286559117275e-01,-1.125272354366072536e+00,2.803403361644960068e+00
-1.817915032471005832e+00,-2.220955112156319800e+00,-6.591995635592767799e-01,-4.036177341270285268e+00,1.930588763104019168e-01
2.386636029690377914e+00,1.164269075740779896e-01,-2.531111291891551485e+00,-1.446264971474431338e+00,-3.285149387367587437e+00
-2.966762131994154394e+00,3.565858437408235826e+00,1.124911875264865468e+00,1.005197370153502849e-02,-1.489109897637773683e+00
-7.673207665095997942e-01,-1.159758432246260629e+00,3.058521165168739397e+00,3.111474153602589166e+00,2.007574679506274773e+00
-3.059151561921161555e+00,1.222203133522852703e+00,2.179158327646692594e+00,-3.057790729439792354e+00,2.213505355818302378e-01
4.496535962880149562e+00,1.667212755593285300e-01,-7.782912504355850025e-01,2.036435637375827667e+00,2.368491339390405709e-02
1.394695464797024442e+00,1.890547004337121528e+00,-6.456356931689267720e-01,2.127555638247533132e+00,-3.812783516374088411e+00
-2.738258040355946665e+00,3.406390582460226746e+00,-1.859548433704388382e+00,-1.498498938675529635e+00,4.416182261276743182e-01
-4.742983842830240104e-01,-2.518569120212518442e+00,-4.136447192312084908e+00,1.006362854210945068e+00,5.557778875201222490e-01
-8.851859070959927633e-01,-3.575664544508762699e+00,-2.376168466354321662e+00,1.289156635007525198e+00,2.030509188588174752e+00
1.370437246190890912e+00,3.211522585780012262e-01,-3.806462105766151183e+00,6.954314635824820900e-01,-2.836544429034881354e+00
-1.476779299740376583e+00,-1.757907848271500262e+00,3.632800282743557374e-01,-2.810685987240292283e-01,4.417907984636176622e+00
-2.539837875650631460e+00,-1.079763567484681275e+00,-2.486987035160519888e+00,2.187779909453865801e-01,-3.339216357375578870e+00
2.396599295244431271e+00,2.093730707466202379e+00,8.080598347914800250e-01,-3.682467794907517522e+00,8.118335947179680101e-01
3.525097411572573058e+00,-2.293189612332922067e+00,8.414226685972583386e-01,2.074405913368212229e+00,-1.517833205647574291e+00
-3.398941895752262798e+00,2.934798919254113070e+00,1.657244481200512487e+00,-2.013385983042559613e-01,-1.430787472410989691e+00
-4.084125452441261572e+00,-6.334079799149978651e-01,-5.518439614642501878e-01,-1.787001268511113183e+00,2.102571836641158765e+00
-2.853954895639456257e+00,2.706105239850975952e+00,-1.151179896907235767e+00,-2.810171798648108954e-01,-2.850920916841458208e+00
3.465226762589817433e+00,-6.284434959253294706e-02,1.487039583630161088e+00,-1.583040988379482483e+00,2.875925690518295053e+00
4.196123037987694107e-03,-6.443963072551741611e-01,4.213776723762263643e+00,8.580671055104514000e-01,2.468307589517082512e+00
-4.682529125480393795e+00,-9.573307966796136270e-01,1.773793892239998171e-01,1.383068669014776875e+00,4.616235953943533810e-01
2.960209908613936847e+00,2.858824122599117334e+00,-7.103204950764800962e-01,-2.724647430508359669e+00,3.688131053633486034e-01
1.218542619397450233e+00,-4.507004056345315646e-01,2.110944132089945802e-01,-3.334952937917848192e+00,3.485046782994158043e+00
9.419674133463904475e-01,9.558484959194345487e-01,-1.808314296117428388e-01,-3.671429556043483977e+00,-3.112387516701124568e+00
-2.269483616568722939e-01,-2.807032498110160201e+00,-1.716877998406275418e+00,-8.322771991938336944e-01,3.664520104732027050e+00
-3.365308135133801226e+00,2.799914201008556480e-01,-3.317027664505147744e+00,1.365222965579124814e+00,8.542831424270440621e-01
2.242788768664909060e+00,3.003839795976681604e+00,-3.216121074202526131e+00,-4.305866962162840927e-01,-6.465333343063148774e-01
1.940819808202151053e+00,-2.903660236271194961e+00,-2.433195403075282481e+00,1.147546150406351773e+00,2.358956054598844609e+00
-3.023273840770129617e+00,1.959848792680272567e+00,-2.150855419041826533e+00,2.173898115166394140e-01,2.710234423398070636e+00
-3.593569609839623258e+00,1.109407193844209161e+00,-8.061691806934938587e-01,3.193453578581519459e+00,8.613147524963643553e-02
1.165394820175705393e+00,1.922911205659101341e+00,-4.334432490050489584e+00,-1.071491948774756287e+00,-9.416687933600181859e-02
9.720277748706800391e-01,6.409854563153633000e-01,1.245171978412914049e+00,4.141454786819052103e+00,2.223105630099696750e+00
-3.620261924800262765e+00,2.296838353660396681e+00,-1.549731464210123866e+00,-1.555306825606789900e+00,1.340742421218248381e+00
-1.088978638842049707e+00,-4.435319928068212292e+00,-3.772616668508184112e-01,-1.285577330633953519e+00,-1.532001051406862269e+00
-8.990867720119448681e-01,-1.804485359967059388e+00,-3.395997590174827663e-02,-1.566494503038719399e+00,-4.298885582804445882e+00
1.498719537047036976e+00,-8.914767270658278120e-01,-9.614091623597181835e-01,5.099076490095202363e-01,-4.557937648365308014e+00
-2.286361181031879575e+00,-3.475093650925355604e+00,-2.028523535345062800e+00,-6.038242710843825245e-01,1.793534271590419893e+00
3.242254230822466443e+00,1.792829963703555185e+00,7.448136700047718328e-01,8.268025275397170581e-01,-3.167838127396739534e+00
-1.723229446887752259e+00,4.572707889231094058e-01,-3.321710531214678408e+00,2.794721102822639303e+00,1.725443943810368808e+00
1.403621647594171185e+00,4.406003863864745185e+00,8.989167440639912743e-02,-7.682110040256530104e-01,1.737454333840250831e+00
2.433721746197916147e+00,-3.004148309782297854e+00,-2.176108493452102999e-01,1.727713688017290306e+00,-2.649479632946907248e+00
1.660756775053100487e+00,1.698413460431979827e+00,-2.411282546358519241e+00,1.707068627866296096e+00,3.260201195159610155e+00
-7.629608565733060344e-01,2.793849976456742823e+00,1.260639807187556194e+00,2.066791784334247151e+00,-3.278940688260794101e+00
-4.431806536462146617e+00,-4.334022099488386570e-01,-1.768089476775104307e+00,8.772293645407563956e-01,-1.129416482918240927e+00
-1.481483849786556561e+00,-4.275310415120992857e+00,2.641403737907448493e-02,1.872181484877155411e+00,-1.010527210663856090e+00
3.804297471233538452e+00,-1.602022130739471306e+00,-2.414356633878183445e+00,-1.456814518165937322e+00,-9.705332089329443690e-02
-1.624955644228423868e+00,7.459346773566787048e-02,-2.130835907383264782e+00,4.097497925892537474e+00,-1.011930853356026727e+00
3.564260457237360846e+00,-2.888636064076348209e+00,9.681248350524659374e-01,2.443667812894770863e-01,-1.718967208020118820e+00
4.100940893266442622e+00,-1.719277776281188830e+00,-6.980239575351233627e-01,1.955360687974805334e+00,9.569194598033528010e-01
3.982417435463875832e-01,-2.739435675076801857e+00,3.759905986408601297e+00,-3.788619750934680841e-01,-1.748275228049259056e+00
-2.693907242215622055e+00,9.583176366264112289e-01,6.656835302389015885e-01,-4.019831857809346154e+00,4.714958644343775762e-01
-2.287314987976730052e+00,1.044474115605376063e+00,3.611027728609077059e+00,2.358991122492298587e+00,2.700066570036366298e-01
-1.502147340293542133e+00,2.390688889225436764e+00,2.435941823281513763e+00,3.244489165797663333e+00,-7.534172081872061444e-01
-1.920967090439295921e+00,1.449759760815864995e+00,3.781054290582837929e+00,-2.173921676270530678e+00,4.310163227472275094e-01
-4.576219216312046534e+00,-1.631049138329076831e+00,7.665425126930689448e-01,-7.781205339428481915e-02,-8.968022375045111572e-01
-6.291608324558619625e-01,3.836550489912965656e+00,-1.613899170375959202e-01,-7.548312286550962202e-01,3.047822189068394749e+00
1.354663149846356607e+00,2.522064790168504489e-01,3.752971923509327734e+00,1.872842717085539510e+00,2.347113448642955014e+00
1.725779204830039548e+00,-2.425322552086904171e+00,-2.969060069679202662e+00,2.452058622354640061e-01,2.695190724656931103e+00
-3.643717275600502958e+00,-2.781182427806769386e+00,-1.556832149673634813e-01,4.009150831502350520e-01,-1.950225256586880729e+00
-2.103335546218823016e+00,1.790458116173098801e+00,-2.075875397972889669e+00,2.673132927493711897e+00,-2.432147404719138262e+00
-7.572003530207055411e-02,-2.803726953426035617e+00,2.926013155219142625e+00,-1.246954505694875648e+00,2.648949437625788939e+00
-4.282224663924856789e-01,1.649861176064858270e+00,1.909820918632214370e+00,1.680220598795955977e+00,3.952723923717311738e+00
1.434038736243251622e-01,7.085220177694564470e-01,-4.411857425825195911e+00,8.908618918868598247e-01,-2.054096157228349373e+00
1.706305031828952101e+00,-1.586401189484196950e+00,1.222469679737972159e+00,4.946008699808691067e-01,4.222889089935209839e+00
1.036486067233832742e+00,1.910691647950237604e+00,-6.326115552125600727e-01,-5.233088203933589089e-01,-4.427290882423855933e+00
-1.983812081535515137e+00,1.653140481853065502e+00,1.532441757562282625e+00,-5.183923771166433214e-01,-3.964152844611206206e+00
-1.985301902362669013e+00,1.656921362282586019e+00,1.829787673241740853e+00,-3.490396082054206595e+00,1.667992870764143154e+00
-8.086105047489042796e-01,-3.074583872841755383e+00,-2.167637895397950043e+00,-7.253798685044394734e-01,-3.109381459595193409e+00
2.702458499248582946e+00,1.801723420774305584e+00,-2.710320219640394157e+00,2.660985220391019812e+00,-1.543785566114479202e-01
2.185123863322097737e+00,5.056915886207467015e-01,-3.314992810415524183e+00,1.061614286437390975e+00,2.802375330476621240e+00
-2.245197626411824743e+00,-2.804409900590508542e+00,2.407367238945636381e-02,-2.689053666680410792e+00,-2.205172003231259392e+00
-1.977463738465988996e+00,-2.530873636316707920e+00,3.155957664466864543e+00,-2.166713797225043425e+00,-1.720416840671063763e-01
1.908115289174251661e+00,2.889974136957093265e+00,3.038286648794845224e+00,-1.934238363066203004e+00,-1.862303024121798878e-01
-1.265833233872208030e+00,3.431351515685072684e+00,-1.693793336685490480e+00,-2.092975916095349387e+00,-2.091413145955395514e+00
4.846412246343744790e-01,1.048420385297869961e+00,2.446878559270298403e+00,-3.790674973847796281e+00,1.819204809224095110e+00
4.435502145055568168e-01,1.333829521501358473e+00,-2.211967923682491843e+00,-4.099527761207724552e+00,1.151187236929978042e+00
1.344398129594333247e+00,-2.754734653545757528e+00,1.704044891610589696e+00,-2.083249215127381593e+00,-2.891424280997929586e+00
2.751330899541266195e+00,-3.736998467021715342e+00,2.930395349446554554e-01,1.452805776914455560e+00,-1.126278803951403784e+00
-1.714527088913739394e+00,9.402589914441481511e-01,-3.043151173908020812e-01,3.969584038682431704e+00,-2.307835513972889441e+00
2.671103162209755855e+00,1.967883674689584916e+00,-3.669235040583773255e+00,-6.764086384682845843e-01,2.680061761992371117e-01
2.060350102909605408e+00,3.335410049459782034e+00,-7.834462173760945447e-01,-2.056615648778283845e+00,-2.187816572083327138e+00
2.987692408368264552e+00,-1.728738163404523132e+00,-2.011058890641832519e+00,-2.689680565347550623e+00,-1.344030888830131776e+00
1.432241556507998448e+00,-1.322694471254556525e+00,2.666270750645222343e+00,-3.612759958583483311e+00,1.018886267173036764e+00
-1.749733161689133842e+00,1.601871304627501491e+00,-3.274783176164081322e+00,-2.857150836657678550e+00,-6.963665931069344950e-01
5.296401412024892563e-01,-2.008487365095947830e+00,4.248480823736567658e+00,-1.621290659678187085e+00,8.536458434190746791e-02
7.365589414227480258e-01,-2.924229467785895986e-01,-4.633736943937849517e+00,1.476232606787927226e-01,-1.696661148638587191e+00
2.231952565195001625e+00,-1.204010220888616978e+00,-8.225711862573533706e-01,-3.887369815368689530e+00,1.667477045363672472e+00
4.483773337483767385e-01,1.178057189276022543e+00,-3.063723520586165261e+00,-1.566679777650038297e+00,3.401507267239820997e+00
-1.229818460704087846e+00,2.647188516793882229e+00,-3.219078501276915194e+00,1.273584422710672737e+00,2.120249002148456352e+00
3.883405529455830063e+00,1.215008278038984812e+00,8.511352034307039238e-01,2.095370994028642020e+00,1.824254817988163024e+00
3.897225310047500724e+00,-5.942620827199999178e-01,5.294769591188566160e-01,-2.781169174265866850e+00,-1.201349089000368187e+00
-3.984118085429483980e+00,-1.422649571615483666e+00,-1.126314813747015142e+00,-5.558166060788003460e-01,-2.350607180810323715e+00
-5.473205190890907401e-01,-3.388345509198389838e+00,1.022016542869214728e+00,-9.536243515880382660e-01,3.356432293647393816e+00
-1.558485528051453572e+00,5.411360058573182474e-01,-4.599711844922168780e+00,-2.697503662666246305e-01,-1.023806800915429749e+00
3.911917724209567293e+00,-2.314371158689428221e+00,3.402164501979131062e-02,-1.929995794421538902e+00,7.839289636356853164e-01
-2.198353385905571500e+00,-5.207671544514369533e-01,3.054734913704692634e+00,2.958386947174077353e+00,-1.346322858494830577e+00
-9.706803299212372060e-01,3.496647143541407932e+00,-3.256369531393086270e+00,3.204648332561783053e-01,1.060470752226848390e+00
-1.563598690924995704e+00,1.321682436817429807e+00,-4.317146163633355904e+00,-1.471182746034323197e+00,7.864476805666169301e-02
5.523170590941745006e-01,-2.266383833271504056e+00,-2.386070540390409001e+00,-3.689123101713714714e+00,-5.054585078938944598e-01
-3.893304376502807251e+00,-1.427194835124520500e+00,-5.625175265274677816e-01,-2.643947282943121646e+00,7.059835209585938465e-01
1.798700319368517764e-01,-1.596116789007221426e+00,5.023049911946487756e-01,4.703015529122256844e+00,2.222444512606467637e-01
4.211463254328844386e+00,9.930491566254270319e-01,-1.719041952180996535e+00,9.706904837027369171e-01,-1.542752534094216754e+00
-3.127104261885831349e-01,-1.188889994946940476e+00,-4.177449920327616972e+00,-1.302474712789658762e+00,-2.083560547468275459e+00
-2.539112789569648143e+00,-1.376832926251780220e+00,-2.858100915496292860e+00,-3.563870999109678417e-01,2.891623199327517213e+00
2.254347762914673314e+00,-3.730130421763241610e+00,-1.459382304488595850e+00,3.062565462491908530e-01,-1.944338812476639200e+00
3.538170797417674152e+00,2.287788050507055360e+00,2.601424158579133117e+00,3.288523580062007734e-01,-6.097718573798898145e-01
-1.818516551064536690e+00,2.704703510557329604e+00,-2.975979746320415398e+00,-2.349706530620661038e+00,-4.928818147314081247e-04
-4.040818939852957925e+00,1.229502999843305577e+00,2.467184673038401499e+00,8.658758488103451834e-01,-5.686505713294317532e-01
-2.624458251319506386e-01,9.686436507306442900e-01,3.232717028088197830e-01,2.975407890425274982e+00,-3.877537228516074741e+00
-2.611782350388437202e+00,5.330388397987093629e-01,8.636902150323760852e-01,2.074818390846107974e+00,-3.583801111519665294e+00
1.126382661142029812e-01,1.220071505384775934e+00,-3.066180783564841139e+00,-7.908752192972335893e-01,-3.670393702691056692e+00
-8.021340298246391193e-03,6.112387501938350010e-01,3.954527597362205715e-01,3.414695411877196385e+00,-3.579077424041443578e+00
-1.595618990527043035e+00,2.356463093675943643e+00,1.343717609259891921e+00,2.607450292701169126e+00,-2.880400611524397636e+00
7.247835758989004118e-01,-6.095626249391841167e-01,-6.941198969732217394e-01,-4.518837361178460910e+00,-1.789253656200822995e+00
-4.706371833776707980e+00,8.254214789525934348e-01,-6.926935155386590992e-01,9.978507011821239336e-01,-8.325942685354152939e-01
5.132880796236548582e-01,2.414198682672918927e+00,-5.560764650928267522e-02,-4.121848050330272351e+00,-1.384000183357947389e+00
1.551079246529842637e+00,1.731142927691161848e+00,4.011425172225320246e+00,-3.812623288875767735e-01,-1.833140599926139869e+00
3.690404883156598537e+00,-2.466131259838928891e+00,-1.748823617512772932e+00,4.307098009826362817e-01,-1.433601558936870690e+00
-1.894774571822550602e+00,-2.651295590516858702e+00,3.789300049974514639e+00,1.168507260559756844e-01,-8.951007073991253116e-02
7.229970532803959848e-01,-3.578918094159523611e-02,-7.732114301859388528e-01,2.064842747802611456e+00,-4.428833131486460850e+00
1.366693825761901016e+00,-3.185396785227397221e+00,-1.032639088395076232e+00,-1.731769908979897687e+00,-2.986641056899473234e+00
-2.612789747932833251e+00,-2.667241372762609863e+00,1.371449161005503292e+00,-2.165129558073413119e+00,-2.119078664904783249e+00
1.450769516502607326e+00,-7.909974190741650424e-02,3.351545933887564832e+00,-1.113164631295282758e+00,3.227540146534499499e+00
-4.438233210955478292e+00,-1.948503474662522272e+00,-4.886611068489981058e-01,-4.912811579970077225e-01,1.012557811115065931e+00
4.480765660029973896e-01,-2.655092722325040899e+00,-1.826905924951943261e+00,-2.287718947683337944e+00,3.029598452706511402e+00
1.857824855911047512e+00,-9.917127080099116254e-01,3.690975220571847348e+00,2.611565251737399507e+00,3.484559750859840266e-01
-2.708581746869207940e+00,5.057134583840552366e-01,1.261353026690458234e+00,-9.316478714645711756e-01,-3.866375512568657413e+00
-9.270737936950405045e-01,4.639699368707651317e+00,-7.241752887533158267e-01,-1.234275579505553555e+00,-7.522352650952935926e-01
-1.219267487006566286e+00,1.828182403381502397e+00,-1.969021499328809544e+00,-2.303386150381061814e-01,-4.030016669034779397e+00
-1.994037684942000732e+00,2.539005155598948793e+00,1.663959521944726960e+00,2.681675098541158153e+00,-2.148749381865378894e+00
1.527635960079700039e+00,3.248865732684121710e+00,-1.886914991876305070e+00,-8.175229904900491729e-01,2.807562608013379979e+00
3.671550167076238491e-01,5.186724430272712238e-01,-3.891255637197114314e+00,-2.744528784650240194e+00,1.386314324660356645e+00
-2.153864479150757294e+00,1.790415590239365029e+00,1.565888279266537841e+00,2.108315829756638227e+00,3.202854676461878380e+00
1.354148146633920913e+00,-2.719635666274741848e+00,-1.230660763050444917e+00,-3.650268022830673420e+00,-9.648223087606339066e-01
3.963004294127961735e+00,-2.296398406604275966e+00,-5.353216490779814096e-01,1.928584119360467808e+00,-1.230664432236528855e-01
4.288095018604903608e+00,-1.031477385929872037e+00,-1.328442381574205466e+00,7.407047024917126077e-01,-1.798580800596738971e+00
2.059357249991228933e+00,-5.328806475200471571e-01,-2.682679718329785690e+00,3.490585136418736578e+00,1.046007106420310029e+00
1.606449788326755668e+00,-2.122849469761172447e-01,-3.960450967548481138e+00,5.161048497492727316e-01,2.534308208679806995e+00
-2.047564015690991557e+00,2.281023364838657752e+00,3.850977176986157158e+00,-3.510066996808631767e-01,-8.069591624229722759e-01
-1.646343923773690543e+00,-1.270273957369096873e+00,3.125533622898807540e+00,-2.779475267972085994e+00,-1.783679501688533620e+00
-2.060848396323249621e-01,-2.705044045741115344e+00,3.577665748569429649e+00,-2.169184908943831314e+00,3.677096297321305052e-01
2.671332222286893376e+00,-1.888209691864978779e-01,-3.937819660494618734e+00,1.506096851694494365e+00,-2.314722326872567792e-01
-8.846019765482046049e-01,-3.750486795450153288e+00,7.184833604384044392e-01,-2.879142865157325204e+00,-1.160019897686177970e+00
-1.652156572774346799e+00,-3.292777720631384852e+00,-2.010552837119579550e+00,2.607185714311706093e-01,2.705124148207139978e+00
-4.877930879075600967e-01,-2.161669364878429533e+00,-6.746124797391213068e-01,-2.269067856983613130e+00,-3.805978523707106209e+00
1.390256633557432231e+00,-4.586358656850531901e+00,-9.953876326813837494e-01,6.451345202813723034e-01,7.908891673477452811e-01
3.749337140731067386e+00,-2.151132330852442376e+00,-2.078819599445223876e+00,4.888211772049930182e-01,-1.324637169180392871e+00
-1.439631935837636156e+00,8.307882253901686109e-01,4.550499940435607904e+00,-1.233533500278884976e+00,-9.271574653037827074e-02
8.299046454760274916e-01,-1.412461056190815301e+00,-4.344012417568535511e+00,-1.659162704440344971e+00,8.324345501997152397e-01
-4.986578903162685039e-01,9.938373442634579336e-01,-4.303842861072024739e+00,-1.168825397551379597e+00,-1.968352473214824094e+00
-1.286557385519682795e+00,-1.448149625922127814e+00,2.558057162062556511e+00,3.101620713635294901e+00,2.254756141820065451e+00
-1.407966579455692813e-01,-1.575905014685265726e-01,-3.524444141154540855e+00,-1.950333784784102464e+00,2.954629106803323690e+00
-1.029095458948422692e+00,-2.836472710367547112e+00,2.560568949390974236e+00,1.404524173176232571e+00,2.714071406962304422e+00
2.926639861923761909e+00,-1.856876223087797984e+00,-8.601248827536928099e-01,3.261725001441512450e+00,1.268118689937725030e+00
7.466409869667979537e-02,-4.308758036765183874e+00,1.705360958629891677e+00,-1.830386618553323075e+00,-4.128659351159019164e-01
-2.234436351584062397e+00,9.209828611173358492e-01,-1.668867693050342660e-01,-2.712905578909211801e+00,-3.430944022627305579e+00
1.176492388714335924e+00,1.552765132566959805e+00,2.677406332323100546e+00,1.804630392341535883e+00,3.283228682418411370e+00
-2.761715597424734714e+00,-1.506234574779493851e+00,-3.866884242499596613e+00,-2.279219689611111654e-02,3.884213376589265576e-01
-1.423657421929036548e+00,-8.847155546060307962e-01,3.640017867965522402e+00,-2.853792165341652254e+00,-8.925346661899736800e-01
1.696463769024587842e+00,1.493311190367982988e+00,1.484278997583606818e+00,3.606849456219552774e+00,-2.163234898620481239e+00
7.279581490125923704e-01,1.480059604668751971e+00,-4.437989427331590631e-01,2.549144374480881048e+00,-3.947708950314769982e+00
3.646179785084864733e+00,2.428342588351647180e+00,-1.804790013381502911e+00,-1.328677738408311215e-01,1.591730005594255593e+00
6.452858202474084058e-03,2.255482939344155835e-01,-1.259689812465548009e+00,-4.640996478185234864e+00,1.350340547257265156e+00
-3.857141833984795376e+00,-2.719692320546885700e+00,-9.734255560963614995e-01,6.314603401718746900e-01,1.174491838886593698e+00
1.256830577619963141e-01,-8.557637222475300565e-01,3.412323994568423835e+00,-3.487802066175524907e+00,-6.656980726658129344e-01
-3.731525490515693044e-01,-8.570755032730851264e-01,-1.162151034625177104e+00,2.959426487339057221e+00,3.743978979051717726e+00
-6.546391957101974635e-01,-1.543801623510710153e+00,-1.800648779479011363e+00,-4.297679962098184703e+00,6.897354471288961175e-01
-9.516390519795364655e-01,2.631294325117903732e+00,-2.026504684614228724e-01,-2.805349255924814322e+00,3.042962640136132713e+00
2.550421490416181936e+00,-3.606078364319040275e-01,2.159193926971748834e+00,-3.461562089636951445e+00,-1.311785689372996000e+00
2.245817567895754596e+00,-3.042643857377143490e+00,3.256044600820138246e+00,8.266721247948059792e-02,-2.999358237137312866e-01
-3.227510652667858970e+00,-1.635818492008794256e-01,-6.276372501859861508e-01,-3.036121003958422992e+00,2.223613432462796524e+00
4.169193840228448522e+00,-1.612669943584203791e+00,1.867895374190256197e+00,-1.535193176726777631e-01,-1.226587569577175740e+00
4.377665552284260464e+00,-7.366241868584483266e-01,2.281139447811878718e+00,2.968355566071945728e-01,-4.148001505641191883e-02
1.343270692291708812e+00,-3.050619825888068348e+00,-3.354025345302105610e+00,1.502954223525607924e+00,6.172399129888146430e-01
9.925454321698130578e-01,2.567164012307082022e+00,-7.913011705376311600e-01,-4.076960953764444007e+00,-4.204216193063014528e-01
-3.680425046877774942e-02,-1.089236372274436038e+00,3.930867037050615576e+00,1.816426517091403348e+00,-2.249686337580857121e+00
-2.871333973959065311e+00,3.888499972838065366e-01,3.108664033251802739e+00,-7.335960151345873870e-01,-2.530273049405165953e+00
-1.534239954531171068e-01,1.932549328957662294e+00,2.550955560812654621e+00,-3.794251496052210904e+00,-5.813737870157570375e-01
-2.778210934915459340e+00,2.178292170509173342e+00,1.473621088884111918e+00,-5.038247320865401058e-01,3.179809545672278137e+00
1.066011363431644543e-01,-3.255549727629964973e-01,-4.761255764486791442e+00,-2.914847893494069697e-01,1.458811269547527489e+00
-2.268455981560850709e+00,2.365333993379858946e+00,-2.644400572951933537e+00,1.928737263337515051e+00,1.883194291162567202e+00
2.513856149818499031e+00,-8.125312149926615657e-01,-1.777915858597707732e+00,2.059803396465899716e+00,3.258304075794120624e+00
3.263844724436129496e+00,-3.436607253312371490e+00,5.567631984573220283e-01,-1.439484812276130565e+00,-3.936323377482725538e-01
-2.922873702668194351e+00,-4.089866622128247031e-01,-3.740835816530919011e+00,6.798380204601153221e-01,1.354070488593209332e+00
7.468523600830647702e-01,3.159504609215546544e+00,8.003583974469971052e-01,-1.016900180439312074e+00,-3.575623391136522944e+00
2.000133234622309075e+00,-3.692315046175270510e+00,-1.916086673618239589e+00,1.916648059535216220e+00,-1.461120070681727612e-01
-4.608287154070713765e-01,-3.702619289804855551e+00,-2.130828121049682944e-01,-2.407739341441347936e+00,-2.288150840456607771e+00
-2.693090765242346585e+00,1.265694300426995156e+00,3.583083397812933502e+00,1.818151530301861163e+00,-3.344316389556445390e-02
-2.915490442875237065e+00,1.752826941071139011e+00,1.742970705974868695e+00,3.180552452652980921e+00,5.231179658498839036e-01
5.131891508675626712e-01,3.820024869894223407e+00,9.888906843955102000e-01,-3.025210882154630632e+00,-1.193365896547885080e-01
1.520095446488914481e+00,1.784350679750166480e+00,3.836372814119655583e+00,2.182102410979601892e+00,-1.614781233462596333e-01
2.987102708866224976e+00,4.658608647491198629e-01,-1.304057560216771439e+00,4.848792699157044583e-01,3.731556918315297455e+00
3.719435334615792232e+00,2.170893558747072072e-01,-2.818565111352441921e+00,1.448570225709676196e+00,1.037308062935805131e+00
-2.412053245428486203e+00,1.451764919757019046e+00,3.092435363118293257e-01,-7.309152338309334862e-01,4.055182994044044698e+00
2.599314049835685481e+00,-1.566846358238769943e+00,2.618503457019881964e+00,-2.983339109650442023e+00,-1.780066358475163313e-01
-2.027098320949088706e+00,3.819153818585648619e+00,1.628005524862276454e+00,6.274821335889709806e-01,1.805768725566090582e+00
-4.885379891663901297e-01,4.204693824032603722e+00,1.472604649314295022e+00,2.208646676006514653e+00,1.876056680024414947e-01
-2.869379132058835769e+00,1.019583110810941662e+00,-4.220895389333007564e-01,-3.310359139200962364e+00,2.142539723619169223e+00
3.222941675078855095e+00,-3.231048878559490967e-01,2.782819322693125486e+00,4.020581858681238074e-01,2.569536149367373401e+00
8.799642472849568131e-01,2.050351715455489554e+00,2.087885250123619141e+00,1.733808599918534421e+00,3.557578345953004817e+00
-1.512335694167993072e+00,-1.278028729253257723e+00,1.173819138197007783e+00,-3.971310549248509236e+00,1.982504594592067404e+00
1.381483478645759710e-01,-3.834543098182497722e+00,-1.541273407508502391e+00,2.514027268538227000e-01,2.799726274906326751e+00
3.154268807214394066e+00,-2.107246676258727636e+00,-1.984779869442857336e+00,2.566909567943628456e+00,-2.858738831804688019e-01
1.299594622988856196e+00,-3.875417985204448801e+00,-1.648009969353343429e+00,-2.281360816862249230e+00,6.096271155796396668e-01
2.488494093006106064e-02,1.243423202724037058e+00,2.665607161230136857e+00,1.434694145583344627e+00,-3.780141617620945915e+00
-1.812405038677182612e+00,3.871395526784236374e+00,8.551303227047912792e-01,5.718447814865764700e-01,2.381014558554805483e+00
-1.117958823570229354e+00,2.814130036325245943e+00,1.435877291731029626e+00,-7.714920424100916996e-02,-3.709871239117293662e+00
-6.209223004720103578e-01,2.391051140242324013e+00,7.727603499691754196e-01,-3.703408070532125063e+00,2.141247310834382578e+00
3.834890263756922213e+00,1.951643387468418478e+00,3.201864718534941368e-01,-1.560159378815765496e+00,1.986979639812238130e+00
-2.816855824300416256e+00,2.894521758200307104e+00,4.784950305945195881e-02,-6.966730141446910718e-01,-2.863463670597087063e+00
-2.571369112345320396e+00,-8.927616420047368440e-02,3.178117529719654666e+00,2.536055223216649335e+00,-1.359442358714145316e+00
4.241846849923889273e+00,1.835922458900917542e+00,1.199841731843523940e+00,-8.261768623888467999e-01,-1.230420918740426917e+00
-1.262672625973229323e-01,4.432279167400683839e+00,-1.479905905757248341e+00,1.464828389827554034e+00,1.001555919098937153e+00
-9.222780648741770726e-01,-8.046077408429853639e-01,-2.759764563237200541e+00,-3.595413291827532110e+00,-1.720090803090809528e+00
-2.133336297874974807e+00,-3.031384434019523955e-01,-9.714690502260624472e-01,-4.404327319308422695e+00,-1.230124918343284551e-01
-1.332754230556828734e+00,2.452749782571427561e-01,-2.001665022307776542e+00,3.874115620698961315e+00,2.036706076462615922e+00
2.991833449143225909e+00,-2.206213353410675371e-01,3.025354948635726071e+00,3.913620265852780222e-01,2.587338794571066636e+00
2.097252642290158953e+00,-3.778936537140205609e-01,-3.496587086440042569e+00,-5.100250036693099176e-01,2.823558213223604341e+00
-1.196878297021000681e-01,-2.288788101745814707e+00,-3.895936236923190688e+00,2.120753714549338920e+00,-2.668489624899022528e-01
2.980470294119242691e+00,3.621415007781873197e+00,-1.665496030070404920e+00,4.199003174172905029e-01,-2.279404846391870909e-01
9.478157420395555421e-01,-1.720192133562481240e+00,-3.465161820997094466e+00,-2.984888074002537639e+00,4.750590308091039993e-01
2.078041022976611973e+00,2.859695814187621643e+00,8.616014052946433521e-01,2.567887170623660342e+00,2.273210033077634140e+00
-1.241925237082584843e+00,-3.257605604224994789e+00,2.751731499246337087e+00,2.286143327353483468e+00,-2.171402212210349070e-01
3.519900817138268856e+00,4.797759113245877449e-01,1.137503202779959643e+00,2.382443723978405981e+00,-2.325975425098735005e+00
-1.854184562926522450e-01,3.999469731862324018e+00,-2.747924209756570146e+00,1.190836645990375198e+00,-2.612431785297852568e-02
-2.963063687470253615e+00,-3.239727672784457280e+00,-1.609944820182755976e+00,1.680861950870470967e+00,5.542553276896953207e-01
3.101659327220968709e+00,-1.103468067444819400e+00,1.692718772467178612e+00,3.397283034560132364e-01,-3.343853387808871425e+00
-1.966795465209763283e-01,4.357051346964116334e+00,1.870559270646042327e+00,-1.443655510237395800e+00,6.279231630222283922e-01
1.268967491115648161e-01,1.222753807936641346e+00,2.937519073291218419e+00,-3.842378996166480487e+00,3.096379888035917793e-01
-1.054370646167620412e-01,3.664742216531310937e-01,2.518198028480921558e+00,-4.292772814418885474e+00,-2.921642062431638043e-01
3.593063381114972366e+00,8.047623465114551733e-01,-4.224910940136827886e-01,-1.681507527810342850e+00,2.904528673352062551e+00
-1.006839396323497615e+00,8.110851075905122221e-01,2.488721899505394131e+00,2.764270122809396213e+00,-3.081150657355367084e+00
-1.902272585070420963e+00,-7.208282562407826166e-01,3.065294054330526041e+00,-1.546020940243187924e+00,-3.012566555266434243e+00
-2.596341072343324896e+00,-3.223511567262560717e+00,1.584856195645881760e+00,-1.736348335295155643e+00,-1.530134474295701930e+00
3.101390288632330350e+00,1.508573660594741295e+00,-3.556242485355269434e+00,-1.072282300601040822e-01,6.687490412473154899e-01
3.203619285254747595e+00,2.652129323725073817e+00,-9.308253443314646880e-01,-1.641743947012179516e+00,2.035012166101354047e+00
1.727513406924843675e+00,1.107922821464504715e+00,4.463174717018238424e-01,2.598819910986788217e-01,-4.530062528898395335e+00
2.786644746533463834e+00,2.403737105376142491e+00,1.906142502986160947e+00,5.049734680487866223e-01,-2.751050988210106851e+00
9.933567534698681256e-02,-2.409377457860300886e+00,1.763059434908242684e+00,1.574046330828170692e+00,3.687686573794660028e+00
-1.137876511972713223e+00,1.398786272258756957e+00,-3.690500677660183193e+00,2.775901272013200138e+00,6.505466042233135626e-01
-2.189581759976019892e+00,1.680108595229425683e+00,-2.368301251416936815e+00,2.516636007881806414e+00,2.332522070846536177e+00
9.361359910461207468e-02,-3.521225932902096734e+00,2.148231909991301869e+00,-1.269197156075845045e+00,-2.523181060372908124e+00
-2.874411376881811808e+00,2.333646191198186948e+00,-1.925043214049495743e+00,-2.410730297075576622e+00,1.332082110668292740e+00
2.169889559656566380e+00,-3.775297371736130003e+00,1.047962047482164261e+00,2.198168490046207069e+00,3.294539273717560501e-01
3.229852852300051591e+00,-2.376864340444887258e+00,-3.663892812886345163e-01,-1.292906647512510387e+00,-2.666967895379595888e+00
4.408639760517513162e-01,-2.360455409200096000e+00,-2.047203856603376781e+00,-3.869667736255808510e+00,-2.617578963220557053e-01
1.509566710612697982e+00,2.599576728652399193e+00,1.818830336648722623e+00,-6.415076428518933227e-01,3.499104646721466150e+00
3.967328469123373225e+00,-6.313479170642471994e-02,1.982304969438101860e+00,-2.304558196378786228e+00,1.256874846742633278e-01
-1.091440135771868158e+00,2.400191957383099872e-01,-3.013777221867401934e+00,1.430669154854245617e+00,3.552672492927720693e+00
3.645461581352018587e+00,-2.865123312811925782e+00,1.227745060609155781e+00,-1.354028137759669237e+00,-4.011584843586810667e-01
2.755461370604727289e+00,6.590947443508320402e-01,3.482173688794991673e+00,-2.201532447072746645e+00,-2.735029476975650228e-02
4.152758640599077289e+00,-4.052445213240458699e-01,-1.711558303980295292e+00,1.196835486614437200e-01,2.155601208740254737e+00
8.486131850198826987e-01,-1.986789708483839290e+00,-6.907983188581365841e-01,-4.218597922592789651e+00,-1.434835031155736518e+00
2.321409814950831318e+00,2.094146108495870795e+00,-1.796499266739881584e+00,-3.910623556582173421e-01,3.441695681769621373e+00
1.717175678908698933e+00,-2.811546205929117193e+00,2.736630828691373640e+00,2.572701119459681163e+00,1.964084445152629865e-01
-7.093588656936706816e-01,-2.015247765705945049e-01,-1.010243804919407573e+00,3.209656970937731391e+00,-3.624045715443273252e+00
9.525199730058074854e-01,-4.543893999076982659e+00,1.621156262544440452e+00,8.445494589429561882e-01,-3.229885601523648786e-01
8.504787156932120951e-01,-3.496074945018377012e-01,-7.035506969502469676e-01,-4.700778856536767414e+00,-1.249862037466003439e+00
1.896828033967680405e+00,-1.540232162522179094e+00,-1.809117673086683364e+00,-2.807375621735579863e+00,-2.806325650828275009e+00
1.325357221682027076e+00,1.510476287718325317e+00,-3.571190410490240108e+00,2.099859629229661184e+00,-1.949122420149640655e+00
-7.541548407938106768e-01,1.411699350242444417e+00,-8.914132995226758949e-01,-1.058518386947445933e+00,4.530262307478519546e+00
-5.896233944446525044e-01,-3.044004748748032618e+00,-1.658063435226323490e+00,6.941885341933672349e-01,3.486446223030399860e+00
1.308276539718387088e+00,2.445667882640894852e+00,-2.348357190921291249e+00,-2.390632286235051307e+00,-2.465201184345838126e+00
-1.310611443179171831e-01,1.389252229061872734e+00,-4.314526311991804697e+00,-1.344619689551574293e+00,-1.621623203490045517e+00
-3.495830257952073361e-01,-2.424815794034020477e+00,2.018653976757422974e+00,-2.918442865596167224e-02,3.862932107133711934e+00
-3.640146843720557079e+00,3.185471916890798005e-01,-2.459412657159554261e+00,-4.664825356254042044e-01,-2.319815093618053936e+00
2.609750133316158724e-02,1.391495756193162681e+00,4.303362107745849485e+00,3.098783607817888197e-01,-2.109053923458803048e+00
-1.685789812837297896e+00,2.101229552366070674e+00,-4.429431439063045289e-02,3.042856359651322506e-01,-4.200999326428823011e+00
-3.180638321122478018e+00,-2.051118084263904517e+00,-2.151306967779846424e+00,5.407464432804088839e-01,-2.399151118432146568e+00
2.319905611937078227e+00,-2.438722649333981529e+00,7.019031875499555095e-01,2.976758647661316814e+00,-2.077717415869896556e+00
-3.155108449904290513e+00,-1.295999896181334321e-01,2.490284821472417143e+00,1.454809752399113032e+00,2.590464167731730605e+00
-3.588979664880397547e+00,-1.066508573873078181e+00,-3.008946415958395626e-01,3.292768732205205495e+00,-2.211807356006467440e-01
1.367638884621114048e+00,1.007928241550521076e+00,3.743603120642037263e-01,1.960108897339604583e+00,4.258106622488274873e+00
-2.829200973228594318e+00,-3.121624581974780988e+00,-3.673389192263944343e-03,-2.692777106638407858e+00,-4.447748764079425231e-03
-4.401230224617080355e-01,-6.946612340581849177e-01,-4.093298456634878235e+00,2.393880272878020854e+00,1.355722124563844444e+00
2.651560068409017479e+00,-1.464109912939219882e+00,3.382527079279831206e+00,2.019452291437520586e+00,-5.531133401015357887e-01
4.055173391758549073e+00,5.126676215762717703e-01,-1.675191750477396768e+00,-5.661493990704651313e-01,2.272872220259074094e+00
2.988557202134714541e-01,1.915071731521815535e+00,1.943860715517882864e+00,-4.104096376989923023e-01,4.158864625059560893e+00
-2.847226377041324863e+00,7.364861195951849515e-01,-7.953264711061091008e-01,-2.653821784786507543e+00,-2.945433056865189858e+00
3.889533786154152573e+00,-1.318642816357070258e+00,-5.366809458938243127e-01,-2.269960093603923479e+00,-1.640720203141111222e+00
-1.299239020081239371e+00,-1.740171446482877471e+00,-1.479624048973863237e+00,-3.389794154957478600e+00,-2.569783953226094209e+00
5.362015074287735938e-01,-7.897676087356662045e-01,-3.560910304637594503e+00,-1.551940165158530283e+00,-3.000025765508785192e+00
2.926338434803267941e+00,-3.382829571275329239e-01,-2.057372960441059107e+00,-3.205037264984934797e+00,-1.347983915933012478e+00
-1.070779369880951792e+00,-1.938541916634771489e+00,-2.325615854602746779e+00,-3.423017560878705456e+00,1.723353838659859250e+00
1.402523489844542226e+00,1.632396041175927959e+00,-1.629503263512813493e+00,3.381710447857824597e+00,-2.505387113050149495e+00
-3.405264764505482766e+00,1.046369781057070014e+00,4.625046933831170048e-01,-1.690389303900753593e+00,3.039400528848494432e+00
-3.693619150964364994e+00,1.175920005209347696e+00,-2.084871623612563507e+00,-1.807950052309491129e+00,-1.535909056678471662e+00
1.135349510857115440e+00,-1.313268743924725701e+00,-1.388956641181747775e+00,4.474499955392811756e+00,1.896214453423406554e-01
-1.448837037545365858e+00,-6.857337114664263655e-01,-3.822536709620385498e+00,-2.266293943106175046e+00,-1.637914949757791838e+00
1.817258099802856464e+00,-1.885874652383553896e+00,3.374440862936514129e+00,2.597576038055720904e+00,-8.244624467580678739e-02
2.724350255012096600e+00,-1.207738084725441308e+00,2.144116963555280364e+00,2.560158551600979937e+00,-2.228819203968350315e+00
7.129463910981220787e-01,2.029243682746864619e-01,-1.328745905548750272e+00,-2.030762355360590465e+00,-4.308244157277790976e+00
2.220812462651461094e-01,-2.451102436898537906e+00,-3.709613323643098592e+00,1.378885298183460728e+00,1.811138064143779314e+00
-1.882493880657290175e+00,-8.802612342316095129e-01,2.227395856165502064e+00,-2.454849323887041967e-01,-3.957246744480784173e+00
-1.024501079656891411e+00,7.770002098809815072e-01,-3.717358354011194854e-01,3.056521078528569912e+00,-3.723729256647957619e+00
-2.624338228456081445e+00,1.324341317744431423e+00,-1.918641096445981908e+00,3.027546635789972740e-01,-3.547692897290951386e+00
1.512346387448387564e+00,-3.195332448663930514e+00,8.134472352543915541e-01,8.483866306829472570e-02,3.440023974275899565e+00
9.380330765080240329e-01,3.617518771400208166e+00,-1.317058580673231782e+00,2.587112128451478643e+00,-1.614267454865610629e+00
-3.194703679288255049e+00,1.522097530045301850e-01,1.313394719555891044e+00,1.895894662010063625e+00,-3.074293143770910675e+00
1.789217494034778533e-01,-1.450655880477380033e-01,3.517411638127167506e-01,2.752416430142427650e+00,-4.153001918072811272e+00
1.202403457490323069e+00,3.307426999688013680e+00,-6.834590181106519058e-01,3.238695103136001840e+00,1.287979179426504084e+00
-3.775022035295796385e+00,1.303934986174912991e+00,3.706401290123658709e-01,2.981857441183868751e+00,1.418248218130361005e-01
-1.320048711775257733e+00,-2.248569374849371361e+00,-3.623561932932366947e+00,-2.190166666518557292e+00,-5.238091790952389415e-01
-4.094864241807241179e+00,1.240371288031660191e+00,1.707058000287962285e+00,-1.573036434889715673e+00,-1.142398908944419977e+00
2.533498840812663744e+00,4.017511949465579768e-02,3.577739934299401625e+00,1.341743599791920927e+00,-1.994810932973650086e+00
2.249233425498816441e+00,-7.833234288156364356e-01,5.525014048782246612e-02,4.385759586228501483e+00,-2.990211986937608146e-01
3.154521907002693304e+00,-3.044195067433511426e+00,-1.738757285588201640e-01,-2.122196974839444472e+00,-1.117101231157687335e+00
4.196566042335501123e+00,1.799444466871899517e-01,6.060491479073519816e-01,3.307142104256903248e-01,2.622934614085199456e+00
-2.733499347324750861e+00,8.604454158609791126e-01,-2.853029911719692002e+00,1.050704521319320905e+00,-2.746607969152287776e+00
-4.532686585740798857e-01,-3.799523361406146549e+00,7.666638521775709370e-01,3.012795943347212013e+00,8.327405903390435737e-01
-1.480965869955594705e-01,-4.020319849427650638e+00,-1.162198164255546090e-01,-2.866316246077371677e+00,-7.653886861988701273e-01
3.717542922731453814e+00,1.845983747580392409e+00,-1.555285330697865120e+00,1.942640549216692714e+00,-1.256763246587611516e+00
2.728246222948204291e+00,-2.052004395730980146e+00,-2.497913305389121152e-02,-4.808467825105033899e-01,-3.621341315249195336e+00
-3.154300459293093439e+00,8.434230938240747655e-01,-2.077781886502621855e+00,-2.205505188964448138e+00,2.271033991573025101e+00
7.991625000601000617e-02,7.561124279877522170e-02,-3.844233975697977090e+00,3.080172177835764469e+00,-8.498828318793173464e-01
-3.922048983973647207e+00,-1.672562608786983818e+00,-6.390414860240347661e-01,-5.031469723996650351e-02,2.531631983006378039e+00
-2.541825481420645350e-01,1.706066213724660274e+00,-4.104090822752561429e+00,-2.132002191022659421e+00,-7.973295947599000622e-01
6.704690801092052510e-01,1.129138618453765730e+00,-4.561843467150572984e+00,-6.519242016168257381e-01,1.428319365371672811e+00
-2.085582845851173595e+00,-2.365160776052890323e+00,-7.769565051435842751e-01,1.722793904971437362e+00,3.388905198824620602e+00
1.791393081203221715e+00,-2.947508465764625551e+00,2.586235625860946907e+00,2.443184887135706251e+00,-6.673361729011947352e-01
-8.788726814187490521e-02,-1.362896726197746933e+00,5.086647196819251704e-01,2.751920853044920179e-01,-4.774967838735115322e+00
-2.943014484963457189e+00,-6.976714647539570269e-01,-3.016606450689563790e+00,2.507944482302263411e-01,2.586330979391143536e+00
-5.272774050694267745e-01,-3.443197429422236722e-01,6.675823732325243398e-01,3.220166408183092965e+00,-3.713257940310891403e+00
-2.636797446795152045e+00,-1.111230468337770949e+00,2.770171771412621720e+00,-1.458707098993609286e+00,2.647789271642796205e+00
-1.696086343140271069e+00,-4.014510234132881550e+00,2.178144797460636273e+00,5.202545206185299476e-01,9.960015922309403136e-01
-5.311836154204814253e-01,6.377262449699602209e-01,-3.366681021141983532e+00,6.157837960399286104e-01,3.549284212570525288e+00
-1.344684346660817376e+00,-4.642651831899233805e+00,-1.091940665566111690e+00,-6.443604605687509590e-01,-1.734161334672119636e-01
-1.701573379171538392e+00,3.970508616333496832e+00,-1.644139929003277434e+00,-1.706532026571325078e+00,-8.510356626250594747e-01
-1.251229350287886288e-01,4.459295337465140285e+00,-3.943549525132153399e-01,-2.177515994584913184e+00,4.493746868111489490e-01
1.830570017287952711e-01,3.631711984038268781e+00,-9.288770964637620420e-01,-1.751896604847328343e+00,-2.800929100263042315e+00
-1.325293388579836362e+00,-3.931409660197239031e+00,-1.591635383425609174e-01,2.675764441265809701e+00,-7.762519828085169271e-01
-1.907420302297471615e+00,-1.904218025547174564e+00,1.174831872319259007e+00,2.856304206803903512e+00,-2.863039966808319736e+00
-1.452697741444280322e+00,-2.929723487983280972e+00,-3.360947200844210947e+00,1.470133209688637255e+00,-9.214834859452540883e-01
2.352707630052031984e+00,9.940318859024890319e-01,-3.469207538557938619e+00,-2.072859026025530849e+00,1.464418632065758841e+00
2.267746058261845388e+00,-2.452885702030938919e+00,1.590967027215752783e-01,-3.448527520773159161e+00,-1.386732030950212247e+00
2.571055855432311965e+00,-9.323531434892029512e-01,-3.717992214740386547e+00,-1.922292061472445468e+00,-4.143097395579924819e-02
9.743369401521621009e-01,-2.847526323645159341e+00,-2.537220084274798726e+00,-2.536810184507533261e+00,1.751961670509446511e+00
2.367229806442046502e+00,4.293253399910420320e+00,2.545738349396670097e-01,-2.247346524494246434e-01,-9.213494376199058422e-01
1.796488820209805937e+00,-3.985570013295464342e+00,9.656959321226791237e-01,1.474547777042125363e+00,-1.667632995560775377e+00
3.197807497359216877e-01,-3.494052844526112089e-01,4.220391593775355332e+00,-2.218097552953328111e-01,2.629591498111647052e+00
-3.997211769507698076e+00,3.201992632748945633e-01,-2.984454693730799413e+00,8.120318881141221079e-02,-7.878276907044864941e-02
1.981071173789941797e+00,-3.373505990995188775e+00,5.802329093289639028e-02,-1.991224821146232449e+00,2.393004668290177772e+00
3.714333612669461271e+00,1.325551984122064486e-01,-1.314727247596658710e+00,3.011723910137114935e+00,6.222268771943635368e-01
8.480289410011578877e-01,4.583796641826828333e-01,-1.588823832808702319e+00,1.942428734951379798e+00,-4.215844451189165731e+00
-5.000124991447810752e-01,-3.757678099381823955e+00,2.050746286362522319e+00,-2.483160254895697250e+00,5.081314983366470583e-01
2.811348194226391595e+00,-1.396947408504382038e-01,-3.352481472478887170e+00,2.430056702267488211e-01,2.403876646403090955e+00
-8.754919357100370003e-02,-1.619181108324796448e+00,-7.906778730968608837e-01,-3.536750635150322619e+00,-3.039212253678239772e+00
3.933824787125880018e+00,-2.042068449704899979e+00,1.434571839918858061e+00,1.421192457952529020e+00,-1.130130357297122856e+00
1.248407951790888815e+00,-2.863053672438726327e+00,3.486012992988971604e+00,1.040737389455308026e+00,-1.417385040679567609e+00
1.620619253039010443e+00,-1.265058121469878838e+00,5.547397458763642097e-01,-2.207437292821333941e+00,-3.948760007722553755e+00
-3.970553971636384905e+00,-1.042357750395869864e+00,5.135167477798706637e-01,-2.644339597916030016e+00,-9.444364029171390396e-01
-2.638601199873006564e+00,1.468047601727802798e+00,3.678866555901560531e+00,-1.651911665966174225e-01,-1.523572344668086664e+00
5.007411707657075661e-01,-1.742326101790232062e+00,-4.203429087073597969e+00,1.599580596503431762e+00,1.219050392786939385e+00
4.675042707401873443e+00,8.876339937785315826e-01,9.871339201233749749e-01,1.577960186104499507e-01,1.164795525965774958e+00
2.629120595837540986e+00,-1.419593353027814642e+00,-2.757130918307344913e+00,-2.910183686791075086e+00,3.923790298814393285e-02
2.169788991251300203e+00,1.793755944991791251e+00,1.565111193246523813e+00,-2.408752130587714646e+00,-2.970319085454433683e+00
6.258652437257909984e-01,1.803638469192534899e+00,1.540681708883889778e+00,1.340294479348026035e+00,4.145490507730621665e+00
2.216222626916571681e+00,-1.533615699941563437e-01,-4.425895652140697578e+00,1.400277057339337494e-01,6.757791168576463559e-01
1.088204991049199544e+00,1.019191601521696189e+00,-4.013009123526363631e+00,-9.897489514048826154e-01,-2.386045507640278451e+00
4.127304694653726180e+00,1.650593440656871413e+00,-1.131261999289999265e+00,1.685439598254135030e+00,-1.058506920501306903e+00
2.396000853138690045e-01,-1.217547137852077022e+00,-4.743842706233162509e+00,-3.758263269480426050e-02,9.770950263223918686e-01
2.553706407096030695e+00,1.889630129032954020e+00,1.547996724303095928e-01,3.595349918933183453e+00,-1.399063109244973901e+00
-3.142000634032436679e+00,-2.475794259094393990e+00,1.262585396607071864e-01,6.516765726239424072e-01,2.925346343295245344e+00
3.818329105544885915e-01,2.217457475568876291e+00,3.849202747944992509e-01,1.688450931549178913e+00,4.115586933386783386e+00
-1.968774213844488807e+00,-2.457748358089366203e+00,-1.774031942527204864e+00,2.896266463388728951e+00,-1.883574352966440602e+00
9.381520203242417200e-01,-3.332680232052223634e-02,3.988081371952871823e+00,-2.482820455308932139e+00,-1.431631820123691501e+00
1.474682352606509372e+00,3.505615881313881133e+00,-3.987228630510311622e-01,3.181963729901390092e+00,-5.020917761358504317e-01
2.036328848822151372e+00,-1.088867273547158288e+00,1.959981228967313971e+00,3.954663131583018743e+00,-4.322568424517973518e-01
9.564888340929021959e-01,1.183717437323106303e+00,4.562147176910036350e+00,1.322830795652041092e+00,3.476693272625526188e-01
1.908458392613933352e+00,7.047493922544212364e-02,-3.113712540715611432e+00,-4.824191196247041846e-01,-3.380071871042607423e+00
1.326564036250392542e+00,2.796314987300259958e+00,3.896448072527561202e+00,-1.756214858490884601e-01,4.557410024689744765e-01
-1.295638079755483618e+00,-3.243344281822429398e+00,-1.886973788599033863e+00,-2.135642191550074731e+00,2.163423718708076038e+00
-3.516504480297026891e+00,-7.546900859727488919e-01,-3.304384460941484747e+00,1.051385006722188820e+00,-2.006788880615235360e-01
2.721498332158433175e+00,1.666321498114624156e+00,1.233015328174394520e+00,3.332039246277354927e+00,1.481218132056966841e+00
-1.123379575292338117e+00,-2.342896898951911666e+00,-7.183975281058081475e-01,2.549775574336349493e+00,3.351328387792924968e+00
2.951587125217896568e-01,-1.850201151864113491e+00,-2.282432579188961697e+00,-2.584458691977430167e+00,3.098501544776492977e+00
6.810904544984095477e-01,4.519814906675950539e+00,-1.056456453722449229e+00,1.333504197049480977e+00,-1.101387906244038595e+00
-7.154686039809375897e-01,-3.782866208987605283e-01,-9.314546673202953597e-01,-1.326558679564577181e+00,-4.660218683878008861e+00
-7.387105133746266761e-01,2.389975546977198384e+00,-1.747875125595766077e+00,2.608982066612594686e+00,2.980011540866629005e+00
-1.383813866134276482e+00,5.507740862264944859e-01,3.603119784986734686e+00,3.023570340528191736e+00,8.107140684305791378e-01
-1.459004144704750372e+00,3.774122770146886019e+00,-2.810120864993796541e+00,1.990443049396445341e-01,8.312077420180602472e-01
-2.274558131608982237e+00,1.697350467196688362e+00,1.080858000128986030e+00,8.250627570732105287e-01,3.885409132625104345e+00
3.249422559765804963e-01,6.893221882346908247e-01,4.129703707869216700e+00,-2.712983681813347037e+00,6.718838079554712017e-02
2.025585384400402589e+00,-2.023375238042591562e+00,2.084219713720846023e+00,-3.520184030268846076e+00,2.594013773231274023e-01
-2.518783529394371001e+00,2.686412343264588554e+00,-3.086239445475507104e+00,2.436669183749527456e-01,1.361862978455610440e+00
1.966378506158857453e+00,1.497969816341899740e+00,3.629739330107714768e+00,7.371414366198993928e-01,-2.273995799849293231e+00
1.759458872012089392e+00,-4.100874836013902680e+00,4.583944576683495753e-01,1.166481646224995172e+00,-1.875186696637178629e+00
-2.839082582856498060e+00,2.649110993789604684e+00,1.045647507880943294e+00,2.524954034347275833e+00,1.566221390480831532e+00
8.988132840365713888e-03,-2.168154132168154558e+00,1.209487739065710610e+00,-8.277611322928951632e-01,4.260396435725799513e+00
1.219294786572067135e+00,4.591204701213508876e+00,8.619820979754458379e-02,1.277429925498462016e+00,8.915729185332195161e-01
4.129405849674120943e-01,-4.268733463193622235e+00,-1.685173104059904725e+00,-1.741757908744652417e+00,8.566596116173065267e-01
4.364432572754028072e+00,1.603831377566502736e+00,-3.073690222787824888e-01,1.341799151168791837e-01,-1.807477044042166581e+00
3.331795967803103942e+00,-4.645441907076169538e-03,8.715608118788314984e-01,2.066800660901867204e+00,2.977890331777377053e+00
-1.857915697943183675e+00,2.490702111474545788e+00,2.383674319958813403e-01,-2.260877788549803036e+00,-3.190010163594840353e+00
-1.921226934968823130e+00,-1.243738707215351180e+00,9.488143295981876779e-01,4.103410951511226479e+00,-1.422593063209385500e+00
-9.229383107401244457e-01,-2.948519717399245899e+00,-2.726645484711537115e+00,1.888783405977989549e-01,-2.825623068250832315e+00
-1.902087465411663514e+00,3.952430255057926889e+00,1.041874561808411759e+00,-2.098756721812160997e+00,5.196883421160815031e-01
3.594366646000686227e+00,-2.578145617286581981e+00,4.849367096657871690e-01,-6.929965311732051436e-01,-2.172161546843187185e+00
-3.672810243296954269e+00,-2.329013310294090200e+00,-1.328163212078174338e+00,-1.838525143854448762e+00,-9.705512323948162212e-01
2.652588672586369545e-01,-8.755906999426867898e-01,1.893513535162146821e+00,-5.504487011407426245e-01,-4.502731546415437158e+00
1.688234955100665236e+00,3.509273868696579868e+00,-1.972526846792895361e+00,1.784228550472361174e+00,-1.661483063175838604e+00
-1.723180317450832277e-01,-1.539412928995846253e+00,2.390119476081453698e+00,2.078399777683609173e+00,3.545151278035503228e+00
1.988682961407320704e+00,-1.576704160153487022e+00,1.233066841089892174e+00,-3.429976201591220519e+00,-2.296508979360922797e+00
-1.417480162404991084e+00,-8.327857306795721781e-01,1.639550214405850470e+00,3.985544183726386525e+00,1.929904290365537678e+00
3.058113842511531733e+00,3.653108750760365897e+00,-2.735126912826512172e-02,-1.414072765130156784e+00,-5.498966306058020725e-01
-3.681537398782679826e+00,7.917282662203268817e-01,2.194087224353929777e+00,2.450077559347067169e+00,-5.049692013383558220e-02
-3.414336019019657886e+00,-4.146954352301864266e-01,2.034175479123088159e+00,-2.042277573710044258e+00,-2.204896749800226985e+00
4.840887522710576527e-03,-4.565441826947761683e+00,1.349064900129641753e-01,1.931899905225470393e+00,6.374013537058691448e-01
2.047830353459342945e+00,1.637776751777434869e+00,1.465506597480465523e+00,-2.695326524436070792e-01,-3.987946930037544746e+00
1.024008383590541360e+00,-1.438355908512503056e+00,-1.155525784336143280e+00,2.447157834846503288e+00,-3.815588788623215155e+00
5.949455897904767365e-01,-3.996280921765431149e+00,1.882174974792213129e-01,2.773395193295709049e+00,9.739773174819917889e-01
4.648083508710104006e+00,3.167940336234745802e-01,-3.494457471055281705e-01,1.147515198694031069e+00,-1.362372113232576343e+00
3.646010648812299859e+00,5.024849004430084198e-01,-2.306505270224005422e+00,1.203681281599485509e+00,2.164555401076627916e+00
-1.589149935343262765e+00,-2.290443146171403210e+00,-2.559825558887255603e+00,1.267774484727536288e+00,3.011397290477681121e+00
1.118130637636442382e+00,-9.293811573128638592e-01,-1.721454832583997341e+00,-4.023691475107441740e+00,-1.931976892752971464e+00
3.651106950612414970e-01,-3.297817905280441941e+00,-3.465285862618424861e+00,-9.326648079465734709e-01,-1.054998336642518408e+00
4.089101350621040076e+00,-4.491829220788038368e-01,2.802932980149860587e+00,4.512182117003042392e-01,-1.321123804952719916e-01
2.044418244690698661e+00,1.830636212432655396e+00,2.387265823147663113e+00,2.048397023069519651e+00,2.752118570123217811e+00
6.847112789607426864e-01,2.690627135670521586e+00,-7.943093634607142350e-01,-3.995152889615641190e+00,8.363743808676928904e-01
2.040155628169329827e+00,-2.497152381634066831e+00,7.558652690035588817e-01,3.664992636977180696e-01,-3.727779631439005037e+00
2.607157370780873173e-01,6.524866972491678574e-01,-3.246944631177514640e-01,1.028858855272551498e+00,-4.831388141714618278e+00
1.834139951628652065e+00,-9.426860509466759019e-01,-7.416949568320382880e-02,-4.522303316240984472e+00,-5.390224939797100268e-01
1.805167954781999873e+00,1.432403039764098829e-01,4.495663626332284217e-03,4.362315463742225674e+00,1.640437275286356966e+00
-1.712400248472940811e+00,2.701564439966786413e+00,-1.997543375969000445e+00,-1.778736182183458456e-02,-3.283098998906147425e+00
-1.019130720293519810e+00,1.537026533709078047e+00,-3.889625760604213500e+00,-1.745440140613676139e+00,-1.850181658001958995e+00
-3.891683115736479515e+00,7.636994181669354287e-01,4.685605293613124278e-01,-2.636774741028788505e+00,-1.448942966710665026e+00
-1.295496493446977704e+00,1.344617640812935555e+00,2.656450861792869045e+00,-3.660910529630147181e+00,1.026983519051926530e+00
4.066642132241775620e+00,2.990573688526559915e-01,2.208655348607053703e-01,2.273053223845114434e+00,1.776916969216350450e+00
1.488887562905760520e+00,-3.129204297738763074e+00,2.874257220652292055e+00,-2.125819118031307742e+00,4.591653242336105611e-01
-1.193546241269017205e+00,6.324431353565531655e-01,1.379873572533822035e+00,4.408805266631409481e+00,-1.354196475862666338e+00
8.988850363122147247e-01,-3.830300153379472938e+00,-1.137236898208186520e-01,2.326652728733993758e+00,2.023502020943735324e+00
2.440575401135119282e+00,1.208932176920010537e+00,-1.988964099799265028e+00,3.183298557869607581e+00,1.868878488333729493e+00
-2.452170599043874688e+00,-4.282778036903107655e+00,-5.790867450023171603e-01,5.335876627749948087e-01,1.568897310282312274e-01
2.818258687325834178e+00,3.777973710232957610e-02,8.707969117520029112e-01,-3.454591860288977578e+00,2.088898867845272900e+00
-1.797237186210732141e+00,7.745256457574073439e-01,-3.142534079422854454e+00,-3.046416113491614563e+00,-1.419111321810236026e+00
1.283262478027834996e+00,-4.028803471415490223e-02,2.763056507999534617e+00,2.498607985327475856e+00,-3.078001162443562588e+00
8.291137526772095478e-01,4.113871398941626900e+00,-2.145913971242886298e+00,-1.668389670388706891e+00,-1.271353044673438105e-02
-7.189404796188586522e-02,3.978619826624698153e+00,1.004327986232832925e+00,-1.442359853231902411e+00,-2.465023097439628774e+00
3.241529950088468115e-01,2.486178292974793980e+00,2.773250960349741057e+00,-2.893867578657476791e+00,-1.627406488705903653e+00
-1.860705536133753668e+00,-1.628767820216206363e+00,1.458397174939030316e+00,9.540660414608342910e-01,-3.980920240885322148e+00
4.132878335362725863e+00,-7.160254083899293409e-01,-3.825550527474502749e-01,2.515967670027372538e+00,9.644597423552123683e-01
-2.186180498006299100e+00,3.413350632280055752e+00,-1.383529507160417671e+00,9.254175661449806078e-01,-2.408132206158338562e+00
-9.747549580564369709e-01,2.686719156430687594e+00,3.308514556553701969e+00,-2.112959028888444557e+00,-1.191859269177295788e+00
2.817785377880953845e+00,2.202285667818133952e+00,2.440243750483027885e+00,2.049721908447790675e+00,-1.433134305562742572e+00
-7.668794138550964756e-02,-3.388270337965899603e-01,2.612243098433207678e+00,-4.184192603524535592e+00,-7.402928151166311421e-01
-2.451466844635467712e+00,7.657596279076649415e-01,8.159839397289945229e-01,3.061359948048692381e+00,-2.892432882627943069e+00
-3.011297716262240520e+00,1.728144475041685002e+00,-3.151807954262998646e+00,1.491479421771537694e+00,8.872420702904294521e-01
2.871261142604335515e-01,1.364369511065216534e+00,-4.299029070238993278e+00,-1.202888722801016552e+00,-1.768463232748581859e+00
4.181261335177112737e-01,4.018814216716594778e+00,2.324053036766200009e+00,-1.012962710366336117e+00,1.498995282744814528e+00
1.340919746542795998e+00,-1.291664710270737260e+00,4.568183367939312234e+00,8.128607813772641411e-01,-6.704160315954869886e-02
-3.512204058833032327e+00,1.820634739123450307e+00,1.715681732010026606e+00,1.400318150226517844e+00,2.108377828665182196e+00
2.721763849430667292e+00,1.196909817062152159e+00,2.647733550890156717e+00,1.680794404711030365e+00,-2.514725760462818371e+00
5.069524933877294082e-01,-2.806621863944902984e+00,2.236319913608523446e+00,-2.840624107701589240e-01,3.432791090797663092e+00
1.944516057735279080e-01,-2.458552910587160856e+00,3.742005915891590373e+00,-2.150547883940338245e+00,-5.387408311679808826e-01
-1.557726972057679626e+00,-2.927188177534132407e+00,2.911798390250436519e+00,-2.240472128732052148e+00,7.118783805807389342e-01
-2.747833403867671276e+00,2.822337798535348163e+00,-2.910304173271919037e+00,-1.003157828112632100e+00,8.732082500785311174e-02
-2.464151870507748754e+00,2.287143497446580742e+00,1.678969295808871443e-01,-3.241185208759437497e+00,1.778611605921127437e+00
2.107537524878330681e-01,-2.474881342824046371e+00,5.527391216430652676e-01,4.287908585750365376e+00,-3.726454325592772343e-01
-2.572212270377125520e+00,-2.689420834418496664e+00,-2.514313622375891732e+00,-1.105970970213874693e+00,-1.898893054623211896e+00
-9.981236681457929250e-02,-3.986784684674126389e+00,2.239061686292328712e+00,7.367998968678529659e-01,1.881306473287106984e+00
-2.996010487553403490e+00,-3.555451945850296891e+00,-1.381522438522764684e+00,1.208876432559696124e+00,1.126771577526232554e-01
-3.786923778085118375e-01,1.969866991764393171e+00,-7.096946570461501458e-02,-2.400281524124693533e+00,-3.899977956044120120e+00
-1.383778647940715700e+00,1.226741147072350380e+00,1.251149336599016282e+00,-3.000874915072348603e+00,3.318077439301311049e+00
8.835309831822318882e-01,-2.910175545686772836e+00,3.026282552930449565e+00,-4.335888450958462759e-01,2.530586081974083523e+00
7.263788397497740190e-01,7.015926151493091512e-01,8.238578802531236756e-01,4.710517561491383454e+00,-1.054715165131242527e+00
1.073046169012163764e+00,-1.246246665246370400e+00,-2.138360429240480531e+00,3.992273830100521170e+00,1.335891278766201618e+00
-8.437111046019675209e-01,-1.740578714160021745e+00,3.736014233274317586e+00,-1.566612344762394526e+00,2.201467856180090887e+00
2.563711254279426033e-01,-1.926710715691216658e+00,9.626839392735903056e-01,3.907934791315119227e+00,-2.241281991178484034e+00
6.993236892998754284e-01,3.144859653083478257e+00,2.134076664627327702e+00,2.791160360176284883e+00,-1.508623469678688434e+00
-5.680853394248824850e-01,-1.476877663572405464e+00,-2.962726404347626907e+00,2.594406433582397975e-01,3.694733308308824959e+00
-3.842437218810985655e+00,-4.403899768243658142e-01,1.145406335974534340e+00,2.679695861401702128e+00,1.244591219519368241e+00
2.631860596676509623e+00,6.671500958561182859e-01,3.154629536505880738e-01,9.216702216826361260e-01,-4.084021018138651371e+00
2.367838853572257485e-01,-3.586220404867717093e+00,-1.142323899294149125e+00,-2.874626479154102299e+00,-1.585741250580643635e+00
-8.776914191078192262e-01,-1.556905157865055900e+00,3.570107526998198555e+00,-2.927033699323444704e+00,-7.017906175871861940e-01
5.306409634174915624e-01,2.945121620015264785e+00,1.654042853266963764e+00,3.252361427983001541e+00,-1.652563521498300991e+00
-1.347224046945055154e+00,-6.978986129024936647e-01,-4.446376186921864537e+00,-1.673968363417987826e+00,-3.542507813564385599e-01
-2.151789665714225475e+00,-2.289339962411728741e-02,-7.142441106147686680e-01,2.171259593297842461e+00,-3.891627455929371759e+00
3.156757804310152959e+00,8.518199705667339749e-01,-1.442890426124474601e-01,-3.729152187137613872e+00,6.179705009297491447e-01
-3.490140961035510525e-01,-1.619958731209589553e+00,2.839801088918709304e+00,3.765772126529705055e+00,-9.172206019763257112e-02
7.053433891884844931e-01,1.479309276897258441e+00,-1.386260179329653619e+00,4.436567653774388553e+00,8.421905575946274647e-01
-2.843693902969326004e+00,-2.430455780648312913e+00,-2.554863769426324094e+00,-8.357590232036676836e-01,1.944342474805982768e+00
2.923342289179152065e+00,-1.510741473411667757e+00,9.154959876275863273e-01,-3.403135953456235985e+00,-1.323730652263535479e+00
-2.352371086721792570e-01,2.542179510740125714e+00,-2.844567800844779892e+00,2.900748342846082739e+00,1.405731096529290181e+00
1.609996605793897473e+00,2.200098971922928914e+00,3.399313911880969208e+00,-1.121675488287436906e+00,2.180363380389480632e+00
-5.282182910999301262e-01,-3.209683733371504033e+00,1.609382904016699367e+00,3.429949108408069769e+00,2.534788959012137521e-01
-1.228059905167451005e+00,-2.052362182239667376e+00,-3.610302578379844807e+00,-2.412807351250337184e+00,-6.509641468842322087e-01
2.150004911076187852e+00,2.428123344930881444e+00,-1.060715402654958811e-01,2.353197238598833785e+00,-2.988796996911378567e+00
2.962567731296231077e+00,-2.458125814433152811e+00,-2.657546056864521944e+00,1.234599288751904611e+00,1.262546422812550917e+00
-1.747353073600774298e+00,-4.126000843030632748e-01,1.558660609914428230e+00,4.396667921097109577e+00,1.280886462877916798e-01
-2.467523887418989315e+00,1.864314526371894543e+00,-8.090768345953022189e-01,-8.361200869739924268e-01,-3.752593115121231282e+00
-3.093756906727488154e+00,-1.014760738337633084e-01,3.400538053185087950e+00,-1.380350988626660946e+00,1.396188706999460738e+00
6.335669055279175010e-01,3.571361990992391711e+00,-1.579347408861952573e+00,-1.187984202827796709e+00,-2.817502759797633871e+00
-3.448987309532440815e+00,1.887411077063201770e+00,1.831171068958504344e+00,9.826363202716630330e-01,2.285476830588233366e+00
1.486375002220602815e+00,1.523822540646986523e+00,-3.950126722051556794e+00,-1.793929176511758872e+00,1.283343760176489656e+00
2.080276540926480511e+00,-2.668312919653382576e+00,1.742161994486307597e+00,-2.404112268840331357e+00,-2.176619273061020543e+00
2.183827204947220046e+00,-3.894888537989891347e-02,1.218922237306642398e+00,8.729161486001117964e-01,4.240474938043214514e+00
3.876774491438039760e-01,3.730290040174228494e+00,6.902565330214193162e-01,-3.199771093661237575e+00,4.686718237674656895e-01
6.841209733151151773e-02,1.174402216017883110e-01,3.375344297874031785e+00,2.988251842898903554e+00,-2.158455321175166919e+00
-2.830844668831825395e+00,3.319956052707770056e+00,-1.777792944890026927e+00,1.674365014973809851e+00,-1.281837612478816009e-02
1.013052217358734186e+00,1.125693599372806553e+00,8.178523619873754313e-01,3.527474509757984045e+00,3.097511940612172499e+00
3.322713457975699392e+00,-9.308096100851422916e-01,-9.453224415871364084e-01,1.624163548857674444e+00,-3.092188059280044587e+00
2.560903895790264340e+00,-2.247443654927227197e+00,-3.017638759126433978e+00,2.068532647338834796e+00,-7.613974497500829164e-02
2.915746022577654362e+00,-7.708335048948724566e-01,1.576952145983699705e+00,3.247156996572009291e+00,1.695120706157801971e+00
1.550062912965084472e+00,8.434687597553320870e-01,4.202907857870544106e+00,-1.908454448768337031e+00,-7.610733029041125697e-01
7.257293278827219307e-01,-9.856530637272491180e-02,-1.809295726172716501e+00,-3.717787794691795877e-01,4.588227472283832320e+00
-6.956457621357196031e-01,4.126864437516143624e+00,1.655380581385218486e+00,-9.858310007630297633e-01,1.942400385269341223e+00
1.950770105098319052e+00,2.951107424108885269e+00,3.383505576645803981e+00,1.016155282425739159e+00,6.913337275968547968e-02
1.527246702195601769e+00,2.460619111997040420e+00,3.199894022043097142e+00,-2.506457434629544956e+00,3.020272709387138987e-01
-3.130964753821685043e-01,-1.678223708453550955e+00,2.929360399250682701e+00,-3.196341681650304523e+00,1.813224555021925033e+00
2.170371501419202875e+00,2.217044238048945015e+00,3.736943314246576886e-01,9.623574267518935077e-01,-3.782647633893208017e+00
3.793602858117311460e-01,1.690519705012532015e+00,1.532646133136003508e+00,1.181565120464937113e+00,-4.272368031571850189e+00
-2.771649297801371592e+00,-1.561917230748193886e+00,2.136385266576477537e+00,-1.168435808149255628e+00,-2.991486334462954311e+00
2.900485020985507090e-01,1.843994785507303780e+00,3.974066408504046133e-01,4.337426979931056970e+00,-1.595101956937677867e+00
2.596752973794101749e+00,1.073172246183299983e+00,3.980442063182065393e+00,-4.802951914694007507e-01,-1.015171332246756375e+00
-3.583318929223426430e+00,2.095287685336590933e+00,7.693835425451943377e-02,5.594167166753671872e-01,-2.729602240967476057e+00
1.513437785129115865e-01,-1.119413606316668641e+00,-2.023249633335776121e+00,-9.392463232711371068e-01,-4.329929041465557127e+00
3.063820448698973742e+00,1.110901897205863964e+00,1.738212456964138397e+00,-6.814817094639660233e-01,3.300469870645572623e+00
-2.936851648127769554e+00,-2.180683105459811255e+00,1.840167449056445692e+00,-1.028279750769264478e+00,2.678796017624774262e+00
5.809091669292635318e-01,-1.787002353293332790e+00,-3.997484818979969212e+00,3.100728355799669544e-01,2.322312874649262504e+00
-1.784161947928995406e+00,2.841159506479281394e+00,-1.654775233769400611e+00,2.683647314264008710e+00,-1.950470410093835039e+00
-1.260190627705195743e+00,-4.782059255306901346e-01,-9.749985634754971819e-01,-4.227501453816222110e+00,-2.088264335239619296e+00
2.868544084839939057e+00,5.016732429341170807e-01,2.789103695614719935e+00,2.761612604387881031e+00,1.055544972536962334e+00
-1.686710962488815690e+00,9.758328201667452184e-01,-1.828898445605562140e+00,3.882062361965676889e+00,-1.669574415704939918e+00
-2.945630080747211998e+00,-8.418365256595611301e-02,-1.426187632672991645e+00,-1.179462913684354852e+00,3.590408418507796018e+00
-2.875063521478936401e+00,1.096525694479389079e+00,-3.502437372785156100e+00,-1.600280602655224316e+00,8.388537365303198046e-01
-2.940881023793842641e-01,2.580399396976332138e+00,-3.199771756133615863e+00,2.797487702791239705e+00,-4.365482808401102699e-01
1.333600730234476783e+00,3.270312299761001462e+00,2.132727888364585045e+00,-1.772219512116240958e-01,-2.818976886842221141e+00
-2.426209270865488321e+00,2.502012501898988717e+00,-2.519277457820308097e+00,-5.847081977831816019e-02,2.550149852079366397e+00
8.719567969150344711e-01,1.164409148444920161e+00,-2.616357940399923088e+00,-4.976405807651778090e-01,-3.973772472023708868e+00
2.395239453139674790e+00,-4.451154015424949040e-02,-3.507045007331717201e+00,-4.384543139733907031e-03,-2.638458409232061097e+00
-5.400678172114353748e-01,4.702520766460070334e+00,-1.051739255857466609e-01,1.255414601031746846e+00,-1.003741908419417017e+00
-3.536256552570247624e+00,9.049437818794382471e-01,1.668124894959902793e+00,-2.449569468282633444e+00,-1.700863045901777282e+00
2.117104281788194431e+00,3.528589518875724917e-01,-7.900810522457918372e-01,2.980961724638120813e+00,-3.298939094198556798e+00
8.852434873203806065e-01,2.013735671507279612e+00,-1.212494880980374834e+00,3.720725686596091819e+00,-2.201651457918898380e+00
-1.183064058031328303e+00,1.661354221118096941e+00,3.796353410404377904e+00,-1.423548925434902301e+00,-2.097968261621635300e+00
1.175536419763562268e+00,1.208565531448814623e+00,-4.358044408146717785e+00,7.356714254224889782e-01,-1.619790101353035139e+00
3.429530589286458042e+00,5.207238994105332086e-01,2.527419661493645275e+00,5.349672646248848640e-01,-2.508610459638221268e+00
-6.975472042738963332e-03,-3.974274825052902527e-01,-3.839422675113774996e+00,-2.229007434972826385e+00,-2.265471720326106997e+00
-7.080279064144178180e-01,-5.957184897639282717e-01,1.000591279011115109e+00,1.938660782947458250e+00,-4.402752255773682677e+00
-2.633209920235464185e+00,3.338680581217457366e+00,-7.306153138009430226e-01,1.182485801971325134e+00,2.233236683370302345e+00
6.292483992099401346e-01,-5.989552825178098283e-01,2.172997635858547216e+00,-4.298703193022303637e+00,1.022023069450366028e+00
-3.148617957055639849e+00,3.705470491844033543e+00,4.390286937928265520e-01,1.728754079583758596e-01,1.064453518914607599e+00
5.309063731122984908e-01,2.056585956344917143e+00,3.204290337434262614e+00,-1.234809963892243845e+00,-2.948959208543154631e+00
-3.825446277354947799e+00,-3.022668289299140998e+00,1.577922090042562231e-01,-9.975518173843338499e-01,-4.576343325706122012e-01
2.754176578165508982e+00,2.300359142004237523e+00,3.423130662623238507e+00,8.876635088254107575e-02,6.302032970729651851e-01
3.749523631575491511e-01,-1.588126169683284683e+00,-1.917137970340463848e+00,-4.110196570728148480e+00,1.329711302194232170e+00
-8.904794046343540437e-01,3.798354909695513371e+00,1.818767859576321477e+00,-2.040836551086327333e+00,1.518754771066174625e+00
5.982048685400348682e-03,-1.616832975554427509e+00,2.576405964834226570e+00,-3.907261805787041187e+00,-6.937238857483220000e-01
-7.408992271720963307e-01,-3.505903521337885298e+00,-2.730952132501190288e+00,-1.199130111742970906e-01,-2.165001190296376166e+00
1.560641220771952886e+00,-2.021183659816019329e+00,1.987535515361686489e+00,2.283274187382303033e+00,-3.052143042802841766e+00
-1.167906664809726713e+00,2.698618633139079570e+00,-6.766348366149450566e-01,-2.930920316032234130e+00,-2.702836083471611417e+00
5.390560644644667443e-01,3.983041062601174520e+00,-1.280384260386109085e+00,8.048632230707477575e-01,2.560783823539323212e+00
1.994954226560645028e+00,-3.525578050924369489e+00,-2.325559669571938493e+00,1.046309139011888517e-01,-1.780809264319119123e+00
-1.457702694401458610e+00,-2.581599866583954572e+00,1.695251365495078044e+00,-3.927175133623395098e-01,3.630749336717424391e+00
1.725292716597268017e+00,-3.046055428935158904e+00,-2.472950271628047147e+00,2.159705562039596405e+00,1.401820318464910065e+00
-2.834260105808966035e+00,-1.097072287705604277e+00,-5.610864190251336758e-01,-3.745652436010059372e+00,1.191080143048989903e+00
4.346732140854592252e+00,-4.477353684724523775e-01,1.402618293110607928e+00,-1.970563090736251688e+00,-2.345117582125981759e-01
-2.650414643986092944e+00,-6.416201310994900098e-01,4.631755451506192056e-01,3.489895955014671980e+00,2.273701928542657846e+00
-3.240650978302111351e+00,1.869528587604351921e+00,2.563020012779511969e+00,1.128409137356267244e+00,1.777826012235799169e+00
-4.176739938089720994e+00,-2.228507382175989537e+00,-4.661836551899225523e-01,-1.465358327570144059e+00,-4.732822715969700611e-01
-1.316836697046696480e+00,2.501588305549553137e+00,2.619820704318450044e+00,-1.743256010166358783e+00,-2.665632199515175937e+00
2.530907556561845961e+00,-2.438832888453174252e+00,3.230376691837178349e+00,1.480489790871667433e+00,1.393466551344024473e-01
-1.373538506545650462e+00,-1.290280022600710730e+00,9.839714374885459858e-01,2.126006610175065870e+00,3.995055135791306888e+00
2.711874930565298936e+00,1.461441888647588394e+00,2.640501524041248604e+00,1.901763051392176829e+00,2.218326162892415354e+00
-7.065610166929437996e-01,-2.204301204280727067e+00,-1.743289126198642514e+00,-1.958667487286412268e+00,3.573008875894527758e+00
3.857102955450657067e+00,2.960146580584899212e+00,1.380260688871783603e-01,-1.022016012112887395e+00,-5.447211101084288298e-01
-2.101377898496054275e+00,3.410852428403723241e-02,-3.221807820787674803e+00,-2.210913255588246251e+00,-2.305398984657326178e+00
-2.836567549989053028e+00,-1.319917305552455122e+00,-3.607337045393188113e+00,-1.009516671694625556e+00,1.086139204410189185e+00
1.939873360445718120e+00,2.213206831006098163e+00,3.787741724861960257e+00,1.377145894298630768e+00,3.083645248357027024e-01
-7.023485536647692262e-01,2.247346845025506301e-01,-3.923280633818707064e-01,-4.134345820187173892e+00,-2.685044536042265673e+00
-2.593036073569030986e+00,-9.374717184856160568e-01,-9.184272981485280818e-01,6.881037352487509029e-01,4.010026838533831572e+00
1.439255789399016106e+00,3.654976134878666905e+00,2.885935682440173622e+00,-1.107776539165136631e+00,-1.178923332651471145e-01
3.909368566344872953e+00,-1.003804930575713072e+00,1.152513142223791087e+00,-2.224263253631515003e+00,-1.559993432477364328e+00
-1.529548389800863717e+00,-2.836037504272848064e+00,-2.879397628775011153e+00,-1.688957906527222441e+00,1.863830325700128521e+00
-3.444860239074359676e+00,1.951880707386118852e-01,2.473889847505324813e+00,1.514934573486789837e+00,-2.163257222512007694e+00
-6.200280500477640677e-01,-2.781103384695522873e+00,2.411807214765840701e+00,-3.165853316259271910e+00,-1.020582147366238202e+00
1.905596321961693096e-02,-3.597703502133938747e-01,-2.544735818936889604e+00,-2.097371480162692148e+00,-3.741063304916513399e+00
-1.699356777679051245e+00,-1.535082898980826061e+00,-3.985881142800557608e+00,1.916744560507616546e+00,4.410769101237023149e-01
-1.928914594194077181e-01,-1.162203378853617908e+00,9.135600046565067744e-01,2.385525662114910350e+00,4.133612418254462462e+00
1.416303740086217067e+00,2.757861993983746540e+00,-3.425958995345311786e-01,1.029362378263198208e+00,3.769790721219979712e+00
-1.047921814079821434e+00,2.718661909496458140e+00,-7.856872025789926051e-01,-2.409502354407892177e+00,-3.176118907918145329e+00
-2.076717173189771781e+00,3.584868095185123060e+00,-6.748051432823527485e-01,-2.370304945674595931e+00,1.327501037970483688e+00
-2.302867680456497812e+00,2.126904641535358464e-01,-2.680947360972651405e-01,4.225113886383713435e+00,-1.314572581614082081e+00
-3.648942456778401677e+00,2.441815886883180298e+00,-6.325462356309774492e-01,1.011154992584853085e+00,2.073693555577754921e+00
-7.998859823362612920e-01,3.194063745679735611e+00,2.388681884364717511e+00,-2.348054865841009864e+00,1.714344307921970900e+00
6.982577049185489937e-01,-3.218425387412104488e+00,9.953183135561172179e-01,-1.257626619652724154e+00,3.403217733766646269e+00
9.194483971482091400e-01,1.302357670615280627e+00,-1.500643112346351948e+00,3.149191953620788631e+00,3.207668846902476556e+00
2.567366140884157488e+00,2.916067946132521627e+00,1.591586132116458385e+00,1.113287127351566319e+00,-2.476413573761038656e+00
1.494986597004852591e+00,-9.915122357075553117e-01,6.732323702954821076e-01,1.941675726735277996e+00,-4.190294990691157295e+00
1.080369415525360977e-01,-2.531134668498877360e+00,2.488884751943551077e+00,-1.791560265283009379e+00,-3.029430609303505051e+00
-2.103893136091986582e-01,-4.218001996541513421e+00,-8.577148714557513154e-01,2.834824878277784066e-01,2.519555193336609378e+00
4.605519959925858053e+00,-1.539064059488471248e+00,-8.959998513343607751e-01,-7.383154218253227263e-01,-2.693368222488001229e-01
9.107341752567682525e-01,4.220344668559599111e-01,8.381225407655701343e-02,-4.488154885241867120e+00,1.960074336077883173e+00
2.145750418398110482e-01,7.027123088438262943e-01,-6.449505971687948813e-01,4.733872310048796272e+00,-1.278532221644689493e+00
4.186195290664617374e+00,1.613795757556179544e-01,-1.313074421125617064e-01,-2.703258196968867821e+00,-3.533823667258988999e-01
3.123808559026815777e-03,7.835703313640549617e-01,3.140654882738322495e+00,-1.481987010626125922e+00,-3.510841663404016710e+00
-3.827445543417044238e+00,7.386044313564404939e-02,1.878738358216854420e+00,2.184102429698919323e+00,1.430120276432972570e+00
1.089882027614267113e+00,1.540864141765463158e+00,-2.255904101820935814e+00,-1.684708227474512876e+00,3.675669970790626184e+00
1.041352787888825571e+00,-5.427223186593547188e-01,-3.847547101857602680e-02,-6.512719642039561420e-03,4.859991160341544436e+00
-6.811257207791009405e-01,2.751718452199934273e+00,2.273109031532798863e+00,8.337519227503858987e-01,-3.331958339233791477e+00
1.757236689036310168e-02,4.276983823214773217e+00,-6.691129238785675781e-01,1.276004593152461064e+00,-2.152022481581804758e+00
-3.054077679267113155e+00,-3.281917035231619040e-01,3.659234610540869070e+00,-5.509653200383263227e-01,1.367968938198471429e+00
-1.475444346350233804e+00,-2.726232258090647953e+00,8.191562006473637192e-01,3.682317771848750976e+00,1.077144652234289568e+00
-3.150767734010780363e-01,1.306663885588563279e+00,-1.543056606626920901e+00,3.174936443448741041e+00,-3.275990080230376744e+00
2.011972562609797954e+00,-1.974959763033568239e+00,-3.230437737384834751e+00,-1.448477849970577935e+00,2.125484482354156768e+00
-3.964696155393883981e+00,-3.151819814517191620e-01,-1.798836160630148839e+00,2.322322799104362456e+00,7.435388341859422434e-01
-1.229772356422286661e+00,2.996883502129267018e+00,-2.676792346967493685e+00,1.593120531673172469e+00,2.191597346417137437e+00
-2.641675647135192762e+00,-6.120998524560651299e-01,5.767396067361256762e-01,-4.154705910989193285e+00,-2.295076581934537008e-01
-2.405495058426255994e+00,3.644751345759537742e+00,1.025712641707436479e+00,1.504993993788055207e+00,1.616257345466475259e+00
-2.515525882907377664e+00,1.983813388840928837e+00,-2.518590602007908963e+00,-1.496791174848278172e-01,-2.893252756318557495e+00
-2.827821450401180936e+00,2.709818190342889288e+00,3.642283382972891920e-02,2.291388725693285444e+00,-2.099648138350629356e+00
-8.116015591376413152e-01,-4.674502872617477406e-02,4.145397225446761702e+00,-1.374172520511518947e+00,2.294874623726544716e+00
-3.877406985564452402e+00,-2.232100854366168452e+00,-2.066884057946055897e+00,4.210521864700503825e-01,-7.308530574000706714e-01
-2.094538545647167904e+00,-4.027907135542443950e-01,2.465266914333035242e+00,-3.531443618659829475e+00,1.379142099710670255e+00
-1.074984992318162247e+00,1.471703205691108352e+00,4.287241709396786504e+00,-1.055859779826688216e+00,1.477570841348087249e+00
7.650616457238916812e-01,9.760706274469036492e-01,1.560240002248204361e+00,-1.017464520773941672e+00,4.471284367251588066e+00
2.786401238049230900e-01,1.997371883167448736e+00,-3.357304236463253488e+00,-2.818838801843837949e+00,1.309779109156799626e+00
-1.095971227885527144e+00,5.054354326616000703e-01,-3.587203577532454002e+00,-4.083344409322794410e-01,3.241699487729261531e+00
-2.014362082316252245e+00,1.084135670668423757e+00,-4.201118218938830751e+00,9.715213259052741801e-01,-1.083396175331236222e+00
-3.648744336258364029e+00,-3.256279404598127591e+00,-5.693139780284624946e-02,2.710761627009397601e-01,1.003287465172430171e+00
-3.088427976066931091e+00,-1.174491169483131703e+00,1.439179696447075996e+00,-2.298993998919135695e+00,-2.593370687680720987e+00
-3.861515353354460611e+00,3.049710229518919125e+00,-2.856283855761116430e-01,-5.558269000508460067e-01,-6.304280881341618459e-01
1.235623181740441279e+00,-1.305008637578956687e+00,-1.737389935833433929e+00,-3.599953766051352311e+00,2.406656789354752135e+00
1.075821849747378822e+00,4.634433063530869035e+00,-3.997452396038520678e-02,4.903543060771258233e-01,-1.456911877638373154e+00
3.550241846730692430e+00,-1.131235319915737447e+00,3.031832435216358146e+00,-7.632756187185663066e-01,1.158227911655221876e+00
7.528834897252729697e-01,1.727344026625709184e+00,-3.503756348757048666e+00,-2.087876097494364647e+00,2.194063334235353491e+00
3.117139501183681993e+00,-1.224254896392622971e+00,3.647331663750278175e+00,6.912906455856242527e-01,-6.107582786567727212e-02
-5.472792368110732664e-01,1.692255706442710173e+00,-3.251511333032476525e+00,2.905306748112633120e+00,1.680363892584026519e+00
-3.276141052023183953e+00,1.906331613029150496e-01,4.413266711589075575e-01,-3.628335566887391117e+00,9.332580502968252922e-01
5.974189348110346964e-01,-1.816212847168168443e+00,3.084270477574999170e+00,2.840069493686037561e+00,1.940552086985493752e+00
3.963794369872308376e+00,1.525861518928336213e+00,1.007437237027082100e+00,-2.432747994139135006e+00,1.639763058662922490e-01
3.549271610576855807e+00,9.627788412258345696e-01,6.057127562469156734e-01,3.230934801674261170e+00,8.184743743642098890e-01
5.453478496077414084e-01,-1.288533470526461722e+00,5.572341602208482625e-01,1.298466458599701667e+00,4.587564949386084834e+00
-3.974437288890279252e+00,-2.214863086055900876e+00,2.230361635174103740e-01,-1.781412199010254938e+00,-1.036848684083797156e+00
-4.831442637168943399e+00,-8.443898299317293965e-01,-1.097427253955940291e-01,-6.489364005930664536e-01,-7.148467955177050248e-01
9.579094414042306216e-01,-3.618819161274670737e+00,3.276902938743613269e+00,-3.001851623551273773e-01,-3.979363999626234771e-01
6.357268238681926809e-01,4.968034504319576716e-01,4.155903123663559739e+00,-1.648409168013427184e+00,2.088122165627794846e+00
-3.545543797508808215e+00,8.648354505477053866e-01,-1.602916716840936395e+00,-2.863708867153985427e+00,9.544675722507698357e-01
-7.201490797658491871e-01,2.433564233469982963e+00,-9.512196575019024047e-01,2.511511354675399765e+00,-3.368477742691282639e+00
-4.072275956651871254e-01,-1.146048212909998254e+00,-4.554550397646933035e+00,9.882810194292694916e-01,-1.341681959685139258e+00
3.663196494184581264e-01,-4.362872210837064557e+00,1.235728057890614351e-01,1.416913765066131425e+00,1.951471529485166334e+00
-3.487323361855414916e+00,-1.451666059230986905e+00,2.958641844411338817e-01,3.121694245479627927e+00,9.480141583534403837e-01
4.321115601280853369e+00,9.539284057330241207e-02,2.432295885659715218e+00,-2.914142844306839147e-02,6.339934290556119567e-01
1.406174149902256421e+00,-1.805213276977835735e+00,6.726663017997055460e-01,-2.387465444750989096e+00,3.689364183882187120e+00
-1.006819444856379281e-01,3.454195157195906751e-01,-6.171621613562415787e-01,-2.385665500406224826e+00,-4.335695963853581247e+00
-1.323253206224122902e+00,1.173564142745812111e+00,-4.191879994044762192e+00,1.806432816219333271e+00,1.018180117215045088e+00
4.401106738525429662e+00,-7.651953045848529644e-01,1.809426666163834296e+00,1.330572966858280193e+00,-1.692163078829304196e-02
2.974820416696958070e+00,-1.325984460853526281e+00,-3.107867438519768655e+00,6.572145305098269219e-01,2.073990777089726123e+00
4.048537359552632608e+00,1.667397666922478816e+00,-4.436620620233565071e-01,8.305364807575370545e-01,-2.223174171651907560e+00
1.202015159016701862e+00,-3.271479588129147409e+00,-2.263645450242334878e+00,2.371425066075195431e+00,1.450804360875659782e+00
-3.839436342846544115e+00,-3.144736618755856306e+00,-8.075711231332613482e-02,-5.191026343115956454e-01,-3.055665422567002687e-01
2.332983003573475128e-02,1.993606268696874961e+00,-4.281349635183195446e+00,-1.608981350252957521e+00,-3.259050172947910995e-01
-1.310755639101857994e+00,1.973455326940362742e+00,2.783766750033768833e+00,2.830841761678520863e-01,3.399691126814785136e+00
-3.318842533387868610e+00,7.963554973034329132e-01,2.644983043725482652e+00,-2.295634430466103826e+00,1.041743452368885992e+00
5.272782331231399278e-01,-2.593911686620228307e-01,3.056138398058497074e+00,-3.534455176676818411e+00,1.679981720873643836e+00
3.918959913739278988e+00,1.390683834767700855e+00,-4.914699589972457705e-01,-1.949512245722692994e+00,1.914578530486783947e+00
-3.167616440897925045e+00,-3.847219789179503469e-01,-1.563458702328681005e+00,-2.025410589202900624e+00,2.876022238013486110e+00
-3.628991538953571627e+00,-1.885248894000428610e+00,-8.535321421368228245e-01,-2.026456392286294594e+00,1.855051047916172813e+00
-1.441860649082405965e+00,-2.876502710003856933e+00,-3.246893678557146501e+00,-7.919234585621736100e-01,1.864754328026267949e+00
-1.893667612630941743e+00,1.023134890840863731e+00,3.677073663590611385e+00,-5.681088671012964886e-01,2.554133817102362425e+00
3.222464792377650156e+00,2.679198358365783239e+00,-1.440074501368247217e+00,1.647021863373519857e+00,-1.628226406399052140e+00
-3.493883565533129065e+00,-1.574089967029875581e+00,-1.221569104345013868e+00,-1.090675399920717492e+00,-2.762827265956179446e+00
2.294949346404030699e+00,-9.876805326020799969e-01,3.781548032542656479e+00,-9.165429298641167843e-01,-1.901982701879135984e+00
-1.827376719256852133e-01,1.002681478264192849e+00,2.518630639578847585e+00,-2.485360129048952871e+00,3.382413565298237224e+00
-2.489873861500492058e+00,3.157841633102392631e+00,-1.691591024136207766e+00,2.069080920216918251e+00,-1.298456131995981977e+00
2.431043495506320706e+00,8.821797188599732609e-01,-1.841744908336621300e+00,-3.476139924076573351e+00,1.684106109319002620e+00
1.473915154143731421e+00,-2.952981652794994361e+00,2.048925699883290541e+00,-1.623554683074502014e+00,2.696932914268766801e+00
9.802839860443828268e-01,-4.307443534344915115e+00,7.469785724177052666e-01,2.123745175059546852e+00,-6.455253278495129976e-01
7.427183847147010853e-01,-1.402331738476863654e+00,-1.338008790917162294e+00,-1.486487838295117214e+00,4.299060534383802867e+00
-1.887669616912840631e+00,2.053272872788306724e+00,2.760304820813014537e+00,2.675552476595972173e+00,-1.562981179807798382e+00
-3.567197070619815946e+00,-2.753480213160833134e+00,1.113813221049979374e+00,1.627738406084296541e+00,8.962921203857605601e-01
1.179149188935928703e-02,4.365053150206013477e+00,-1.795263573699536819e+00,2.824132831455873904e-01,-1.625866967204291802e+00
1.673015774977385295e+00,1.354176838453202025e+00,-2.465010706886861858e+00,2.901870910366044498e+00,2.422827014332264106e+00
-2.190249609484586468e+00,1.125916284889667773e+00,6.827817215945877205e-01,3.786251688900594381e+00,2.033033801127417828e+00
2.785737027700121882e+00,7.034759092715561768e-02,2.317509263769503391e+00,3.005781940577076927e+00,-1.682006589462260004e+00
3.875237297971415362e+00,-1.162952844967588995e+00,7.780166988781610504e-01,2.761358802636242782e+00,6.321899589229926786e-01
5.561602072304029365e-01,2.839838913082850080e+00,-3.480080038772324080e+00,5.922299288171672949e-01,2.040663472203460227e+00
-1.220279671968480306e+00,-2.256030410943747899e+00,3.142391576357670857e+00,-2.462549971831700546e+00,-1.575584692787257879e+00
4.503323021859518605e+00,1.716221904480220939e+00,9.664173194648055798e-01,-3.555108409337868203e-01,-8.451708359789481539e-01
-2.823500554971905441e+00,1.829471008769882001e+00,-9.163254425905338341e-01,-3.019834982876285601e+00,-1.929203152496310025e+00
-2.387056331714443758e+00,1.900957054373016097e+00,1.271983381112568701e+00,-5.431569401834290822e-01,-3.711517636109986196e+00
-2.143177818402244750e+00,4.111155519875888231e+00,-9.532704743240026923e-01,-6.640960078657693888e-01,-1.468142031692250660e+00
-3.383010276723933618e+00,-3.336576340600696966e+00,1.944970533617182695e-01,1.489455531160986945e+00,-4.076676438613496822e-01
-7.376310988284076053e-01,2.333883081541639815e+00,2.794187663627598628e-01,4.350613798222245698e+00,-5.454223553739093872e-02
-2.890434851066177924e+00,-1.215161503783650510e+00,3.349499961844906171e+00,1.074564819167039165e+00,-1.671804218942450904e+00
-6.320431134455896105e-01,1.296196709548620873e+00,-4.748424779763413817e+00,5.146622110463486832e-01,3.286038836517222728e-01
-1.549466101045122723e+00,-2.634621221297487104e+00,-1.196776827598759141e+00,6.584294483533257303e-01,-3.713774590422087574e+00
-3.347093640840222317e+00,2.601455555763457106e+00,-5.996097451178735716e-01,-1.901280802338917608e+00,1.747853716719894202e+00
2.598616438614949509e+00,-1.171299127707715604e+00,-3.378343276209454515e+00,2.326259875625309004e+00,2.248614185168142654e-01
5.415562294904436857e-01,-3.064205008093862759e+00,1.800868793726760675e+00,-3.385413680821195204e+00,7.830774649818470490e-01
-3.219316319114170488e-01,1.464994764866212718e+00,-2.485185839565495325e+00,-6.187436346063601711e-01,4.023823805877524862e+00
4.256127659445226641e+00,1.829111962351523513e+00,-5.740563324917039578e-01,1.765737554522314456e-01,1.782977232524163291e+00
-8.320282487528012361e-01,3.830638848279517283e+00,-1.390038996905616164e+00,-1.536792312255027770e+00,2.310843132582693471e+00
-2.775680506349105237e+00,2.886129521822577981e+00,3.434378845167486705e-01,2.918014422301464794e+00,-5.771450083445730517e-01
1.066174574606920250e-01,8.924391183404880579e-01,2.196098964945953469e+00,-1.240997639361833160e+00,-4.222470761660989780e+00
-2.294529905905752010e+00,1.070859195378897288e+00,2.072338561885713748e-01,-4.049642096823451887e+00,-1.464870680661322977e+00
-2.638421862730978007e-01,-1.759295410121655578e+00,1.644607273480782617e+00,3.232785914861617815e+00,2.946121026935916820e+00
-1.136717264749659062e+00,4.247697098541864946e+00,1.844569199761873834e+00,8.391907453926815696e-01,1.248305483123494319e+00
2.051292689482281606e+00,1.585242372656878063e+00,-1.696375741700538453e-01,-3.264326963457496955e+00,2.755829728245885679e+00
2.031352090370272201e+00,2.148329126094123964e+00,-1.528264274226758701e+00,-3.441971685292722238e+00,1.440669940232431001e+00
-1.341628391792021313e-01,3.937260202187061520e+00,8.956268566809749698e-01,-6.608947215922043039e-01,-2.870723451226290468e+00
1.413196961696131293e+00,-2.584883863401463255e+00,-2.711347876711122762e+00,2.259721638123207005e-02,2.994884274466286467e+00
1.565402552559244986e+00,2.979326369660662444e+00,-3.185181557204197933e+00,-1.809087727956717906e+00,-5.049250159065834520e-01
-1.715209167095075982e+00,-3.613790151772072523e+00,-7.280175741630374731e-01,-2.824389155289501740e+00,-7.009954088729953847e-01
-3.238764274717843561e-01,-3.080186651272284193e-01,2.898254730427054060e+00,-1.361969362221316093e-01,-4.047443449114793701e+00
4.163663444599431607e+00,1.677198396465671815e+00,-1.175324274475417319e+00,1.760012831878399631e+00,6.098195966444382998e-01
-3.461860947749289874e+00,-1.730490570054040500e+00,1.732162105112009520e+00,-2.425070156008609867e+00,-1.067506602065175336e+00
-1.483059412330308913e+00,1.052482497330875955e+00,3.733029940218148379e+00,5.394117543429782780e-01,2.732460026610116444e+00
2.133807078886639008e+00,2.228692143616042731e+00,2.635687966953339956e+00,-2.391245860028008874e+00,-1.677763647488428544e+00
9.792933559450733849e-01,7.232047014130886797e-01,3.900162218081206333e+00,1.361971243741315396e+00,2.540025292537352097e+00
3.422693645235036497e-01,5.981843816123768587e-01,5.297882896643361234e-02,-3.831570769472751437e+00,-3.137082372190285184e+00
-6.505252245175725534e-01,-9.793352035825282353e-01,-1.763810880710887874e+00,2.931821787754031128e+00,-3.451247842915221131e+00
-4.230584840056565099e+00,-1.495891545053084082e+00,6.913324772740312429e-01,8.258288303629806038e-01,1.924714665951741344e+00
2.619711782434386738e+00,2.860156914041372289e+00,-3.455944561370951629e-01,3.126130926785958497e+00,2.539340554463848654e-01
-7.529542891848576280e-01,3.508875579664743505e+00,-2.244931776704786497e+00,-2.626017611365648374e+00,-4.303078288493945025e-01
-7.195957787786956272e-01,-4.007704537006454792e+00,1.018637990651811043e+00,1.880464214734875128e+00,1.961304984015529218e+00
2.656387982921099233e+00,1.877761447226178881e-01,2.461562563783623592e+00,-2.685454434824326331e+00,-2.153459362682945688e+00
1.457472969781047345e+00,2.559451458421998504e-01,-4.090946187276693902e-01,3.368188970170842289e+00,3.361280898530345951e+00
4.074789359365329489e+00,-1.865417737082115224e+00,1.972557944354738524e+00,2.503796428701637322e-01,9.811388961720655111e-01
-2.293523320324881265e+00,-1.094072181050714576e+00,-3.733995148163815614e+00,-4.441944352870528800e-01,2.098267947361815100e+00
-4.199578800142650614e+00,-1.757297767823643664e+00,2.027714016653576312e+00,-2.258857112068881484e-02,4.041139439759497964e-01
7.698520990944667242e-01,-2.992283035026767291e+00,3.013264300177198596e+00,-2.332273731039917308e+00,9.665958227664759317e-01
8.786250486009320460e-01,2.165370294046212063e+00,-2.697819850151061516e+00,1.451946304386529274e+00,3.186347360057034450e+00
1.614181507384822467e+00,-1.557226631009619888e+00,3.360952512848575768e+00,-2.304101698328682168e-01,-2.936047111492886330e+00
1.176096111870717609e+00,3.885438371303021832e+00,1.581595549689920110e+00,-2.279328950062619263e+00,-9.074037982376855771e-01
9.355728427806286884e-01,-2.315853255969525737e+00,1.681611917579507010e+00,3.991193061013967203e+00,6.392543339897631405e-02
3.456599991462170340e+00,1.815734120897310566e+00,-2.215347382103667773e+00,-1.877208470361242609e+00,1.150369695638506329e+00
-2.218223128395619081e+00,-4.563358523499343455e-01,2.787462888322987276e+00,-3.382443065523979886e+00,-8.126335565441714648e-01
-4.636143747279280802e+00,6.058081033253183145e-01,-6.535022054549486370e-01,-1.486189637154377241e+00,-7.094666492436831895e-01
2.748948602166991328e+00,-2.175576120528775803e+00,3.200158902298441355e+00,8.568669140845101007e-01,-1.317160665225177718e+00
-7.691965293473820853e-02,7.400974356437111101e-01,6.441205757629017148e-01,4.650678398349741727e+00,-1.550044603147906042e+00
-1.236730208775933315e+00,3.720959318142607941e+00,2.763603626190417467e-02,1.840933422385056639e+00,2.497030341680715360e+00
3.290977860270569710e+00,3.198276568902040484e+00,-6.585322813424107635e-02,2.496948450088175842e-01,1.968199062275320266e+00
3.540386574689322607e+00,1.063975032873748727e+00,1.446077226512666014e+00,-2.003546420024756802e+00,2.286543773678590519e+00
-6.868974277811377149e-01,5.459307811288580670e-01,3.629305167015621780e+00,-1.890760406681772476e+00,-2.735562208234714632e+00
1.964786555612776597e+00,-3.430319585565433371e+00,-2.878714146434304677e-01,-2.858514882699152437e+00,1.057612427020467871e+00
3.895481907378032904e+00,1.837897286662366403e+00,-1.943553476620429876e+00,-4.308696556460387961e-01,1.576167978462198249e+00
-6.843397790909860889e-01,2.664838392244124776e+00,-5.298561843351132783e-01,3.325015770616675415e+00,2.468570023120201906e+00
8.457934121332407740e-01,6.454290064178199726e-01,-1.641576933319105036e+00,-2.224106064652992210e+00,4.028229423311803004e+00
1.460568909050932618e+00,3.495723506500977962e+00,7.104710000924218116e-01,-3.005956372526936260e+00,1.051719008339515371e+00
1.827354788071857916e+00,1.529863892835643391e+00,4.238365340318140717e+00,2.766986805266735128e-01,1.131365559884742744e+00
-2.427946803289495470e-01,-9.605446332508725815e-01,4.256042367803697601e+00,1.678302006875946661e+00,-1.757216687808584199e+00
-2.291844803334861791e-01,4.397232996351030820e+00,-1.362389408228711130e+00,-1.167287196508472125e+00,1.546981625937947191e+00
8.572757700191079300e-01,4.622938313919121356e+00,6.994392136681557570e-01,-3.444492301937839840e-01,1.511839645610262295e+00
-1.082486807348939539e+00,-1.141975504873373515e+00,1.405822234252637637e+00,-3.742714154129562321e+00,-2.557316731330685489e+00
3.005978647639770962e-01,-1.259158883352892389e+00,-1.878269642877453016e+00,-2.889924393392345081e+00,3.382986842908751512e+00
1.013473436953914897e+00,9.909359588991568657e-01,4.216226690365748375e+00,9.718227401936342380e-01,-2.066376193978106901e+00
-1.269455875544529322e+00,2.605150942533108971e+00,1.842531799713600371e+00,2.766333620468354404e+00,2.356723406336631577e+00
-3.282529605321791610e+00,3.131524181979037369e+00,-1.466263709703753193e+00,-5.028584296108883356e-01,1.419774567049833403e+00
1.835414271478591708e+00,-2.810912836571636930e+00,-4.401909419842755522e-01,3.251817475098231824e+00,1.721028332274125328e+00
-1.966443945576493046e+00,-1.240480128580348174e+00,1.557035145561594724e+00,-6.243682380233642748e-01,4.096353636874679793e+00
1.118890011959378539e+00,2.904950032254677961e+00,2.006599245802543230e+00,1.834468271231532333e+00,-2.813829433322238227e+00
-3.897247294880921281e-02,4.310735725281068298e+00,1.372405796316659599e+00,1.577816588105892315e+00,-1.429348032381222433e+00
2.705940054316579246e+00,-6.236448718343462483e-01,-1.687709992695163308e+00,1.400752760823748222e+00,3.532489515891228393e+00
-5.096276575446624379e-01,1.714427448544831201e+00,-3.295609922519013857e+00,3.196505934916982206e+00,8.498960059773975617e-01
2.307248599020057966e+00,1.163215101290653308e+00,-1.994140861655874453e+00,-1.882686607206554286e-01,3.783053220047818854e+00
-2.007611319293935992e+00,1.139158545720386551e+00,-1.688694378619798986e+00,1.864955756393151143e+00,3.652679279743708651e+00
-1.399575429696491069e+00,5.204067127996273717e-02,-8.182491100057261157e-03,3.535646682760329895e+00,3.246169429750684454e+00
1.904800411877909605e+00,3.150691366375045099e+00,1.902922755212030637e-01,4.949898120414734093e-01,-3.341205357443868706e+00
-6.929473385222317816e-01,-3.557693019774720855e-01,4.062290955300091433e+00,2.639769656074301363e+00,-9.605522094929824783e-01
4.269070206836985903e+00,-1.307751437747486367e+00,2.026628620270150005e+00,3.557874128666395075e-01,9.116016117327639945e-01
-2.579513550350634787e+00,5.658599377228172855e-01,9.673874727328096723e-01,4.132413768067504378e+00,-1.150230477928052553e-01
1.576200113801694835e-01,7.226531307738407461e-01,-4.046900384575584653e+00,2.677651293972911795e+00,9.516875589196609475e-01
-3.618777172681681975e+00,-2.416537904153493788e+00,-7.250766947349420732e-01,2.162882470986303929e+00,-9.279006065952570825e-01
-1.199476018490174267e+00,-2.411159467793932532e+00,8.784461816597339823e-01,1.857821790727377520e+00,-3.677553235748000304e+00
7.057623435051912919e-01,3.578189214039902422e-01,-2.582623168177654804e+00,-3.001995921016225921e+00,-2.948210168113747809e+00
4.465007704126025878e+00,-7.528303152893067729e-01,2.092888670224108960e+00,1.222317742776085070e-01,-3.191067625124095475e-01
1.660375628525831981e+00,2.315075096998212789e+00,-3.628619979573924237e+00,1.156596897063362661e+00,1.542394479047594524e+00
3.542961139861238173e-01,3.720140348386089535e+00,1.166195818773971160e+00,-1.625652830551345129e+00,2.651842800529221389e+00
1.677855469038143754e+00,-1.517257841467592128e+00,-1.166600467223889992e-01,3.634011859437169090e+00,-2.581293843500315432e+00
-1.761879276204845635e+00,-1.160029586881531127e+00,1.257828252325004170e+00,-2.951058023965386301e+00,-3.203004433415896468e+00
-2.575399083244881204e+00,-3.316447974563090373e+00,1.513024742983033466e+00,1.719451584042349213e+00,-1.456960799504636306e+00
2.826360961860988841e+00,-1.262515110268363772e-01,2.389509671207084018e+00,2.857726251092628456e+00,1.766179060643499055e+00
1.905097651059370012e+00,-1.431262404187463755e+00,3.122150997804823191e+00,3.066386332503828527e+00,4.141725208505003808e-01
2.835893113047134761e+00,1.967349071316087272e+00,-2.364209407994007250e+00,-2.351427724967373400e+00,1.403050039154322581e+00
-2.956619078458460947e+00,-2.308903174541580672e+00,-2.579089436158010784e+00,-1.384629960822840511e+00,-1.535730219594947155e+00
-3.148959530755484071e+00,-2.780504384560932962e+00,2.628068081826621327e+00,4.295863339051834151e-01,5.114322830127915331e-01
-2.263684330866823302e+00,-5.858815636277999728e-01,-4.122548284550154207e+00,-1.489974685806484178e+00,5.630693747643510383e-01
1.210171249651087910e+00,-1.219974102054722342e+00,3.871801781859181002e+00,-1.606537756538131800e+00,-2.115499027568481516e+00
-3.338560143674429881e+00,-2.908954338900095582e+00,1.715684119957777032e+00,1.526409545195468009e+00,3.442422433748467681e-01
1.817775572841921150e+00,3.588601052247413215e+00,1.887350776752213743e+00,-2.291216188617746230e+00,-7.661512315964490172e-02
4.007638399614181779e+00,-9.187455415891545574e-01,-2.942105870566576464e-01,-2.071120137162164365e+00,1.928378229407572420e+00
-1.058469370825905614e-01,3.161852289329698529e+00,1.264632893414966652e+00,3.647656000586068092e+00,2.946113926040951347e-01
1.087051614332459781e+00,1.976942884828741365e+00,-4.119011906004813817e+00,-1.417576953740602663e+00,9.665568355333843398e-01
1.243419430772728027e-02,2.420202035788729056e+00,-2.601297910070676789e+00,-2.951550988028305511e+00,1.914174350707653405e+00
3.045471924949293419e-01,3.977749467154458873e+00,-2.461258255609312773e+00,-1.739760794567913438e+00,1.415489227414424254e-02
-1.107308750445371803e+00,-1.507770476721830066e+00,-3.355966143377512978e+00,2.561577083008783617e+00,-1.917370494458806141e+00
-2.861172399090371465e-01,6.469257718174443728e-01,-8.222981591258230472e-01,4.116298938757198655e+00,2.622886340478726819e+00
3.096768696512379737e+00,-9.305577467059094054e-01,-1.395713933457134903e+00,-3.475963403149700870e+00,-7.167614360888854286e-01
2.212353440764387891e+00,-2.851847443322785391e+00,2.517601726382024729e+00,7.391772871251481858e-01,2.255605661162388920e+00
2.586879247212313659e-01,4.185286310175895252e+00,2.287506294794128703e+00,1.476835576540588280e+00,5.225601017040447382e-02
-1.913137042383888264e+00,1.843733876160034812e+00,2.256899459666202645e+00,-1.908831393680213928e+00,-3.033697346542298057e+00
6.805576515702788098e-01,2.168550932232189421e-01,3.005144365486676072e+00,2.494147661198474086e+00,3.039432502648177437e+00
-3.471442287951408634e+00,9.233154675298452796e-01,-2.994211343387640056e+00,-1.640333303210677274e+00,-6.637635681095881424e-01
1.512766575735660091e+00,2.063089589638166466e+00,4.688638694196391454e-01,4.156129432511908028e+00,9.807922535505256834e-01
-1.001081019457398913e+00,1.880532722589349781e+00,3.584961830620887469e+00,-1.257361488373225367e+00,-2.455305323641037596e+00
4.473739641972784398e+00,-1.682428403166603470e+00,3.210554733188374921e-01,1.401504389529936168e+00,-2.963057765887002204e-01
-2.107850580338201052e+00,2.929558719088813490e+00,3.355099797409971885e+00,-2.404706965967224885e-01,-8.124843603888449728e-01
-1.399645040398221463e+00,7.527714560277505573e-02,-9.885461218543493134e-01,4.188344823171136766e-01,-4.677892832636019627e+00
-3.852219485135285559e+00,-3.924593710713578099e-01,-1.650291843630579125e+00,7.944784200434351629e-01,2.579093164531669036e+00
-1.357184819844168944e+00,1.328229907166190715e+00,-3.855439743351751769e+00,-2.248464269602332255e+00,-1.214021207475087571e+00
1.171823542745281221e+00,-4.228500245393610690e+00,-1.000248821239750230e+00,1.423353081382228158e+00,-1.649297899320278482e+00
-3.185585033941003563e-01,-2.679287653967786120e+00,2.408898503180862072e+00,-7.302263696007931237e-01,-3.374005868063029823e+00
-5.164989964072450590e-01,3.030083415925797219e+00,-8.160429475534741739e-01,-1.862717559421350533e+00,3.378783876014174403e+00
1.836371047248956057e+00,-2.680972222805576344e+00,1.872917141781174077e+00,-2.132155814111673653e+00,-2.527097600359496710e+00
-3.109547975625192695e+00,1.931666436903092698e+00,1.492681794020930708e+00,-2.967580406820859107e+00,7.514943477357487467e-01
2.199560996932877210e-01,-2.472515747807482178e+00,3.567040220460416577e+00,-2.285010144886510552e+00,-9.451126358456718446e-01
3.866879504425078995e+00,2.216182814743828722e+00,-2.133909958332266488e+00,-7.008101698994978479e-01,3.017781062091789979e-01
-5.994698891147456354e-01,1.229796226529150216e+00,4.267203873021383487e+00,-1.082438691231830535e-01,-2.215285865103636898e+00
1.439825558065570776e+00,-1.497618904432425291e+00,-2.299682434738949954e+00,3.427172693881884169e-01,-3.908714053501999519e+00
-1.751526769391103633e+00,-2.197227408415265426e+00,1.370485856671832092e+00,-9.269859683788205240e-01,3.790357664245731062e+00
-3.277692403901790286e+00,9.969395606324882309e-01,1.303166578747732451e+00,-2.973848966213323841e+00,1.649491804174024967e+00
7.967184349809713906e-01,-2.598229870523770746e+00,-1.540761784014376357e+00,1.969331535982955073e+00,3.370790367492965345e+00
-3.711116307147807269e+00,2.173694257786790818e+00,-1.618130444218482289e+00,3.065994843810821990e-01,-1.946874328290580491e+00
1.461981698220627512e+00,-3.520107252243792062e-01,-3.885547252565120235e+00,-1.008124189555722916e+00,-2.573889300244128098e+00
-2.605725749967530813e+00,-1.432513723427574881e+00,5.665996187732193212e-02,-3.994828152885721018e+00,-4.429846789444616406e-01
-1.049560727391222414e+00,-1.093906682594385948e+00,1.309108009012789120e+00,1.050439401861280597e-02,4.581257068506221941e+00
-2.738783693875157965e+00,6.497550697146643461e-01,2.453384337085525946e+00,2.000420192222331028e+00,-2.656333295472582012e+00
-3.854822585863018958e+00,5.438669750326328156e-01,-2.568510930612013521e+00,1.442727319451190038e+00,-1.079741184740583337e+00
-2.130104461238161218e+00,-4.079048708809792423e+00,-6.624359670531089206e-01,5.116631045223464513e-02,-1.839178407224151046e+00
1.194828373113713926e+00,-4.128696890698915212e+00,-6.536358175582483998e-01,2.216649535774262603e+00,-1.088793918559542773e+00
-5.165548261452284143e-03,4.683548611597148970e+00,-1.338926382838594220e+00,-1.337126699723673873e-01,-1.119706561178058779e+00
-3.634622860131333510e+00,-2.925363172253721888e+00,1.840545745328605043e-01,-9.901478655544296847e-01,1.489126620863351347e+00
1.495674314170753805e+00,4.155201494200409407e+00,2.486457111404325737e-01,8.802516548030774324e-01,2.158840249548920731e+00
6.945080270373737985e-01,-1.699903676592045221e+00,-4.262211851982272925e+00,1.530824289193215115e+00,1.057408726617776740e+00
-1.990127434834234155e+00,1.737017052618606838e+00,1.332860779188125955e+00,-3.755675064762943105e+00,-1.463062371620620805e+00
-1.091289136238730029e+00,3.261467873016760111e-01,1.840430050532894990e+00,3.355592394531781597e+00,-3.009241300579943879e+00
-2.179920568809443182e+00,3.339291323295952907e+00,-1.149337160851041428e+00,-1.986762629031709526e+00,-1.956751930729021760e+00
-4.000710994687995736e+00,8.729640602935301308e-01,-9.724770051909172874e-01,-1.777144528954360148e+00,2.031819648492678709e+00
1.999191517318416489e+00,-4.069663583660870998e+00,-1.750527465315375952e+00,8.147735296520364212e-01,-8.443158659302361091e-01
-2.334881210116454664e+00,-1.434504446251785525e+00,-2.297421435666800349e+00,-2.962541193279236929e+00,-1.853572537936216458e+00
3.835432215249485299e+00,2.008350793071400631e+00,-2.470837448594318086e+00,1.139142549864606696e-01,-3.714467112934328741e-01
-1.697197821449697441e+00,-1.899549210737182525e+00,3.596412652061381721e+00,2.292820286056347356e+00,5.657062159773920129e-01
-1.931434313600416175e+00,-2.294266150303404306e+00,-7.894252256328735395e-01,-2.106953307240461370e+00,-3.308090068009311935e+00
-1.557220585366951404e+00,3.690259557197638873e+00,1.226115308350728128e+00,-2.522442332958668043e+00,-1.044497188386318776e+00
2.667647157521852996e+00,-1.834280324284962349e+00,-2.120075227693744679e+00,-3.153525369571516634e+00,-2.821933863413075283e-01
4.728634700809768998e-01,-2.877045404549139818e+00,-4.410904547159304467e-01,1.787356062834796644e+00,3.620746800624402351e+00
-1.289003194880353753e+00,4.530026911275409240e+00,-1.100517711490466288e+00,-1.193566744496967980e+00,-4.261292524991873720e-01
1.273434687224358042e+00,-1.018061036654394291e+00,3.705678789886190039e+00,7.649742986277406898e-01,2.832785705210791427e+00
1.233911464830548255e+00,-1.499034137405701239e+00,-4.471903587116674572e+00,5.990023943420518665e-02,-1.108534808069110422e+00
1.841389348881164123e+00,-2.167145270726527961e+00,-1.900506382335361399e+00,2.293788789577042575e+00,2.835379184678461062e+00
-3.190663075928910519e+00,-1.919043179827387924e+00,-1.135094191703134081e+00,1.709664258993730535e+00,2.631644297267979216e+00
2.808943539051247384e-01,4.707519443566717143e+00,-1.504430238289629962e+00,6.676269747284280243e-01,2.265456490871090023e-01
4.317669104952523984e-01,-5.091593448229071450e-01,3.278819624232355068e+00,-9.681488985166625261e-02,-3.714068233814869835e+00
-2.376735206903061837e+00,-1.019525668454738465e+00,-2.380324846006818706e+00,-1.701734980311509160e+00,3.122474796038581690e+00
1.395745690975819464e+00,9.006592398456922943e-01,4.155755366400261330e+00,-1.175835400183886659e+00,-1.894152936304997370e+00
3.082462641590361763e+00,3.057901129665526740e-01,3.429782239181227599e+00,-1.908273818217359752e+00,1.138646045846724306e-03
-4.390527728617006353e-01,-1.748612368693756691e+00,1.035168994404096710e+00,-3.634831303973555361e+00,-2.732400774295743684e+00
6.410607340745166915e-01,-1.936817949844810594e+00,-2.779108177261105705e+00,1.725256495869959439e+00,3.183995151837662796e+00
-1.204547503074390402e+00,-2.644825900864332446e+00,2.817521228743284478e+00,2.295932720807261074e+00,-1.828723143086981251e+00
-3.786433557269474726e+00,-1.367764260291929768e+00,-1.897080221249724807e-01,2.817445585989506895e+00,9.045181485085733719e-01
-2.943288224697104827e-01,8.866678627753771247e-01,-1.942618736311552574e+00,4.175050850845667405e+00,-1.709495096093908373e+00
5.073433205294782811e-01,3.084272343666841554e+00,2.375287445392991081e+00,2.269158281114496134e+00,-2.106845298595488636e+00
3.105326396652243304e+00,1.000806340300386843e+00,2.167022518208545190e+00,2.621554094536972190e+00,1.669371790363930463e+00
-3.135415278548465245e+00,-1.713635617653001209e+00,-3.863708945784873339e-01,1.345110877372181823e+00,-3.205310945969753966e+00
3.966538614618781988e+00,-3.738051180382144234e-01,8.243889687656528187e-01,6.740355421870614094e-01,-2.827171743724219866e+00
7.229936310619660134e-01,-2.121568212450329671e+00,-2.278426781181498662e+00,2.487468314394994717e+00,-2.932149606865240177e+00
-2.248263351006416944e+00,4.208137873566674125e-01,-6.554484059741253477e-01,4.103112141783112676e+00,1.582114344777237225e+00
2.371991689576269824e+00,6.790769304362346270e-01,1.699659062330658665e+00,3.402475270717177924e+00,-2.108751064285623311e+00
-4.445712704989706943e+00,7.292103481286632549e-01,-1.453397629116310430e+00,-1.605953358680804799e+00,-1.115345430622569078e-01
-6.246066649135044724e-01,1.309792257920365355e+00,3.279922894003311384e+00,-2.177699848830018770e+00,2.719198398983816656e+00
3.423464734925872222e+00,2.039816088513057013e-01,1.685906280329263041e+00,3.196201679632982628e+00,4.246122337227473120e-01
5.370029256704798026e-01,4.215590643052798292e+00,-2.086581198233898427e+00,-1.608208034251861207e+00,1.640761322016213997e-02
1.834481675408904833e+00,2.424524720424581670e+00,3.892401205277328802e-01,-3.713205010227579539e+00,1.347945675178121139e+00
-3.137766036251233626e+00,1.489572230273471964e+00,9.145256929641675248e-01,-1.758852230833315211e+00,3.000946593917894756e+00
-4.745218588365734957e-01,-4.822581817341851096e-01,-3.851068025338871159e+00,2.762661365898382737e+00,-1.441954677936089446e+00
-3.495085593490833364e+00,-3.527252982507680379e+00,-3.803927943583813032e-01,2.955019061129395275e-01,3.329309794046578230e-01
9.295112430237550960e-01,-6.807057567020130540e-01,-3.576733437886906675e+00,-9.755478445981740077e-01,3.150862237402127342e+00
-5.430361360363180623e-01,1.743581293427987511e+00,-3.251946472514159137e+00,-3.210555765162179220e+00,-8.844274118622386105e-01
3.597424780034676584e+00,1.353326954685495132e+00,-2.014966096452729172e+00,2.294443470608038549e+00,-9.499904715544931211e-01
2.106189574307172907e-01,-4.912253389595599984e+00,-3.327204088901470347e-01,-8.451568088444978422e-01,-2.033197356629730390e-02
-1.110209026431839829e+00,2.225224517941582381e+00,3.655928191159570684e+00,-2.253312556055778515e+00,6.103960584628621566e-01
3.153964883783202944e-01,3.636023717114253984e+00,1.333129804505265081e+00,-2.550539288101950852e+00,1.843195824618050871e+00
-1.672762403311297774e+00,-3.944775423401973846e+00,-1.763666465910113557e+00,1.138163754140140149e+00,-1.494883496055040784e+00
3.388971528207019634e+00,-6.068143313677168971e-01,-1.467352133528735614e+00,-3.076021303528244655e-01,-3.301349268689999672e+00
-1.759534293135113892e+00,-3.450506961795799743e+00,-6.191823304762285318e-02,1.770171720148826955e+00,-2.619293605436747718e+00
4.244895851805998710e+00,-1.676210733669019959e+00,6.260894640334828398e-02,9.434761286944263192e-01,1.810278900630239773e+00
2.404135768253054639e+00,-4.216112723082443003e-01,-1.735154926535423803e-01,2.212979200964406257e+00,-3.756992224210353282e+00
-1.817974493148181825e+00,-3.155994280546249087e+00,-2.094569747652240910e+00,-2.707798616801785130e+00,1.235842485446444344e-01
-2.808995000620750027e+00,-1.833326279616598331e+00,3.097313096237618524e+00,1.743066777012600710e-01,-2.030943279596571838e+00
-1.772442719203095374e+00,-1.293216604167419792e-01,-3.100681782739540537e-01,4.661546761364851577e+00,-1.247486742283366451e-01
7.226840680018082885e-01,4.173870025668032113e+00,4.106908316379482421e-02,1.812391657660405109e+00,-1.941671073157694494e+00
1.100520066991582002e+00,1.804804291701237906e+00,3.097227244213982100e+00,3.193379268613829147e+00,-8.608422011563477971e-01
-1.523946578858613510e+00,-3.732189377043208189e+00,2.754537351224322084e+00,6.523283827710930627e-01,8.575202274070857777e-01
-2.882758480662389822e+00,-1.253515696802727897e+00,-3.367952374662857018e+00,-1.138437846914521545e+00,1.574565975357557157e+00
-2.762097914824574119e+00,1.484291429375436122e+00,-2.184551449954082347e+00,-3.195233200217989733e+00,-4.311772493216527447e-01
-2.638215946938566869e+00,1.236780029721277430e+00,2.013424771375621702e+00,-2.351312025318344379e+00,2.632041835724890255e+00
2.174431410000485787e+00,-2.298259745017255273e+00,2.326399052935505640e+00,2.791603757043092493e+00,-1.335913955986760548e+00
2.814686242266860372e+00,-2.743611868041366364e+00,-1.101637116116100268e+00,-8.980987197408150102e-01,2.744075368704645967e+00
-3.715854403542064310e-01,-4.510330931545865063e+00,-7.996149375388362790e-01,2.604548993854371441e-01,1.952336637342100278e+00
2.002418067520127298e+00,4.090273642275433774e-01,1.814326242303759162e+00,4.128240943331299206e+00,-6.991891721651974922e-01
3.966570831775291239e-01,-3.589671369886023644e+00,3.423985430631980575e-01,-8.656645669877091054e-01,3.330211811545306322e+00
1.804034117999860909e+00,2.688790074672579689e+00,-3.657827115688581099e+00,-1.001126623789548642e+00,-3.659441355012828523e-01
2.812405942806949000e+00,-3.230990565090998135e-01,-2.769266003746019500e+00,-2.029278612459214093e-01,3.045647040642397663e+00
-2.776269336324734827e-01,3.086011820449420906e+00,-3.427110806436840740e+00,9.477644668600937461e-01,1.660153115085929665e+00
-1.001332190837941116e+00,4.811674220526265700e+00,4.300678036361813561e-01,-4.545205221216102043e-01,-6.734818619387531458e-01
-3.411363357706154176e+00,1.354642405385880544e+00,-2.708852488556464433e+00,1.661138872503266306e+00,1.195943074201350598e+00
2.808118481570488711e+00,-6.691468647044154228e-01,5.261567390814955170e-01,2.143323332004196669e+00,3.434535958077024276e+00
-1.091925805674500927e+00,-1.772038903454844716e+00,3.156534241667459106e+00,-2.361400082902385567e+00,-2.264433127560646852e+00
-3.701281075501145601e+00,-2.632698621778737369e-01,1.310339895766138074e+00,2.273507974912901908e+00,2.084557081342927720e+00
2.335777666927422391e+00,-5.217900749423453055e-01,4.064008862386700116e+00,2.873419299534945015e-01,1.634975348470953271e+00
3.493701923620776029e+00,-1.554042211709198540e+00,-2.092455930370141992e+00,-1.230668492819326998e+00,2.118037514624115492e+00
3.416044203769748600e-01,1.387587952984462358e+00,-7.271956807572512727e-01,-2.588114003981211830e+00,-3.966202016664763796e+00
-1.405050210422421397e+00,1.794056591158781133e+00,2.141459496294127351e+00,-9.111803317131961233e-02,-3.900390183516815323e+00
-1.945349852339951946e+00,2.144474695858832103e+00,2.127162717247951917e+00,-1.165013771691427280e+00,-3.276394957410007969e+00
-3.321078799902300038e-01,-3.256485029133394882e+00,3.018665306446120855e+00,2.271811756346119981e+00,1.074277546287106394e-01
-2.634817046414438479e+00,-9.823338358587459240e-03,3.732305501769499934e+00,-1.121506055565037130e+00,1.694037320350251230e+00
5.519808931999963253e-01,-1.519954711099267719e+00,-3.128412058115014993e+00,3.523732550448132717e+00,4.259127578532324043e-01
-1.589027898645286818e+00,8.357438065900509860e-01,2.483720679253402785e-01,2.398542015173799058e+00,-3.995225919068134512e+00
-1.365266098913373138e+00,-5.660716203239533062e-01,-1.654933531352195120e+00,3.910020299956820100e+00,2.188275042254379077e+00
3.704417660961550340e-01,-3.484474355816019386e+00,-3.399812650823550886e+00,-4.688780264857883573e-02,-1.077166112934780484e+00
9.235414771328583072e-02,-5.422681066084675816e-01,-2.358042371621393851e+00,-3.014977056556238821e+00,-3.169694864499270182e+00
-3.975366364427920907e+00,-2.002328735180303632e+00,9.242182109230341336e-01,1.988264795517433514e+00,-6.162513337515936884e-01
-1.014462554802541439e+00,3.703784822017302525e-01,-3.353751750278379795e+00,-3.528853237012030686e+00,3.650062108510697678e-01
2.303359988214223275e+00,3.193345691706710898e+00,-1.422107534700236819e-01,-6.752470442856691735e-01,3.003480246103329865e+00
2.206543919925390007e-01,9.719577753743706694e-01,-3.963230058896292096e+00,-9.085923824117301262e-01,-2.733839261015171829e+00
3.359393044017682683e+00,-2.136746852196147906e+00,-2.491200155281275030e+00,-7.152124263921906255e-01,-1.559225524706483235e+00
2.655293961527354085e+00,-1.809944423621360876e+00,2.932600000358158265e+00,-2.154806830864671952e+00,1.195901300625008545e+00
-3.433551368153758609e+00,1.108156636690525110e+00,-3.579732964601893830e-01,1.804100551044835132e+00,-2.932539887460927197e+00
-1.290054984369536806e+00,-6.478876567593180313e-01,-2.824985267739876238e-01,-4.708334539413844055e+00,8.171781744854526019e-01
1.374830890111024884e+00,4.192407421671404122e-01,-1.693765342428616538e+00,4.351160626904599482e+00,1.064254380947767142e+00
-1.186142257775953252e-01,-2.981760701441365846e+00,2.301519887370301554e+00,-1.091819679507798790e+00,-3.099349896391428771e+00
-1.263086147607552778e+00,3.120731313970737997e+00,-1.526207110317125748e+00,9.592856015921432666e-01,3.227400260382933705e+00
1.695871324704794958e+00,2.332421644870672051e+00,-3.919693158236273511e+00,-1.125042220480114263e+00,2.326268857972191573e-01
2.154843496325627328e+00,-1.402889447045376325e+00,2.018452404462232064e+00,3.727079752929127743e+00,6.505975037903591884e-01
4.216835951498371315e+00,-2.258032134085855791e+00,9.333971528409112928e-01,3.314514152384263612e-01,1.067002883778403577e+00
4.167325505815037134e-01,-2.639307887372330796e+00,6.265723620087927381e-01,-3.596133610959518556e+00,-2.129699036069185425e+00
-4.557248233558215844e+00,6.361991278498648761e-01,-1.665260229618608645e-01,-1.046337159715004850e+00,-1.644441193636803744e+00
-1.816200623540417780e+00,-3.354962621176251325e+00,1.812666684953014862e+00,2.208066835882919854e+00,-1.511397182443125597e+00
-9.591922531283857412e-01,-1.733233462704954597e+00,-4.214250785392049892e+00,-1.190591540381823688e+00,1.377836741813779797e+00
-1.073708270100203643e+00,1.677825295451903287e+00,1.726789544675350063e+00,3.825829030560862876e+00,-1.847507219465675421e+00
-3.313549646906253532e+00,-7.389061471979428697e-02,2.415032567379300943e+00,2.581072850525256701e+00,1.233129982330551266e+00
-2.340510646559494923e+00,1.937587764747668695e+00,-3.606662719684613272e+00,1.660133503096836494e+00,-6.086333522241359900e-02
-3.688101086117201888e+00,-2.201506783650644117e+00,1.011768313046213619e+00,2.164924161945485093e+00,9.169004928898077944e-01
3.429337133973438867e+00,2.655150884450450111e-01,-3.241791856711865094e+00,1.598698549357310039e+00,3.226407683451238406e-01
1.761520030973492412e+00,1.035107703018559033e-01,2.718156103713324168e+00,-3.622678860094948217e+00,-1.172244843613242216e+00
-4.123463450858793067e+00,-2.172312316832417434e+00,-1.740178661727403764e+00,-4.993789832778144921e-01,2.252163179932755582e-02
-4.836772845637477003e-01,1.989119640237320796e+00,-3.981614578682858507e+00,2.223059781493738729e+00,1.192052681064188074e-01
1.902449096766648529e+00,-3.416252909426751860e-01,-2.721320062901162906e+00,3.209114413383556741e+00,1.886791295259126588e+00
5.393281889599318424e-01,-1.925594999492000747e+00,4.461343328249543383e+00,-1.400959373822163734e-01,-1.038266747197888806e+00
-2.535870892530504572e-01,-1.422862265468942899e+00,1.390911776134700295e+00,4.420318125442400436e+00,1.198878084946065181e+00
-1.155118505104974158e+00,-4.605636934562686718e-02,1.307715360980300279e+00,-4.314094567574735528e+00,-1.828127087126350192e+00
7.598774306269910628e-02,-3.661804058613046919e+00,-3.271452176552373192e+00,-1.519367980073355329e-01,9.273255982508350481e-01
9.921121903630698569e-01,1.065210233199870710e-01,-1.059882804287169827e-01,1.631580993378514144e+00,-4.618557850647926344e+00
-3.845666635091869345e+00,-1.368473791100267789e+00,1.084521558158026533e+00,4.341711131661706302e-01,-2.640726424527041427e+00
1.289735236766434978e+00,-2.537473482871481334e+00,-1.989622927611967018e+00,-3.525679652389993812e+00,-7.132986312976167254e-01
-8.897505073824077959e-01,-3.732814816897466859e+00,1.316300956020984403e+00,2.909565506249059297e+00,-2.760759594520771354e-01
2.057579661375946944e+00,2.706218551561835550e+00,-1.434118102108635773e+00,-3.343698477379570377e+00,4.535778321837056204e-01
-3.490045473676521848e+00,2.764233424475247558e-01,1.241761261560619056e+00,-1.342302204251009101e+00,-3.065848412620953312e+00
2.211607644690988028e+00,-1.561978209840255483e+00,2.064713491553336500e+00,1.349620216385745364e+00,3.403600911865128698e+00
-5.585764637631035479e-01,-3.837572016925282714e+00,1.559070678632942020e+00,-2.211802987118860475e+00,1.624271995153837578e+00
6.823494062323292031e-01,-3.350667323441335554e+00,4.573413787171414779e-01,3.614193153278767223e+00,-1.894056217298029088e-01
-2.263999559000033468e+00,-4.188347629107175979e-02,2.631439281394426732e+00,-5.469946742971991682e-01,3.556525819656918941e+00
2.395339623528120576e+00,-3.102859232390476896e-01,-1.098837956319219877e+00,-3.894947667806351266e+00,-1.669733075853120585e+00
-3.127228193776473208e+00,-5.564237336902100317e-01,-3.776469668542377978e+00,-2.106880527315303231e-01,7.776399164468118519e-01
5.123643048434176617e-01,-4.171612821101521873e-01,1.264184039182694619e+00,-6.270243221195964667e-01,-4.751014470444888005e+00
-4.713600092556373689e-01,3.649363860116752040e-02,2.239709656743900101e+00,-4.290601264501956891e+00,1.162294884510166604e+00
-4.478113976208421221e+00,-1.381625247978949700e+00,-1.164088021420917496e+00,5.551468564089504509e-01,1.172313071000023355e+00
2.005878542179546573e-02,-1.324254129334089036e+00,1.547574337285443358e+00,8.310172532728796746e-01,-4.490030360855851832e+00
-3.387957230852980256e-02,-2.912441521189013671e-01,7.058643177232627464e-01,-4.941094890009435581e+00,3.695769641707338099e-02
-2.706225551443292687e+00,1.344921465091262203e+00,9.016455875212989746e-01,1.505357587404746011e+00,3.576096095744430325e+00
3.711254248020059876e+00,7.236045773922664681e-01,-1.535346298111245567e+00,-1.736921050202949734e+00,-2.308420527626628083e+00
-1.664001389455520785e+00,2.268646963192476385e+00,-2.267720072937911446e+00,-3.196164589225687358e+00,-1.313894182064108573e+00
-8.490142234053904557e-01,1.381897834712490170e+00,-4.428267729030807565e-01,5.020292307854761216e-01,-4.682029936203896625e+00
-4.660643053650511902e+00,-8.436327588161235402e-01,-7.713932718400031696e-01,1.399021829355858726e+00,-1.199184550320926551e-01
-3.176643443376725884e+00,-1.176144428926096275e+00,-4.014264967456114830e-01,-2.742121964745973806e+00,2.417694069589036321e+00
1.931335064903427101e+00,-1.716295816199462809e+00,3.044878848515352843e+00,2.752092694946746132e+00,-1.216129982631488415e+00
-4.135990220327320444e+00,-1.158084970235367051e+00,2.355498862106017111e+00,5.557836623944417687e-01,-8.337587962380937912e-01
-2.319153117136541820e+00,4.281339321516999114e-02,2.597544651940664195e-01,-3.746896613812412458e+00,-2.347975556910693040e+00
5.042394215801919710e-01,-4.647885903204846889e-03,-1.687327448023599574e+00,-3.426682083294001036e+00,-3.186925946120988673e+00
4.114345370371998989e+00,-1.765576630862524532e-01,-1.666894398764986018e+00,-9.581976834503422857e-01,2.084300800676412546e+00
4.278636921935711435e+00,5.384809168480363395e-01,4.625288739497501744e-01,-7.641144939578544681e-01,-2.367593815105393240e+00
-4.173807277609978272e-01,3.841158970540860640e+00,-1.813991261423840928e+00,-2.276657243614810255e+00,-1.263945643491575677e+00
-1.104606666507719881e+00,8.728573230965025465e-01,-4.688090499714676618e-01,-3.045721125994921064e+00,3.677195276723360440e+00
1.695795485465046770e+00,-2.215407135333594901e+00,1.854269004377483876e+00,3.640864560286960927e+00,7.225237776300040826e-01
-4.176245777686514726e-01,-3.960772317651928720e+00,-8.534994367552229955e-01,-2.110338432697060007e+00,-1.988940112398049020e+00
1.893380668380328369e-01,-1.046551032438064022e+00,4.320214275164853568e+00,2.262674585239627945e+00,2.914350200668308077e-01
3.208694827531650695e+00,2.434602717490664148e+00,-1.489587260364842569e+00,-5.361417175339158181e-01,2.504130380838274217e+00
3.328778569091299655e-01,2.044676282150587401e-02,-3.674107199752099095e+00,-3.493883851606170432e-01,-3.356730299460227940e+00
-1.949635890274270977e+00,-4.195665113455339323e+00,-7.152490613614403969e-01,1.674994450395097312e+00,5.273770211674415620e-01
-3.213692128705016859e+00,-2.842714074219052200e+00,-1.436233960748941330e-01,-2.509924843440496378e+00,5.203933075246596207e-01
1.230475830656711844e+00,3.332065189471834721e+00,1.067071293156216072e+00,3.328664911744532606e+00,-4.057333655522821769e-01
-6.541557453884513373e-01,-8.684683772313277483e-01,-2.847246602551727346e-01,-2.748568989748313207e+00,-4.022703483350590581e+00
8.593794171440092278e-01,2.688026177897167093e-02,-1.132058781814597070e+00,-1.411489208101174286e+00,4.581144573012981169e+00
2.469007217906626472e+00,1.889119934202450279e+00,1.843486999527464532e+00,-1.468207270150490240e+00,-3.127483385499334023e+00
4.859254014779543773e-01,5.914424966957622098e-01,-2.241362759137591976e+00,-2.955138165154454488e-01,4.393522145557065883e+00
1.876395233849462718e+00,1.229128541678401687e+00,-3.769476518290901357e+00,-9.346065167527595197e-01,2.210416565110596032e+00
2.487602451213994481e+00,1.516804190399864805e+00,-2.210813495982324461e-01,-2.561167694326596411e+00,-3.146852740611982835e+00
-2.257498244268160814e+00,3.834099298148208046e+00,-2.248905719594461061e+00,-7.421987320979035740e-02,-3.745647125152464785e-01
1.339406994923687089e+00,1.974107039858840729e+00,1.583109781496578439e+00,1.578537457823460333e+00,3.782971479023780059e+00
2.834495913445451154e-01,-2.198923560154646406e+00,8.558384176844411328e-01,-4.191051342197193996e+00,-1.336794956470852558e+00
-1.251700445260791605e+00,3.637307798780218260e+00,2.314571840601077124e+00,1.824313466188292709e+00,-1.232020918672707133e+00
1.335887790989686463e+00,-4.906321728639732177e-02,4.072328568166865281e+00,2.195902841074658607e+00,-1.344301809879926646e+00
-6.205036061420821092e-01,-1.829881990882349374e-01,-5.743054905056741433e-01,3.800592354918927995e+00,-3.131638796072425901e+00
9.523693170693399157e-01,-1.922293973636817865e+00,-1.417070889918546239e+00,-3.104566476646425155e+00,-2.958269028985212490e+00
7.314889327615832493e-02,-2.999936548151522331e+00,1.960564601758466585e+00,-3.423405856381264822e+00,-6.568932419376330989e-01
-4.154774133269402370e+00,-9.233107846942261165e-01,6.510868541508917084e-02,-2.506670096923709234e+00,7.731202886063822666e-01
-2.154900906744614542e+00,3.005120536166339562e+00,-7.444931929167880602e-01,-1.419227028360351639e+00,-2.959252806519675705e+00
4.113749322883248460e+00,2.032006249262544806e+00,-9.326243178233872833e-01,1.564788167244867356e+00,7.935155857892716158e-01
-1.263308151821503467e+00,4.182536122790334154e+00,1.981181329982871497e-01,-2.750879311646529657e-01,-2.407388612293444918e+00
4.167214342635580770e+00,-1.820175373388486506e-01,-5.912098480339446072e-01,-2.643879859366767615e+00,5.114337136480561208e-01
-1.307925619973634879e+00,1.688354290847783323e+00,3.729538554585017263e+00,5.369089837308884672e-01,2.498211615185036205e+00
-1.095598111607778147e-01,-3.206098643811639448e+00,1.330599257135118618e+00,3.436781835232622484e+00,1.061585779790843453e+00
1.033277355606038617e+00,3.693508398492383993e+00,2.713112474196688328e+00,1.716997939337480961e-01,1.702901494443954444e+00
2.391503102797368108e+00,-5.015739052681897903e-01,1.068265392827607352e+00,2.453045530450391531e+00,3.445361113568331746e+00
-8.019401911574509656e-01,2.055975162067728013e-01,7.811438075818186721e-01,4.086351063707094333e+00,-2.646917249774241476e+00
4.408749898776656018e+00,-1.636320386552584938e-01,1.791931069848999858e+00,7.822738519592471462e-01,1.308884848798016254e+00
3.803546590595006105e-01,-3.042659726507990658e+00,1.955110181658577417e+00,-3.150766852780330307e+00,1.359325030672852375e+00
-3.321427289093293878e-01,2.971197936888597013e+00,8.560076031226080406e-01,-4.294993880200342340e-01,-3.891586474247786143e+00
3.581143988654333921e+00,2.233885928887738181e+00,1.494155913635463184e+00,-2.059096716576813257e+00,8.442631146586133672e-01
-8.392404770123991220e-01,1.673182604741691781e+00,3.622462223507408652e+00,2.416888142675350515e-01,2.883659020975523735e+00
-2.304487316196391689e+00,-3.259971469441178105e+00,-6.960603263871305568e-01,-1.453788564400801064e+00,2.542424641944530439e+00
-5.529784047264373337e-01,-1.274822571025896689e+00,8.274596555161811695e-01,4.647595142672528823e+00,-8.855575670778793596e-01
-7.767460366875618138e-01,1.292999293716576403e+00,-5.337004462839636254e-01,-4.205879049370660483e-01,-4.718377694589056759e+00
-3.423938077880200659e+00,-3.088582250432521104e+00,-5.247938345323031051e-01,-1.340905308723178813e+00,1.289911665746957814e+00
3.030529775568170936e-01,5.525764164390657429e-01,-1.218684392594584359e-01,-3.041904574179260745e+00,-3.915965122659937681e+00
1.326234435999684713e+00,2.012847376858089898e+00,1.304578943775268840e+00,3.312603773272095431e+00,2.552308304066297495e+00
2.353753790737073359e+00,-2.585130776602327707e+00,-7.220098977430814413e-01,-1.414110616234986351e+00,-3.202488849795863679e+00
4.930307124329962876e-01,5.108310226469056081e-01,2.731547543304682080e+00,2.572188925589267150e+00,3.227764634021726753e+00
4.247529858473062525e+00,-8.365323253832169792e-01,2.435266220236151025e+00,-3.060715693792988648e-02,5.720536762312290469e-01
-3.837098221428461908e+00,-1.050907575215563439e+00,-8.404942865779838068e-02,6.506542054159716315e-01,-2.956662866473261708e+00
3.280514015858718047e+00,2.873813520790185816e+00,-1.029774897381998011e+00,2.189915321442082341e+00,3.510814508246495880e-01
-6.336693375701016873e-01,-1.327871745279653126e+00,-3.542861203144466731e-01,2.940229317367761386e+00,-3.750300348632771730e+00
4.246473770606616349e-01,9.179626359950026071e-01,-4.185652159735629319e+00,1.730959409255450110e+00,-1.860407139656017783e+00
-1.507632868040708285e+00,3.982049531124901343e+00,3.395554375252150536e-01,-2.409764416294915002e+00,-9.736848718539211633e-01
-1.822019478544937288e-01,4.370782014520173120e-01,2.963583718922051524e+00,-1.528802672302122856e+00,-3.695361826143081174e+00
-7.072973978470083189e-02,-1.362051759381537552e+00,1.198000850042319598e+00,-4.183953262943063578e+00,2.049180657111914883e+00
2.476138634397517801e+00,-3.375052270136067900e+00,-1.203892583176484204e-01,-2.613749859616851356e+00,-7.947186514282753578e-01
3.346514959776418330e+00,5.633534845664636137e-01,5.823581542956511869e-01,3.445686235415870602e+00,1.127641708438649637e+00
2.368192595331461980e-01,-9.783502594739513780e-01,2.156748365324743233e+00,-3.868195353837676542e+00,-2.090992252811827434e+00
-4.390413798490909736e-01,1.478175692993584311e+00,1.906129067286298495e+00,-3.158319327777661556e+00,3.002320817310415002e+00
-1.905126506102490236e+00,3.657606778803223602e+00,-1.972053072154247522e+00,-1.606665065775555679e+00,1.233709728591720012e+00
-1.218609902842649140e+00,2.514322383417046947e+00,-6.883628738876668152e-01,-1.672593180387240475e+00,-3.731187674684437905e+00
-3.685650992363116885e+00,-1.241228724883579160e+00,2.461411390956883771e+00,1.944230000964483063e+00,-1.917072842486648998e-01
2.587685901758093529e-02,2.613855330972088442e+00,-2.251742103496583436e+00,3.618388282416776569e+00,-6.335956065135842086e-02
1.476094778654680306e+00,-1.984403075237555880e+00,-5.316095332104517901e-01,-3.382996320937539103e+00,2.675073052486410585e+00
-3.947959696318256828e+00,-1.062510578052357213e-02,7.553966143942761891e-01,-2.912261044510610297e+00,6.013425870179529564e-01
1.493791438822662965e+00,1.014452025195258900e+00,9.956010613613514026e-02,-4.443973546042573552e+00,-1.407359631798963395e+00
-3.302250584562197222e+00,5.186076800109096219e-01,6.753120169567080611e-01,-9.779747132008090871e-01,3.523308997389526631e+00
2.021012578522257686e-01,3.377544891989511022e+00,-8.639453872174938098e-01,-3.243618100878142396e+00,-1.511252979395374618e+00
-5.273552072244049871e-01,3.186347077696805474e+00,2.792428880431877758e+00,-2.192557815137184285e+00,-1.401470642174554193e+00
-4.370170642092690572e-01,4.163935195376027742e+00,8.849063555464324882e-01,-1.413774816735034578e+00,2.165373243525944069e+00
-1.742326550917816963e+00,-1.142471148374611722e+00,-4.825881797391875505e-01,-4.278425461386967221e+00,-1.456448449218219254e+00
-2.900488032872775346e+00,1.747466346414640936e+00,7.719180174153713603e-01,-2.166660472156693551e+00,-2.871107018571990022e+00
-4.495663774104727395e+00,1.776031632781704950e+00,-3.645911129517827032e-01,-1.211759052492594302e+00,-1.828447117638951347e-01
1.293935751715272531e+00,4.469701278552624224e+00,-3.781455607460388890e-01,-1.757250731367127949e+00,3.414330870548734631e-01
1.496572174478471573e-01,7.771553282777461380e-01,-4.109976905475914322e+00,2.376994726718199669e+00,-1.353372904488553408e+00
1.069971861120542433e+00,-2.674202948906969635e+00,2.379975747877770331e+00,1.328188702466973847e+00,-3.045558900205387332e+00
-2.842743699787810385e+00,1.326444604124365767e-01,-2.351524050678274858e+00,-3.363251088143210499e+00,-2.451335587465686972e-01
1.346215826944138216e+00,4.209839202670301539e+00,-2.763262199033147404e-01,1.036803094396064745e-01,2.319019415307651766e+00
-1.449994604512273133e+00,1.015339062291853445e+00,4.512901880618505501e+00,-7.919926513149682101e-01,-9.343802714326935321e-01
-2.890349970278603298e+00,1.115256299419452146e+00,-2.075622722397266195e-01,-1.571826781586508570e+00,3.590036059393524326e+00
2.025679349678291441e+00,9.434616312699443119e-01,-1.496938757206834003e+00,-3.597320961958611729e+00,2.196579062185929132e+00
3.400476851493969277e-01,-3.869099632735836458e+00,4.357385973522402978e-01,2.401973012967597576e+00,-1.988741592952894210e+00
-3.290322809380751834e-01,8.812581374252604904e-01,-7.668796892397715670e-01,-1.361097217021366212e+00,-4.655580711508570779e+00
1.772406172692848392e+00,1.376644792245604432e+00,-1.482114236036884858e+00,-1.397524314453851613e+00,-3.976642887767323220e+00
-3.810304867385177818e+00,-7.489415924713732631e-01,-3.694785588683753286e-01,2.166973640988031136e+00,2.255742481412026823e+00
-1.914001543341627309e+00,-3.397488103190048570e+00,-1.994506654040296256e+00,1.788506823873229123e+00,-1.617670927202388365e+00
5.062735241222859894e-01,-2.001377668823890454e-01,2.119639447398598442e+00,4.456518009235349354e+00,-5.917836086213362767e-01
-2.875329084322938641e-02,2.717958566691704991e-01,4.024040549153420798e+00,-1.675091282102506796e+00,2.434433633508290118e+00
2.944309045489461152e+00,2.260785231946098151e+00,1.924279016345134208e+00,4.603868133854845945e-01,-2.702792746212317798e+00
1.252196695598753351e+00,-3.440725075157628154e+00,-1.458992060096201193e+00,3.035385911186707197e+00,5.011875212518576150e-01
-1.454591086417963863e+00,-1.932703217472510948e+00,-4.352916301418555456e+00,4.443352789398029024e-01,5.923577651139869810e-02
1.445191798395841332e+00,4.503238259769394958e+00,4.021477520900936242e-01,1.476105443918951821e+00,-5.400516137557880292e-01
-4.862308272803284592e-01,-2.978785532164694438e-01,8.242367677585496488e-02,-3.222616019288829570e+00,-3.779259223692616132e+00
3.374791110345710443e+00,-4.383587643851049598e-01,2.547705464623770677e+00,1.939558141323634022e+00,1.779308190609406370e+00
1.405266513626986180e+00,5.069191450283951905e-01,-7.621725781124523147e-01,-4.596379447378647676e+00,-1.029877634950344900e+00
3.938149378803342149e+00,1.083158002206487114e-02,-1.490168717022230416e+00,-6.498836821751594606e-01,2.616851264698829116e+00
6.115747061917663485e-01,-2.006898131797711038e+00,3.221164015164795558e+00,-3.105197849053021653e+00,-7.616987416145628575e-01
-2.451827685394305512e+00,-7.476670797810377467e-01,-1.819143618390400396e+00,1.685981176474627086e+00,-3.503957606362898325e+00
2.566050716873005122e+00,-2.888261296954298007e+00,1.768108648822203532e+00,1.590548037948573912e+00,-2.101732414911440472e+00
1.904358425185325165e+00,-2.328276971698452158e+00,3.749207980597340839e+00,-1.221135584008544051e+00,6.362489569167600889e-01
-2.439723608371398456e+00,-3.072843302472171301e-01,-9.007546242704597139e-01,-1.208036417251999950e+00,4.084435600739482197e+00
3.732313626174503865e-03,-6.875327421701128428e-01,-2.258851742583267708e+00,-4.094678597002363141e+00,1.630484832974024689e+00
1.312827127172097708e+00,1.060505351580213862e+00,3.755088442050205089e+00,-5.043735397411691634e-01,-2.792262784592580260e+00
4.590632972582617377e+00,-4.780770827980335702e-01,-1.123085828749618986e-02,1.800943468632295374e+00,-6.738009383737949554e-01
3.032950903278967658e+00,-2.559243497040551762e+00,-2.421581225272217086e+00,-1.356598410464894267e-01,-1.835489667116458667e+00
1.374505589332437161e+00,1.521691239358499814e+00,5.381839230844074340e-01,4.419559024353037380e+00,-9.864310681170689321e-01
3.339069079302492860e+00,1.936190537468424511e+00,1.875797749678135951e+00,2.311146510463239601e+00,1.114346667666649360e+00
-4.524368511566355444e+00,-6.184115672394505658e-01,-7.314122528079288754e-01,-1.893906817389933384e+00,1.606542515393126758e-01
3.269663001612101105e+00,1.965012832261918474e+00,-2.686027856100813072e+00,-1.110655058353494429e+00,1.414117435908067710e+00
1.117228951129874526e+00,-2.326917676334222751e+00,8.035984785299449262e-01,-1.316439395949169144e+00,-3.994805427103793161e+00
-1.044893355524653122e+00,2.888559719709850704e+00,-9.975098940605306996e-01,1.238188397983414513e+00,3.610579471996260281e+00
2.374752020782360695e+00,1.485885348282358187e+00,1.196223484009000249e+00,-3.043268223844706188e+00,2.541705227911442933e+00
-1.442495194165219541e+00,-3.672693585666504945e-01,-6.005930794732045053e-01,-4.432347535292500140e+00,1.666704566605515581e+00
-2.520245027059315301e+00,2.828532526925734425e-01,-3.859153309740849913e+00,-8.531130759414470299e-01,-1.716826389766300309e+00
-3.407561798613444992e+00,9.617361164954875141e-01,2.914279456351573927e+00,3.485011998501578168e-01,1.961914471848520414e+00
6.001638131027645789e-02,-1.336805106804174414e+00,-4.318321408618071011e+00,-1.805871321307299215e+00,-1.140297822126910443e+00
1.652295620750117822e+00,-5.595888970935093409e-01,-7.994624412869925922e-02,-2.071847194561342143e+00,-4.202122945409578314e+00
8.119297403928769086e-01,3.045299960667266603e+00,3.273092274885032738e-01,-2.342633344097008408e+00,-3.077638044174664245e+00
1.632888277754307005e+00,1.988280188699886208e+00,3.999298590384865015e+00,4.209034594904263391e-03,1.544671755606843444e+00
1.282320193092470806e+00,4.581551382965742825e+00,-1.142857191742274958e+00,-2.587300932480927074e-01,-9.959809364454607072e-01
-1.833292959292080193e-01,2.189547519374902773e+00,2.027178999173716800e+00,-1.092246550316061215e+00,-3.856139884429119480e+00
1.696162967833489965e+00,-8.051744560895123248e-01,-2.786113993786718535e+00,3.597526533524045167e+00,-8.775516714288333908e-01
3.440865964687759515e+00,-1.909877901149771962e+00,-6.167193375061509608e-02,-2.857453107769336142e+00,1.159295529724814200e+00
2.242264086020276270e+00,-2.456457469018111350e+00,8.912446388007617959e-02,-1.101698342404789033e+00,3.566004215326928239e+00
1.653487025963254808e+00,-3.897830882805053410e-02,-2.979693552735327988e-01,-4.690777908441068789e+00,-4.150641196384082798e-01
-2.220803857596926445e+00,-4.687733234372236657e-01,-3.169941709322765977e+00,-8.437300050070318802e-01,-3.014609599179125077e+00
2.505493573206728719e+00,2.285397704507402761e+00,-7.872851997268819346e-01,3.564826300308898688e+00,-4.143123818678886572e-01
3.131808158677714893e+00,1.815121983523942939e+00,-2.772474538452702308e+00,1.841125946742109498e+00,-9.059525506516641347e-01
-1.456619027122322496e+00,4.754664976196732451e-01,-6.202226507156431978e-01,1.640825792581079856e+00,-4.424387777015756917e+00
-3.625989748890018349e-01,-2.713634449610700106e+00,3.075933119071450506e+00,2.526787854341251194e+00,-1.287900867088922707e+00
-3.572110026392810167e-01,-6.348291138321382476e-02,-3.128792960824249736e+00,2.989116135072622971e+00,-2.478751612990072406e+00
-3.524251282752477454e-01,-2.130973500235182616e+00,1.738518011971992072e+00,3.638147085931522806e+00,-2.018957496687960873e+00
5.422264992542247947e-02,2.165315992868007022e+00,2.233351262155252037e+00,-1.032032751864645714e+00,-3.775647903893228463e+00
-1.426157539399965257e+00,-9.318088590231941859e-02,7.533011848887327666e-01,-3.700989865021707015e+00,-2.948322122694013725e+00
-4.018016469461390905e+00,-1.296557087686616372e+00,-1.889676645485008022e+00,-1.844095712665955622e+00,4.504625928333925167e-01
6.847678741359269905e-01,3.658257489365362325e+00,1.454101454580616348e+00,-2.590110427378569113e+00,-1.524848200256321284e+00
-9.071362134806267852e-01,-1.344902165364168234e-01,-3.285734225789915808e+00,3.530770666049203754e+00,-9.469030431291425298e-01
-1.327837770388791805e+00,1.722932249063324206e-01,1.233424514318702592e+00,-3.110240376464167955e+00,-3.465866510451606874e+00
2.090851751613658660e+00,-9.894029352742236272e-01,-2.336621231477963967e+00,-3.252627156413800957e+00,1.900010154291476461e+00
-3.378477213683087843e+00,-1.615934567402063371e-01,-1.311797209537732822e+00,2.893689702913806006e+00,-1.861592666418338204e+00
2.891139573703645826e+00,-8.024225229346787502e-02,-3.539901646382294320e+00,1.222510026476987699e+00,1.615375719581898073e+00
-3.517345823876678046e-01,3.709989407096959901e+00,5.250982134666545287e-01,-3.207655911767588908e+00,7.399167525455029315e-01
-2.185798144426445433e-01,-4.844382999660258982e+00,3.754821404466316404e-01,-3.125796635987945216e-01,-1.116012246093641469e+00
-1.331298685020753547e+00,8.469278283829959619e-01,-2.318060411908203555e+00,1.787620142523821398e+00,-3.733814030928637617e+00
5.916775997868726211e-01,-1.928832752272557904e+00,-2.918125396523272297e+00,-3.020088414191812287e+00,1.814698865459886346e+00
1.373594289770991572e-01,3.494304129548201576e+00,-1.289133875927038986e+00,2.205830078964352570e+00,2.498683363326956286e+00
1.832843099978566759e+00,3.251537697446735820e+00,-2.232405680849216534e+00,-2.415489790569896655e+00,4.999627193186329532e-01
4.079842661747946408e+00,-1.022480653284792540e+00,-1.930501723924466617e+00,8.234247535101948401e-01,-1.704274607647216389e+00
-2.145364284169557934e+00,-2.334904846592993799e+00,1.504150393635558913e+00,-2.790228862286815215e+00,2.213094199295142062e+00
-1.572547971315546800e+00,-1.876980928276077876e+00,3.201083525888724690e+00,-1.784713654373319969e-01,2.953853026946664517e+00
-1.737763959060039776e+00,-2.669428577825423865e+00,2.248745114572665571e+00,-8.721571147770688093e-01,-3.006129549322552386e+00
-8.466456970511333502e-01,2.738029893449077434e+00,-2.238489448276044236e-01,2.712698273385311776e+00,3.062277435784672708e+00
-2.925305058504721334e+00,1.049631067856967997e-01,3.521333399430651934e+00,4.121974087116527241e-01,-1.965166010088246207e+00
2.632939629985570740e+00,1.647690732430489691e+00,-3.827958402801875604e+00,8.305721258060472234e-01,-9.812525346033984519e-02
3.881423995695720830e+00,-2.407486325316009201e-01,-1.251700681242528868e+00,-2.659553221649278987e-01,-2.870383429571868650e+00
-1.913892628602652746e+00,1.011436425411963436e-01,-4.586933548362924107e+00,4.820016807976800211e-01,2.334522914105799929e-01
-3.054848788828050110e-01,-2.494398024836169458e+00,2.156346013486839797e-01,1.285104326450046353e+00,-4.121488332060147641e+00
2.450445841043579209e-01,2.914406474274448655e+00,1.664148255755237393e+00,2.731541876472165509e+00,2.493085962106806885e+00
-4.192910172318844442e-01,-3.148557882921965145e+00,-3.819123037645971053e+00,5.414880572668573366e-01,-1.785166880652339916e-01
3.716213872930218987e+00,9.255381603157415427e-01,3.152421379381156186e+00,1.412007493849606055e-01,6.127278022369009314e-01
-4.435773438731465568e+00,9.011803082294063127e-01,1.271537923384367108e+00,-1.681155378668603984e+00,2.620991310038564559e-01
3.139160662772886301e+00,7.566015972822006663e-01,8.557538157132276169e-01,2.909499550457744110e+00,-2.318560357003404349e+00
-3.263834606912053626e+00,-5.988069062280365618e-01,8.643808892306905634e-01,3.577554339264243488e+00,-6.654055723550822421e-01
-1.356487425809341563e+00,-8.061412788714427125e-01,-2.001868874625875705e+00,4.005185515927840889e+00,-1.568785547462311802e+00
2.106170054136124126e+00,2.377708286399058402e+00,8.335683046028976584e-01,2.844459718909047474e+00,-2.474826013463331531e+00
2.096004175086756405e+00,-2.844463371435869359e+00,-2.983770535961987491e+00,-1.316924479724825403e+00,-1.370626838349953136e+00
-2.271625556650405109e+00,-4.255268670608512771e+00,5.862415406822180097e-01,-7.749050705474085365e-01,8.878338014115326748e-01
3.536233524189734023e+00,3.160630663975711130e+00,1.527028451451521995e+00,3.334279063051587277e-01,-2.499524116459626855e-01
-1.385936044171603543e+00,-9.604006826219881887e-01,-2.766176843439459798e+00,-1.600800418224073818e+00,3.455794482042895410e+00
1.269998501157416637e+00,-3.699904803581476109e+00,-1.834697437621620297e+00,-1.051095168934762736e+00,-2.286239818942731983e+00
3.522762169299785029e+00,-2.437251835693783786e+00,1.285620245883476676e+00,2.065730896111324988e+00,8.543340308001086125e-01
2.370965362160007306e+00,1.891850923080666158e+00,2.098843997596580913e+00,9.475065975125829265e-01,3.239831547735040118e+00
-1.043732755035011173e-01,3.508346591747457666e+00,2.404158482029806532e+00,-2.050092375813735046e+00,1.642483989404217137e+00
-9.722516921816658220e-02,-1.252787675629848385e+00,4.689487522548723142e+00,9.842249896820433053e-01,-6.790274308197609132e-01
-3.863810114350190172e+00,1.379531430359524302e+00,-5.124275726904588962e-02,3.474846390864969048e-01,2.836281551313579286e+00
-2.098069982935377720e+00,-2.347295664739846632e+00,-1.498990438751235610e+00,1.629028603150350252e+00,-3.191801823993691833e+00
-2.770951702884536072e+00,3.256304282571805597e+00,-1.467858085491610787e+00,-2.125924893996997689e+00,2.101072714747505843e-01
-9.867368711547601645e-01,-1.867298212046710759e+00,-3.672832688959994929e+00,-1.259276418438441958e+00,-2.337535170914570415e+00
-9.756544524030058563e-01,2.961302258625689632e+00,-3.041752502546292369e+00,-2.454019752163632884e+00,-6.569696955479364942e-02
-1.578574470641432193e+00,4.644517809227946548e-01,-3.607367195780343483e+00,2.506480035053923583e+00,1.731140356100771216e+00
1.070717248459659876e+00,-2.075101803600753136e+00,1.465804745969634615e+00,6.440308237718637141e-01,4.121184031715703355e+00
3.175567176876618269e+00,-2.843320608552635242e+00,-8.224215711148702423e-01,-1.572750084705563545e+00,-1.918692511203222040e+00
3.429558086772322434e-01,2.096704509763493984e+00,1.715929105406846844e+00,3.916965639418838130e+00,-1.482962911492326397e+00
-2.046762158550126998e+00,1.263139439706734812e+00,2.494060582168344364e+00,2.084369918504698216e+00,-2.941140472247356641e+00
2.061249101793839689e+00,-7.396192469132008007e-01,-1.561046082029280635e+00,-2.015188870773526819e+00,3.702210752353407575e+00
-3.669489536730836665e-01,-1.282233480363740519e+00,-6.703685040558871044e-01,1.844997342458957412e+00,-4.400888165168683308e+00
8.222772285340576026e-01,1.574030195401421750e+00,-3.863611636271416572e+00,1.469736176059695643e+00,2.181437553598185808e+00
-3.777898510073173011e+00,2.851433610818890685e+00,-9.532910021256765232e-01,1.283620147734046091e+00,2.009099108473458850e-01
-3.571849062444397926e+00,2.704809685716095480e+00,-4.509892544358243271e-01,1.706484784453702330e+00,1.345517451385482177e+00
2.544463362350998459e+00,-2.545745503798396925e+00,1.471215818249011376e+00,-2.701694529844476556e+00,1.606628989868546187e+00
-3.157007202823743253e+00,-2.486843620039284275e+00,-2.611260422902452305e+00,9.933148893683244607e-01,1.021547289718598206e+00
3.782969511189310463e+00,1.115996805956102067e+00,-1.803843253759586540e+00,2.426358318805740932e+00,-5.501160160694276158e-01
-1.953014274476601697e+00,1.711630639481576344e+00,3.654064426830932355e+00,2.035576389493173544e+00,8.719505288634117335e-01
1.100232947340148648e+00,-1.526983163584140435e+00,2.457083732019780253e-01,4.153067596262149941e+00,2.037024009660550750e+00
-3.967262240452200106e-01,2.328376010932792450e+00,8.719772639362265154e-03,3.500103676582459578e+00,2.677773641218874623e+00
-1.969992791298562862e+00,-4.194042280381558463e+00,-1.744763348207118314e+00,5.458020878191788272e-01,-4.324797015917295484e-01
-3.155807837342580413e+00,2.802233212580958366e+00,-1.311030194892349454e-01,6.271645255808616648e-01,-2.603429002721042274e+00
3.826003498192271368e-01,1.451037880499044475e+00,1.581472265284292522e+00,-1.678382875146663844e+00,4.174935022275919394e+00
-8.697956999946524492e-01,-1.043176705647187008e+00,-3.101492172837502892e+00,1.730276432621438154e+00,3.246864267198187992e+00
-5.695360401816903506e-01,-3.074362328297029490e-01,4.094185725087587713e+00,-1.615351502554153607e+00,2.282409786467518575e+00
3.783608060023749609e+00,5.227578866002989821e-01,2.157980108902764371e+00,-1.041622946938328909e+00,2.160828018633607073e+00
5.922520573461105275e-01,-3.775614848100671828e-01,-1.968591347392649960e+00,-3.746964609706359806e+00,-2.567409033702299670e+00
1.901198279948352443e+00,3.830778219608962587e+00,2.083368007778405140e+00,-4.491474582638551039e-01,-1.472558194908293761e+00
8.555366706759668372e-01,9.021506020631723244e-01,8.571041735165515485e-01,2.813700197074422427e-01,-4.758191320667558344e+00
-1.512956573569970153e+00,1.739287582931644538e+00,-3.932008542894074754e+00,-9.624157502240303641e-01,-1.816289033353430948e+00
3.357677455028891256e+00,7.882828989986303547e-01,3.003786497217843632e+00,-1.600109547555620848e+00,1.233502449973296722e+00
2.012985534665195919e-01,-3.656423118802244687e+00,1.298923544048897982e+00,1.780235152962815315e+00,2.594919901563759179e+00
2.707404158791986148e+00,5.252687212934838978e-01,-3.906201241138468561e+00,-8.758106317007031960e-02,1.458758688916316659e+00
-2.503048979273220898e+00,-1.405956749067610367e+00,2.840653194405714732e+00,-1.903874698756621298e+00,2.250329306492167003e+00
7.589393028400073238e-01,3.413356126201756879e+00,-1.790385288711596745e+00,1.134080144448986527e+00,-2.877741099240395339e+00
-1.061481571750165109e+00,-1.775556565832362876e+00,5.144207391976864802e-02,3.202825469166859396e+00,-3.234179723121661354e+00
-3.643545065522905801e+00,-2.904678321028168586e+00,-3.630088659519295491e-01,-1.709799386253300524e+00,4.819064523958904722e-01
4.760592167552757381e-01,-2.429450541455598245e+00,-3.653709899791595550e+00,-1.420158377072340494e+00,-1.872082220672905750e+00
-1.011621102956757445e+00,2.058773413616162173e+00,-2.546730086497856149e+00,-1.731613673290705480e+00,-3.202148455090597423e+00
-7.232944714856346380e-01,7.409594384828099844e-01,3.563625610938144228e-01,-4.535479883679355062e+00,-1.797290229159475894e+00
2.080636210036959977e+00,-1.037756145098984062e+00,3.454051567223034525e+00,5.019720270531566886e-01,-2.722419328430611962e+00
-2.889194768778448719e+00,-2.179468284671592926e-01,2.727740955338414874e+00,-1.394332571172337998e+00,-2.687065077284463754e+00
2.497097393780833396e+00,-1.323286225290756235e+00,-7.742332281420222229e-01,2.784432313584692231e+00,-2.942943725495765772e+00
-4.029540482324446948e+00,9.820463398153830292e-01,1.423747904421543975e+00,-2.252544049031579565e+00,8.350902344006622124e-01
1.362771500530580049e+00,-2.835060632916618140e+00,-2.981518668389914861e+00,-1.087980193602014589e+00,2.243241086776053717e+00
2.022069636490846811e+00,-3.635919217470779508e+00,1.470934200257914437e+00,-1.390384350198126673e-01,2.346986732239299211e+00
-3.074090461964945842e+00,-2.270683203343711209e+00,1.872729684746894829e+00,-2.624232680257033046e+00,-1.587417549597108096e-02
-5.308435409223664081e-01,2.225630902181696236e+00,3.106532600344123818e+00,2.907161735977203953e+00,1.289433234480978241e+00
-5.873639440290053804e-01,-3.352749725741046571e+00,2.250513133460731563e+00,2.439837235261369752e+00,1.548049668244187105e+00
1.687698702045355992e-01,-7.805404237301721837e-01,3.956749622671690281e-01,-4.498344409529295262e+00,1.992639524682192853e+00
-4.720303228020247488e+00,-7.432872561252427124e-01,-7.637251396430989603e-01,2.283973251451883457e-01,1.237263134247153840e+00
-1.222532251032321993e+00,-1.663892294899000479e+00,3.215505868852488319e-02,4.502987569278338320e+00,-6.774557766283206828e-01
-2.977457244881103637e+00,-1.111868856495554114e+00,-1.371950927659350228e+00,2.160901802815267114e+00,-2.889074255110912315e+00
1.075833988485492831e+00,1.729567899256075680e+00,2.553563418932887519e+00,2.988245849187528780e+00,2.323978640474910318e+00
2.749606120389442410e+00,-2.891985887117490606e+00,-2.678617114685226230e+00,1.535033671236055719e-01,-1.370230229059075322e+00
-7.934103513428888421e-01,-3.263413088277445917e-01,-2.668397056373216003e+00,-4.040295823917236184e+00,-9.053552724263835838e-01
3.161497025994479404e-02,4.680553525726995900e+00,-2.919564982726634561e-01,4.438562794059776051e-01,-1.676058529052099955e+00
2.145183809138351716e+00,-3.183852350894246230e-01,1.823025030940834457e+00,1.759808605120204650e+00,3.725113511961182677e+00
-2.938857041844956941e-02,2.392855422299681845e+00,-4.387088902127561418e+00,-2.393651558428997253e-02,1.620408835776812606e-01
1.393623517758793007e+00,1.997056885552000560e+00,2.200508891718425009e+00,-2.633967087840022980e+00,2.699917643977803650e+00
1.336200304203408296e+00,1.441061239767441382e+00,1.862776148851814195e+00,4.161974379596871110e+00,-5.881713467474357637e-01
-3.117650390229500967e+00,9.450512665180841321e-01,-2.793431735579801956e+00,2.545754615269687271e+00,3.209466083994385599e-01
2.329365416665568844e+00,-3.684124304410838491e+00,-1.642179603704871482e+00,-1.422118295071124638e+00,1.132303214378329592e+00
-1.567594710635975108e+00,-4.222787095964634752e+00,-6.829701817450144485e-01,1.701574293733914445e+00,1.161426975359099556e+00
-4.598285447275775040e-01,9.525319257655983085e-01,-1.716866673510109909e+00,4.335987578258863273e+00,-1.460418154648236655e+00
1.370053722078178771e+00,2.860071479820545992e+00,-5.164002244880211423e-01,-3.824234167797310402e+00,2.269532263202489464e-01
4.017933331982805889e+00,-1.363231695635308771e+00,-1.680918927448382449e+00,2.366228996009429875e-01,2.028874625620582517e+00
8.344937303126909178e-01,-5.214871237819289629e-01,4.543325706089438754e+00,-1.841064981685484270e+00,-1.851095342743807118e-02
-2.472364404520177583e+00,-2.516264627701299439e+00,-1.085517896847781605e-01,1.402935680558551779e+00,3.252047748698160934e+00
-4.701339029751706589e-01,-3.519992044891576022e+00,-3.438808398780048403e+00,3.665291816056984175e-01,-6.548918022731727850e-01
-2.393030344555004074e+00,3.149266441452572840e-01,-2.075647528312702050e+00,-3.814641288652663054e+00,5.607371540767439599e-01
1.659525268654173047e+00,-2.413437092491384828e+00,2.997316385229999103e+00,-6.650429706451745915e-01,-2.644826954133717933e+00
-2.052569325390872557e+00,-1.931490099775757807e+00,2.620924337479027866e+00,-2.144581030998580662e+00,-2.363859762681339127e+00
-1.327592092189725959e+00,-3.849769707221275539e+00,-2.537495816901699897e+00,-5.896323333702753189e-01,-1.276801131252405908e+00
2.402788004308664682e+00,-3.786108903527777514e+00,1.467396488437360036e+00,3.014981268165298767e-01,1.627217134320402936e+00
8.688078781981016518e-02,-2.794621562561129924e+00,-1.192641305455347078e+00,-1.408658841927753924e+00,3.711580395782466013e+00
3.399924064932596107e-02,6.183436685511730646e-01,3.060930493266100338e+00,-3.236467251744730600e+00,-2.184600513360646978e+00
-1.673750054213557492e+00,-3.112870505367800522e+00,2.866097276885464673e+00,-3.256843318847144619e-01,-2.046463800858899340e+00
1.781710008343756257e+00,-3.128031744429194294e+00,2.745744588035639033e+00,-4.282323698767531717e-01,-2.078083382993493267e+00
3.089486553121844281e+00,-4.633194360123192301e-01,6.120596816114773908e-01,-1.926055787836686184e+00,3.340074847451623974e+00
1.123636649688024791e+00,2.938270418972446674e+00,2.795908245205389608e+00,-2.334187735746125369e+00,1.355902770538601088e+00
2.938267119907111979e+00,-1.354957328173809428e+00,-3.132821274258701383e+00,8.168102189437765892e-01,2.012195045387489056e+00
1.385310149474246355e+00,2.907749177854054956e+00,2.460617453049610770e+00,2.918478188759139780e+00,2.318562484332185036e-01
-6.444390360331663237e-01,1.162180732978088438e+00,4.693836895151020983e+00,3.117742269547448819e-01,-1.051059610991184723e+00
3.492176657255465222e-01,1.702414384944615389e+00,-3.878219104994996780e+00,1.919360699190556963e+00,-1.804245926677788603e+00
-1.304146314399214246e+00,-4.240967332764808084e+00,6.772695637776022792e-01,2.190223495014283372e+00,-2.400530210778764606e-01
6.501391254925088792e-02,-9.971240598825712453e-01,2.304779266940673921e+00,-4.322781430809346404e+00,5.540787406718482994e-02
-4.212264477485492820e-01,-1.383548028645663397e+00,-2.583103192235736589e+00,-5.690547016787366186e-01,-3.988999596002325010e+00
2.524586771744382840e+00,2.962198762644613126e+00,5.110469421042566074e-01,-3.060153903056010538e+00,-4.755304775689470631e-01
3.308713763070389113e+00,1.366321788286407823e+00,9.606209403419668780e-01,1.291291896559870978e+00,3.097636300758651373e+00
3.239120901540312181e-01,1.696833682406889032e+00,-1.922509759018884712e-01,-2.170091004871891993e+00,4.155668538868371620e+00
-2.439733004587315013e-01,2.868975064739884839e+00,-3.052489137581575918e+00,2.593251121106163293e+00,8.165891221368082320e-01
-2.047027245332017742e+00,2.090071341413400230e+00,-3.861919019424587152e+00,9.206319930061616086e-01,8.241962542567969896e-01
5.862546682280768418e-02,1.199140169405528811e+00,1.286955829676308394e+00,-4.373097076634937075e+00,1.666851090993738183e+00
-3.599234315851473909e-01,1.749677523343954544e+00,6.496171160462156369e-01,4.280837169867054648e+00,1.749718381719000071e+00
-2.962694078975434575e+00,-2.759270421170318066e+00,1.753625084237510956e+00,1.470974084410255456e+00,1.835730057547915850e+00
3.936818956808921133e+00,-2.350786661068576144e+00,-1.918261687301653362e+00,3.970327179296324061e-01,3.713430965778088955e-01
9.935110319078828134e-01,-2.028214980483924013e+00,-5.428619091392603568e-01,2.377117952092757669e+00,3.735490732402094505e+00
1.412237107039367778e+00,-6.928380100938706931e-01,-1.689517166101062395e+00,4.100759412438038432e+00,1.689634822090534394e+00
-5.116085385498454485e-01,9.830596123729222757e-01,6.245095719461997152e-01,-4.800594106584663123e+00,5.797710929119069823e-01
-3.876815483037988397e+00,-6.268167857411928168e-01,2.693259336796238301e+00,1.221345288820433472e+00,9.121799481604625504e-01
4.393277685859313664e+00,1.025088401876137478e+00,-1.380874997081257827e-01,1.794463842770413375e+00,1.187070470816142587e+00
4.246684773364862053e+00,1.978718066933173203e+00,-1.039250916582876272e+00,-6.540383587876519300e-01,-1.241988166159113227e+00
1.971326819900830751e-01,-4.642245018510053001e+00,-1.332623229335942461e-01,-8.306730503906298857e-01,-1.644056972994264676e+00
2.995862296491154653e-01,1.911026582788007078e+00,1.085117296587532643e+00,-1.838282330919145169e+00,-4.086742469909164122e+00
1.484519252797118272e+00,-2.774240527046026861e-01,2.170288460569096856e+00,7.343200846517354830e-01,4.179696220331488021e+00
-2.384845683438689523e+00,4.222957634326913179e-01,8.068304671669114247e-01,-3.687522939171410830e+00,2.210288787626295548e+00
3.885791876811772294e+00,-3.439589817144045325e-01,2.129127946917131808e+00,-6.744277116071735190e-01,2.189583329420094593e+00
2.722957281773752847e+00,1.183889299416069463e+00,3.820750431654254875e+00,5.554187601390798701e-01,1.130170742968873210e+00
1.881961535875219527e+00,1.782881753741415665e+00,4.402008488995153845e-01,3.130076661689065620e+00,2.878957577707546900e+00
2.470377198817666820e+00,3.970872034587603905e-02,4.234576114160527038e-01,4.306766587627812726e+00,4.100060049764764347e-01
6.389770184570707778e-01,1.947683412228346622e+00,-1.447515434682838720e+00,1.532318293397623599e+00,-4.044123812358891179e+00
-5.738920791195637472e-01,-3.727637211899608172e+00,-3.436626297656745765e-01,7.530991359703748111e-01,3.176492780770696633e+00
2.659640233379003238e+00,-9.886241500800977411e-01,3.474423014052452352e+00,1.656765771555539501e+00,-1.460290387729351602e+00
-2.627199755001810910e+00,2.159200496820675941e+00,1.907997540489185351e+00,2.676996240759273338e+00,1.621391739924595177e+00
6.830857416186028042e-01,-2.980609019274319538e-01,2.872880601023140024e+00,-3.977474285630079098e+00,6.089408245108658413e-01
-2.063900308938378725e+00,-2.931435861092941408e+00,-2.488444771257671384e+00,-2.769183484504224024e-01,2.424450072852439853e+00
2.702533793994832401e-01,7.951751388769282558e-01,1.441991775780526064e+00,-2.495482949253969629e+00,3.998485235435945917e+00
3.750794011643567849e+00,-2.323739018108581078e+00,5.049775850734405935e-01,-1.143462604444271946e+00,-1.992303232128441737e+00
-1.868755563860849733e+00,3.646558052515599613e+00,4.572806172641114553e-01,2.711526109252071048e+00,8.055356032427376523e-01
6.880511181308236468e-01,-6.805016267717411971e-01,-3.055235403572297059e+00,-1.901023706609862529e+00,-3.333938915227100619e+00
-6.717311942362445831e-02,-1.685570658821850198e+00,2.228950745246789822e+00,-2.242414951396675793e+00,3.486788362829353449e+00
-2.985475595446016150e+00,2.674998584114049560e+00,1.465869621484461316e+00,2.354858501683573913e+00,-1.112288511961566195e+00
-2.961592712391039606e-01,2.217318234790235931e-01,3.827135709536542585e+00,-3.068508758188999153e+00,8.946568874285985018e-01
-1.809806801000935605e+00,4.790229390550792554e-01,1.984355208784996938e+00,-1.410599848621368002e+00,-3.945589796132768168e+00
-1.639308218774031101e+00,3.737066310112310052e+00,-2.470077996416657484e+00,-1.362369983127479367e+00,6.242328719115842750e-01
-2.867231390793113288e+00,1.669472219602303520e+00,6.904075410055708906e-01,-3.377395103341267468e+00,-1.452028375368681345e+00
4.490231725461602541e-01,2.690725283941389545e+00,2.047905834964991456e+00,2.615334862671984117e-01,3.646375949288879426e+00
-7.875244199019785230e-01,8.874569423158741310e-01,-3.507640636825635205e+00,2.192487099106942505e+00,-2.545914952768943085e+00
-4.700485146792897417e+00,-2.284016835403498424e-01,8.225063425300103148e-01,-6.417938274103541785e-01,-1.328478850163283598e+00
-9.230535147809921792e-01,-1.240045516758005339e+00,3.016142106868082706e+00,-2.759498541074318467e+00,2.428644461053305559e+00
2.248700287565410516e+00,-1.106785922855814119e+00,4.242076109309572018e+00,8.219003345749453793e-01,-2.182706130517770016e-01
9.472424844541886824e-01,3.851136614036887895e+00,8.205490818237825001e-01,2.687823560999164751e+00,1.172084538301512158e+00
-7.113494946949215914e-01,-1.277043367411195174e+00,-4.285174374882184445e+00,-6.223604534982046799e-01,2.028075486002172134e+00
2.335647010634621434e+00,-1.270256572501241354e+00,-3.189938563574496122e+00,2.439805253752930003e+00,1.342700102819255559e+00
-2.213749586299599947e+00,4.313261223896041940e+00,-9.943675976438641761e-01,-7.102967073316345248e-01,4.245058189214375582e-02
-7.608941466913348162e-01,2.229931534274821381e+00,-1.424954483963418284e+00,4.119052452486408278e+00,6.718311263076913731e-01
6.278855172307039600e-01,1.606555984088564148e+00,-1.268721708626428413e+00,-3.600885448028309899e+00,-2.729231918228853360e+00
-2.905677292978994242e-01,8.909085667755925475e-02,6.884952316404949757e-01,-2.699889996782431467e+00,-4.140555703674277055e+00
-1.388998411267861610e-01,3.005199788130277216e-01,-4.812107567722808454e+00,1.920591399682937406e-01,1.302738891677332367e+00
4.067271071474088395e-01,-2.062717215951709537e+00,-4.196603132657951152e-01,3.949531227509527120e+00,2.191998871287269779e+00
8.650376295517955283e-01,1.470839024017596808e+00,-1.620682812720908306e+00,-2.904621838008648371e+00,-3.320376735191457040e+00
3.724082356235832947e+00,2.885697610138998837e+00,1.289373383961172514e+00,8.065844688637006099e-01,-7.006409052656128456e-01
-2.791611327545746146e+00,1.795184365260718451e+00,-3.059333875047518081e+00,1.407540378344239951e+00,-1.625892251952459899e+00
-1.683967841835919854e+00,-2.101795872830110046e+00,-3.695310510379536950e+00,1.889003354253086409e+00,-7.232240151681218476e-01
-1.557249381344621153e-01,-4.165942842908572530e+00,-2.243266804686622873e+00,-9.708563711660145312e-01,1.282911502333379472e+00
-3.322792870701704260e+00,4.797010465234851084e-01,-3.445196903839141456e+00,8.476866270919060087e-01,1.068166710024680777e+00
-1.743799338276400546e+00,-3.275148660719536142e+00,1.694155770529837568e+00,1.539529452005138133e+00,2.447907353149425980e+00
6.205191790840240973e-01,4.076059741491221189e+00,2.384418508095102585e+00,-1.294523261628554689e+00,7.996566985522620685e-01
-4.278974970807307265e+00,8.492862993300472896e-01,-1.446144147710211492e+00,-1.899024699381060222e+00,5.210165795433604474e-01
2.650252823301951111e+00,2.895123530064444228e+00,4.165260969818350145e-01,2.637868588387736857e+00,1.569259391935441839e+00
2.418031436581248930e-02,9.996735619523534622e-01,-9.670562588705695628e-01,4.785360572696881754e+00,-4.064412176294384116e-01
-3.916706984374478839e+00,1.554683530244141743e+00,-2.116155184328711858e+00,-8.814090919637601607e-01,1.409741383297705042e+00
4.151214702393617451e-01,4.307880062876015437e+00,1.463990763924607252e+00,8.523203237110994479e-01,-1.843942688305172384e+00
3.651935995778480049e+00,9.829996501844261436e-01,-3.002381285344161377e+00,4.414539198786963659e-01,-1.219795156783960666e+00
-1.717355594818510411e+00,-3.424053696700036564e+00,-1.003677738875167480e-01,3.166941689600867527e+00,-5.356796502511922409e-01
-1.387519134853920422e+00,1.910835656308539798e+00,-4.086503535823622357e+00,-7.043590362935755467e-01,-1.492603411722873474e+00
1.789638120208569827e+00,-7.545754372625831374e-01,-4.178138253205580632e+00,1.874257215145366917e+00,5.080668624817780143e-01
-7.607309574736915714e-01,-2.599834167216611203e+00,5.468478662396129009e-01,4.027802057540625369e-01,4.147393908270128549e+00
3.163569368096479373e-01,6.253169908322524506e-01,4.266480744268966063e+00,1.980039135429239039e+00,-1.544501223845317295e+00
-2.158318993406930009e+00,7.731524691092278578e-01,3.750127095563281276e+00,-2.223026260501439921e+00,-8.594157285343908548e-01
-1.758309243379482467e+00,-2.887236193781469673e+00,1.849956312637715428e+00,-3.118086406366486596e+00,6.537695081058391144e-01
3.092031600947271475e+00,1.385618790758021524e+00,2.126964331583854229e+00,-1.654353176991125052e+00,2.501707305699679473e+00
-3.392909774104405418e+00,-2.434408099382694701e-01,1.642459197848950225e+00,2.566654325550237203e+00,2.035562132036020877e+00
-1.308194603108615572e+00,-9.767690401797438637e-01,4.552607842755213019e-01,5.767372318862026281e-01,4.668475222832494609e+00
2.816648258230004753e+00,-2.273978727909098385e+00,-2.700941547827390377e+00,1.122649641453946412e+00,-1.827590181684586979e+00
5.388211035450780617e-01,1.681792332730430495e+00,1.275373432276852848e+00,-1.430997025190806349e-01,-4.498243151645420213e+00
5.592213682355730020e-01,3.187315221527492692e+00,-2.013705028411072018e+00,-1.405192345019123046e+00,2.915256364709545078e+00
-2.702950668323937933e+00,8.818912213992847748e-01,3.795008078688314690e+00,-1.205796888195883376e+00,-1.029705348793336084e+00
1.484337008320722573e+00,5.924474334021785360e-01,2.563000149062021116e+00,2.977438633902865561e+00,-2.647949980954200200e+00
4.965785563705599898e-02,2.676813188037888924e+00,7.183427447241725883e-01,-2.262561741375063384e+00,3.492420839659497567e+00
1.864046281248972647e+00,1.230423585705775036e+00,-4.406925897078952659e+00,-1.359647923035726957e-01,7.562453133802082839e-01
-1.609174480246124528e+00,-1.192010193641438676e+00,-2.143819389820774468e+00,6.833713448885707642e-01,3.990828387589873127e+00
2.081740474768174920e+00,-3.710441154996122481e-01,2.959471156644602363e+00,-5.593285376057224312e-01,3.384872954790709265e+00
-1.566132109595751665e+00,7.848869125709269090e-01,7.559993565992418896e-01,-2.998529449469814256e+00,-3.516883401998398107e+00
-1.473659670158988355e+00,2.570696188051702080e+00,3.322137644598545769e+00,1.799764480284110180e+00,1.394308994137327229e+00
1.260684271778248045e+00,3.198881810515223467e+00,2.511024187055919565e+00,2.432307393877595647e+00,9.779921282680842376e-01
-3.296791360618327005e+00,4.710016475437386330e-01,-3.623529197879672009e-02,-1.654731352813227030e+00,3.342136341652680365e+00
-5.292309359231543997e-01,6.695766313448895390e-01,-1.393347581059506679e-01,3.402546628184403232e+00,-3.560174717543121314e+00
-1.143845046666746246e+00,-4.756044037546129033e+00,8.922581640015245785e-01,3.775251340078837337e-01,-3.647105209653666580e-01
2.460168040413307278e+00,-2.593025314717904539e+00,-1.891341300558013305e+00,1.053159266772637492e+00,-2.745446516283918115e+00
2.043848887232114497e-01,-1.339234374932470883e+00,-2.403416348507153799e+00,4.169845393312875181e+00,-2.563899094675941431e-02
-3.299512423972011721e+00,-4.704106797799152417e-01,-1.444589098611432698e+00,-2.097562978949250034e+00,2.721272393921250643e+00
-2.609515572400036287e-01,2.265015887810865880e-01,-2.895559466988956832e+00,-1.010359882711069135e+00,-3.933892422981641435e+00
1.113677136832859293e+00,2.338908652937317534e+00,3.880752609306924228e+00,3.869835838751155277e-02,1.796521964944017169e+00
5.898086158076595309e-01,-4.821519365514517652e+00,-1.029982231180322172e+00,-3.360334122340935536e-01,4.809313402167226248e-01
-2.994072158648412252e+00,1.387823995001814303e+00,3.974332763939484869e-01,3.020295264449350370e+00,2.197575885848595423e+00
-3.621624839861466771e+00,1.552946713979249216e+00,8.661550793360381917e-01,-1.364831305341303480e+00,2.619007619183302271e+00
6.711644833236314334e-01,-3.163699848482549370e+00,3.101108897290474342e+00,1.020185422706950451e+00,-1.970504203364842777e+00
-1.262253265293625581e+00,1.203149477305819753e-01,-4.477953801019991076e+00,3.204608689587080672e-01,-1.799298639749670858e+00
2.717340329446874314e+00,1.363426939556529938e+00,-2.942523814855684816e-01,-3.885246797487594606e+00,7.585521557912352497e-01
7.898653028319477798e-01,1.299838873293597485e+00,5.515317060168217767e-01,2.292390002101182045e+00,-4.138513327558791310e+00
-4.764973830955585576e-01,-4.927223252771936735e-01,1.226622561112848064e+00,3.671779387514345849e+00,-3.089273082145742144e+00
-2.822195183411993824e+00,-1.091155317805324376e+00,1.083495650981170844e+00,-1.499457899344377232e+00,3.524522322464413548e+00
-3.349009587179483383e+00,-5.737137378898585771e-01,2.845981183308376128e+00,4.400052457471793077e-01,-2.271953745107055500e+00
4.479129333230963184e+00,5.759366674221857441e-01,-3.595612518259935081e-02,-8.048749608669981681e-01,-1.989115588833332726e+00
-5.394453140614381415e-01,1.983881217996747159e-01,-2.010220442569818911e+00,6.181350342167235556e-02,-4.541457229715490485e+00
-1.070177812937781914e+00,-4.447053653044900301e+00,-1.882056252519159978e+00,6.384349928810878483e-01,3.587454220672125493e-01
-3.727537656978162861e+00,4.115831300377476021e-01,-2.619557825247779359e+00,-1.226855016212397231e+00,1.602749485183409650e+00
5.471971946827093314e-01,3.750035633693130865e+00,2.780236210426604848e-01,1.265623326476490895e+00,2.993110161317829032e+00
-1.845746999192027227e+00,-3.758558089463595597e-01,-1.679421761460029083e+00,-4.204822101787096145e+00,9.751738641453346901e-01
-3.411895736617784003e+00,-2.133280150204094117e+00,-2.631172178510615911e+00,1.348341431219171938e+00,2.588274233618098608e-01
2.336769436823905810e+00,-1.748379175942184061e-01,-4.743547027558703832e-01,-4.390997373046378272e+00,5.540746854171383490e-02
2.824849601145892897e-01,-4.262371242317464670e+00,2.249334303510539534e+00,-1.288262621254787632e+00,1.823958598834859168e-01
-1.184981073716145916e+00,2.778458289817034021e+00,5.867486288744809819e-01,-3.757826065535889715e+00,-1.187627338172421609e+00
-1.192836679790595600e+00,-1.105076126438879314e+00,1.402931914361242038e-01,2.800914581115734769e+00,3.806723360036939230e+00
1.592469612080608998e+00,2.791004819605254372e+00,-3.623940163043564588e+00,7.328370987152138527e-01,-1.002167707006432540e+00
1.715139765165047125e-01,4.883504967010292575e-01,-2.739320718832555013e+00,-3.880715126914503488e-01,4.132507622333371877e+00
6.303719887219937090e-02,2.615539838701360087e-01,3.183581244713695302e+00,3.619670673680526196e+00,1.300157874061599328e+00
1.288022981153170043e+00,-3.533414379601115485e+00,2.046997223330924431e-01,-2.988871385319587404e+00,1.371395452721018149e+00
-2.670560470919337792e+00,3.409734576790861116e+00,1.539383438690079986e+00,1.967715790286687749e+00,1.449428656632267311e-02
1.156247417068299921e+00,1.850134026206831983e+00,2.037019422545624181e+00,3.968277648636410859e+00,-5.860207940842632190e-01
-2.407254062944566009e+00,1.090786023012184414e+00,2.305643529342728204e+00,-3.461420222606197861e+00,-8.472848910319401572e-01
1.945474877355300114e+00,1.358809950269905364e+00,4.398313904730414947e+00,8.836727517482638461e-02,1.256544498222912920e-01
-3.813468973750368529e-01,4.606426816924050094e+00,-1.625345740186974197e+00,4.038558920478247938e-01,-9.113496406427783469e-01
1.513694052844515969e+00,-3.241855077950021036e-01,-2.341144802092175681e+00,-4.090964022222096652e+00,-6.218427899718984575e-01
8.902763941732079189e-01,-2.427062914758927992e+00,-3.722074809737579315e+00,-1.689785071191397092e+00,-1.267895529480050687e+00
2.876155188885176184e+00,2.426271140073194221e+00,2.916560251432799067e+00,-1.107515848412875314e+00,-1.052627488513081078e+00
1.789575967903270781e+00,-1.874071655836414996e+00,-2.707967148749713449e+00,3.158964589027391523e-01,-3.294297593181084949e+00
-1.176125922402290191e+00,-2.068507271729442376e+00,-4.491199045458436068e-01,3.260249234395373286e+00,-2.916688485666732777e+00
4.672537359192944217e-01,-2.311717910781931895e+00,-1.567670397997805276e+00,1.205502144578066703e+00,-3.940407129967480770e+00
-1.404172689922857264e+00,3.074561907876804945e+00,3.339247340265608432e+00,-1.636440558066631079e-01,1.548552858328042570e+00
-3.199528896031230918e+00,2.345743337226077418e+00,-1.401992553491036686e+00,-2.699203467263490808e+00,-9.602375533727888768e-02
-6.395585441861642018e-01,-2.815444503465070358e+00,5.338084667095196467e-01,-2.026508645126360086e+00,3.503219711717231011e+00
-2.062563546223276312e+00,-1.270775387232153220e+00,-4.413974211741031883e-01,4.308625315691301694e+00,-6.098177912792682731e-01
-1.026941390577442714e+00,3.499162355725808915e+00,-2.634822173068532170e+00,4.220758349188534209e-01,-2.140284629313176534e+00
-1.833273439326271514e+00,2.215764029630289844e+00,6.232054337543834199e-01,7.081561787438440669e-01,-3.979903023379249394e+00
-3.100495952189653792e+00,-1.406154295318196024e+00,2.181815130075440479e+00,2.502484761235107769e+00,-1.544962040366596678e+00
1.260735103436507965e+00,3.253954150473250984e+00,1.298461366826680452e+00,-2.560120935550175947e+00,-2.140585961786427127e+00
7.091724694483755309e-01,8.766099290161046831e-01,-3.832601955220285461e+00,-2.794498059711647109e+00,1.109311628009169937e+00
2.871933281650546288e+00,-1.383392806185266721e+00,-3.191375481144843818e+00,-1.737583365511797817e+00,-1.278338826675849971e+00
-2.647522552350949798e+00,2.496534845500853361e+00,2.054151390096628838e+00,2.561911961082039557e+00,9.874245643197291367e-01
5.704648084689317722e-01,-1.847476343663625675e+00,3.527599026660456438e+00,-7.407723467643863025e-01,2.875535167455820051e+00
-3.975634166609594011e+00,2.837221261389820004e+00,9.066845596700553456e-01,-1.656509724242554160e-01,5.431310631834774805e-01
2.488459788921689508e+00,1.546262834153471877e+00,-3.508431418121181977e+00,-1.997828935828039221e+00,-3.409217712964195957e-01
-4.489664721853437790e+00,-3.456345969857610445e-01,-1.824739027648556222e+00,7.915283722895918306e-01,-8.759324902913302457e-01
-9.606260586021270198e-01,4.770566205725277342e-01,3.620477466215744400e+00,2.632297599598570237e+00,1.952630743400832314e+00
-2.590946442449400422e+00,4.106229562969236468e+00,-4.209972843096679296e-01,-2.923416485241523421e-01,-1.078504963223781088e+00
-1.338552656932586959e+00,-2.204766513591897681e+00,-1.707633900560400209e-01,-1.897589791325208441e+00,-3.836309978825676925e+00
-1.273956404980841395e+00,-1.679388132738857675e-01,-4.771299614467262806e+00,-7.638503092604553846e-01,8.020425905404200695e-03
1.658448034770986457e+00,-9.733791021164976964e-01,1.877773498568082733e+00,-4.012057688962636703e+00,1.295933265271905999e+00
3.036764062567929745e+00,-2.610223982642346119e+00,2.295532689408960714e+00,1.733441946864459293e+00,-8.309653888341369532e-01
-2.312465939362210676e+00,3.713641087330808999e-01,4.134897008972028942e+00,6.469706186900849032e-02,-1.553393380124371559e+00
-6.071842046224961154e-01,-2.654892299656760546e+00,2.571442005112893447e+00,-2.765787167243669575e+00,1.822356051580314551e+00
-1.552288826080094664e+00,-1.650036234986228756e+00,3.953061288824751607e+00,9.321736476970181595e-01,-1.836338356892265988e+00
-1.376165516123664556e+00,9.075329102945733917e-01,-1.737176255027454430e-01,-1.720325732019340137e+00,-4.392363151118787279e+00
-1.689499316714675459e+00,2.670071170571242103e+00,3.502515463031991239e+00,2.131788337565988511e-01,-1.644156993405717415e+00
1.055840307401705758e+00,1.499141545713403634e+00,-8.548948056248493188e-01,-3.991606778689191781e+00,2.230247983256581357e+00
3.604643773988947530e-01,4.089044023306525055e+00,-2.512368248027769813e+00,-1.957269191659622709e-01,-1.341447415109251695e+00
3.173211733468397355e+00,-3.521339202077495845e+00,-1.436458958319808410e+00,6.376458458111561312e-01,2.467609265529248641e-01
3.958285564367624576e-01,4.400285449952877848e+00,-1.332687182730619035e+00,4.218241500997501059e-01,1.877982154393468273e+00
2.413080312635941027e+00,1.483349506449567423e+00,-5.502109426093939604e-01,-2.355613645502076636e+00,-3.335426497202711449e+00
1.104088827031943332e+00,1.520456541444947574e+00,-2.243441855855760725e+00,1.920059251612797668e+00,3.570649923654103830e+00
-2.209617950251355767e-01,8.748804447824727326e-01,-8.037990906246097467e-01,8.698837563910436499e-01,4.773150884348257961e+00
-3.080702723944475085e+00,-2.018009998174760788e+00,-8.046012312385593113e-01,3.138428981963878872e+00,9.694259939811593618e-01
-2.735870388395980068e-01,-1.269837126755178236e+00,-3.711839096214865741e+00,2.145386533195946743e+00,-2.220862659122671001e+00
5.817641229280652304e-01,2.568116685323958759e+00,2.595613982370911454e+00,-1.648774885666412837e+00,2.934392036990073116e+00
2.784298703998896674e+00,2.142829841553568926e+00,-2.255653219779988117e+00,7.501951592129146862e-01,2.646733226497761660e+00
1.012881845613717191e+00,-3.727505383497995872e+00,-7.658508432281065925e-01,2.965950009070776328e-01,-3.066802548939748796e+00
7.784092810829208453e-01,3.980804189527276993e+00,6.833723276381396816e-02,1.550541572457749373e+00,2.477585084404667182e+00
8.021166313715933915e-01,3.011225591927522149e+00,1.593622854614090478e+00,3.558315755836966687e+00,2.964532395030687328e-01
3.279975382605817114e+00,-7.543480141951870444e-01,8.707679812883551973e-01,-2.058479535974518715e+00,-2.945699524003887682e+00
7.274061426521357676e-01,-2.581714966443474424e+00,3.706386358440709738e+00,1.992913124251430634e+00,-3.108465486775192077e-01
-1.127517049257349635e+00,-1.777680535238063797e+00,2.641811708107665080e+00,1.532111729163661895e+00,-3.352912430489961348e+00
-3.869844066280363037e+00,-3.029333991005545013e-01,1.649254802004882503e+00,-2.591052383264556447e+00,-7.063599674577767384e-01
-1.533132185245546841e+00,4.663986226905797672e+00,6.659306118055151602e-01,-9.299929426608204153e-02,-6.668026164642482101e-01
-1.345787968920141520e+00,-2.583103205513611389e+00,-3.981839127892235375e+00,2.818456659123689811e-01,7.628582781670042445e-01
3.013567385679774002e+00,-1.750133261773208604e+00,-2.738191262173689022e+00,-7.487253718839532723e-01,-2.190242933387787527e+00
6.920555643025787518e-01,2.923120723034143609e+00,1.738017584408112715e+00,-1.321101098726541023e+00,-3.348195200061952370e+00
-1.604093234219236663e+00,-1.106969899593603257e+00,2.588870158470716110e+00,-2.776485442056751740e+00,-2.605836224698807158e+00
-4.034541681152887249e-01,3.414815809358460630e+00,-8.171117292988592240e-01,-2.772653871008220694e+00,-2.195672256009824963e+00
2.863541726801773102e+00,-1.145716680620668004e+00,-3.817717550793534809e+00,8.800976057927298868e-01,3.713798234336291859e-01
1.982723696390332746e+00,3.432367950106969268e-01,-4.621776989160527038e-01,1.619176259057956813e+00,4.256248966290716140e+00
1.139205906206590901e+00,-3.442370532476981104e+00,6.765093107066061373e-01,-2.477350541960955166e+00,-2.292894342347941539e+00
3.441403260142574361e+00,-1.550453863551361833e+00,-1.361279587891722098e+00,1.133240066883631103e+00,-2.759623389609103139e+00
-1.070530580577453206e+00,1.404722213066765368e+00,3.832794484986887351e+00,1.860313843200189221e-01,-2.675032437199105662e+00
3.315559274818158819e+00,-2.627364275207735744e+00,1.461899818281259478e+00,-1.060674949278516799e+00,-1.960061538271604453e+00
-2.678843938760534282e+00,3.907106121764923223e+00,-2.479070283189216406e-01,1.571465023599105226e+00,1.653985790379063348e-01
-4.263516202689799250e+00,-2.152289189446498163e+00,1.088904573497877060e+00,-2.183522114329879138e-01,9.781052990200036490e-01
-7.537166051559761604e-01,-3.326192065351786797e-01,4.038026134390173993e+00,-2.144080178963771566e+00,-1.848929654344015017e+00
1.425613157077554760e+00,2.348605879515710537e+00,-1.690166979346645171e+00,2.505317019887391528e+00,2.884163615480301424e+00
8.589799213937917566e-01,4.113617428943447396e-02,5.243701825786718090e-02,-7.122060999118949853e-01,-4.873445817916893574e+00
5.301117725540764880e-01,-4.112110362517539031e+00,1.112324990599036889e+00,1.312445283470536017e+00,2.202214877858252429e+00
-5.314012807818290218e-01,-3.701351163461994442e-01,2.433024399155697459e+00,-2.926497437433243309e+00,-3.177517536732179515e+00
1.293551785816191568e+00,-3.763861861251489138e+00,2.016789438062242645e+00,2.055215852759758821e+00,-9.320492626003095138e-01
1.450795748444905886e+00,-2.737049226489479459e+00,-3.549225774848455917e+00,-1.370165465685252437e+00,9.640519819296164972e-01
4.491811800666747345e-01,-4.407639860099690776e-01,-1.982284850873350157e+00,4.473962075915847159e+00,-8.112789220578211502e-01
2.184911304208062843e-01,3.316555631682433614e+00,-3.280188887658041619e+00,-1.769148192530468178e+00,2.513879512503550129e-01
-1.497340918152146649e+00,2.405246393696137963e-01,-1.840664567600572177e+00,2.027245192828041720e+00,3.899018972821085338e+00
-3.624112607752909110e+00,2.842143038498259777e+00,-1.495790545811565009e-02,-1.403856043863728642e+00,1.347959652294488331e+00
3.947179768185097970e+00,-1.563111134536273150e+00,-6.280026953337364271e-01,-7.590154061872798064e-01,-2.450706772860205884e+00
1.921452229153602365e-01,5.315335413833507244e-02,3.149049894374048808e+00,-9.440579433289257583e-02,-3.877476917145195934e+00
1.236143458610962753e+00,-1.164257231683202720e+00,-4.499145607095144328e+00,-1.152902615856685881e-01,-1.364130276017162524e+00
-1.803657634162893597e+00,1.421156997575343306e+00,-4.071417564447569859e+00,9.936749924316589100e-01,1.470816423722657307e+00
1.650759865104108048e-01,-2.699430124821855514e+00,2.012085215842094599e-01,2.070430952069537422e+00,3.654949756622682067e+00
-1.130379884537121349e+00,-1.452256379523096663e-01,-1.810728531906609762e+00,3.913417971935151840e+00,2.259993980387887902e+00
-6.433806081654226405e-01,2.072983369604807002e+00,-1.396573402234125294e-01,3.264529264222844951e+00,-3.100346085960882903e+00
-1.391515480516797743e+00,3.640511839893924240e+00,2.929469025666419313e+00,-8.682854761579636982e-01,6.889483076606280898e-01
-1.020569062177699493e+00,-4.576213899620407144e-01,-2.185204258473517402e+00,-5.441274694376029286e-01,-4.321785406348581660e+00
-1.910877393265117075e+00,-4.014317121602840599e-01,1.975252900392886923e+00,4.157570183721256640e+00,-1.965490528734368386e-02
1.390158422351181366e+00,-3.532902802169136658e-01,3.039449404396014742e+00,-1.900008923290950724e+00,3.177162090325547528e+00
-1.920642944264826513e+00,1.133138643035392218e-01,3.262837670546309798e+00,9.115782780506588301e-01,-3.133880346703182607e+00
5.103317925517448783e-01,-4.522950713954256297e-01,2.879315578457580127e+00,3.158296044179283446e-01,4.018057253266438700e+00
1.707205564173309043e+00,4.155095047435162670e+00,-1.904898325684327709e+00,2.565799288174665516e-01,-1.061208470267992920e+00
4.912106885817184576e-01,-2.000461109369085388e+00,-1.722205619628862205e+00,-4.127993194663343246e+00,-8.663413864388413987e-01
-2.682494606764861178e+00,7.101137001706521179e-01,-2.621100205241282399e-01,3.967026819486344280e+00,-1.222275651448671452e+00
-3.126101304355125565e-01,-5.787224479553302464e-02,2.923282990836743256e+00,-1.341452015685956178e+00,3.814950688374370458e+00
-2.254640613843839070e+00,-1.962817270207628528e+00,3.287956993814439066e+00,-1.380397199626658411e+00,-1.829695724504524890e+00
-2.483345540093472525e+00,-3.359735476073756555e+00,8.792558207808423010e-01,-2.588372375140227000e+00,2.690912643384182346e-01
-2.924342148790155083e+00,-1.225649338870416605e+00,-3.482772861028871070e+00,1.457749057042060592e+00,8.314250297589315108e-01
-1.811034635901108025e+00,-5.925734658951904432e-01,-2.213289074178551807e+00,-1.377575012437698643e+00,3.817413888264230781e+00
3.465966356900861411e-01,1.512918890896427060e+00,-4.618055952945393727e+00,-1.124501222353617047e+00,-1.848807147339007152e-03
2.316055617341287842e+00,1.411387442211568422e+00,-3.363506049608182558e+00,2.457820313581340343e+00,5.383476810997073203e-01
2.987139210978597137e-01,1.564007576961321755e+00,1.353847615932660009e+00,3.832132363584870749e+00,-2.438546385318269394e+00
1.857516196534222397e+00,6.492173328337618177e-01,3.108886720772281453e+00,2.322113113639758808e+00,2.463892140340012915e+00
2.417446398841995414e+00,3.402189080591187409e+00,-1.935729218257331574e+00,3.311295251749338808e-01,-1.929862171185871889e+00
1.458275398211508866e+00,-1.102586017553138564e+00,2.529313853586753202e-01,8.781601253194188939e-01,-4.563178436733204002e+00
2.654645903941413199e+00,-1.922829518842603669e-01,3.924931556821876999e+00,-7.768086614587689231e-01,-1.381073122194544256e+00
8.664001431277662535e-01,-3.549643949007832422e+00,1.952860953336646999e+00,1.712856756229347743e+00,-2.214008684904562152e+00
1.351765575175617240e+00,1.682127368548786972e+00,3.613794529915592690e+00,2.403137061725150847e+00,1.228250261088683848e+00
1.049295145894109993e+00,2.009480770600526434e+00,-3.773295809250426291e+00,-2.477913932550951659e-01,2.358347915535713213e+00
-7.280379903657631102e-01,1.631547527595698988e+00,-2.312520530158904464e+00,-3.559378670099981878e+00,1.947071038819951694e+00
-5.309680260251407879e-02,-4.376789297424232394e+00,-5.272812091294981629e-01,-9.950863637325162436e-01,-2.138381123822087559e+00
9.255664520649670157e-01,7.892998172805480994e-01,3.361645399099441267e+00,1.677288135710015338e+00,-3.066981783736698386e+00
-3.878172667917895389e+00,2.734030288652843588e+00,1.433366906907857785e-01,1.264400327743478769e+00,-9.303770971210753027e-01
2.521125188240326498e+00,-3.593686692664090465e+00,-8.998354656376676974e-01,-2.108232480406074139e+00,-6.891993061014409783e-01
-1.825051798193786601e+00,2.098919071524615543e+00,-5.178367589747516764e-01,3.559608654266992911e+00,2.079604766445279473e+00
-1.200037760826192512e+00,9.123247535114449303e-01,-4.675019022237630190e-02,-4.742404034266585633e+00,-4.847590248852753914e-01
1.062709284825327227e+00,9.125570775784027644e-01,1.927471096030767272e+00,-1.104323150726018721e+00,4.254787199008208454e+00
2.956943517760791673e-01,-8.639256513201684640e-02,-2.426384706221313525e+00,3.687957858639563380e+00,2.327385929606782256e+00
-4.233433187990649493e+00,1.086404096067005387e+00,1.401327137210996554e+00,-1.890009810607675478e+00,6.015935115931073662e-01
1.262713369507002081e+00,-1.091246380317156150e+00,1.976675549941547372e+00,8.371062788733507620e-01,4.196038981235406418e+00
2.450937600277466544e+00,3.780161154376511679e+00,1.958676539660233917e+00,-7.627746919648383805e-01,5.338984067887214691e-01
-4.204825330854865761e+00,-2.644529181371853888e+00,1.028040335148015932e-01,-5.582436023062306019e-01,6.086671546278170364e-02
3.210751028115933714e+00,-2.503408497598134552e+00,-1.305739220384689592e+00,4.763009094247625530e-01,-2.547980820500077570e+00
1.645590085243577194e+00,3.487525398597211002e+00,1.730365863684850014e+00,2.794637479895202281e-01,2.656489009358260045e+00
-1.518544105157027424e+00,-3.661161097939276687e-01,-2.999830590350355042e+00,-3.458208919330644004e+00,1.265618542177071815e+00
-4.241060173954242174e+00,1.928875303726553359e+00,6.445115785223426430e-01,1.023030074214641649e+00,-1.353093845960447128e+00
-4.489545001934435398e+00,-6.794810154497141763e-01,1.227876549616939705e+00,-1.031734343635041462e+00,1.345412445428435966e+00
8.822251735134120088e-01,2.435580379157789910e+00,4.176271477797234510e+00,-9.208245781210274705e-01,-2.157776509193648495e-02
-9.324482569162722001e-01,1.939726339831877144e+00,3.726781705962437297e+00,-2.137001428136394487e+00,1.382868391056410795e+00
-1.039575857424788641e+00,2.023009458953487272e+00,-1.016133953794763567e+00,1.890246048345149532e+00,-3.901430049392812460e+00
2.290110189703417731e+00,3.374001531484267957e+00,1.872653135857377471e+00,1.829941338706807308e+00,-1.231257046361095231e+00
6.780756680797819236e-01,-3.833892923088052740e+00,2.253666999129041670e+00,2.147684589237588870e+00,3.871878159776880324e-01
3.015180007811859131e+00,9.864424975915632166e-01,-9.433388620112391765e-01,-2.690287742832642714e-01,-3.738095240823055221e+00
1.049322098426975769e+00,-2.431255952191981873e+00,1.336403514670733594e+00,3.781416527383201220e+00,-1.379431883455197516e+00
-9.211703235863781536e-02,1.524065264294680588e+00,2.393610943138205993e+00,-2.878497764654670998e+00,-2.941703043185514233e+00
4.139111609034926254e+00,7.848809074998241986e-01,-9.248717246693900496e-01,1.737911230559442188e+00,-1.837387791566328810e+00
-2.761375761134681195e-01,-3.889756002665862855e-01,1.764511541533344330e+00,4.582327713903821653e+00,-8.131529767762150085e-01
-1.062833933215665771e+00,-4.364107215874933610e-02,-4.725494402073922906e+00,4.682775793946727244e-02,-1.239350355743094489e+00
-1.163708581551821108e+00,-3.893356624639415231e-01,-2.800751414262454997e+00,-2.629732799717337866e+00,-2.955418243963801483e+00
-3.475556487765360636e+00,-7.073760814572386257e-01,-7.211866747359282348e-01,2.399735944527274789e+00,-2.478161285401221381e+00
-2.939785250220810386e+00,1.974445392001050736e-01,2.467604164706215464e+00,-2.183584262498563966e+00,2.336999741424325983e+00
1.809121856094560110e+00,4.601138409057733414e-01,1.090890341595291080e+00,-1.816664859924761732e-02,4.508325808845306426e+00
3.241657640261812023e+00,2.575722984896697820e+00,-2.716381394045669140e+00,-6.889580490493083520e-01,6.257617070215550081e-02
-4.682193432308060288e+00,9.100704306323279535e-01,1.782111633260757000e-01,-4.629703953544299089e-01,-1.415180436563223010e+00
6.329079379367124059e-01,-2.665771168463152430e-01,-2.348602293030726429e+00,2.713802014115370032e+00,-3.412874167065756303e+00
-4.029354499999743489e+00,-4.542425683820799920e-01,3.837049838314304795e-01,-2.855230878821257701e+00,5.083238302597793412e-01
4.332729911434308967e+00,-8.201262662224109712e-02,-2.242699845188548036e+00,6.247331015599891790e-01,-8.948359625336145262e-01
-3.025749815439098822e-01,-2.797601599684015117e+00,3.210743323666932270e+00,-2.001263963927488287e+00,1.663713775323929944e+00
-3.056572994690043288e+00,1.485586764886091427e+00,1.686962127339616258e+00,-2.502969800568601411e+00,-2.083193330080094441e+00
-4.466108321246953672e+00,-1.447532170363543980e+00,4.296428467565342052e-02,8.758712949525454539e-02,-1.717268075648183290e+00
3.599401765280241250e+00,-1.758948922697977313e+00,2.412891090451950937e+00,-1.762793392313197982e+00,-1.446432199296841248e-01
1.737718128464421641e+00,4.242075497885771540e+00,9.852316339681910229e-01,1.720442962305689161e+00,2.335076382572795761e-01
-1.529188594359250475e+00,-2.516584526737041472e+00,7.160045495912272795e-01,1.516330061097158843e+00,-3.676474560424296989e+00
-2.624961007033280058e+00,-1.732113104527912784e+00,2.035126942600513633e+00,7.747294563817490320e-02,3.310833758265905313e+00
8.059356752606156027e-01,-9.813087222712668645e-01,-1.935090288929185443e+00,1.407826294641694620e+00,4.202493495145939839e+00
6.892993334455468357e-01,3.255126484582779867e-01,1.824431721991033983e+00,2.824372124877526868e+00,3.621226164797338054e+00
9.689925884543697521e-01,-5.851842621178742210e-01,6.906373814521928889e-01,-2.270665835415228706e+00,4.252729642724655257e+00
2.528780695275286150e-01,-1.097200128118321238e+00,-1.474950479984400653e+00,-4.055729113663310237e+00,-2.260041371078587602e+00
-1.666905927546125765e+00,2.454148922256274012e+00,-3.646016780862941786e+00,1.659107296232311235e+00,-3.905154406095896480e-01
-1.380558992887849890e+00,-1.172225833631947101e+00,-1.525023918693033886e+00,3.440292449549988696e+00,-2.749296886679548191e+00
2.945121812288063801e+00,-1.925092288783448957e+00,3.194941089139457180e+00,1.084722155860796261e-01,-1.549471653766466117e+00
-3.773771043425175442e+00,-2.673036222665195805e+00,-2.133747300728820462e-01,6.013460243372948932e-01,1.790637776800627634e+00
-2.552360873075142922e-01,-1.104965643210679138e+00,3.649220303782266139e+00,-3.186929745781369228e+00,4.904848998461879273e-01
2.932961872019441696e-01,-4.483385491962463831e+00,-1.804299704618224531e+00,-7.739435092471790290e-01,9.791557064338857197e-01
2.427496727753073014e+00,-3.059502367179057547e+00,-3.021709987431500544e+00,1.271535063111434716e-01,-7.744712000219039494e-01
-3.133690856346094122e+00,3.196565674866760354e+00,9.945278569900823928e-01,9.191969650447843199e-01,1.768598536762844065e+00
3.853661347592152175e+00,-4.380635361589240162e-01,1.226685164086782187e+00,2.462344138129882953e+00,-1.545800572515406701e+00
-1.695849419933028512e+00,1.905535455708417203e+00,-3.821021108029786006e+00,4.804295396146828628e-02,-1.972439844080525972e+00
1.323785385638770240e+00,3.062068887965585517e+00,-2.694317942687233014e+00,2.041699160539016678e+00,-1.563151220992495150e+00
-8.286518024156332984e-01,4.240717266097886906e+00,1.504481185872558469e-01,2.067048678795230909e+00,1.426298840522924216e+00
-1.240594492060494103e+00,4.788209761861180747e-01,4.295215389752933710e+00,1.928234402242881007e+00,1.031839437446509633e+00
-3.757423607905252094e+00,2.107454390810854949e+00,-1.905339840183268574e-01,-8.522428517793145808e-01,-2.382809842168168935e+00
3.426493415415175492e-01,1.785992578488895033e+00,1.180655932684122167e+00,-4.428751847724981872e+00,8.276657406309008147e-01
-2.535219390810753426e-01,-2.825000269454388757e+00,-3.059087003001795257e-01,3.343611881960579346e+00,-2.383648370435515140e+00
2.048366517386667418e+00,2.757780318103213890e+00,3.504133750531712721e-01,3.607913910546467928e+00,-2.429197567117391543e-01
-8.763207418085783296e-03,6.848427164837765646e-02,4.622000152879472523e+00,6.394202269773362479e-01,1.795407884255530995e+00
-3.087297421148536003e+00,6.942470406676199968e-01,-1.793539206705925260e+00,-3.083910904001643694e+00,-1.503105561855950789e+00
-2.695564460446655097e+00,-2.764374183212731761e+00,-1.776659568378291532e+00,5.850472495374294812e-01,2.567755461227262170e+00
-2.910045506860533759e+00,1.824727468880014358e+00,5.433237716461123551e-03,-3.571886840909729521e+00,-6.660327979757304506e-01
-1.879220222253854100e+00,-7.832081675315304414e-01,3.401344913885808285e+00,-2.406848055695672617e+00,1.868970715704550312e+00
-1.109441453752434192e+00,2.821432176907827216e+00,-2.743639498705784607e+00,-2.864571350762141755e+00,2.744693231293419133e-01
-1.559175107023105245e+00,4.440936230797593587e-01,1.564992241961636221e+00,2.939019386394369882e+00,3.359273458439686166e+00
-4.142144486574953710e+00,2.162200371658088649e+00,1.304532619592318587e+00,1.130446995623456963e-01,-1.205381327820701731e+00
3.439283440644109735e+00,-2.368617379268207035e+00,-6.916126297969802383e-01,8.378458295580500925e-01,2.525998309923685792e+00
1.886687652893205502e+00,-2.611367996196124697e+00,-2.463133966991405632e+00,2.689915761087776858e+00,1.148255697903436623e+00
9.153357677054805297e-01,1.827199924166697409e+00,2.923382317755404358e+00,-2.670585051975519431e+00,2.268328056936249837e+00
-2.152524751866126795e+00,-1.008485797871849998e+00,5.538140382392432448e-01,2.435626890896115615e+00,-3.620856976944450523e+00
2.250313608736596915e+00,1.447973901726520518e+00,-1.388430400107512286e+00,5.697170355731464575e-01,3.948055694349914102e+00
3.632389677127967786e+00,-2.294252411468630459e+00,1.428105644788642659e+00,1.460608074475028051e+00,-1.539249630848003259e+00
3.202544968606064302e+00,2.936968131335798038e+00,1.899228028146494385e+00,-1.096974697488674044e+00,-1.143461118598400050e+00
-4.151850418557175182e+00,2.616552446419000422e-01,4.742833686542511501e-02,-1.356573853394537732e+00,2.418911442782987198e+00
1.564179622132374048e+00,9.899628807396412267e-01,-3.065145783525241807e+00,2.408446987779545301e-01,-3.481406434369806124e+00
-3.455955076996878317e-01,-5.867034705789279103e-01,3.958324712851262195e-01,-9.823526576280183775e-01,4.838867914439896722e+00
1.341873824430084017e-01,-4.156911012666885341e+00,-6.517700120800781205e-01,-2.213232092566057130e+00,-1.542363165713788620e+00
-3.317008815394507870e+00,-1.005170830775408586e+00,3.232379062216480303e+00,1.212958810061127990e-01,-1.588740704756084421e+00
3.168883227684381243e+00,1.442667753824067756e+00,-1.111405398171388059e+00,-3.264589044161229303e+00,9.920308740330637809e-01
3.595538570316295868e+00,-8.131759342714107719e-01,-2.351971839497761341e+00,9.341422007218713741e-01,-2.237510693679402696e+00
-4.017002208209202507e+00,-1.333476663650635219e+00,-1.498218968268153262e+00,-1.231573688771200992e+00,1.823211293018328849e+00
3.216520686700454768e+00,2.530451803181285708e+00,1.899377873460762922e+00,-7.871762386636372844e-01,-2.005872779339620937e+00
-2.767803654361907562e+00,-2.453709994097386993e+00,1.861536563014336343e+00,4.381736998208928258e-01,2.767897329944431384e+00
6.324919547670820874e-01,-7.463889965459172826e-01,1.443958979588952918e+00,-4.647285245477361215e+00,6.004828935306559812e-01
1.143283226649289608e+00,-2.007342034029711453e+00,-3.083495319001372525e+00,3.196154065570935288e-01,-3.170707181634376592e+00
2.262893490415260889e+00,3.406884113923844826e+00,1.638273005330051157e+00,9.888037020014575074e-01,-2.147273267249567574e+00
-9.179123701302189797e-01,3.352216805992145332e+00,7.273505442256067433e-01,-5.567753295546545855e-01,-3.475779306083710107e+00
-1.619357397728137249e+00,-1.794242077936699098e-01,2.666004710130356892e-01,2.936265603920062972e+00,3.694963743282516422e+00
3.183665003240404023e-01,-3.605057710652180836e-01,-4.133350153338743560e+00,2.474593246481086695e+00,-1.249192993442119315e+00
-1.668925999526995163e+00,-9.993925280283316726e-02,-2.019590911078399387e+00,1.389335225949580366e+00,-4.024387945474092732e+00
-3.282706852888799265e+00,-3.410448659515609382e+00,1.496408520552303223e+00,-4.581763938182274454e-01,-3.788292366902143438e-01
3.313791179265091813e+00,-2.463680822149462823e+00,-1.239680705847497066e-01,-1.314922716068158026e+00,2.490918504295404734e+00
2.238852626747707575e+00,2.879802472103969002e+00,2.924373537278483148e+00,-1.560720373536501393e+00,-8.405164885129697838e-01
-1.554769989616246573e+00,-2.803989842528399112e+00,2.049250710072173298e+00,-1.825903097339059755e+00,2.680854462439649311e+00
2.484111903556967871e+00,-1.151502785694892506e+00,-3.108280702674117713e+00,2.799724302286128452e+00,5.800249749471810684e-02
1.775605002078725070e+00,1.756444829316602174e+00,3.099924354202379551e+00,-3.018878411400320871e+00,1.974096592470096501e-01
1.285498646916534593e+00,1.881571981936861704e+00,-1.737231195004899087e+00,3.358098023221886219e+00,2.347847002489953816e+00
5.533188402682213125e-01,2.315581448303266843e+00,-3.618769508836569226e+00,2.216454412649117245e+00,-1.150546781248363404e+00
1.298646825066827326e-01,-7.279371884899092926e-01,1.200776556077305823e+00,3.964023853843681167e+00,2.701461301293110573e+00
-2.920729919345926295e-01,-1.665172689192768507e+00,-3.305018070789974782e+00,-1.550348291386109745e+00,-2.969035030055519719e+00
-2.317712336336284762e-03,1.356071057121187362e+00,8.270716790210193015e-01,1.881147710141642282e+00,-4.351815902199673403e+00
-3.805023922521078905e+00,1.660288062594406089e+00,1.087240030085518283e+00,1.332037834131450715e+00,2.192902374404945842e+00
1.456529287289650032e+00,4.327286533738242902e+00,-1.296532010397435652e-01,1.330639134984418437e+00,-1.538084272757263005e+00
2.127710269218490602e+00,9.099866275943503391e-01,-3.129988361849955325e+00,3.137618853069643610e+00,5.739455904005431180e-02
-8.640339008177652103e-01,-7.265969310716925006e-03,5.486341153351090849e-01,-4.226193630557481207e+00,-2.468133024869902492e+00
1.811715953165402571e+00,-1.486675105445885325e+00,-2.342963535806711572e+00,-2.687644657233056567e+00,-2.606639695512243282e+00
1.478195205130325318e+00,3.394328365343368237e+00,6.344328254596001138e-01,1.562438575028571863e+00,2.906846155715359536e+00
-7.452386174019095533e-01,-3.318599301032584048e+00,-3.561377493948721717e+00,7.646379932588032169e-01,-4.042736290924884290e-01
-3.939066500973741114e+00,-1.700066184321163687e-01,4.679840221024118563e-01,-2.946561793118550376e+00,-7.440547056410620197e-01
2.670729595979434823e+00,-6.859206311054926175e-01,-3.903462701172739191e+00,1.096361203554759856e+00,-9.786150238354932585e-01
3.654391386179662859e+00,1.121119666565262518e+00,-1.427148630600898027e+00,3.421771405623627027e-01,-2.869612496576327665e+00
-3.174765693575029690e+00,-1.175746968356917277e+00,1.336557661390777030e+00,-3.023778196695221965e+00,-1.615196858672893754e+00
1.173409524324436681e+00,-2.738396131381523269e+00,-3.130978242960297031e+00,-1.720053489390574342e+00,1.833763330313911144e+00
-1.336480190380516797e+00,2.017050953619538678e+00,4.187638642472082395e+00,1.268421789142280653e+00,1.071989396549013519e-02
-1.975139749612872864e+00,-2.396769371716620523e+00,-3.858807312508020892e+00,-6.337066984259662750e-01,2.496827859605067479e-01
-1.459541323118650480e+00,2.541080393234462331e+00,2.889272962000659639e+00,2.660399775209081330e+00,9.934909905720554768e-01
3.506295843676030088e+00,-6.588343200030200020e-01,2.170160718394118948e+00,3.020995447837784287e-01,2.733306626924046245e+00
-2.463195681018085281e+00,5.155380571097006870e-01,5.205597770722382167e-01,4.202728716753612481e+00,8.561404093689554129e-01
-1.037222019152225672e+00,-4.361063731484811967e+00,-1.063213216040715281e+00,1.102308002667272024e+00,-1.599933854071971639e+00
-1.503463149204022908e+00,2.973994599582439058e+00,-2.522261204283507752e+00,-1.684347421017280189e+00,-2.167054882396557858e+00
3.809083051915836737e+00,3.057400436152746703e+00,-2.950626489819028198e-01,8.593796314993122909e-01,5.635543973392587169e-01
-4.397240694428673491e-01,-1.669922218664139368e+00,-1.559446136352161005e+00,-2.166719330149172951e+00,3.858945143240401610e+00
1.436576832006356275e-01,-3.309662295706705226e+00,2.273832155410645761e+00,6.650609899755536292e-01,-2.900496365636088480e+00
-9.762870693890207674e-01,-4.355400494482426055e+00,1.507604786604219482e+00,-1.561873390391370853e+00,6.041766385763727154e-01
-3.304833130164104293e-01,4.201177550331505195e+00,-1.468189004587109991e+00,2.248889152377442802e+00,-1.667531035298676634e-01
-4.078265653010771374e-01,2.210728630475569112e+00,8.175114154076738027e-01,-3.494877255229800639e+00,2.657793158164473812e+00
2.076806506183994649e+00,-1.697957757851096705e+00,7.139540852315630071e-01,-2.562651769328514462e+00,3.275194599067924095e+00
-1.370690854852038676e+00,2.308353327759366636e+00,-1.761342154800592974e+00,-4.533105819686563676e-01,-3.805902629422472039e+00
-1.155125731327821592e+00,7.014855033925748717e-01,-4.398571105643140022e+00,1.954685592953066875e+00,7.334231150867888405e-02
3.836232988934915156e+00,-2.818090916643715138e-01,-1.001581673576276699e-01,-2.281162522950493710e+00,2.233867940559710163e+00
2.738038234094252399e+00,-1.502689905890125965e+00,-1.257974583158877779e+00,1.572579164966917409e+00,3.345080625846281741e+00
-1.159048723404162873e+00,2.455787042402458598e-01,1.557018426232942065e+00,-3.651668822290402794e+00,-2.799518813918238092e+00
2.778258740079351696e+00,-1.116541928790526716e+00,2.635300901760649239e+00,-3.014868759493499972e+00,-1.918370754194008085e-02
-2.422087505408065056e+00,2.222609966790961344e+00,2.740058852599724037e+00,-1.920694956551132870e+00,1.731041715221369515e+00
-3.070213908596619135e+00,-9.312156512110101314e-01,2.971764091560504362e+00,-1.987251978574816613e+00,-1.387829861388482078e+00
3.679800977677270546e-01,-4.327024058169216758e+00,1.030605590599716459e+00,7.385209555732535902e-01,2.129293864753157184e+00
2.804786559268386714e+00,-1.574941531357256341e+00,-2.161833486209573607e+00,-3.091964160454340860e+00,6.472751641476029993e-01
-3.136889863719421356e+00,1.971912624497437427e+00,-7.627690939534774728e-01,1.946097773607958548e+00,-2.627236066498312095e+00
-7.780621776576761572e-01,-2.781906549517264571e-01,-3.114800975212680623e+00,2.400713672853710179e+00,-2.975200489544109761e+00
1.179123958251115240e-01,1.889183712149864469e+00,2.831342277953400099e+00,-3.265027203117362831e+00,1.655348856475789443e+00
1.696182852371288963e+00,4.095055173982892760e-01,-4.135231614947045387e+00,2.108580191914079638e+00,-6.395451724092586776e-01
5.254991788081894155e-01,-1.443706387540063751e+00,-6.605803146014085359e-01,-1.610943862460017528e-01,4.709272207712043468e+00
-8.978373286315485258e-01,-2.207928079910398966e-01,6.688396360611444935e-01,-8.734297561892929718e-01,4.789040892443068742e+00
4.143397602956776282e+00,1.695777714996873131e+00,-1.323435063020466318e+00,-7.299019762300061887e-01,-1.634734530190012691e+00
7.011676422611250459e-01,-3.231513396081759026e+00,-2.930770523263588334e+00,2.095787715187320543e+00,-1.041125881548088161e+00
-2.628886351869869631e-01,-4.777476215740569465e+00,-1.045936075481606990e-02,6.612576034042876305e-01,-1.291990540691108968e+00
2.750653191879297577e+00,-5.318435259895472056e-01,-2.932527228258661189e-01,4.055885061079823828e+00,-7.841228817806331630e-01
-2.367388369889423583e+00,-2.677170706359838448e+00,1.975356935846444673e+00,1.903934606286487918e+00,2.168231377438559981e+00
-1.959754679854507797e+00,-3.639770699248645602e+00,-2.770802995683964820e+00,-1.393621200961326079e-01,4.633139435312377818e-01
3.925158152004593060e+00,6.220484080992135789e-01,2.461806487171708024e+00,1.699967233334070071e+00,-5.057761214637549463e-01
-2.584352682967761439e+00,-3.073956271080765745e+00,1.470127036631566408e+00,1.860163935167757465e+00,-1.802895084020879946e+00
-3.161617648815388648e+00,-5.307010946815904351e-01,1.446628188814940152e+00,1.830733010370776126e-01,-3.549124010312433519e+00
-1.914106572012762353e+00,-2.951048469635485283e+00,2.198010488502443405e+00,2.362773785113617908e+00,-1.487803378693813627e+00
-3.458273609017800343e+00,2.367606442686100987e+00,1.765758277362231565e+00,1.767792956599832932e+00,-1.091690957297462239e+00
2.688918761776967425e+00,2.112056024865898607e+00,-1.692296918896588398e+00,-8.445644700615747569e-01,3.119579656715661287e+00
-2.557890919981898881e-01,2.957173640802990722e+00,1.210293122977446734e+00,-3.832290054113733024e+00,1.960599300448561400e-01
4.790754325690751991e-02,-8.476403276495629857e-01,9.533139878578124060e-01,-4.490963253992519277e+00,1.789316135870012481e+00
-2.377054583034536872e+00,1.049703498501988852e+00,9.143396843987673384e-01,3.078038848271106076e+00,-2.817338081341079103e+00
-9.182591255384121853e-02,-3.554983232297861950e-02,-9.861727511365958598e-01,4.815038580032691584e+00,-9.127820051457488093e-01
3.618724572267104089e-01,3.590455637635438624e+00,2.038909310217956961e+00,-1.712925638440049303e+00,2.210522838776810328e+00
7.538186917298029810e-01,-2.699978628046041162e+00,3.930904847742805241e+00,1.214415173883676813e+00,4.637409314763779600e-01
2.500565564636370031e+00,3.564002209950070554e+00,9.889290296800404279e-02,-2.247005420779330187e+00,-9.930996612408413693e-01
2.668247139959142089e+00,4.970053052536451133e-01,2.774299706982012559e+00,2.767923544739832487e+00,-1.508410856817194778e+00
-1.405579379386531769e-01,1.030650349751399686e+00,-5.482391205732147776e-01,-4.843321874956148854e+00,3.995877937126102175e-01
-1.517735245169505198e+00,1.055020740460667961e+00,3.418259184515419324e+00,-1.613383015560396760e+00,2.701094288495924367e+00
3.328490072762311236e+00,2.571492222900619407e+00,7.749504805103994975e-01,-1.720469034598545166e+00,-1.935980278006113720e+00
-1.107334490403226512e+00,-9.952559716585968053e-01,-2.975921947061056283e+00,2.848221369515091084e+00,-2.411389531469197323e+00
2.365843415609204303e+00,-3.927058405488313308e+00,3.728136633224897467e-02,-1.992866122247469507e+00,8.995516230261775548e-02
5.370674556468288396e-02,1.120630479272211044e+00,8.710643023486591696e-01,-4.175160265816920457e+00,2.355968304185014350e+00
1.546519731795052977e+00,-3.883886923428374160e+00,1.241986890340052385e+00,1.928569758803733158e+00,1.503923646613016141e+00
-1.339212466028327331e+00,-1.445794918743235291e+00,-8.442596550297889468e-01,-3.292456388673290935e+00,3.092433279368203447e+00
5.755579080446882045e-01,-4.006977224449877362e+00,7.641267087379938205e-01,2.703089362464786927e+00,-8.498734545508106475e-01
2.210544030329601173e-01,-2.278612108083889254e+00,2.194270975675532753e+00,-2.074126225697629611e+00,-3.262244181077572858e+00
9.190296518504145196e-01,-1.734406733510886145e+00,-1.040855997731809479e+00,-3.728528021438831885e+00,2.482320560907262497e+00
1.829654638737471917e+00,2.512362171320973392e+00,-2.958728303638745505e+00,2.246610295040030181e+00,1.240592290210186022e+00
1.263999799101215737e+00,-3.298611074197874249e+00,-5.435625296203026036e-01,-3.165449724844599633e+00,1.485239813944286835e+00
1.004863641124507101e+00,-7.403926212398017626e-01,-4.758546830425607332e-01,2.574936486158374116e+00,-4.072509329889433261e+00
-1.162471081094841596e-02,-1.654760877253521889e-01,-3.846088352799011123e-02,-4.654263828482792853e+00,-1.819019380271859498e+00
-6.237198915841510871e-01,-3.776864907992652398e+00,1.042805505704169633e+00,3.042267152795853580e+00,5.858508264388825881e-02
3.277266126692075954e+00,9.634542166144491326e-02,6.271845964902454940e-01,3.459392518858697585e+00,1.374586183893696578e+00
5.998595640871734469e-01,-4.698586486502857595e-01,4.799165281723237086e+00,1.163528051166446975e+00,-1.833478293103085466e-01
-2.226230928910251095e+00,-2.702018402034410127e-01,1.791387352992708459e+00,1.618510029462867150e+00,-3.760617429728788874e+00
2.383649672552019094e+00,-3.567777309498743055e+00,-1.601800676008662716e+00,-4.428707104967777863e-01,1.956343384094632487e+00
8.169316799490405900e-02,4.213757111283202406e+00,1.326882476473251415e+00,2.092565937523058306e+00,-1.047915990983845358e+00
-4.655803465356705750e+00,1.245975211718550302e+00,3.306058605103615045e-01,-1.170695844467758429e+00,-5.396395727682734567e-01
-1.788265284671197275e+00,-1.271328302901006957e-01,2.682533625973792635e+00,-3.284025690726544155e+00,-1.950675042971076190e+00
-2.433343490213877747e+00,2.268169387088745825e+00,-7.586381192721398659e-01,-3.361470653283171739e+00,-1.435001861047727534e+00
-4.048882563272979129e-01,2.867523865134527394e+00,-3.935879331189811481e+00,7.960983036936070123e-01,-6.988946729952781878e-01
8.415645701188100292e-01,-4.810339584243065181e-01,-4.003732396910507418e+00,1.894244417685133408e+00,2.107686026229081300e+00
-3.457002398900363538e+00,-2.249815129013955861e+00,9.821576226075363625e-01,2.568812497005901641e+00,-6.511797438781942171e-01
3.565476115061371409e+00,-2.065783163057161698e+00,8.122982627048471738e-01,-2.698972539127923120e+00,-2.750250199463217249e-01
-6.239267541069076772e-01,-4.414199845935518063e+00,1.933371599451915612e+00,9.665449934394758635e-01,6.733648043536969441e-01
-3.949484857163567120e-01,1.441742493079047671e+00,-1.128140751727985558e+00,4.464065236642202450e+00,1.250925371304690836e+00
-3.038743388158356762e+00,3.267930620788205953e+00,5.156786368217999295e-01,-1.657346302865146503e+00,1.440120430569445276e+00
7.793513294122090818e-01,-2.049552574819051842e-01,2.401204546114022786e+00,3.987729963015270052e+00,1.637935077335341383e+00
-3.199869490133732786e+00,-4.172095860017467905e-01,-5.302261810781266904e-01,-3.670753329343564353e+00,-9.117025827933017412e-01
8.788381806298111165e-01,3.859773943235087046e+00,2.247151482546440704e+00,-1.431385859565465823e+00,1.493731332909675968e+00
1.362947251768933388e+00,-7.164891509504487388e-01,-8.420817592489603376e-01,3.196179006422320334e+00,3.421162982833648503e+00
-3.527576194009558019e+00,-2.653433278154279762e+00,-1.451808569344634092e+00,-1.168267000895476970e+00,-1.429301272103488563e+00
-2.173417586615007835e+00,-1.379128040551136136e+00,3.496305682899063516e+00,-2.368551577666726526e+00,-7.348958005175642016e-01
3.254848680148955675e-01,2.749460522432095377e+00,-1.034291649204142294e+00,-3.152262616260998129e+00,2.515553143702335515e+00
-2.952220699022173878e-01,1.666385872440280247e-01,1.895673719246137257e+00,-3.556764264726424596e+00,2.939544969210128311e+00
-2.623849746873338606e+00,3.017747532380543607e+00,2.524768963695884327e+00,4.843283775182472550e-01,-1.549057790830417503e+00
6.813938558926331268e-01,4.223402079986509072e+00,-2.221635341460268975e+00,1.311949769465683202e+00,-2.042094412387820968e-01
-8.881157706332979407e-01,-2.942782441288795514e+00,-3.870131146549443013e+00,-4.866341287222716860e-01,-5.801327558976449028e-01
-6.341042532152360023e-01,3.085008453453589983e+00,2.731798987467208839e+00,5.174592770893169519e-02,-2.759570852363264049e+00
-1.232504847524179825e-01,-1.281002997453602799e+00,-4.213512532060750715e+00,-1.970535331654196476e+00,-1.306576935121950500e+00
-1.690783653371189965e+00,1.609746374040266437e+00,-5.304498148818075354e-01,1.805156945425787640e+00,-4.001249635430147222e+00
-3.883316331177240954e+00,-1.300854096347099087e-01,1.623622795043171418e+00,-2.621783803125184331e+00,6.269216596186053536e-01
-7.084901484402168492e-01,-1.112976277777715461e+00,4.816877362858614120e+00,2.374001756542433450e-01,2.567376962578518662e-02
1.229714155469251891e+00,1.134501448401473933e+00,-2.767960196835712150e+00,-1.838650305935940477e+00,-3.340429756876857503e+00
5.543636775417699614e-01,4.106988689795789682e+00,7.282072984402879756e-01,-2.524976495698443291e+00,9.589226462966313758e-01
-2.427057084695371625e+00,1.197404474104167393e+00,1.751351128602139928e+00,-1.250892741001296660e+00,3.611599785120106709e+00
-1.478686645564716517e+00,1.508940263497955847e+00,-2.811667162975562198e-03,-4.364108065296724015e-01,4.510667665423287787e+00
-2.101273436801427349e-02,-7.076183118025901608e-01,-2.705095541798827607e+00,3.939895823929324137e-01,-4.126265273646615661e+00
3.886574384727288223e-01,1.639568377767959273e+00,4.507744898066328609e+00,8.904358991938178258e-01,-1.023777697318634550e+00
-3.715401720553218823e+00,2.648057572603714327e+00,-1.625270589598508675e+00,4.245420839362496479e-01,1.166979295720141474e+00
3.345406675099192650e+00,-8.851155596587467755e-01,2.537087198312419023e+00,-2.209666345450006730e+00,-1.305904979007507460e+00
